notification_no,work_order_no,notification_date,order_created_date,completion_date,functional_location,equipment_tag,equipment_description,equipment_class,priority,status,craft,process_upset,failure_mode,failure_code,cause_code,outage_required,labor_hours,material_cost_usd,notification_short_text,notification_long_text
10450001,40870001,2021-06-05,2021-06-05,2021-06-06,U400-DEETHANIZER-500,PT-501,column overhead pressure tx,instrument,P1,TECO,INST,pressure_control_fault,range err,SPAN,CAL,N,9.9,4087.64,PT-501 not ok after pressure control fault,"A shift called for PT-501 column overhead pressure tx, pshh close call seen during pressure control fault. Foud range err; span shifted. opened strainer, cleaned black sludge. ops says ok for now. notif made by ops, maint attended same shift."
10450002,40870002,2021-06-06,2021-06-06,2021-06-07,U400-DEETHANIZER-500,TV-501,reboiler hot medium valve,control_valve,P3,COMP,MECH,feed_temperature_ramp,not stroking,NO_TRAVEL,ACT,N,1.4,3255.54,TV-501 not stroking again,"A shift called for TV-501 reboiler hot medium valve, spec off seen during feed temperature ramp. Foud not stroking; actuator weak. Line was hot so job done slow and with ops standing by. swapped to standby and repaired. unit stable now. notif made by ops, maint attended same shift."
10450003,40870003,2021-06-05,2021-06-06,2021-06-08,U400-DEETHANIZER-500,LV-501,reflux drum level valve,control_valve,P2,COMP,MECH,reboiler_duty_loss,not stroking,NO_TRAVEL,ACT,N,9.1,152.12,LV-501 not stroking bad,"B shift called for LV-501 reflux drum level vavle, rb circ cold seen during rebiler duty loss. Foud not stroking; actuator weak. No spare in store at first, used refurb one from shop. calibrated, loop checked with CCR. unit stable now. notif made by ops, maint attended same shift."
10450004,40870004,2021-06-10,2021-06-10,2021-06-12,U400-DEETHANIZER-500,TV-501,reboiler hot medium valve,control_valve,P4,CLSD,ANLYZR,feed_composition_shift,stiction,STICK,PACKING,N,10.3,2664.87,TV-501 not ok after feed composition shift,"night called for TV-501 reboiler hot medium valve, btm heavy seen during feed composition shift. Foud stiction; stem sticky and pos err. stroke tested, response better. unit stable now. notif made by ops, maint attended same shift."
10450005,40870005,2021-06-11,2021-06-13,2021-06-13,U400-DEETHANIZER-500,FV-502,reflux flow control valve,control_valve,P4,CLSD,E&I,reflux_pump_degradation,not stroking,NO_TRAVEL,ACT,N,1.9,5830.13,"FV-502 not stroking again, prod upset","B shift called for FV-502 reflux flow control valve, seal weep seen during reflux pump degradation. Foud not stroking; actuator weak. replaced positioner tubing and retuned small. no leak at handover. notif made by ops, maint attended same shift."
10450006,40870006,2021-06-10,2021-06-10,2021-06-15,U400-DEETHANIZER-500,TT-501B,sensitive tray temperature tx,instrument,P3,COMP,ANLYZR,reboiler_duty_loss,loose wire,SIGNAL,ELEC,N,4.6,6446.42,"TT-501B loose wire again, prod upset","A shift called for TT-501B sensitive tray temperature tx, tray temp low seen during reboiler duty loss. Foud loose wire; term loose. tightened fittings, leak test ok. still little hunting but acceptable. notif made by ops, maint attended same shift."
10450007,40870007,2021-06-09,2021-06-09,2021-06-11,U400-DEETHANIZER-500,LV-501,reflux drum level valve,control_valve,P3,TECO,VALVE,valve_stiction,hunting loop,CTRL_OSC,TUNE,N,3.3,3281.42,"LV-501 loop cycling, hunting loop","A shift called for LV-501 reflux drum level valve, position bad seen during valve stiction. Foud hunting loop; bad response after upset. changed gasket and boxed up. readng close to dcs after job. notif made by ops, maint attended same shift."
10450008,40870008,2021-06-12,2021-06-12,2021-06-13,U400-DEETHANIZER-500,P-501A,reflux pump A,pump,P2,CLSD,OPS+MECH,feed_composition_shift,seal leak,MECH_SEAL,SEAL,Y,20.2,12526.67,"P-501A seal leak again, prod upset","A shift called for P-501A reflux pump A, c3 in feed hi seen during feed composition shift. Foud seal leak; seal face worn / dry run signs. Tag plate dirty, confirmd by line up with panel. opened strainer, cleaned black sludge. no leak at handover. notif made by ops, maint attended same shift."
10450009,40870009,2021-06-14,2021-06-14,2021-06-28,U400-DEETHANIZER-500,E-501,deethanizer reboiler,reboiler,P2,COMP,INST,feed_temperature_ramp,circ poor,NO_FLOW,PLUG,N,3.6,4098.12,E-501 circ poor asap,"C shift called for E-501 deethanizer reboiler, tray temp drift seen during feed temp ramp. Foud circ poor; blocked inlet screen. Could not get permit first time waiting area gas test. calibrated, loop checked with CCR. temp repair only, plan shutdown job. notif made by ops, maint attended same shift."
10450010,40870010,2021-06-15,2021-06-15,2021-06-17,U400-DEETHANIZER-500,TT-501B,sensitive tray temperature tx,instrument,P3,TECO,ANLYZR,reboiler_duty_loss,no signal,NO_SIGNAL,ELEC,N,11.7,6224.52,TT-501B no signal asap,"B shift called for TT-501B sensitive tray temp tx, rb circ cold seen during rebiler duty loss. Foud no signal; 24v or card issue. flushed impulse/sample line. unit stable now. notif made by ops, maint attended same shift."
10450011,40870011,2021-06-16,2021-06-16,2021-06-19,U400-DEETHANIZER-500,E-501,deethanizer reboiler,reboiler,P3,COMP,MECH,reboiler_duty_loss,rb leak,LEAK,GASKET,N,4.1,10350.57,E-501 rb leak ops req,"B shift called for E-501 deethanizer reboiler, rb circ cold seen during reboiler duty loss. Foud rb leak; channel flange weep. Tag plate dirty, confirmd by line up with panel. calibrated, loop checked with CCR. temp repair only, plan shutdown job. notif made by ops, maint attended same shift."
10450012,40870012,2021-06-20,2021-06-20,2021-07-04,U400-DEETHANIZER-500,E-502,deethanizer overhead condenser,condenser,P4,COMP,ROT,feed_flow_step,tv no travel,VALVE,STICK,N,8.8,3820.8,E-502 not ok after feed flow step,"night called for E-502 deethanizer overhead condenser, fic hunting seen during feed flow step. Foud tv no travel; cooling valve stuck. History shows same complain last mnth. reset trip and monitored for 2 hrs. temp repair only, plan shutdown job. notif made by ops, maint attended same shift."
10450013,40870013,2021-06-21,2021-06-21,2021-07-05,U400-DEETHANIZER-500,E-502,deethanizer overhead condenser,condenser,P1,COMP,OPS+MECH,condenser_fouling,cw fouling,FOULING,UTILITY,N,16.7,6597.97,E-502 not ok after condenser fouling,"night called for E-502 deethanizer overhead condenser, cw dt low seen during condenser fouling. Foud cw fouling; cw side scaled. swapped to standby and repaired. readng close to dcs after job. notif made by ops, maint attended same shift."
10450014,40870014,2021-06-23,2021-06-23,2021-06-25,U400-DEETHANIZER-500,E-503,feed bottoms exchanger,exchanger,P2,TECO,INST,feed_flow_step,tube fouling,FOULING,PROCESS,N,15.2,11772.15,chk E-503 - tube fouling frm ops,"night called for E-503 feed bottoms exchanger, lvl swing seen during feed flow step. Foud tube fouling; duty low, delta t poor. flushed impulse/sample line. still little hunting but acceptable. notif made by ops, maint attended same shift."
10450015,40870015,2021-06-23,2021-06-25,2021-06-28,U400-DEETHANIZER-500,E-503,feed bottoms exchanger,exchanger,P4,COMP,VALVE,feed_temperature_ramp,gasket weep,LEAK,GASKET,N,3.4,1127.39,"E-503 feed temp high, gasket weep","A shift called for E-503 feed bottoms exchanger, feed temp high seen during feed temperature ramp. Foud gasket weep; flange sweating. flushed impulse/sample line. no leak at handover. notif made by ops, maint attended same shift."
10450016,40870016,2021-06-26,2021-06-26,2021-06-28,U400-DEETHANIZER-500,AIT-501,overhead C2 analyzer,analyzer,P3,TECO,INST,feed_composition_shift,bad gc cycle,NO_ANALYSIS,ELEC,N,6.2,3034.67,AIT-501 not ok after feed composition shift,"C shift called for AIT-501 overhead C2 analyzer, anlyzr off seen during feed composition shift. Foud bad gc cycle; cycle abort. opened strainer, cleaned black sludge. still little hunting but acceptable. notif made by ops, maint attended same shift."
10450017,40870017,2021-06-24,2021-06-24,2021-06-25,U400-DEETHANIZER-500,P-501A,reflux pump A,pump,P3,TECO,VALVE,feed_flow_step,bearing hot,BRG,WEAR,N,17.2,7631.94,P-501A not ok after feed flow step,"night called for P-501A reflux pump A, feed jump seen during feed flow step. Foud bearing hot; brg rough, lube dark. calibrated, loop checked with CCR. still little hunting but acceptable. notif made by ops, maint attended same shift."
10450018,40870018,2021-06-29,2021-07-01,2021-07-03,U400-DEETHANIZER-500,P-501B,reflux pump B,pump,P3,TECO,OPS+INST,reflux_pump_degradation,seal leak,MECH_SEAL,SEAL,N,1.2,16094.82,P-501B not ok after reflux pump degradation,"C shift called for P-501B reflux pump B, seal weep seen during reflux pump degradation. Foud seal leak; seal face worn / dry run signs. Line was hot so job done slow and with ops standing by. reset trip and monitored for 2 hrs. no leak at handover. notif made by ops, maint attended same shift."
10450019,40870019,2021-06-27,2021-06-27,2021-06-28,U400-DEETHANIZER-500,FV-501,feed flow control valve,control_valve,P2,COMP,OPS+INST,feed_flow_step,not stroking,NO_TRAVEL,ACT,N,9.4,5361.29,FV-501 not stroking asap,"night called for FV-501 feed flow control valve, fic hunting seen during feed flow step. Foud not stroking; actuator weak. replaced positioner tubing and retuned small. temp repair only, plan shutdown job. notif made by ops, maint attended same shift."
10450020,40870020,2021-07-01,2021-07-02,2021-07-03,U400-DEETHANIZER-500,TV-501,reboiler hot medium valve,control_valve,P3,TECO,OPS+INST,reboiler_duty_loss,not stroking,NO_TRAVEL,ACT,N,2.7,804.56,TV-501 not stroking bad,"B shift called for TV-501 reboiler hot medium valve, low heat seen during reboiler duty loss. Foud not stroking; actuator weak. reset trip and monitored for 2 hrs. need watch next feed swing. notif made by ops, maint attended same shift."
10450021,40870021,2021-07-01,2021-07-02,2021-07-02,U400-DEETHANIZER-500,V-501,deethanizer reflux drum,vessel,P3,CLSD,MECH,condenser_fouling,level swing,LVL_SWING,CTRL,N,4.7,4819.31,"V-501 level swing again, prod upset","A shift called for V-501 deethanizer reflux drum, pic wide open seen during condenser fouling. Foud level swing; lt/lic problem. No spare in store at first, used refurb one from shop. flushed impulse/sample line. unit stable now. notif made by ops, maint attended same shift."
10450022,40870022,2021-07-01,2021-07-01,2021-07-01,U400-DEETHANIZER-500,FV-501,feed flow control valve,control_valve,P2,CLSD,OPS+INST,valve_stiction,stiction,STICK,PACKING,Y,14.6,419.2,chk FV-501 - stiction frm ops,"B shift called for FV-501 feed flow ctrl valve, air leak seen during valve stiction. Foud stiction; stem sticky and pos err. No spare in store at first, used refurb one from shop. replaced positioner tubing and retuned small. readng close to dcs after job. notif made by ops, maint attended same shift."
10450023,40870023,2021-07-07,2021-07-07,2021-07-07,U400-DEETHANIZER-500,E-503,feed bottoms exchanger,exchanger,P3,CLSD,ANLYZR,feed_composition_shift,gasket weep,LEAK,GASKET,N,8.2,10985.23,"E-503 gasket weep again, prod upset","A shift called for E-503 feed bottoms exchanger, btm heavy seen during feed composition shift. Foud gasket weep; flange sweating. Tag plate dirty, confirmd by line up with panel. reset trip and monitored for 2 hrs. unit stable now. notif made by ops, maint attended same shift."
10450024,40870024,2021-07-08,2021-07-08,2021-07-09,U400-DEETHANIZER-500,E-503,feed bottoms exchanger,exchanger,P3,COMP,OPS+INST,feed_temperature_ramp,plugged pass,PLUG,FOUL,N,7.4,13463.5,E-503 not ok after feed temperature ramp,"days called for E-503 feed bottoms exchanger, tray temp drift seen during feed temperature ramp. Foud plugged pass; flow restricted. No spare in store at first, used refurb one from shop. cleaned and put back online. no leak at handover. notif made by ops, maint attended same shift."
10450025,40870025,2021-07-06,2021-07-07,2021-07-08,U400-DEETHANIZER-500,PT-501,column overhead pressure tx,instrument,P3,CLSD,OPS+INST,condenser_fouling,impulse plugged,PLUG,PROCESS,N,16.3,5068.75,PT-501 impulse plugged asap,"days called for PT-501 column overhead pressure tx, pic wide open seen during condenser fouling. Foud impulse plugged; tap/line dirty. Could not get permit first time waiting area gas test. tightened fittings, leak test ok. unit stable now. notif made by ops, maint attended same shift."
10450026,40870026,2021-07-11,2021-07-11,2021-07-13,U400-DEETHANIZER-500,E-501,deethanizer reboiler,reboiler,P2,CLSD,MECH,feed_temperature_ramp,circ poor,NO_FLOW,PLUG,N,2.6,634.05,E-501 circ poor after upset,"B shift called for E-501 deethanizer reboiler, spec off seen during feed temp ramp. Foud circ poor; blocked inlet screen. replaced positioner tubing and retuned small. unit stable now. notif made by ops, maint attended same shift."
10450027,40870027,2021-07-13,2021-07-13,2021-07-13,U400-DEETHANIZER-500,PV-501,column pressure control valve,control_valve,P2,COMP,E&I,condenser_fouling,hunting loop,CTRL_OSC,TUNE,N,17.4,2262.6,PV-501 not ok after condenser fouling,"days called for PV-501 column press control valve, cw dt low seen during condenser fouling. Foud hunting loop; bad response after upset. stroke tested, response better. readng close to dcs after job. notif made by ops, maint attended same shift."
10450028,40870028,2021-07-15,2021-07-15,2021-07-20,U400-DEETHANIZER-500,FT-502,reflux flow transmitter,instrument,P4,TECO,E&I,reflux_pump_degradation,impulse plugged,PLUG,PROCESS,N,1.3,6127.42,"FT-502 seal weep, impulse plugged","night called for FT-502 reflux flow tx, min flow hot seen during reflux pump degradation. Foud impulse plugged; tap/line dirty. reset trip and monitored for 2 hrs. unit stable now. notif made by ops, maint attended same shift."
10450029,40870029,2021-07-11,2021-07-11,2021-07-12,U400-DEETHANIZER-500,PT-501,column overhead pressure tx,instrument,P4,CLSD,ANLYZR,condenser_fouling,no signal,NO_SIGNAL,ELEC,N,4.7,41.41,PT-501 no signal noisy,"night called for PT-501 column overhead pressure tx, pic wide open seen during condenser fouling. Foud no signal; 24v or card issue. reset trip and monitored for 2 hrs. ops says ok for now. notif made by ops, maint attended same shift."
10450030,40870030,2021-07-16,2021-07-17,2021-07-18,U400-DEETHANIZER-500,LV-502,bottoms level valve,control_valve,P3,TECO,E&I,reflux_pump_degradation,air leak,AIR_LEAK,TUBING,N,12.4,4668.65,"LV-502 air leak again, prod upset","night called for LV-502 bottoms level valve, min flow hot seen during reflux pump degradation. Foud air leak; positioner supply drop. Line was hot so job done slow and with ops standing by. cleaned and put back online. no leak at handover. notif made by ops, maint attended same shift."
10450031,40870031,2021-07-19,2021-07-19,2021-07-19,U400-DEETHANIZER-500,PSV-502,reflux drum relief valve,relief,P4,CLSD,MECH,feed_flow_step,seat passing,LEAK_BY,SEAT,N,8.3,4487.7,"PSV-502 seat passing again, prod upset","C shift called for PSV-502 reflux drum relief valve, fic hunting seen during feed flow step. Foud seat passing; tail pipe warm. calibrated, loop checked with CCR. need watch next feed swing. notif made by ops, maint attended same shift."
10450032,40870032,2021-07-19,2021-07-19,2021-07-20,U400-DEETHANIZER-500,FV-502,reflux flow control valve,control_valve,P3,TECO,ROT,valve_stiction,stiction,STICK,PACKING,N,4.9,5711.18,"FV-502 stiction again, prod upset","night called for FV-502 reflux flow control valve, air leak seen during valve stiction. Foud stiction; stem sticky and pos err. replaced positioner tubing and retuned small. no leak at handover. notif made by ops, maint attended same shift."
10450033,40870033,2021-07-21,2021-07-21,2021-07-22,U400-DEETHANIZER-500,E-503,feed bottoms exchanger,exchanger,P3,CLSD,ANLYZR,feed_flow_step,temp approach bad,PERF,FOUL,N,10.2,13905.27,"E-503 temp approach bad again, prod upset","C shift called for E-503 feed bottoms exchanger, column dp high seen during feed flow step. Foud temp approach bad; heat transfer loss. calibrated, loop checked with CCR. still little hunting but acceptable. notif made by ops, maint attended same shift."
10450034,40870034,2021-07-22,2021-07-23,2021-07-24,U400-DEETHANIZER-500,PSV-501A,column relief valve A,relief,P2,CLSD,MECH,pressure_control_fault,seat passing,LEAK_BY,SEAT,N,4.3,2058.42,chk PSV-501A - seat passing frm ops,"days called for PSV-501A column relief valve A, pshh close call seen during pressure control fault. Foud seat passing; tail pipe warm. Could not get permit first time waiting area gas test. calibrated, loop checked with CCR. need watch next feed swing. notif made by ops, maint attended same shift."
10450035,40870035,2021-07-24,2021-07-24,2021-07-27,U400-DEETHANIZER-500,TT-501B,sensitive tray temperature tx,instrument,P3,TECO,INST,reboiler_duty_loss,bad reading,DRIFT,CAL,N,3.4,6239.24,chk TT-501B - bad reading frm ops,"B shift called for TT-501B sensitive tray temperature tx, low heat seen during reboiler duty loss. Foud bad reading; needs calib. History shows same complain last mnth. tightened fittings, leak test ok. unit stable now. notif made by ops, maint attended same shift."
10450036,40870036,2021-07-24,2021-07-24,2021-07-26,U400-DEETHANIZER-500,TV-502,condenser cooling valve,control_valve,P3,TECO,ROT,condenser_fouling,not stroking,NO_TRAVEL,ACT,N,17.8,1010.96,"TV-502 cw dt low, not stroking","C shift called for TV-502 condenser cooling valve, cw dt low seen during condenser fouling. Foud not stroking; actuator weak. No spare in store at first, used refurb one from shop. changed gasket and boxed up. ops says ok for now. notif made by ops, maint attended same shift."
10450037,40870037,2021-07-23,2021-07-25,2021-07-26,U400-DEETHANIZER-500,P-501A,reflux pump A,pump,P2,CLSD,ANLYZR,reflux_pump_degradation,vib high,VIB,ALIGN,N,3.5,7881.14,P-501A not ok after reflux pump degradation,"C shift called for P-501A reflux pump A, min flow hot seen during reflux pump degradation. Foud vib high; coupling align or cavitation. History shows same complain last mnth. reset trip and monitored for 2 hrs. no leak at handover. notif made by ops, maint attended same shift."
10450038,40870038,2021-07-28,2021-07-30,2021-07-30,U400-DEETHANIZER-500,P-501B,reflux pump B,pump,P3,TECO,VALVE,reflux_pump_degradation,bearing hot,BRG,WEAR,N,10.5,2052.72,"P-501B bearing hot again, prod upset","night called for P-501B reflux pump B, min flow hot seen during reflux pump degradation. Foud bearing hot; brg rough, lube dark. flushed impulse/sample line. no leak at handover. notif made by ops, maint attended same shift."
10450039,40870039,2021-07-31,2021-08-01,2021-08-01,U400-DEETHANIZER-500,P-501B,reflux pump B,pump,P3,COMP,VALVE,feed_composition_shift,motor trip,MOTOR,ELEC,N,6.7,11259.45,"P-501B c3 in feed hi, motor trip","days called for P-501B reflux pump B, anlyzr off seen during feed composition shift. Foud motor trip; overload trip after upset. tightened fittings, leak test ok. readng close to dcs after job. notif made by ops, maint attended same shift."
10450040,40870040,2021-08-01,2021-08-03,2021-08-04,U400-DEETHANIZER-500,TV-501,reboiler hot medium valve,control_valve,P4,COMP,ANLYZR,feed_temperature_ramp,not stroking,NO_TRAVEL,ACT,N,11.0,2672.83,TV-501 not ok after feed temperature ramp,"C shift called for TV-501 reboiler hot medium valve, tray temp drift seen during feed temperature ramp. Foud not stroking; actuator weak. cleaned and put back online. no leak at handover. notif made by ops, maint attended same shift."
10450041,40870041,2021-08-02,2021-08-03,2021-08-05,U400-DEETHANIZER-500,T-501,deethanizer column,column,P3,TECO,MECH,pressure_control_fault,dp high,DP_HIGH,FOAM,N,15.3,87.65,"T-501 pic unstable, dp high","B shift called for T-501 deethanizer column, pv not movng seen during pressure control fault. Foud dp high; trays loading or foaming. No spare in store at first, used refurb one from shop. tightened fittings, leak test ok. readng close to dcs after job. notif made by ops, maint attended same shift."
10450042,40870042,2021-07-30,2021-07-31,2021-08-01,U400-DEETHANIZER-500,PV-501,column pressure control valve,control_valve,P2,COMP,VALVE,condenser_fouling,passing,LEAK_BY,SEAT,N,13.2,666.97,PV-501 not ok after condenser fouling,"days called for PV-501 column pressure control valve, cw dt low seen during condenser fouling. Foud passing; seat leak by. opened strainer, cleaned black sludge. readng close to dcs after job. notif made by ops, maint attended same shift."
10450043,40870043,2021-08-01,2021-08-03,2021-08-05,U400-DEETHANIZER-500,PV-501,column pressure control valve,control_valve,P3,TECO,INST,condenser_fouling,not stroking,NO_TRAVEL,ACT,N,14.9,3906.88,PV-501 not stroking temp fix,"A shift called for PV-501 column pressure control valve, cond not pullng seen during condenser fouling. Foud not stroking; actuator weak. swapped to standby and repaired. no leak at handover. notif made by ops, maint attended same shift."
10450044,40870044,2021-08-06,2021-08-07,2021-08-07,U400-DEETHANIZER-500,AIT-501,overhead C2 analyzer,analyzer,P3,COMP,ANLYZR,normal_wear,condensate in sample,LIQ_CARRY,SAMPLE,N,4.8,4495.07,"AIT-501 bad reading, condensate in sample","B shift called for AIT-501 overhead C2 analyzer, leak seen during normal wear. Foud condensate in sample; knockout pot full. calibrated, loop chekd with CCR. need watch next feed swing. notif made by ops, maint attended same shift."
10450045,40870045,2021-08-08,2021-08-08,2021-08-08,U400-DEETHANIZER-500,LV-502,bottoms level valve,control_valve,P2,TECO,E&I,valve_stiction,air leak,AIR_LEAK,TUBING,N,16.0,5211.41,"LV-502 loop cycling, air leak","B shift called for LV-502 bottoms level vavle, op jumps seen during vavle stiction. Foud air leak; positioner supply drop. stroke tested, response better. still little hunting but acceptable. notif made by ops, maint attended same shift."
10450046,40870046,2021-08-05,2021-08-07,2021-08-14,U400-DEETHANIZER-500,P-502A,bottoms pump A,pump,P2,TECO,ANLYZR,feed_temperature_ramp,bearing hot,BRG,WEAR,Y,22.2,2754.58,"P-502A bearing hot again, prod upset","A shift called for P-502A bottoms pump A, tray temp drift seen during feed temperature ramp. Foud bearing hot; brg rough, lube dark. changed gasket and boxed up. readng close to dcs after job. notif made by ops, maint attended same shift."
10450047,40870047,2021-08-07,2021-08-07,2021-08-09,U400-DEETHANIZER-500,FV-502,reflux flow control valve,control_valve,P4,TECO,ANLYZR,reflux_pump_degradation,stiction,STICK,PACKING,N,8.3,336.32,"FV-502 stiction again, prod upset","A shift called for FV-502 reflux flow ctrl valve, low reflux seen during reflux pump degradation. Foud stiction; stem sticky and pos err. No spare in store at first, used refurb one from shop. flushed impulse/sample line. need watch next feed swing. notif made by ops, maint attended same shift."
10450048,40870048,2021-08-09,2021-08-09,2021-08-09,U400-DEETHANIZER-500,E-503,feed bottoms exchanger,exchanger,P3,TECO,E&I,feed_temperature_ramp,plugged pass,PLUG,FOUL,N,14.3,5542.67,"E-503 plugged pass again, prod upset","B shift called for E-503 feed bottoms exchanger, ovhd press moving seen during feed temperature ramp. Foud plugged pass; flow restricted. calibrated, loop checked with CCR. need watch next feed swing. notif made by ops, maint attended same shift."
10450049,40870049,2021-08-10,2021-08-11,2021-08-12,U400-DEETHANIZER-500,FT-502,reflux flow transmitter,instrument,P4,COMP,INST,reflux_pump_degradation,bad reading,DRIFT,CAL,N,16.1,3862.14,FT-502 not ok after reflux pump degradation,"days called for FT-502 reflux flow transmitter, low reflux seen during reflux pump degradation. Foud bad reading; needs calib. replaced positioner tubing and retuned small. still little hunting but acceptable. notif made by ops, maint attended same shift."
10450050,40870050,2021-08-15,2021-08-15,2021-08-22,U400-DEETHANIZER-500,FV-501,feed flow control valve,control_valve,P3,COMP,OPS+INST,feed_flow_step,stiction,STICK,PACKING,N,8.4,3024.0,"FV-501 colmn dp high, stiction","C shift called for FV-501 feed flow control valve, column dp high seen during feed flow step. Foud stiction; stem sticky and pos err. opened strainer, cleaned black sludge. no leak at handover. notif made by ops, maint attended same shift."
10450051,40870051,2021-08-16,2021-08-18,2021-08-21,U400-DEETHANIZER-500,P-502B,bottoms pump B,pump,P4,CLSD,VALVE,feed_temperature_ramp,low disch press,HYD_LOSS,FOUL,N,16.4,13087.11,"P-502B low disch press again, prod upset","night called for P-502B bottoms pump B, rb duty up seen during feed temperature ramp. Foud low disch press; strainer dirty or impeller wear. No spare in store at first, used refurb one from shop. replaced positioner tubing and retuned small. temp repair only, plan shutdown job. notif made by ops, maint attended same shift."
10450052,40870052,2021-08-14,2021-08-14,2021-08-14,U400-DEETHANIZER-500,TT-503,reboiler outlet temperature tx,instrument,P2,CLSD,E&I,reboiler_duty_loss,range err,SPAN,CAL,N,8.5,5255.3,"TT-503 range err again, prod upset","night called for TT-503 reboiler outlet temperature tx, low heat seen during reboiler duty loss. Foud range err; span shifted. cleaned and put back online. need watch next feed swing. notif made by ops, maint attended same shift."
10450053,40870053,2021-08-19,2021-08-19,2021-08-19,U400-DEETHANIZER-500,TV-502,condenser cooling valve,control_valve,P3,COMP,VALVE,valve_stiction,air leak,AIR_LEAK,TUBING,N,16.6,3980.83,chk TV-502 - air leak frm ops,"night called for TV-502 condenser cooling valve, loop cycling seen during valve stiction. Foud air leak; positioner supply drop. Tag plate dirty, confirmd by line up with panel. replaced positioner tubing and retuned small. no leak at handover. notif made by ops, maint attended same shift."
10450054,40870054,2021-08-21,2021-08-21,2021-08-23,U400-DEETHANIZER-500,TV-502,condenser cooling valve,control_valve,P2,CLSD,ANLYZR,condenser_fouling,passing,LEAK_BY,SEAT,Y,9.3,6542.41,"TV-502 pic wide open, passing","night called for TV-502 condenser cooling valve, drum temp hi seen during condenser fouling. Foud passing; seat leak by. swapped to standby and repaired. no leak at handover. notif made by ops, maint attended same shift."
10450055,40870055,2021-08-20,2021-08-21,2021-08-26,U400-DEETHANIZER-500,E-501,deethanizer reboiler,reboiler,P2,CLSD,ANLYZR,reboiler_duty_loss,low duty,DUTY_LOSS,UTILITY,Y,21.5,2760.65,"E-501 rb circ cold, low duty","B shift called for E-501 deethanizer reboiler, rb circ cold seen during reboiler duty loss. Foud low duty; hm valve/strainer issue. Tag plate dirty, confirmd by line up with panel. flushed impulse/sample line. ops says ok for now. notif made by ops, maint attended same shift."
10450056,40870056,2021-08-22,2021-08-22,2021-08-24,U400-DEETHANIZER-500,FV-502,reflux flow control valve,control_valve,P2,CLSD,ANLYZR,valve_stiction,not stroking,NO_TRAVEL,ACT,Y,13.3,5905.94,chk FV-502 - not stroking frm ops,"B shift called for FV-502 rflx flow control valve, loop cycling seen during valve stiction. Foud not stroking; actuator weak. Could not get permit first time waiting area gas test. tightened fittings, leak test ok. ops says ok for now. notif made by ops, maint attended same shift."
10450057,40870057,2021-08-25,2021-08-26,2021-08-26,U400-DEETHANIZER-500,T-501,deethanizer column,column,P2,CLSD,VALVE,feed_composition_shift,weeping flange,LEAK,GASKET,Y,15.2,1890.8,"T-501 quality bad, weeping flange","days called for T-501 deethanizer column, ovhd c3 slip seen during feed composition shift. Foud weeping flange; manway/flange seep. History shows same complain last mnth. calibrated, loop chekd with CCR. still little hunting but acceptable. notif made by ops, maint attended same shift."
10450058,40870058,2021-08-24,2021-08-25,2021-08-28,U400-DEETHANIZER-500,AIT-501,overhead C2 analyzer,analyzer,P3,CLSD,ANLYZR,feed_composition_shift,anlyzr drift,DRIFT,CAL_GAS,N,10.8,2508.01,chk AIT-501 - anlyzr drift frm ops,"A shift called for AIT-501 overhead C2 analyzer, c3 in feed hi seen during feed composition shift. Foud anlyzr drift; cal gas failed. tightened fittings, leak test ok. temp repair only, plan shutdown job. notif made by ops, maint attended same shift."
10450059,40870059,2021-08-29,2021-08-29,2021-08-29,U400-DEETHANIZER-500,E-501,deethanizer reboiler,reboiler,P1,CLSD,OPS+MECH,feed_temperature_ramp,low duty,DUTY_LOSS,UTILITY,Y,22.6,321.82,E-501 not ok after feed temp ramp,"A shift called for E-501 deethanizer reboiler, rb duty up seen during feed temperature ramp. Foud low duty; hm valve/strainer issue. cleaned and put back online. unit stable now. notif made by ops, maint attended same shift."
10450060,40870060,2021-08-26,2021-08-27,2021-08-30,U400-DEETHANIZER-500,LV-502,bottoms level valve,control_valve,P2,TECO,MECH,valve_stiction,stiction,STICK,PACKING,N,11.5,5589.92,chk LV-502 - stiction frm ops,"A shift called for LV-502 bottoms level valve, position bad seen during valve stiction. Foud stiction; stem sticky and pos err. reset trip and monitored for 2 hrs. need watch next feed swing. notif made by ops, maint attended same shift."
10450061,40870061,2021-08-31,2021-09-01,2021-09-01,U400-DEETHANIZER-500,FT-501,feed flow transmitter,instrument,P4,CLSD,INST,feed_flow_step,bad reading,DRIFT,CAL,N,7.7,1075.8,FT-501 not ok after feed flow step,"days called for FT-501 feed flow tx, fic hunting seen during feed flow step. Foud bad reading; needs calib. calibrated, loop checked with CCR. need watch next feed swing. notif made by ops, maint attended same shift."
10450062,40870062,2021-08-30,2021-09-01,2021-09-03,U400-DEETHANIZER-500,FV-502,reflux flow control valve,control_valve,P4,CLSD,VALVE,feed_flow_step,air leak,AIR_LEAK,TUBING,N,10.9,2476.68,FV-502 air leak noisy,"days called for FV-502 reflux flow control valve, fic hunting seen during feed flow step. Foud air leak; positioner supply drop. opened strainer, cleaned black sludge. need watch next feed swing. notif made by ops, maint attended same shift."
10450063,40870063,2021-08-30,2021-09-01,2021-09-02,U400-DEETHANIZER-500,E-503,feed bottoms exchanger,exchanger,P3,CLSD,ANLYZR,feed_flow_step,temp approach bad,PERF,FOUL,N,11.4,12789.69,chk E-503 - temp approach bad frm ops,"A shift called for E-503 feed bottoms exchanger, fic hunting seen during feed flow step. Foud temp approach bad; heat transfer loss. cleaned and put back online. need watch next feed swing. notif made by ops, maint attended same shift."
10450064,40870064,2021-09-02,2021-09-03,2021-09-04,U400-DEETHANIZER-500,PT-501,column overhead pressure tx,instrument,P4,TECO,INST,condenser_fouling,impulse plugged,PLUG,PROCESS,N,6.4,2171.24,PT-501 impulse plugged again,"days called for PT-501 column overhead pressure tx, cw dt low seen during condenser fouling. Foud impulse plugged; tap/line dirty. cleaned and put back online. still little hunting but acceptable. notif made by ops, maint attended same shift."
10450065,40870065,2021-09-02,2021-09-03,2021-09-06,U400-DEETHANIZER-500,FV-501,feed flow control valve,control_valve,P3,COMP,OPS+MECH,feed_flow_step,stiction,STICK,PACKING,N,7.9,2900.78,"FV-501 lvl swing, stiction","B shift called for FV-501 feed flow control valve, colmn dp high seen during feed flow step. Foud stiction; stem sticky and pos err. flushed impulse/sample line. no leak at handover. notif made by ops, maint attended same shift."
10450066,40870066,2021-09-08,2021-09-09,2021-09-09,U400-DEETHANIZER-500,P-501B,reflux pump B,pump,P3,CLSD,ROT,reflux_pump_degradation,motor trip,MOTOR,ELEC,N,3.0,6808.42,P-501B not ok after reflux pump degradation,"A shift called for P-501B reflux pump B, min flow hot seen during reflux pump degradation. Foud motor trip; overload trip after upset. Tag plate dirty, confirmd by line up with panel. flushed impulse/sample line. unit stable now. notif made by ops, maint attended same shift."
10450067,40870067,2021-09-10,2021-09-10,2021-09-10,U400-DEETHANIZER-500,E-502,deethanizer overhead condenser,condenser,P3,TECO,OPS+MECH,pressure_control_fault,tube leak sus,LEAK,TUBE,N,4.1,7753.93,"E-502 tube leak sus again, prod upset","night called for E-502 deethanizer overhead condenser, flare valve checked seen during pressure control fault. Foud tube leak sus; hydrotest reqd. Line was hot so job done slow and with ops standing by. opened strainer, cleaned black sludge. no leak at handover. notif made by ops, maint attended same shift."
10450068,40870068,2021-09-08,2021-09-09,2021-09-10,U400-DEETHANIZER-500,TV-501,reboiler hot medium valve,control_valve,P3,COMP,INST,valve_stiction,passing,LEAK_BY,SEAT,N,16.8,1483.57,"TV-501 passing again, prod upset","B shift called for TV-501 reboiler hot medium valve, loop cycling seen during valve stiction. Foud passing; seat leak by. replaced positioner tubing and retuned small. readng close to dcs after job. notif made by ops, maint attended same shift."
10450069,40870069,2021-09-11,2021-09-12,2021-09-13,U400-DEETHANIZER-500,E-501,deethanizer reboiler,reboiler,P2,CLSD,ROT,reboiler_duty_loss,fouled bundle,FOULING,PROCESS,N,13.2,5410.6,E-501 not ok after reboiler duty loss,"night called for E-501 deethanizer reboiler, tray temp low seen during reboiler duty loss. Foud fouled bundle; bottoms side dirty. Line was hot so job done slow and with ops standing by. tightened fittings, leak test ok. need watch next feed swing. notif made by ops, maint attended same shift."
10450070,40870070,2021-09-12,2021-09-12,2021-09-15,U400-DEETHANIZER-500,PSV-501B,column relief valve B,relief,P3,CLSD,E&I,reflux_pump_degradation,due to lift chk,LIFT_EVENT,PROCESS,N,1.3,1179.18,"PSV-501B due to lift chk again, prod upset","days called for PSV-501B column relief vavle B, disch press low seen during reflux pump degradation. Foud due to lift chk; after press excursion. History shows same complain last mnth. reset trip and monitored for 2 hrs. unit stable now. notif made by ops, maint attended same shift."
10450071,40870071,2021-09-14,2021-09-15,2021-09-16,U400-DEETHANIZER-500,PT-501,column overhead pressure tx,instrument,P3,COMP,OPS+INST,feed_composition_shift,impulse plugged,PLUG,PROCESS,N,14.4,3547.24,PT-501 not ok after feed composition shift,"days called for PT-501 column overhead pressure tx, anlyzr off seen during feed composition shift. Foud impulse plugged; tap/line dirty. flushed impulse/sample line. readng close to dcs after job. notif made by ops, maint attended same shift."
10450072,40870072,2021-09-14,2021-09-15,2021-09-16,U400-DEETHANIZER-500,T-501,deethanizer column,column,P2,CLSD,OPS+INST,feed_composition_shift,level unstable,LVL_SWING,CTRL,N,1.2,861.41,T-501 not ok after feed composition shift,"C shift called for T-501 deethanizer column, ovhd c3 slip seen during feed composition shift. Foud level unstable; sump level swing. No spare in store at first, used refurb one from shop. calibrated, loop chekd with CCR. temp repair only, plan shutdown job. notif made by ops, maint attended same shift."
10450073,40870073,2021-09-16,2021-09-16,2021-09-19,U400-DEETHANIZER-500,FV-502,reflux flow control valve,control_valve,P2,CLSD,ANLYZR,valve_stiction,hunting loop,CTRL_OSC,TUNE,N,7.8,1059.72,"FV-502 hunting loop again, prod upset","B shift called for FV-502 reflux flow control vavle, air leak seen during vavle stiction. Foud hunting loop; bad response after upset. tightened fittings, leak test ok. still little hunting but acceptable. notif made by ops, maint attended same shift."
10450074,40870074,2021-09-20,2021-09-20,2021-09-21,U400-DEETHANIZER-500,TV-502,condenser cooling valve,control_valve,P3,COMP,VALVE,condenser_fouling,air leak,AIR_LEAK,TUBING,N,2.3,1871.51,"TV-502 air leak again, prod upset","B shift called for TV-502 condenser cooling valve, high ovhd press seen during condenser fouling. Foud air leak; positioner supply drop. Tag plate dirty, confirmd by line up with panel. tightened fittings, leak test ok. need watch next feed swing. notif made by ops, maint attended same shift."
10450075,40870075,2021-09-20,2021-09-20,2021-09-21,U400-DEETHANIZER-500,TT-503,reboiler outlet temperature tx,instrument,P3,TECO,INST,reboiler_duty_loss,loose wire,SIGNAL,ELEC,N,8.2,617.56,TT-503 loose wire chk & revert,"B shift called for TT-503 reboiler outlet temperature tx, c2 in btm seen during reboiler duty loss. Foud loose wire; term loose. History shows same complain last mnth. reset trip and monitored for 2 hrs. need watch next feed swing. notif made by ops, maint attended same shift."
10450076,40870076,2021-09-18,2021-09-19,2021-09-21,U400-DEETHANIZER-500,P-501B,reflux pump B,pump,P1,TECO,MECH,condenser_fouling,vib high,VIB,ALIGN,Y,18.1,799.15,chk P-501B - vib high frm ops,"days called for P-501B reflux pump B, high ovhd press seen during condenser fouling. Foud vib high; coupling align or cavitation. flushed impulse/sample line. need watch next feed swing. notif made by ops, maint attended same shift."
10450077,40870077,2021-09-24,2021-09-25,2021-09-26,U400-DEETHANIZER-500,E-502,deethanizer overhead condenser,condenser,P3,CLSD,OPS+MECH,pressure_control_fault,high press,PERF,FOUL,N,16.5,5130.81,"E-502 pv not movng, high press","days called for E-502 deethanizer overhead condnsr, pv not movng seen during pressure control fault. Foud high press; condensing duty poor. swapped to standby and repaired. readng close to dcs after job. notif made by ops, maint attended same shift."
10450078,40870078,2021-09-23,2021-09-24,2021-09-24,U400-DEETHANIZER-500,LV-501,reflux drum level valve,control_valve,P3,COMP,OPS+INST,valve_stiction,hunting loop,CTRL_OSC,TUNE,N,17.9,5102.39,LV-501 hunting loop asap,"A shift called for LV-501 reflux drum level valve, air leak seen during valve stiction. Foud hunting loop; bad response after upset. replaced positioner tubing and retuned small. readng close to dcs after job. notif made by ops, maint attended same shift."
10450079,40870079,2021-09-22,2021-09-22,2021-09-24,U400-DEETHANIZER-500,FT-501,feed flow transmitter,instrument,P2,COMP,OPS+INST,feed_flow_step,impulse plugged,PLUG,PROCESS,N,5.2,4787.5,"FT-501 impulse plugged again, prod upset","A shift called for FT-501 feed flow transmitter, column dp high seen during feed flow step. Foud impulse plugged; tap/line dirty. History shows same complain last mnth. stroke tested, response better. ops says ok for now. notif made by ops, maint attended same shift."
10450080,40870080,2021-09-28,2021-09-29,2021-09-30,U400-DEETHANIZER-500,P-501B,reflux pump B,pump,P2,TECO,OPS+MECH,reflux_pump_degradation,motor trip,MOTOR,ELEC,N,12.5,11020.94,chk P-501B - motor trip frm ops,"days called for P-501B reflux pump B, disch press low seen during reflux pump degradation. Foud motor trip; overload trip after upset. calibrated, loop checked with CCR. unit stable now. notif made by ops, maint attended same shift."
10450081,40870081,2021-09-28,2021-09-28,2021-09-30,U400-DEETHANIZER-500,LV-501,reflux drum level valve,control_valve,P3,COMP,E&I,valve_stiction,passing,LEAK_BY,SEAT,N,8.8,3267.68,chk LV-501 - passing frm ops,"A shift called for LV-501 reflux drum level valve, op jumps seen during valve stiction. Foud passing; seat leak by. Could not get permit first time waiting area gas test. opened strainer, cleaned black sludge. need watch next feed swing. notif made by ops, maint attended same shift."
10450082,40870082,2021-10-01,2021-10-02,2021-10-03,U400-DEETHANIZER-500,LV-501,reflux drum level valve,control_valve,P4,CLSD,ANLYZR,valve_stiction,hunting loop,CTRL_OSC,TUNE,N,14.4,2795.2,"LV-501 hunting loop again, prod upset","B shift called for LV-501 reflux drum level vavle, air leak seen during vavle stiction. Foud hunting loop; bad response after upset. changed gasket and boxed up. no leak at handover. notif made by ops, maint attended same shift."
10450083,40870083,2021-09-29,2021-09-29,2021-09-29,U400-DEETHANIZER-500,E-501,deethanizer reboiler,reboiler,P2,COMP,ANLYZR,feed_flow_step,circ poor,NO_FLOW,PLUG,N,13.6,4510.57,E-501 not ok after feed flow step,"days called for E-501 deethanizer reboiler, column dp high seen during feed flow step. Foud circ poor; blocked inlet screen. tightened fittings, leak test ok. readng close to dcs after job. notif made by ops, maint attended same shift."
10450084,40870084,2021-10-01,2021-10-02,2021-10-05,U400-DEETHANIZER-500,TT-501B,sensitive tray temperature tx,instrument,P3,TECO,ANLYZR,reboiler_duty_loss,range err,SPAN,CAL,N,1.6,6542.91,"TT-501B range err again, prod upset","B shift called for TT-501B sensitive tray temperature tx, tray temp low seen during reboiler duty loss. Foud range err; span shifted. swapped to standby and repaired. need watch next feed swing. notif made by ops, maint attended same shift."
10450085,40870085,2021-10-03,2021-10-03,2021-10-04,U400-DEETHANIZER-500,TV-501,reboiler hot medium valve,control_valve,P3,TECO,E&I,reboiler_duty_loss,passing,LEAK_BY,SEAT,N,5.9,4695.52,"TV-501 passing again, prod upset","days called for TV-501 reboiler hot medium vavle, tray temp low seen during reboiler duty loss. Foud passing; seat leak by. History shows same complain last mnth. flushed impulse/sample line. temp repair only, plan shutdown job. notif made by ops, maint attended same shift."
10450086,40870086,2021-10-08,2021-10-10,2021-10-15,U400-DEETHANIZER-500,PSV-501B,column relief valve B,relief,P2,TECO,MECH,pressure_control_fault,car seal broken,CSO,HUMAN,N,7.8,5871.41,PSV-501B car seal broken bad,"night called for PSV-501B column relief valve B, flare valve chekd seen during pressure control fault. Foud car seal broken; seal missing found. replaced positioner tubing and retuned small. still little hunting but acceptable. notif made by ops, maint attended same shift."
10450087,40870087,2021-10-06,2021-10-07,2021-10-09,U400-DEETHANIZER-500,TT-501B,sensitive tray temperature tx,instrument,P2,TECO,ANLYZR,reboiler_duty_loss,loose wire,SIGNAL,ELEC,N,14.7,3789.23,chk TT-501B - loose wire frm ops,"days called for TT-501B sensitive tray temperature tx, tray temp low seen during reboiler duty loss. Foud loose wire; term loose. Tag plate dirty, confirmd by line up with panel. changed gasket and boxed up. still little hunting but acceptable. notif made by ops, maint attended same shift."
10450088,40870088,2021-10-09,2021-10-09,2021-10-12,U400-DEETHANIZER-500,E-503,feed bottoms exchanger,exchanger,P3,TECO,INST,feed_flow_step,temp approach bad,PERF,FOUL,N,8.0,9434.23,E-503 not ok after feed flow step,"night called for E-503 feed bottoms exchanger, c2 recov down seen during feed flow step. Foud temp approach bad; heat transfer loss. History shows same complain last mnth. tightened fittings, leak test ok. readng close to dcs after job. notif made by ops, maint attended same shift."
10450089,40870089,2021-10-12,2021-10-13,2021-10-13,U400-DEETHANIZER-500,LV-501,reflux drum level valve,control_valve,P3,CLSD,OPS+MECH,valve_stiction,air leak,AIR_LEAK,TUBING,N,11.0,368.47,"LV-501 air leak, air leak","night called for LV-501 reflux drum level valve, position bad seen during valve stiction. Foud air leak; positioner supply drop. stroke tested, response better. still little hunting but acceptable. notif made by ops, maint attended same shift."
10450090,40870090,2021-10-09,2021-10-09,2021-10-10,U400-DEETHANIZER-500,E-502,deethanizer overhead condenser,condenser,P2,TECO,ANLYZR,feed_temperature_ramp,high press,PERF,FOUL,N,15.6,16465.74,E-502 high press noisy,"days called for E-502 deethanizer overhead condenser, tray temp drift seen during feed temperature ramp. Foud high press; condensing duty poor. stroke tested, response better. need watch next feed swing. notif made by ops, maint attended same shift."
10450091,40870091,2021-10-15,2021-10-15,2021-10-17,U400-DEETHANIZER-500,E-501,deethanizer reboiler,reboiler,P1,TECO,OPS+MECH,feed_temperature_ramp,circ poor,NO_FLOW,PLUG,N,3.3,7886.22,"E-501 circ poor again, prod upset","B shift called for E-501 deethanizer reboiler, spec off seen during feed temp ramp. Foud circ poor; blocked inlet screen. calibrated, loop chekd with CCR. readng close to dcs after job. notif made by ops, maint attended same shift."
10450092,40870092,2021-10-16,2021-10-17,2021-10-17,U400-DEETHANIZER-500,E-501,deethanizer reboiler,reboiler,P2,TECO,MECH,reboiler_duty_loss,circ poor,NO_FLOW,PLUG,N,9.4,6607.79,E-501 circ poor temp fix,"C shift called for E-501 deethanizer rebiler, c2 in btm seen during rebiler duty loss. Foud circ poor; blocked inlet screen. reset trip and monitored for 2 hrs. no leak at handover. notif made by ops, maint attended same shift."
10450093,40870093,2021-10-16,2021-10-16,2021-10-18,U400-DEETHANIZER-500,E-503,feed bottoms exchanger,exchanger,P3,CLSD,MECH,feed_temperature_ramp,gasket weep,LEAK,GASKET,N,1.7,1503.01,E-503 not ok after feed temperature ramp,"days called for E-503 feed bottoms exchanger, rb duty up seen during feed temp ramp. Foud gasket weep; flange sweating. changed gasket and boxed up. no leak at handover. notif made by ops, maint attended same shift."
10450094,40870094,2021-10-15,2021-10-17,2021-10-17,U400-DEETHANIZER-500,FT-501,feed flow transmitter,instrument,P3,COMP,E&I,feed_flow_step,no signal,NO_SIGNAL,ELEC,N,8.7,6648.67,FT-501 not ok after feed flow step,"A shift called for FT-501 feed flow transmitter, lvl swing seen during feed flow step. Foud no signal; 24v or card issue. Could not get permit first time waiting area gas test. replaced positioner tubing and retuned small. temp repair only, plan shutdown job. notif made by ops, maint attended same shift."
10450095,40870095,2021-10-21,2021-10-21,2021-10-24,U400-DEETHANIZER-500,T-501,deethanizer column,column,P3,TECO,ROT,feed_flow_step,weeping flange,LEAK,GASKET,N,1.8,454.87,T-501 weeping flange asap,"days called for T-501 deethanizer column, feed jump seen during feed flow step. Foud weeping flange; manway/flange seep. History shows same complain last mnth. stroke tested, response better. still little hunting but acceptable. notif made by ops, maint attended same shift."
10450096,40870096,2021-10-17,2021-10-17,2021-10-17,U400-DEETHANIZER-500,LV-501,reflux drum level valve,control_valve,P3,TECO,MECH,valve_stiction,air leak,AIR_LEAK,TUBING,N,7.3,5074.32,chk LV-501 - air leak frm ops,"A shift called for LV-501 reflux drum level valve, op jumps seen during valve stiction. Foud air leak; positioner supply drop. opened strainer, cleaned black sludge. no leak at handover. notif made by ops, maint attended same shift."
10450097,40870097,2021-10-21,2021-10-22,2021-10-23,U400-DEETHANIZER-500,TV-502,condenser cooling valve,control_valve,P3,COMP,VALVE,condenser_fouling,air leak,AIR_LEAK,TUBING,N,13.4,1689.42,TV-502 air leak bad,"C shift called for TV-502 condenser cooling valve, cw dt low seen during condenser fouling. Foud air leak; positioner supply drop. Could not get permit first time waiting area gas test. replaced positioner tubing and retuned small. unit stable now. notif made by ops, maint attended same shift."
10450098,40870098,2021-10-24,2021-10-24,2021-10-25,U400-DEETHANIZER-500,FV-502,reflux flow control valve,control_valve,P3,TECO,INST,reflux_pump_degradation,not stroking,NO_TRAVEL,ACT,N,4.1,6619.32,chk FV-502 - not stroking frm ops,"night called for FV-502 reflux flow ctrl vavle, pump vib seen during reflux pump degradation. Foud not stroking; actuator weak. reset trip and monitored for 2 hrs. still little hunting but acceptable. notif made by ops, maint attended same shift."
10450099,40870099,2021-10-26,2021-10-26,2021-10-28,U400-DEETHANIZER-500,TT-503,reboiler outlet temperature tx,instrument,P1,CLSD,E&I,reboiler_duty_loss,range err,SPAN,CAL,N,11.2,2042.21,TT-503 range err after upset,"C shift called for TT-503 reboiler outlet temperature tx, low heat seen during reboiler duty loss. Foud range err; span shifted. reset trip and monitored for 2 hrs. readng close to dcs after job. notif made by ops, maint attended same shift."
10450100,40870100,2021-10-27,2021-10-28,2021-10-31,U400-DEETHANIZER-500,E-501,deethanizer reboiler,reboiler,P1,CLSD,VALVE,reflux_pump_degradation,low duty,DUTY_LOSS,UTILITY,N,2.8,12494.74,E-501 low duty temp fix,"C shift called for E-501 deethanizer rebiler, disch press low seen during reflux pump degradation. Foud low duty; hm valve/strainer issue. changed gasket and boxed up. temp repair only, plan shutdown job. notif made by ops, maint attended same shift."
10450101,40870101,2021-10-30,2021-10-31,2021-11-01,U400-DEETHANIZER-500,FT-502,reflux flow transmitter,instrument,P2,TECO,OPS+INST,normal_wear,loose wire,SIGNAL,ELEC,N,12.3,2953.48,"FT-502 loose wire again, prod upset","night called for FT-502 reflux flow transmitter, bad reading seen during normal wear. Foud loose wire; term loose. No spare in store at first, used refurb one from shop. swapped to standby and repaired. no leak at handover. notif made by ops, maint attended same shift."
10450102,40870102,2021-10-29,2021-10-30,2021-10-31,U400-DEETHANIZER-500,LV-502,bottoms level valve,control_valve,P3,TECO,OPS+INST,valve_stiction,stiction,STICK,PACKING,N,1.5,95.01,LV-502 not ok after valve stiction,"C shift called for LV-502 bottoms level valve, valve sticking seen during valve stiction. Foud stiction; stem sticky and pos err. Line was hot so job done slow and with ops standing by. changed gasket and boxed up. need watch next feed swing. notif made by ops, maint attended same shift."
10450103,40870103,2021-10-27,2021-10-28,2021-10-29,U400-DEETHANIZER-500,FT-501,feed flow transmitter,instrument,P3,COMP,INST,feed_flow_step,impulse plugged,PLUG,PROCESS,N,13.4,3661.24,chk FT-501 - impulse plugged frm ops,"C shift called for FT-501 feed flow transmitter, c2 recov down seen during feed flow step. Foud impulse plugged; tap/line dirty. calibrated, loop chekd with CCR. need watch next feed swing. notif made by ops, maint attended same shift."
10450104,40870104,2021-10-29,2021-10-30,2021-10-31,U400-DEETHANIZER-500,E-501,deethanizer reboiler,reboiler,P3,COMP,VALVE,reboiler_duty_loss,low duty,DUTY_LOSS,UTILITY,N,8.6,14704.49,E-501 low duty noisy,"days called for E-501 deethanizer reboiler, steam/hm valve no resp seen during reboiler duty loss. Foud low duty; hm valve/strainer issue. No spare in store at first, used refurb one from shop. calibrated, loop checked with CCR. temp repair only, plan shutdown job. notif made by ops, maint attended same shift."
10450105,40870105,2021-11-01,2021-11-01,2021-11-02,U400-DEETHANIZER-500,FV-502,reflux flow control valve,control_valve,P3,COMP,OPS+INST,valve_stiction,stiction,STICK,PACKING,N,6.9,146.39,FV-502 not ok after valve stiction,"B shift called for FV-502 reflux flow ctrl valve, position bad seen during valve stiction. Foud stiction; stem sticky and pos err. stroke tested, response better. no leak at handover. notif made by ops, maint attended same shift."
10450106,40870106,2021-11-04,2021-11-04,2021-11-07,U400-DEETHANIZER-500,E-502,deethanizer overhead condenser,condenser,P1,CLSD,ANLYZR,pressure_control_fault,high press,PERF,FOUL,Y,14.0,12029.16,chk E-502 - high press frm ops,"C shift called for E-502 deethanizer overhead condenser, press spike seen during pressure control fault. Foud high press; condensing duty poor. reset trip and monitored for 2 hrs. need watch next feed swing. notif made by ops, maint attended same shift."
10450107,40870107,2021-11-03,2021-11-04,2021-11-05,U400-DEETHANIZER-500,E-503,feed bottoms exchanger,exchanger,P3,CLSD,VALVE,feed_temperature_ramp,plugged pass,PLUG,FOUL,N,9.7,7476.61,E-503 not ok after feed temperature ramp,"night called for E-503 feed bottoms exchanger, ovhd press moving seen during feed temperature ramp. Foud plugged pass; flow restricted. cleaned and put back online. need watch next feed swing. notif made by ops, maint attended same shift."
10450108,40870108,2021-11-06,2021-11-07,2021-11-07,U400-DEETHANIZER-500,LV-501,reflux drum level valve,control_valve,P2,CLSD,OPS+INST,valve_stiction,not stroking,NO_TRAVEL,ACT,N,10.7,4954.98,chk LV-501 - not stroking frm ops,"B shift called for LV-501 reflux drum level valve, loop cycling seen during valve stiction. Foud not stroking; actuator weak. changed gasket and boxed up. unit stable now. notif made by ops, maint attended same shift."
10450109,40870109,2021-11-06,2021-11-07,2021-11-07,U400-DEETHANIZER-500,V-501,deethanizer reflux drum,vessel,P4,CLSD,OPS+INST,pressure_control_fault,level swing,LVL_SWING,CTRL,N,8.0,2230.68,V-501 level swing temp fix,"B shift called for V-501 deethanizer reflux drum, pv not movng seen during pressure ctrl fault. Foud level swing; lt/lic problem. stroke tested, response better. still little hunting but acceptable. notif made by ops, maint attended same shift."
10450110,40870110,2021-11-10,2021-11-12,2021-11-19,U400-DEETHANIZER-500,LV-501,reflux drum level valve,control_valve,P3,CLSD,OPS+INST,valve_stiction,passing,LEAK_BY,SEAT,N,4.9,6365.69,LV-501 not ok after valve stiction,"C shift called for LV-501 reflux drum level valve, air leak seen during valve stiction. Foud passing; seat leak by. History shows same complain last mnth. cleaned and put back online. unit stable now. notif made by ops, maint attended same shift."
10450111,40870111,2021-11-09,2021-11-10,2021-11-11,U400-DEETHANIZER-500,E-502,deethanizer overhead condenser,condenser,P2,COMP,E&I,reflux_pump_degradation,tube leak sus,LEAK,TUBE,N,5.5,12747.58,"E-502 tube leak sus again, prod upset","C shift called for E-502 deethanizer overhead condnsr, disch press low seen during reflux pump degradation. Foud tube leak sus; hydrotest reqd. No spare in store at first, used refurb one from shop. tightened fittings, leak test ok. ops says ok for now. notif made by ops, maint attended same shift."
10450112,40870112,2021-11-15,2021-11-15,2021-11-17,U400-DEETHANIZER-500,PV-501,column pressure control valve,control_valve,P2,TECO,E&I,pressure_control_fault,stiction,STICK,PACKING,N,14.5,1863.39,"PV-501 stiction again, prod upset","C shift called for PV-501 column pressure control valve, pshh close call seen during pressure control fault. Foud stiction; stem sticky and pos err. tightened fittings, leak test ok. readng close to dcs after job. notif made by ops, maint attended same shift."
10450113,40870113,2021-11-12,2021-11-12,2021-11-13,U400-DEETHANIZER-500,PV-501,column pressure control valve,control_valve,P3,CLSD,E&I,valve_stiction,stiction,STICK,PACKING,N,15.7,3568.7,chk PV-501 - stiction frm ops,"B shift called for PV-501 column pressure control valve, air leak seen during valve stiction. Foud stiction; stem sticky and pos err. opened strainer, cleaned black sludge. ops says ok for now. notif made by ops, maint attended same shift."
10450114,40870114,2021-11-15,2021-11-15,2021-11-15,U400-DEETHANIZER-500,FV-502,reflux flow control valve,control_valve,P3,CLSD,MECH,valve_stiction,stiction,STICK,PACKING,N,11.1,4986.92,FV-502 not ok after valve stiction,"C shift called for FV-502 reflux flow ctrl vavle, position bad seen during vavle stiction. Foud stiction; stem sticky and pos err. swapped to standby and repaired. readng close to dcs after job. notif made by ops, maint attended same shift."
10450115,40870115,2021-11-17,2021-11-18,2021-11-19,U400-DEETHANIZER-500,T-501,deethanizer column,column,P3,TECO,VALVE,feed_composition_shift,dp high,DP_HIGH,FOAM,N,4.7,4940.34,chk T-501 - dp high frm ops,"A shift called for T-501 deethanizer column, c3 in feed hi seen during feed composition shift. Foud dp high; trays loading or foaming. History shows same complain last mnth. replaced positioner tubing and retuned small. ops says ok for now. notif made by ops, maint attended same shift."
10450116,40870116,2021-11-18,2021-11-19,2021-11-21,U400-DEETHANIZER-500,TV-502,condenser cooling valve,control_valve,P2,TECO,E&I,valve_stiction,air leak,AIR_LEAK,TUBING,Y,19.5,5174.36,TV-502 not ok after valve stiction,"B shift called for TV-502 condenser cooling valve, op jumps seen during valve stiction. Foud air leak; positioner supply drop. Could not get permit first time waiting area gas test. cleaned and put back online. no leak at handover. notif made by ops, maint attended same shift."
10450117,40870117,2021-11-19,2021-11-20,2021-11-20,U400-DEETHANIZER-500,E-503,feed bottoms exchanger,exchanger,P3,COMP,ROT,feed_temperature_ramp,plugged pass,PLUG,FOUL,N,4.9,5512.96,chk E-503 - plugged pass frm ops,"days called for E-503 feed bottoms exchanger, ovhd press moving seen during feed temperature ramp. Foud plugged pass; flow restricted. replaced positioner tubing and retuned small. temp repair only, plan shutdown job. notif made by ops, maint attended same shift."
10450118,40870118,2021-11-21,2021-11-21,2021-11-23,U400-DEETHANIZER-500,P-502A,bottoms pump A,pump,P4,TECO,OPS+MECH,feed_flow_step,low disch press,HYD_LOSS,FOUL,N,13.2,7658.29,"P-502A low disch press again, prod upset","C shift called for P-502A bottoms pump A, feed jump seen during feed flow step. Foud low disch press; strainer dirty or impeller wear. Line was hot so job done slow and with ops standing by. changed gasket and boxed up. readng close to dcs after job. notif made by ops, maint attended same shift."
10450119,40870119,2021-11-23,2021-11-25,2021-11-25,U400-DEETHANIZER-500,PV-501,column pressure control valve,control_valve,P1,CLSD,INST,condenser_fouling,not stroking,NO_TRAVEL,ACT,Y,11.7,5228.67,PV-501 not ok after condenser fouling,"days called for PV-501 column pressure control vavle, cond not pullng seen during condenser fouling. Foud not stroking; actuator weak. No spare in store at first, used refurb one from shop. reset trip and monitored for 2 hrs. unit stable now. notif made by ops, maint attended same shift."
10450120,40870120,2021-11-24,2021-11-24,2021-11-24,U400-DEETHANIZER-500,P-502B,bottoms pump B,pump,P4,TECO,MECH,normal_wear,bearing hot,BRG,WEAR,N,4.7,10878.64,P-502B bearing hot after upset,"night called for P-502B bottoms pump B, loose term seen during normal wear. Foud bearing hot; brg rough, lube dark. swapped to standby and repaired. readng close to dcs after job. notif made by ops, maint attended same shift."
10450121,40870121,2021-11-24,2021-11-24,2021-12-01,U400-DEETHANIZER-500,P-501A,reflux pump A,pump,P3,TECO,OPS+MECH,reflux_pump_degradation,vib high,VIB,ALIGN,N,8.4,2210.34,"P-501A seal weep, vib high","days called for P-501A reflux pump A, low reflux seen during reflux pump degradation. Foud vib high; coupling align or cavitation. changed gasket and boxed up. ops says ok for now. notif made by ops, maint attended same shift."
10450122,40870122,2021-11-24,2021-11-26,2021-11-27,U400-DEETHANIZER-500,P-501B,reflux pump B,pump,P4,COMP,ANLYZR,feed_flow_step,vib high,VIB,ALIGN,N,4.1,5530.88,"P-501B column dp high, vib high","C shift called for P-501B reflux pump B, fic hunting seen during feed flow step. Foud vib high; coupling align or cavitation. changed gasket and boxed up. need watch next feed swing. notif made by ops, maint attended same shift."
10450123,40870123,2021-11-26,2021-11-26,2021-11-27,U400-DEETHANIZER-500,P-501B,reflux pump B,pump,P3,CLSD,E&I,reflux_pump_degradation,low disch press,HYD_LOSS,FOUL,N,2.7,3553.5,chk P-501B - low disch press frm ops,"A shift called for P-501B rflx pump B, disch press low seen during rflx pump degradation. Foud low disch press; strainer dirty or impeller wear. flushed impulse/sample line. readng close to dcs after job. notif made by ops, maint attended same shift."
10450124,40870124,2021-11-28,2021-11-29,2021-11-30,U400-DEETHANIZER-500,TV-501,reboiler hot medium valve,control_valve,P3,CLSD,MECH,reboiler_duty_loss,not stroking,NO_TRAVEL,ACT,N,9.0,2171.0,TV-501 not stroking again,"C shift called for TV-501 rebiler hot medium valve, low heat seen during rebiler duty loss. Foud not stroking; actuator weak. Tag plate dirty, confirmd by line up with panel. reset trip and monitored for 2 hrs. still little hunting but acceptable. notif made by ops, maint attended same shift."
10450125,40870125,2021-11-29,2021-11-29,2021-12-06,U400-DEETHANIZER-500,P-502A,bottoms pump A,pump,P3,COMP,OPS+INST,condenser_fouling,bearing hot,BRG,WEAR,N,14.6,4627.24,chk P-502A - bearing hot frm ops,"B shift called for P-502A bottoms pump A, high ovhd press seen during condnsr fouling. Foud bearing hot; brg rough, lube dark. No spare in store at first, used refurb one from shop. cleaned and put back online. no leak at handover. notif made by ops, maint attended same shift."
10450126,40870126,2021-11-30,2021-11-30,2021-11-30,U400-DEETHANIZER-500,FV-502,reflux flow control valve,control_valve,P2,TECO,OPS+MECH,condenser_fouling,passing,LEAK_BY,SEAT,N,16.1,5769.61,FV-502 passing pls chk,"B shift called for FV-502 rflx flow control valve, high ovhd press seen during condenser fouling. Foud passing; seat leak by. changed gasket and boxed up. ops says ok for now. notif made by ops, maint attended same shift."
10450127,40870127,2021-12-05,2021-12-06,2021-12-20,U400-DEETHANIZER-500,TT-503,reboiler outlet temperature tx,instrument,P3,CLSD,ANLYZR,reboiler_duty_loss,bad reading,DRIFT,CAL,N,17.2,5232.46,chk TT-503 - bad reading frm ops,"days called for TT-503 rebiler outlet temperature tx, rb circ cold seen during rebiler duty loss. Foud bad reading; needs calib. No spare in store at first, used refurb one from shop. changed gasket and boxed up. still little hunting but acceptable. notif made by ops, maint attended same shift."
10450128,40870128,2021-12-05,2021-12-05,2021-12-06,U400-DEETHANIZER-500,FV-502,reflux flow control valve,control_valve,P3,CLSD,OPS+INST,valve_stiction,not stroking,NO_TRAVEL,ACT,N,15.2,5119.82,FV-502 not ok after valve stiction,"B shift called for FV-502 reflux flow control valve, op jumps seen during valve stiction. Foud not stroking; actuator weak. swapped to standby and repaired. unit stable now. notif made by ops, maint attended same shift."
10450129,40870129,2021-12-07,2021-12-07,2021-12-09,U400-DEETHANIZER-500,FT-501,feed flow transmitter,instrument,P2,CLSD,ANLYZR,feed_flow_step,range err,SPAN,CAL,N,1.7,5909.67,"FT-501 c2 recov down, range err","A shift called for FT-501 feed flow transmitter, fic hunting seen during feed flow step. Foud range err; span shifted. History shows same complain last mnth. changed gasket and boxed up. unit stable now. notif made by ops, maint attended same shift."
10450130,40870130,2021-12-07,2021-12-08,2021-12-09,U400-DEETHANIZER-500,E-503,feed bottoms exchanger,exchanger,P4,COMP,E&I,feed_flow_step,tube fouling,FOULING,PROCESS,N,17.1,12297.56,"E-503 tube fouling again, prod upset","C shift called for E-503 feed bottoms exchanger, c2 recov down seen during feed flow step. Foud tube fouling; duty low, delta t poor. replaced positioner tubing and retuned small. need watch next feed swing. notif made by ops, maint attended same shift."
10450131,40870131,2021-12-12,2021-12-14,2021-12-16,U400-DEETHANIZER-500,TV-501,reboiler hot medium valve,control_valve,P3,CLSD,OPS+MECH,normal_wear,not stroking,NO_TRAVEL,ACT,N,15.1,1912.34,"TV-501 leak, not stroking","C shift called for TV-501 reboiler hot medium valve, noise seen during normal wear. Foud not stroking; actuator weak. opened strainer, cleaned black sludge. need watch next feed swing. notif made by ops, maint attended same shift."
10450132,40870132,2021-12-12,2021-12-12,2021-12-14,U400-DEETHANIZER-500,PSV-501B,column relief valve B,relief,P2,COMP,MECH,pressure_control_fault,car seal broken,CSO,HUMAN,N,1.1,4660.23,"PSV-501B car seal broken again, prod upset","B shift called for PSV-501B column relief valve B, pshh close call seen during pressure ctrl fault. Foud car seal broken; seal missing found. calibrated, loop checked with CCR. unit stable now. notif made by ops, maint attended same shift."
10450133,40870133,2021-12-10,2021-12-12,2021-12-26,U400-DEETHANIZER-500,T-501,deethanizer column,column,P3,TECO,ROT,feed_composition_shift,weeping flange,LEAK,GASKET,N,3.2,6344.1,T-501 not ok after feed composition shift,"A shift called for T-501 deethanizer colmn, c3 in feed hi seen during feed composition shift. Foud weeping flange; manway/flange seep. History shows same complain last mnth. opened strainer, cleaned black sludge. no leak at handover. notif made by ops, maint attended same shift."
10450134,40870134,2021-12-15,2021-12-15,2021-12-15,U400-DEETHANIZER-500,TT-501B,sensitive tray temperature tx,instrument,P3,COMP,OPS+INST,feed_temperature_ramp,range err,SPAN,CAL,N,5.6,1175.24,"TT-501B range err again, prod upset","C shift called for TT-501B sensitive tray temperature tx, ovhd press moving seen during feed temperature ramp. Foud range err; span shifted. History shows same complain last mnth. replaced positioner tubing and retuned small. temp repair only, plan shutdown job. notif made by ops, maint attended same shift."
10450135,40870135,2021-12-15,2021-12-15,2021-12-15,U400-DEETHANIZER-500,FV-502,reflux flow control valve,control_valve,P3,CLSD,E&I,valve_stiction,stiction,STICK,PACKING,N,2.0,5318.16,chk FV-502 - stiction frm ops,"days called for FV-502 reflux flow control vavle, air leak seen during vavle stiction. Foud stiction; stem sticky and pos err. replaced positioner tubing and retuned small. readng close to dcs after job. notif made by ops, maint attended same shift."
10450136,40870136,2021-12-18,2021-12-18,2021-12-19,U400-DEETHANIZER-500,FV-501,feed flow control valve,control_valve,P3,COMP,E&I,feed_flow_step,not stroking,NO_TRAVEL,ACT,N,10.8,1028.27,FV-501 not stroking bad,"days called for FV-501 feed flow control valve, c2 recov down seen during feed flow step. Foud not stroking; actuator weak. stroke tested, response better. no leak at handover. notif made by ops, maint attended same shift."
10450137,40870137,2021-12-16,2021-12-16,2021-12-17,U400-DEETHANIZER-500,PV-501,column pressure control valve,control_valve,P3,COMP,MECH,valve_stiction,not stroking,NO_TRAVEL,ACT,N,2.9,4446.81,PV-501 not stroking temp fix,"A shift called for PV-501 colmn pressure ctrl valve, op jumps seen during valve stiction. Foud not stroking; actuator weak. Tag plate dirty, confirmd by line up with panel. stroke tested, response better. unit stable now. notif made by ops, maint attended same shift."
10450138,40870138,2021-12-21,2021-12-22,2021-12-23,U400-DEETHANIZER-500,FV-501,feed flow control valve,control_valve,P2,TECO,ANLYZR,valve_stiction,stiction,STICK,PACKING,N,11.8,6627.81,chk FV-501 - stiction frm ops,"A shift called for FV-501 feed flow control valve, loop cycling seen during valve stiction. Foud stiction; stem sticky and pos err. swapped to standby and repaired. need watch next feed swing. notif made by ops, maint attended same shift."
10450139,40870139,2021-12-23,2021-12-25,2021-12-25,U400-DEETHANIZER-500,P-501A,reflux pump A,pump,P3,COMP,MECH,reflux_pump_degradation,seal leak,MECH_SEAL,SEAL,N,9.3,155.83,P-501A not ok after reflux pump degradation,"A shift called for P-501A reflux pump A, min flow hot seen during reflux pump degradation. Foud seal leak; seal face worn / dry run signs. History shows same complain last mnth. calibrated, loop checked with CCR. no leak at handover. notif made by ops, maint attended same shift."
10450140,40870140,2021-12-24,2021-12-24,2021-12-25,U400-DEETHANIZER-500,P-501A,reflux pump A,pump,P2,CLSD,OPS+INST,reflux_pump_degradation,bearing hot,BRG,WEAR,N,14.0,4311.15,P-501A not ok after reflux pump degradation,"C shift called for P-501A reflux pump A, disch press low seen during reflux pump degradation. Foud bearing hot; brg rough, lube dark. stroke tested, response better. ops says ok for now. notif made by ops, maint attended same shift."
10450141,40870141,2021-12-23,2021-12-23,2021-12-23,U400-DEETHANIZER-500,E-503,feed bottoms exchanger,exchanger,P2,COMP,INST,feed_composition_shift,tube fouling,FOULING,PROCESS,Y,9.8,14196.47,chk E-503 - tube fouling frm ops,"night called for E-503 feed bottoms exchanger, btm heavy seen during feed composition shift. Foud tube fouling; duty low, delta t poor. tightened fittings, leak test ok. ops says ok for now. notif made by ops, maint attended same shift."
10450142,40870142,2021-12-23,2021-12-23,2021-12-24,U400-DEETHANIZER-500,PSV-501A,column relief valve A,relief,P3,TECO,E&I,pressure_control_fault,due to lift chk,LIFT_EVENT,PROCESS,N,13.5,3149.76,chk PSV-501A - due to lift chk frm ops,"A shift called for PSV-501A column relief valve A, pshh close call seen during pressure control fault. Foud due to lift chk; after pressure excursion. opened strainer, cleaned black sludge. need watch next feed swing. notif made by ops, maint attended same shift."
10450143,40870143,2021-12-29,2021-12-29,2022-01-03,U400-DEETHANIZER-500,FT-502,reflux flow transmitter,instrument,P1,TECO,ANLYZR,reflux_pump_degradation,impulse plugged,PLUG,PROCESS,N,13.4,3908.84,FT-502 impulse plugged pls chk,"C shift called for FT-502 reflux flow transmitter, disch press low seen during reflux pump degradation. Foud impulse plugged; tap/line dirty. tightened fittings, leak test ok. no leak at handover. notif made by ops, maint attended same shift."
10450144,40870144,2021-12-29,2021-12-30,2021-12-30,U400-DEETHANIZER-500,TV-502,condenser cooling valve,control_valve,P2,CLSD,E&I,condenser_fouling,stiction,STICK,PACKING,N,7.5,3740.76,TV-502 not ok after condenser fouling,"A shift called for TV-502 condenser cooling valve, pic wide open seen during condenser fouling. Foud stiction; stem sticky and pos err. replaced positioner tubing and retuned small. readng close to dcs after job. notif made by ops, maint attended same shift."
10450145,40870145,2021-12-28,2021-12-28,2021-12-30,U400-DEETHANIZER-500,FV-502,reflux flow control valve,control_valve,P2,TECO,MECH,valve_stiction,hunting loop,CTRL_OSC,TUNE,N,14.8,4847.11,FV-502 not ok after valve stiction,"days called for FV-502 rflx flow control valve, valve sticking seen during valve stiction. Foud hunting loop; bad response after upset. Line was hot so job done slow and with ops standing by. reset trip and monitored for 2 hrs. ops says ok for now. notif made by ops, maint attended same shift."
10450146,40870146,2022-01-02,2022-01-03,2022-01-06,U400-DEETHANIZER-500,P-502B,bottoms pump B,pump,P4,TECO,MECH,feed_composition_shift,low disch press,HYD_LOSS,FOUL,N,16.1,356.96,"P-502B ovhd c3 slip, low disch press","A shift called for P-502B bottoms pump B, quality bad seen during feed composition shift. Foud low disch press; strainer dirty or impeller wear. Could not get permit first time waiting area gas test. flushed impulse/sample line. still little hunting but acceptable. notif made by ops, maint attended same shift."
10450147,40870147,2022-01-05,2022-01-05,2022-01-07,U400-DEETHANIZER-500,T-501,deethanizer column,column,P4,TECO,VALVE,feed_flow_step,level unstable,LVL_SWING,CTRL,N,1.7,4423.51,T-501 not ok after feed flow step,"night called for T-501 deethanizer column, c2 recov down seen during feed flow step. Foud level unstable; sump level swing. tightened fittings, leak test ok. ops says ok for now. notif made by ops, maint attended same shift."
10450148,40870148,2022-01-06,2022-01-06,2022-01-20,U400-DEETHANIZER-500,PV-501,column pressure control valve,control_valve,P4,TECO,ROT,pressure_control_fault,not stroking,NO_TRAVEL,ACT,N,17.8,3552.74,PV-501 not stroking again,"B shift called for PV-501 colmn pressure ctrl valve, flare valve checked seen during pressure ctrl fault. Foud not stroking; actuator weak. Could not get permit first time waiting area gas test. stroke tested, response better. readng close to dcs after job. notif made by ops, maint attended same shift."
10450149,40870149,2022-01-05,2022-01-05,2022-01-05,U400-DEETHANIZER-500,TV-501,reboiler hot medium valve,control_valve,P3,TECO,MECH,feed_temperature_ramp,air leak,AIR_LEAK,TUBING,N,4.6,5769.85,"TV-501 spec off, air leak","days called for TV-501 reboiler hot medium vavle, feed temp high seen during feed temperature ramp. Foud air leak; positioner supply drop. No spare in store at first, used refurb one from shop. opened strainer, cleaned black sludge. temp repair only, plan shutdown job. notif made by ops, maint attended same shift."
10450150,40870150,2022-01-04,2022-01-06,2022-01-07,U400-DEETHANIZER-500,P-501B,reflux pump B,pump,P2,TECO,MECH,reflux_pump_degradation,motor trip,MOTOR,ELEC,N,15.7,8575.76,P-501B not ok after reflux pump degradation,"C shift called for P-501B reflux pump B, seal weep seen during reflux pump degradation. Foud motor trip; overload trip after upset. No spare in store at first, used refurb one from shop. cleaned and put back online. readng close to dcs after job. notif made by ops, maint attended same shift."
10450151,40870151,2022-01-06,2022-01-06,2022-01-08,U400-DEETHANIZER-500,TT-501B,sensitive tray temperature tx,instrument,P4,TECO,INST,reboiler_duty_loss,bad reading,DRIFT,CAL,N,2.7,962.46,"TT-501B bad reading again, prod upset","A shift called for TT-501B sensitive tray temperature tx, rb circ cold seen during reboiler duty loss. Foud bad reading; needs calib. flushed impulse/sample line. unit stable now. notif made by ops, maint attended same shift."
10450152,40870152,2022-01-09,2022-01-09,2022-01-10,U400-DEETHANIZER-500,TT-501B,sensitive tray temperature tx,instrument,P3,CLSD,ANLYZR,feed_temperature_ramp,bad reading,DRIFT,CAL,N,6.6,721.79,TT-501B not ok after feed temp ramp,"days called for TT-501B sensitive tray temperature tx, ovhd press moving seen during feed temperature ramp. Foud bad reading; needs calib. Could not get permit first time waiting area gas test. reset trip and monitored for 2 hrs. unit stable now. notif made by ops, maint attended same shift."
10450153,40870153,2022-01-11,2022-01-13,2022-01-15,U400-DEETHANIZER-500,TV-502,condenser cooling valve,control_valve,P3,TECO,OPS+MECH,condenser_fouling,stiction,STICK,PACKING,N,8.5,5348.69,"TV-502 high ovhd press, stiction","days called for TV-502 condenser cooling valve, high ovhd press seen during condenser fouling. Foud stiction; stem sticky and pos err. reset trip and monitored for 2 hrs. no leak at handover. notif made by ops, maint attended same shift."
10450154,40870154,2022-01-12,2022-01-13,2022-01-13,U400-DEETHANIZER-500,E-501,deethanizer reboiler,reboiler,P2,CLSD,ANLYZR,reboiler_duty_loss,rb leak,LEAK,GASKET,N,17.1,14071.44,E-501 not ok after reboiler duty loss,"night called for E-501 deethanizer reboiler, c2 in btm seen during reboiler duty loss. Foud rb leak; channel flange weep. swapped to standby and repaired. no leak at handover. notif made by ops, maint attended same shift."
10450155,40870155,2022-01-13,2022-01-13,2022-01-14,U400-DEETHANIZER-500,TV-501,reboiler hot medium valve,control_valve,P3,CLSD,OPS+MECH,reboiler_duty_loss,stiction,STICK,PACKING,N,15.0,1104.64,TV-501 not ok after reboiler duty loss,"C shift called for TV-501 reboiler hot medium valve, c2 in btm seen during reboiler duty loss. Foud stiction; stem sticky and pos err. cleaned and put back online. temp repair only, plan shutdown job. notif made by ops, maint attended same shift."
10450156,40870156,2022-01-16,2022-01-17,2022-01-24,U400-DEETHANIZER-500,TT-501B,sensitive tray temperature tx,instrument,P3,CLSD,INST,condenser_fouling,loose wire,SIGNAL,ELEC,N,11.6,1959.2,TT-501B loose wire chk & revert,"A shift called for TT-501B sensitive tray temperature tx, cond not pullng seen during condnsr fouling. Foud loose wire; term loose. History shows same complain last mnth. calibrated, loop chekd with CCR. no leak at handover. notif made by ops, maint attended same shift."
10450157,40870157,2022-01-15,2022-01-16,2022-01-17,U400-DEETHANIZER-500,XV-501,feed shutdown valve,shutdown_valve,P3,COMP,ANLYZR,feed_composition_shift,partial stroke fail,PST_FAIL,ACT,N,14.4,2197.42,XV-501 partial stroke fail bad,"night called for XV-501 feed shutdown valve, anlyzr off seen during feed composition shift. Foud partial stroke fail; slow close/open. No spare in store at first, used refurb one from shop. flushed impulse/sample line. readng close to dcs after job. notif made by ops, maint attended same shift."
10450158,40870158,2022-01-17,2022-01-18,2022-01-19,U400-DEETHANIZER-500,V-501,deethanizer reflux drum,vessel,P3,TECO,INST,feed_temperature_ramp,pressure erratic,PRESS_SWING,CTRL,N,12.2,625.15,V-501 not ok after feed temperature ramp,"days called for V-501 deethanizer reflux drum, spec off seen during feed temperature ramp. Foud press erratic; pv/pic issue. swapped to standby and repaired. still little hunting but acceptable. notif made by ops, maint attended same shift."
10450159,40870159,2022-01-22,2022-01-22,2022-01-22,U400-DEETHANIZER-500,FT-502,reflux flow transmitter,instrument,P2,COMP,ANLYZR,reflux_pump_degradation,bad reading,DRIFT,CAL,Y,16.9,6214.52,"FT-502 bad reading again, prod upset","A shift called for FT-502 rflx flow transmitter, pump vib seen during rflx pump degradation. Foud bad reading; needs calib. History shows same complain last mnth. calibrated, loop chekd with CCR. still little hunting but acceptable. notif made by ops, maint attended same shift."
10450160,40870160,2022-01-24,2022-01-26,2022-01-27,U400-DEETHANIZER-500,PT-501,column overhead pressure tx,instrument,P4,CLSD,INST,condenser_fouling,impulse plugged,PLUG,PROCESS,N,17.8,1518.21,PT-501 not ok after condenser fouling,"B shift called for PT-501 column overhead pressure tx, drum temp hi seen during condenser fouling. Foud impulse plugged; tap/line dirty. flushed impulse/sample line. unit stable now. notif made by ops, maint attended same shift."
10450161,40870161,2022-01-25,2022-01-27,2022-01-28,U400-DEETHANIZER-500,E-502,deethanizer overhead condenser,condenser,P2,TECO,VALVE,normal_wear,tube leak sus,LEAK,TUBE,Y,23.2,3935.85,chk E-502 - tube leak sus frm ops,"night called for E-502 deethanizer overhead condenser, noise seen during normal wear. Foud tube leak sus; hydrotest reqd. Line was hot so job done slow and with ops standing by. reset trip and monitored for 2 hrs. temp repair only, plan shutdown job. notif made by ops, maint attended same shift."
10450162,40870162,2022-01-22,2022-01-22,2022-01-23,U400-DEETHANIZER-500,FV-501,feed flow control valve,control_valve,P3,TECO,ANLYZR,reboiler_duty_loss,hunting loop,CTRL_OSC,TUNE,N,10.5,5659.33,FV-501 not ok after reboiler duty loss,"A shift called for FV-501 feed flow control valve, low heat seen during reboiler duty loss. Foud hunting loop; bad response after upset. History shows same complain last mnth. opened strainer, cleaned black sludge. no leak at handover. notif made by ops, maint attended same shift."
10450163,40870163,2022-01-26,2022-01-27,2022-01-30,U400-DEETHANIZER-500,PV-501,column pressure control valve,control_valve,P4,TECO,INST,pressure_control_fault,passing,LEAK_BY,SEAT,N,4.8,4722.62,PV-501 passing chk & revert,"night called for PV-501 column press control valve, pv not movng seen during press control fault. Foud passing; seat leak by. changed gasket and boxed up. readng close to dcs after job. notif made by ops, maint attended same shift."
10450164,40870164,2022-01-27,2022-01-29,2022-01-30,U400-DEETHANIZER-500,P-501A,reflux pump A,pump,P4,TECO,MECH,reflux_pump_degradation,vib high,VIB,ALIGN,N,9.3,10103.44,P-501A not ok after reflux pump degradation,"days called for P-501A reflux pump A, low reflux seen during reflux pump degradation. Foud vib high; coupling align or cavitation. History shows same complain last mnth. swapped to standby and repaired. readng close to dcs after job. notif made by ops, maint attended same shift."
10450165,40870165,2022-01-26,2022-01-27,2022-01-27,U400-DEETHANIZER-500,P-502A,bottoms pump A,pump,P3,COMP,MECH,pressure_control_fault,seal leak,MECH_SEAL,SEAL,N,6.4,5561.73,P-502A seal leak bad,"days called for P-502A bottoms pump A, pic unstable seen during pressure control fault. Foud seal leak; seal face worn / dry run signs. Tag plate dirty, confirmd by line up with panel. calibrated, loop checked with CCR. unit stable now. notif made by ops, maint attended same shift."
10450166,40870166,2022-01-31,2022-02-01,2022-02-01,U400-DEETHANIZER-500,E-501,deethanizer reboiler,reboiler,P4,COMP,VALVE,reboiler_duty_loss,low duty,DUTY_LOSS,UTILITY,N,5.2,15970.94,E-501 not ok after reboiler duty loss,"B shift called for E-501 deethanizer reboiler, c2 in btm seen during reboiler duty loss. Foud low duty; hm valve/strainer issue. History shows same complain last mnth. opened strainer, cleaned black sludge. no leak at handover. notif made by ops, maint attended same shift."
10450167,40870167,2022-01-29,2022-01-30,2022-02-01,U400-DEETHANIZER-500,TV-502,condenser cooling valve,control_valve,P3,TECO,E&I,reflux_pump_degradation,passing,LEAK_BY,SEAT,N,12.6,5284.06,"TV-502 low reflux, passing","days called for TV-502 condenser cooling valve, disch press low seen during reflux pump degradation. Foud passing; seat leak by. opened strainer, cleaned black sludge. no leak at handover. notif made by ops, maint attended same shift."
10450168,40870168,2022-02-02,2022-02-03,2022-02-05,U400-DEETHANIZER-500,TV-501,reboiler hot medium valve,control_valve,P3,COMP,OPS+MECH,reboiler_duty_loss,not stroking,NO_TRAVEL,ACT,N,2.3,6567.15,"TV-501 low heat, not stroking","C shift called for TV-501 reboiler hot medium valve, c2 in btm seen during reboiler duty loss. Foud not stroking; actuator weak. stroke tested, response better. still little hunting but acceptable. notif made by ops, maint attended same shift."
10450169,40870169,2022-02-06,2022-02-06,2022-02-07,U400-DEETHANIZER-500,TT-501B,sensitive tray temperature tx,instrument,P3,COMP,INST,reboiler_duty_loss,loose wire,SIGNAL,ELEC,N,15.2,5798.05,"TT-501B tray temp low, loose wire","days called for TT-501B sensitive tray temperature tx, low heat seen during rebiler duty loss. Foud loose wire; term loose. replaced positioner tubing and retuned small. readng close to dcs after job. notif made by ops, maint attended same shift."
10450170,40870170,2022-02-06,2022-02-06,2022-02-07,U400-DEETHANIZER-500,E-501,deethanizer reboiler,reboiler,P3,TECO,E&I,feed_temperature_ramp,circ poor,NO_FLOW,PLUG,N,8.2,1151.94,chk E-501 - circ poor frm ops,"B shift called for E-501 deethanizer reboiler, spec off seen during feed temperature ramp. Foud circ poor; blocked inlet screen. swapped to standby and repaired. need watch next feed swing. notif made by ops, maint attended same shift."
10450171,40870171,2022-02-07,2022-02-09,2022-02-09,U400-DEETHANIZER-500,PV-501,column pressure control valve,control_valve,P4,CLSD,OPS+INST,feed_flow_step,air leak,AIR_LEAK,TUBING,N,6.5,3837.6,PV-501 air leak asap,"night called for PV-501 column pressure control valve, feed jump seen during feed flow step. Foud air leak; positioner supply drop. stroke tested, response better. temp repair only, plan shutdown job. notif made by ops, maint attended same shift."
10450172,40870172,2022-02-10,2022-02-11,2022-02-14,U400-DEETHANIZER-500,E-502,deethanizer overhead condenser,condenser,P4,CLSD,ANLYZR,feed_temperature_ramp,tube leak sus,LEAK,TUBE,N,13.3,12959.46,E-502 not ok after feed temperature ramp,"night called for E-502 deethanizer overhead condenser, feed temp high seen during feed temperature ramp. Foud tube leak sus; hydrotest reqd. Tag plate dirty, confirmd by line up with panel. calibrated, loop checked with CCR. no leak at handover. notif made by ops, maint attended same shift."
10450173,40870173,2022-02-12,2022-02-13,2022-02-14,U400-DEETHANIZER-500,TT-501B,sensitive tray temperature tx,instrument,P3,CLSD,E&I,reboiler_duty_loss,loose wire,SIGNAL,ELEC,N,8.7,6482.91,"TT-501B loose wire again, prod upset","night called for TT-501B sensitive tray temperature tx, low heat seen during reboiler duty loss. Foud loose wire; term loose. Could not get permit first time waiting area gas test. reset trip and monitored for 2 hrs. no leak at handover. notif made by ops, maint attended same shift."
10450174,40870174,2022-02-09,2022-02-11,2022-02-12,U400-DEETHANIZER-500,AIT-502,bottoms C3+ analyzer,analyzer,P1,COMP,INST,feed_composition_shift,condensate in sample,LIQ_CARRY,SAMPLE,N,7.6,5427.91,AIT-502 not ok after feed composition shift,"night called for AIT-502 bottoms C3+ analyzer, anlyzr off seen during feed composition shift. Foud condensate in sample; knockout pot full. Line was hot so job done slow and with ops standing by. changed gasket and boxed up. unit stable now. notif made by ops, maint attended same shift."
10450175,40870175,2022-02-12,2022-02-12,2022-02-14,U400-DEETHANIZER-500,FT-502,reflux flow transmitter,instrument,P2,COMP,INST,reflux_pump_degradation,impulse plugged,PLUG,PROCESS,Y,10.2,2818.87,FT-502 impulse plugged noisy,"night called for FT-502 reflux flow transmitter, disch press low seen during reflux pump degradation. Foud impulse plugged; tap/line dirty. changed gasket and boxed up. ops says ok for now. notif made by ops, maint attended same shift."
10450176,40870176,2022-02-14,2022-02-16,2022-02-23,U400-DEETHANIZER-500,P-502B,bottoms pump B,pump,P3,COMP,ROT,valve_stiction,bearing hot,BRG,WEAR,N,14.7,11567.25,"P-502B bearing hot again, prod upset","B shift called for P-502B bottoms pump B, air leak seen during valve stiction. Foud bearing hot; brg rough, lube dark. calibrated, loop chekd with CCR. unit stable now. notif made by ops, maint attended same shift."
10450177,40870177,2022-02-14,2022-02-16,2022-02-19,U400-DEETHANIZER-500,FV-502,reflux flow control valve,control_valve,P3,TECO,OPS+INST,reflux_pump_degradation,air leak,AIR_LEAK,TUBING,N,12.8,1935.66,"FV-502 air leak again, prod upset","A shift called for FV-502 reflux flow control valve, min flow hot seen during reflux pump degradation. Foud air leak; positioner supply drop. Could not get permit first time waiting area gas test. changed gasket and boxed up. unit stable now. notif made by ops, maint attended same shift."
10450178,40870178,2022-02-14,2022-02-15,2022-02-22,U400-DEETHANIZER-500,P-501A,reflux pump A,pump,P3,CLSD,ROT,reflux_pump_degradation,seal leak,MECH_SEAL,SEAL,N,4.4,1594.29,"P-501A seal leak again, prod upset","A shift called for P-501A rflx pump A, min flow hot seen during rflx pump degradation. Foud seal leak; seal face worn / dry run signs. replaced positioner tubing and retuned small. no leak at handover. notif made by ops, maint attended same shift."
10450179,40870179,2022-02-17,2022-02-19,2022-02-21,U400-DEETHANIZER-500,TT-501B,sensitive tray temperature tx,instrument,P3,TECO,OPS+INST,feed_temperature_ramp,loose wire,SIGNAL,ELEC,N,17.8,6056.75,"TT-501B rb duty up, loose wire","night called for TT-501B sensitive tray temperature tx, tray temp drift seen during feed temperature ramp. Foud loose wire; term loose. Could not get permit first time waiting area gas test. replaced positioner tubing and retuned small. still little hunting but acceptable. notif made by ops, maint attended same shift."
10450180,40870180,2022-02-19,2022-02-20,2022-02-21,U400-DEETHANIZER-500,FV-501,feed flow control valve,control_valve,P3,TECO,ANLYZR,valve_stiction,not stroking,NO_TRAVEL,ACT,N,12.6,2353.98,chk FV-501 - not stroking frm ops,"night called for FV-501 feed flow control valve, air leak seen during valve stiction. Foud not stroking; actuator weak. flushed impulse/sample line. still little hunting but acceptable. notif made by ops, maint attended same shift."
10450181,40870181,2022-02-19,2022-02-19,2022-02-21,U400-DEETHANIZER-500,LT-501,reflux drum level tx,instrument,P3,COMP,INST,reflux_pump_degradation,impulse plugged,PLUG,PROCESS,N,11.4,3438.51,"LT-501 low reflux, impulse plugged","B shift called for LT-501 reflux drum level tx, seal weep seen during reflux pump degradation. Foud impulse plugged; tap/line dirty. No spare in store at first, used refurb one from shop. opened strainer, cleaned black sludge. readng close to dcs after job. notif made by ops, maint attended same shift."
10450182,40870182,2022-02-22,2022-02-23,2022-02-26,U400-DEETHANIZER-500,T-501,deethanizer column,column,P2,TECO,INST,feed_composition_shift,level unstable,LVL_SWING,CTRL,N,4.2,3641.88,T-501 not ok after feed composition shift,"night called for T-501 deethanizer column, c3 in feed hi seen during feed composition shift. Foud level unstable; sump level swing. swapped to standby and repaired. temp repair only, plan shutdown job. notif made by ops, maint attended same shift."
10450183,40870183,2022-02-26,2022-02-26,2022-03-03,U400-DEETHANIZER-500,LV-502,bottoms level valve,control_valve,P3,TECO,ROT,valve_stiction,hunting loop,CTRL_OSC,TUNE,N,14.0,4761.01,"LV-502 hunting loop again, prod upset","B shift called for LV-502 bottoms level vavle, vavle sticking seen during vavle stiction. Foud hunting loop; bad response after upset. Tag plate dirty, confirmd by line up with panel. changed gasket and boxed up. unit stable now. notif made by ops, maint attended same shift."
10450184,40870184,2022-02-28,2022-03-01,2022-03-01,U400-DEETHANIZER-500,T-501,deethanizer column,column,P4,COMP,OPS+INST,feed_composition_shift,level unstable,LVL_SWING,CTRL,N,6.6,2001.12,"T-501 ovhd c3 slip, level unstable","night called for T-501 deethanizer column, btm heavy seen during feed composition shift. Foud level unstable; sump level swing. Line was hot so job done slow and with ops standing by. flushed impulse/sample line. temp repair only, plan shutdown job. notif made by ops, maint attended same shift."
10450185,40870185,2022-02-25,2022-02-26,2022-02-26,U400-DEETHANIZER-500,T-501,deethanizer column,column,P3,CLSD,MECH,feed_flow_step,dp high,DP_HIGH,FOAM,N,2.7,1079.61,T-501 not ok after feed flow step,"night called for T-501 deethanizer column, c2 recov down seen during feed flow step. Foud dp high; trays loading or foaming. opened strainer, cleaned black sludge. ops says ok for now. notif made by ops, maint attended same shift."
10450186,40870186,2022-02-28,2022-03-01,2022-03-01,U400-DEETHANIZER-500,FV-502,reflux flow control valve,control_valve,P3,TECO,OPS+INST,feed_temperature_ramp,not stroking,NO_TRAVEL,ACT,N,14.8,1753.23,FV-502 not ok after feed temperature ramp,"days called for FV-502 rflx flow control vavle, spec off seen during feed temperature ramp. Foud not stroking; actuator weak. No spare in store at first, used refurb one from shop. calibrated, loop checked with CCR. readng close to dcs after job. notif made by ops, maint attended same shift."
10450187,40870187,2022-03-04,2022-03-05,2022-03-06,U400-DEETHANIZER-500,PT-501,column overhead pressure tx,instrument,P3,COMP,OPS+INST,condenser_fouling,range err,SPAN,CAL,N,14.9,106.94,PT-501 not ok after condenser fouling,"A shift called for PT-501 colmn overhead pressure tx, cond not pullng seen during condenser fouling. Foud range err; span shifted. replaced positioner tubing and retuned small. no leak at handover. notif made by ops, maint attended same shift."
10450188,40870188,2022-03-03,2022-03-04,2022-03-04,U400-DEETHANIZER-500,TV-502,condenser cooling valve,control_valve,P3,CLSD,ROT,condenser_fouling,passing,LEAK_BY,SEAT,N,11.4,2911.34,"TV-502 passing again, prod upset","A shift called for TV-502 condenser cooling vavle, high ovhd press seen during condenser fouling. Foud passing; seat leak by. Tag plate dirty, confirmd by line up with panel. changed gasket and boxed up. need watch next feed swing. notif made by ops, maint attended same shift."
10450189,40870189,2022-03-06,2022-03-07,2022-03-07,U400-DEETHANIZER-500,FV-501,feed flow control valve,control_valve,P3,TECO,OPS+INST,feed_flow_step,hunting loop,CTRL_OSC,TUNE,N,8.1,4641.9,FV-501 hunting loop after upset,"A shift called for FV-501 feed flow control valve, c2 recov down seen during feed flow step. Foud hunting loop; bad response after upset. calibrated, loop checked with CCR. ops says ok for now. notif made by ops, maint attended same shift."
10450190,40870190,2022-03-08,2022-03-10,2022-03-11,U400-DEETHANIZER-500,PV-501,column pressure control valve,control_valve,P3,TECO,INST,pressure_control_fault,hunting loop,CTRL_OSC,TUNE,N,8.1,5000.34,PV-501 not ok after pressure control fault,"A shift called for PV-501 column pressure control valve, flare valve chekd seen during pressure control fault. Foud hunting loop; bad response after upset. No spare in store at first, used refurb one from shop. flushed impulse/sample line. need watch next feed swing. notif made by ops, maint attended same shift."
10450191,40870191,2022-03-07,2022-03-07,2022-03-09,U400-DEETHANIZER-500,FV-502,reflux flow control valve,control_valve,P4,TECO,OPS+MECH,reflux_pump_degradation,air leak,AIR_LEAK,TUBING,N,16.3,852.2,"FV-502 seal weep, air leak","days called for FV-502 reflux flow control valve, disch press low seen during reflux pump degradation. Foud air leak; positioner supply drop. swapped to standby and repaired. ops says ok for now. notif made by ops, maint attended same shift."
10450192,40870192,2022-03-08,2022-03-09,2022-03-12,U400-DEETHANIZER-500,PV-501,column pressure control valve,control_valve,P1,CLSD,OPS+MECH,valve_stiction,passing,LEAK_BY,SEAT,Y,22.6,293.29,chk PV-501 - passing frm ops,"A shift called for PV-501 column pressure control valve, air leak seen during valve stiction. Foud passing; seat leak by. History shows same complain last mnth. swapped to standby and repaired. need watch next feed swing. notif made by ops, maint attended same shift."
10450193,40870193,2022-03-12,2022-03-12,2022-03-14,U400-DEETHANIZER-500,PT-501,column overhead pressure tx,instrument,P3,TECO,INST,condenser_fouling,range err,SPAN,CAL,N,9.6,4692.83,PT-501 range err bad,"A shift called for PT-501 column overhead press tx, cw dt low seen during condenser fouling. Foud range err; span shifted. opened strainer, cleaned black sludge. need watch next feed swing. notif made by ops, maint attended same shift."
10450194,40870194,2022-03-12,2022-03-13,2022-03-13,U400-DEETHANIZER-500,FV-501,feed flow control valve,control_valve,P3,TECO,OPS+INST,valve_stiction,stiction,STICK,PACKING,N,7.1,3418.91,FV-501 not ok after vavle stiction,"A shift called for FV-501 feed flow control vavle, air leak seen during vavle stiction. Foud stiction; stem sticky and pos err. History shows same complain last mnth. swapped to standby and repaired. still little hunting but acceptable. notif made by ops, maint attended same shift."
10450195,40870195,2022-03-14,2022-03-15,2022-03-16,U400-DEETHANIZER-500,TV-502,condenser cooling valve,control_valve,P2,COMP,ANLYZR,valve_stiction,not stroking,NO_TRAVEL,ACT,Y,10.4,758.87,chk TV-502 - not stroking frm ops,"C shift called for TV-502 condenser cooling valve, air leak seen during valve stiction. Foud not stroking; actuator weak. Line was hot so job done slow and with ops standing by. tightened fittings, leak test ok. still little hunting but acceptable. notif made by ops, maint attended same shift."
10450196,40870196,2022-03-16,2022-03-17,2022-03-18,U400-DEETHANIZER-500,TT-501B,sensitive tray temperature tx,instrument,P2,CLSD,INST,feed_temperature_ramp,range err,SPAN,CAL,Y,7.0,4718.49,"TT-501B range err again, prod upset","night called for TT-501B sensitive tray temperature tx, spec off seen during feed temperature ramp. Foud range err; span shifted. flushed impulse/sample line. still little hunting but acceptable. notif made by ops, maint attended same shift."
10450197,40870197,2022-03-14,2022-03-14,2022-03-16,U400-DEETHANIZER-500,TV-501,reboiler hot medium valve,control_valve,P2,TECO,INST,reboiler_duty_loss,stiction,STICK,PACKING,N,13.3,4564.66,"TV-501 low heat, stiction","night called for TV-501 reboiler hot medium valve, tray temp low seen during reboiler duty loss. Foud stiction; stem sticky and pos err. reset trip and monitored for 2 hrs. still little hunting but acceptable. notif made by ops, maint attended same shift."
10450198,40870198,2022-03-17,2022-03-17,2022-03-18,U400-DEETHANIZER-500,PV-501,column pressure control valve,control_valve,P3,TECO,OPS+INST,valve_stiction,stiction,STICK,PACKING,N,9.1,1280.94,chk PV-501 - stiction frm ops,"A shift called for PV-501 column pressure control valve, loop cycling seen during valve stiction. Foud stiction; stem sticky and pos err. History shows same complain last mnth. cleaned and put back online. still little hunting but acceptable. notif made by ops, maint attended same shift."
10450199,40870199,2022-03-21,2022-03-22,2022-03-27,U400-DEETHANIZER-500,T-501,deethanizer column,column,P2,COMP,MECH,feed_flow_step,dp high,DP_HIGH,FOAM,N,6.0,5315.65,chk T-501 - dp high frm ops,"night called for T-501 deethanizer column, lvl swing seen during feed flow step. Foud dp high; trays loading or foaming. opened strainer, cleaned black sludge. readng close to dcs after job. notif made by ops, maint attended same shift."
10450200,40870200,2022-03-20,2022-03-20,2022-03-20,U400-DEETHANIZER-500,E-503,feed bottoms exchanger,exchanger,P2,TECO,ANLYZR,feed_flow_step,gasket weep,LEAK,GASKET,N,4.7,15071.64,E-503 not ok after feed flow step,"night called for E-503 feed bottoms exchanger, column dp high seen during feed flow step. Foud gasket weep; flange sweating. History shows same complain last mnth. stroke tested, response better. unit stable now. notif made by ops, maint attended same shift."
10450201,40870201,2022-03-20,2022-03-20,2022-03-22,U400-DEETHANIZER-500,LV-502,bottoms level valve,control_valve,P2,COMP,ANLYZR,valve_stiction,passing,LEAK_BY,SEAT,N,3.0,6281.49,LV-502 passing bad,"A shift called for LV-502 bottoms level valve, air leak seen during valve stiction. Foud passing; seat leak by. Line was hot so job done slow and with ops standing by. calibrated, loop checked with CCR. no leak at handover. notif made by ops, maint attended same shift."
10450202,40870202,2022-03-22,2022-03-22,2022-03-27,U400-DEETHANIZER-500,TT-503,reboiler outlet temperature tx,instrument,P2,COMP,E&I,reboiler_duty_loss,loose wire,SIGNAL,ELEC,N,13.0,5404.33,chk TT-503 - loose wire frm ops,"B shift called for TT-503 reboiler outlet temperature tx, c2 in btm seen during reboiler duty loss. Foud loose wire; term loose. replaced positioner tubing and retuned small. temp repair only, plan shutdown job. notif made by ops, maint attended same shift."
10450203,40870203,2022-03-22,2022-03-22,2022-03-27,U400-DEETHANIZER-500,E-503,feed bottoms exchanger,exchanger,P2,COMP,OPS+INST,feed_temperature_ramp,plugged pass,PLUG,FOUL,Y,11.6,10277.82,E-503 not ok after feed temperature ramp,"night called for E-503 feed bottoms exchanger, ovhd press moving seen during feed temperature ramp. Foud plugged pass; flow restricted. Tag plate dirty, confirmd by line up with panel. replaced positioner tubing and retuned small. still little hunting but acceptable. notif made by ops, maint attended same shift."
10450204,40870204,2022-03-29,2022-03-29,2022-03-30,U400-DEETHANIZER-500,AIT-501,overhead C2 analyzer,analyzer,P3,TECO,OPS+INST,feed_composition_shift,anlyzr drift,DRIFT,CAL_GAS,N,1.4,6266.04,chk AIT-501 - anlyzr drift frm ops,"B shift called for AIT-501 overhead C2 analyzer, btm heavy seen during feed composition shift. Foud anlyzr drift; cal gas failed. tightened fittings, leak test ok. readng close to dcs after job. notif made by ops, maint attended same shift."
10450205,40870205,2022-03-27,2022-03-28,2022-03-28,U400-DEETHANIZER-500,E-502,deethanizer overhead condenser,condenser,P3,COMP,VALVE,valve_stiction,tv no travel,VALVE,STICK,N,7.4,2457.91,E-502 tv no travel after upset,"C shift called for E-502 deethanizer overhead condenser, op jumps seen during valve stiction. Foud tv no travel; cooling valve stuck. History shows same complain last mnth. cleaned and put back online. readng close to dcs after job. notif made by ops, maint attended same shift."
10450206,40870206,2022-04-01,2022-04-03,2022-04-03,U400-DEETHANIZER-500,E-501,deethanizer reboiler,reboiler,P2,TECO,VALVE,reboiler_duty_loss,circ poor,NO_FLOW,PLUG,Y,15.0,16553.29,"E-501 circ poor again, prod upset","days called for E-501 deethanizer reboiler, c2 in btm seen during reboiler duty loss. Foud circ poor; blocked inlet screen. changed gasket and boxed up. need watch next feed swing. notif made by ops, maint attended same shift."
10450207,40870207,2022-03-31,2022-04-01,2022-04-15,U400-DEETHANIZER-500,TT-503,reboiler outlet temperature tx,instrument,P2,TECO,OPS+INST,reboiler_duty_loss,range err,SPAN,CAL,Y,11.9,5341.55,TT-503 range err ops req,"night called for TT-503 reboiler outlet temperature tx, rb circ cold seen during reboiler duty loss. Foud range err; span shifted. Line was hot so job done slow and with ops standing by. reset trip and monitored for 2 hrs. readng close to dcs after job. notif made by ops, maint attended same shift."
10450208,40870208,2022-04-03,2022-04-04,2022-04-05,U400-DEETHANIZER-500,E-502,deethanizer overhead condenser,condenser,P1,CLSD,INST,reboiler_duty_loss,tube leak sus,LEAK,TUBE,N,13.6,7782.54,E-502 tube leak sus bad,"B shift called for E-502 deethanizer overhead condenser, c2 in btm seen during reboiler duty loss. Foud tube leak sus; hydrotest reqd. changed gasket and boxed up. unit stable now. notif made by ops, maint attended same shift."
10450209,40870209,2022-04-03,2022-04-04,2022-04-05,U400-DEETHANIZER-500,PSV-501A,column relief valve A,relief,P2,CLSD,OPS+MECH,pressure_control_fault,due to lift chk,LIFT_EVENT,PROCESS,Y,17.4,1789.57,"PSV-501A press spike, due to lift chk","B shift called for PSV-501A column relief valve A, pshh close call seen during pressure control fault. Foud due to lift chk; after pressure excursion. No spare in store at first, used refurb one from shop. replaced positioner tubing and retuned small. temp repair only, plan shutdown job. notif made by ops, maint attended same shift."
10450210,40870210,2022-04-06,2022-04-06,2022-04-07,U400-DEETHANIZER-500,TT-501B,sensitive tray temperature tx,instrument,P3,COMP,INST,reboiler_duty_loss,no signal,NO_SIGNAL,ELEC,N,11.4,4746.24,TT-501B not ok after reboiler duty loss,"night called for TT-501B sensitive tray temperature tx, c2 in btm seen during reboiler duty loss. Foud no signal; 24v or card issue. History shows same complain last mnth. stroke tested, response better. unit stable now. notif made by ops, maint attended same shift."
10450211,40870211,2022-04-07,2022-04-07,2022-04-07,U400-DEETHANIZER-500,TT-501B,sensitive tray temperature tx,instrument,P4,COMP,ANLYZR,feed_temperature_ramp,no signal,NO_SIGNAL,ELEC,N,3.8,3960.52,"TT-501B rb duty up, no signal","A shift called for TT-501B sensitive tray temperature tx, feed temp high seen during feed temperature ramp. Foud no signal; 24v or card issue. Could not get permit first time waiting area gas test. flushed impulse/sample line. temp repair only, plan shutdown job. notif made by ops, maint attended same shift."
10450212,40870212,2022-04-09,2022-04-10,2022-04-13,U400-DEETHANIZER-500,T-501,deethanizer column,column,P2,CLSD,MECH,feed_flow_step,weeping flange,LEAK,GASKET,N,10.3,5551.83,T-501 not ok after feed flow step,"night called for T-501 deethanizer column, fic hunting seen during feed flow step. Foud weeping flange; manway/flange seep. No spare in store at first, used refurb one from shop. flushed impulse/sample line. readng close to dcs after job. notif made by ops, maint attended same shift."
10450213,40870213,2022-04-06,2022-04-07,2022-04-08,U400-DEETHANIZER-500,TV-502,condenser cooling valve,control_valve,P3,CLSD,ROT,condenser_fouling,air leak,AIR_LEAK,TUBING,N,9.5,2944.82,"TV-502 high ovhd press, air leak","C shift called for TV-502 condenser cooling valve, cw dt low seen during condenser fouling. Foud air leak; positioner supply drop. tightened fittings, leak test ok. no leak at handover. notif made by ops, maint attended same shift."
10450214,40870214,2022-04-08,2022-04-10,2022-04-13,U400-DEETHANIZER-500,FV-502,reflux flow control valve,control_valve,P3,COMP,ANLYZR,reflux_pump_degradation,air leak,AIR_LEAK,TUBING,N,11.3,5035.84,chk FV-502 - air leak frm ops,"C shift called for FV-502 reflux flow control valve, min flow hot seen during reflux pump degradation. Foud air leak; positioner supply drop. Tag plate dirty, confirmd by line up with panel. replaced positioner tubing and retuned small. still little hunting but acceptable. notif made by ops, maint attended same shift."
10450215,40870215,2022-04-13,2022-04-13,2022-04-13,U400-DEETHANIZER-500,T-501,deethanizer column,column,P3,TECO,ANLYZR,feed_flow_step,tray temp bad,TEMP_DEV,PROCESS,N,17.8,1694.67,T-501 tray temp bad bad,"B shift called for T-501 deethanizer column, c2 recov down seen during feed flow step. Foud tray temp bad; profile not normal. No spare in store at first, used refurb one from shop. stroke tested, response better. ops says ok for now. notif made by ops, maint attended same shift."
10450216,40870216,2022-04-10,2022-04-10,2022-04-11,U400-DEETHANIZER-500,FV-501,feed flow control valve,control_valve,P3,TECO,ROT,feed_flow_step,stiction,STICK,PACKING,N,17.7,4878.32,chk FV-501 - stiction frm ops,"B shift called for FV-501 feed flow ctrl valve, column dp high seen during feed flow step. Foud stiction; stem sticky and pos err. Line was hot so job done slow and with ops standing by. replaced positioner tubing and retuned small. need watch next feed swing. notif made by ops, maint attended same shift."
10450217,40870217,2022-04-13,2022-04-13,2022-04-14,U400-DEETHANIZER-500,TV-501,reboiler hot medium valve,control_valve,P3,COMP,VALVE,valve_stiction,passing,LEAK_BY,SEAT,N,6.8,6444.36,"TV-501 passing again, prod upset","A shift called for TV-501 reboiler hot medium valve, op jumps seen during valve stiction. Foud passing; seat leak by. swapped to standby and repaired. temp repair only, plan shutdown job. notif made by ops, maint attended same shift."
10450218,40870218,2022-04-15,2022-04-15,2022-04-17,U400-DEETHANIZER-500,TV-502,condenser cooling valve,control_valve,P3,TECO,ANLYZR,feed_temperature_ramp,hunting loop,CTRL_OSC,TUNE,N,8.8,5664.23,"TV-502 hunting loop again, prod upset","days called for TV-502 condenser cooling vavle, ovhd press moving seen during feed temperature ramp. Foud hunting loop; bad response after upset. History shows same complain last mnth. swapped to standby and repaired. readng close to dcs after job. notif made by ops, maint attended same shift."
10450219,40870219,2022-04-19,2022-04-20,2022-04-27,U400-DEETHANIZER-500,PT-501,column overhead pressure tx,instrument,P2,COMP,E&I,condenser_fouling,impulse plugged,PLUG,PROCESS,N,17.4,5072.52,PT-501 impulse plugged noisy,"B shift called for PT-501 column overhead pressure tx, pic wide open seen during condnsr fouling. Foud impulse plugged; tap/line dirty. Could not get permit first time waiting area gas test. stroke tested, response better. readng close to dcs after job. notif made by ops, maint attended same shift."
10450220,40870220,2022-04-16,2022-04-16,2022-04-17,U400-DEETHANIZER-500,P-501B,reflux pump B,pump,P1,COMP,E&I,reflux_pump_degradation,bearing hot,BRG,WEAR,N,7.4,7919.05,"P-501B bearing hot again, prod upset","night called for P-501B reflux pump B, seal weep seen during reflux pump degradation. Foud bearing hot; brg rough, lube dark. Tag plate dirty, confirmd by line up with panel. replaced positioner tubing and retuned small. no leak at handover. notif made by ops, maint attended same shift."
10450221,40870221,2022-04-18,2022-04-19,2022-04-20,U400-DEETHANIZER-500,E-502,deethanizer overhead condenser,condenser,P3,CLSD,E&I,condenser_fouling,cw fouling,FOULING,UTILITY,N,7.7,1951.53,E-502 not ok after condenser fouling,"night called for E-502 deethanizer overhead condenser, drum temp hi seen during condenser fouling. Foud cw fouling; cw side scaled. tightened fittings, leak test ok. need watch next feed swing. notif made by ops, maint attended same shift."
10450222,40870222,2022-04-20,2022-04-20,2022-04-23,U400-DEETHANIZER-500,P-501A,reflux pump A,pump,P1,COMP,INST,feed_flow_step,bearing hot,BRG,WEAR,Y,16.8,1638.42,"P-501A bearing hot again, prod upset","C shift called for P-501A reflux pump A, feed jump seen during feed flow step. Foud bearing hot; brg rough, lube dark. calibrated, loop checked with CCR. need watch next feed swing. notif made by ops, maint attended same shift."
10450223,40870223,2022-04-23,2022-04-23,2022-04-23,U400-DEETHANIZER-500,E-503,feed bottoms exchanger,exchanger,P4,COMP,OPS+MECH,valve_stiction,gasket weep,LEAK,GASKET,N,2.3,7784.23,"E-503 gasket weep again, prod upset","B shift called for E-503 feed bottoms exchanger, valve sticking seen during valve stiction. Foud gasket weep; flange sweating. changed gasket and boxed up. temp repair only, plan shutdown job. notif made by ops, maint attended same shift."
10450224,40870224,2022-04-27,2022-04-27,2022-04-28,U400-DEETHANIZER-500,PT-501,column overhead pressure tx,instrument,P4,COMP,INST,reflux_pump_degradation,loose wire,SIGNAL,ELEC,N,5.0,884.67,chk PT-501 - loose wire frm ops,"days called for PT-501 column overhead pressure tx, disch press low seen during reflux pump degradation. Foud loose wire; term loose. History shows same complain last mnth. swapped to standby and repaired. still little hunting but acceptable. notif made by ops, maint attended same shift."
10450225,40870225,2022-04-29,2022-04-29,2022-04-29,U400-DEETHANIZER-500,P-502B,bottoms pump B,pump,P3,TECO,ANLYZR,valve_stiction,low disch press,HYD_LOSS,FOUL,N,8.3,15130.36,"P-502B low disch press again, prod upset","A shift called for P-502B bottoms pump B, air leak seen during valve stiction. Foud low disch press; strainer dirty or impeller wear. No spare in store at first, used refurb one from shop. flushed impulse/sample line. unit stable now. notif made by ops, maint attended same shift."
10450226,40870226,2022-04-27,2022-04-27,2022-04-28,U400-DEETHANIZER-500,T-501,deethanizer column,column,P3,TECO,OPS+MECH,feed_composition_shift,weeping flange,LEAK,GASKET,N,13.0,4356.29,T-501 weeping flange noisy,"night called for T-501 deethanizer column, ovhd c3 slip seen during feed composition shift. Foud weeping flange; manway/flange seep. History shows same complain last mnth. changed gasket and boxed up. readng close to dcs after job. notif made by ops, maint attended same shift."
10450227,40870227,2022-05-01,2022-05-01,2022-05-01,U400-DEETHANIZER-500,FT-502,reflux flow transmitter,instrument,P2,TECO,E&I,reflux_pump_degradation,impulse plugged,PLUG,PROCESS,N,4.2,175.08,FT-502 not ok after reflux pump degradation,"days called for FT-502 reflux flow transmitter, min flow hot seen during reflux pump degradation. Foud impulse plugged; tap/line dirty. opened strainer, cleaned black sludge. readng close to dcs after job. notif made by ops, maint attended same shift."
10450228,40870228,2022-04-30,2022-04-30,2022-05-14,U400-DEETHANIZER-500,TV-501,reboiler hot medium valve,control_valve,P3,CLSD,MECH,feed_temperature_ramp,hunting loop,CTRL_OSC,TUNE,N,12.0,3889.22,TV-501 hunting loop bad,"C shift called for TV-501 reboiler hot medium valve, tray temp drift seen during feed temp ramp. Foud hunting loop; bad response after upset. changed gasket and boxed up. need watch next feed swing. notif made by ops, maint attended same shift."
10450229,40870229,2022-04-30,2022-04-30,2022-05-01,U400-DEETHANIZER-500,P-501B,reflux pump B,pump,P2,TECO,INST,reflux_pump_degradation,bearing hot,BRG,WEAR,N,4.3,14322.45,chk P-501B - bearing hot frm ops,"A shift called for P-501B reflux pump B, disch press low seen during reflux pump degradation. Foud bearing hot; brg rough, lube dark. No spare in store at first, used refurb one from shop. tightened fittings, leak test ok. no leak at handover. notif made by ops, maint attended same shift."
10450230,40870230,2022-05-01,2022-05-01,2022-05-03,U400-DEETHANIZER-500,P-501A,reflux pump A,pump,P2,CLSD,OPS+INST,normal_wear,motor trip,MOTOR,ELEC,N,3.5,10991.14,P-501A not ok after normal wear,"C shift called for P-501A reflux pump A, loose term seen during normal wear. Foud motor trip; overload trip after upset. reset trip and monitored for 2 hrs. temp repair only, plan shutdown job. notif made by ops, maint attended same shift."
10450231,40870231,2022-05-03,2022-05-03,2022-05-08,U400-DEETHANIZER-500,E-502,deethanizer overhead condenser,condenser,P3,CLSD,ANLYZR,condenser_fouling,tube leak sus,LEAK,TUBE,N,6.2,1257.0,E-502 not ok after condenser fouling,"A shift called for E-502 deethanizer overhead condnsr, drum temp hi seen during condnsr fouling. Foud tube leak sus; hydrotest reqd. tightened fittings, leak test ok. temp repair only, plan shutdown job. notif made by ops, maint attended same shift."
10450232,40870232,2022-05-05,2022-05-06,2022-05-07,U400-DEETHANIZER-500,FV-502,reflux flow control valve,control_valve,P3,COMP,INST,reflux_pump_degradation,stiction,STICK,PACKING,N,15.2,2166.13,FV-502 not ok after reflux pump degradation,"days called for FV-502 reflux flow control valve, min flow hot seen during reflux pump degradation. Foud stiction; stem sticky and pos err. reset trip and monitored for 2 hrs. need watch next feed swing. notif made by ops, maint attended same shift."
10450233,40870233,2022-05-05,2022-05-06,2022-05-06,U400-DEETHANIZER-500,FT-502,reflux flow transmitter,instrument,P3,CLSD,INST,reflux_pump_degradation,impulse plugged,PLUG,PROCESS,N,4.6,3907.27,FT-502 not ok after reflux pump degradation,"C shift called for FT-502 reflux flow transmitter, low reflux seen during reflux pump degradation. Foud impulse plugged; tap/line dirty. Tag plate dirty, confirmd by line up with panel. cleaned and put back online. temp repair only, plan shutdown job. notif made by ops, maint attended same shift."
10450234,40870234,2022-05-09,2022-05-09,2022-05-10,U400-DEETHANIZER-500,AIT-501,overhead C2 analyzer,analyzer,P4,COMP,E&I,feed_composition_shift,condensate in sample,LIQ_CARRY,SAMPLE,N,1.8,1087.84,"AIT-501 condensate in sample again, prod upset","B shift called for AIT-501 overhead C2 analyzer, anlyzr off seen during feed composition shift. Foud condensate in sample; knockout pot full. tightened fittings, leak test ok. unit stable now. notif made by ops, maint attended same shift."
10450235,40870235,2022-05-11,2022-05-13,2022-05-13,U400-DEETHANIZER-500,PT-501,column overhead pressure tx,instrument,P3,COMP,ANLYZR,pressure_control_fault,range err,SPAN,CAL,N,10.5,6621.07,PT-501 not ok after pressure control fault,"night called for PT-501 column overhead pressure tx, press spike seen during pressure control fault. Foud range err; span shifted. reset trip and monitored for 2 hrs. still little hunting but acceptable. notif made by ops, maint attended same shift."
10450236,40870236,2022-05-11,2022-05-12,2022-05-14,U400-DEETHANIZER-500,TV-501,reboiler hot medium valve,control_valve,P3,COMP,ROT,reboiler_duty_loss,air leak,AIR_LEAK,TUBING,N,14.2,4789.43,TV-501 not ok after reboiler duty loss,"B shift called for TV-501 reboiler hot medium vavle, c2 in btm seen during reboiler duty loss. Foud air leak; positioner supply drop. calibrated, loop checked with CCR. still little hunting but acceptable. notif made by ops, maint attended same shift."
10450237,40870237,2022-05-14,2022-05-14,2022-05-16,U400-DEETHANIZER-500,PSV-501B,column relief valve B,relief,P4,TECO,VALVE,pressure_control_fault,seat passing,LEAK_BY,SEAT,N,13.9,1697.78,PSV-501B seat passing asap,"B shift called for PSV-501B column relief valve B, pshh close call seen during pressure control fault. Foud seat passing; tail pipe warm. History shows same complain last mnth. cleaned and put back online. need watch next feed swing. notif made by ops, maint attended same shift."
10450238,40870238,2022-05-14,2022-05-14,2022-05-15,U400-DEETHANIZER-500,P-501A,reflux pump A,pump,P2,COMP,VALVE,reflux_pump_degradation,vib high,VIB,ALIGN,N,2.3,2072.1,P-501A not ok after reflux pump degradation,"A shift called for P-501A reflux pump A, disch press low seen during reflux pump degradation. Foud vib high; coupling align or cavitation. opened strainer, cleaned black sludge. still little hunting but acceptable. notif made by ops, maint attended same shift."
10450239,40870239,2022-05-16,2022-05-18,2022-05-19,U400-DEETHANIZER-500,FV-501,feed flow control valve,control_valve,P3,COMP,OPS+MECH,valve_stiction,stiction,STICK,PACKING,N,7.7,4885.79,FV-501 stiction bad,"C shift called for FV-501 feed flow control valve, op jumps seen during valve stiction. Foud stiction; stem sticky and pos err. tightened fittings, leak test ok. readng close to dcs after job. notif made by ops, maint attended same shift."
10450240,40870240,2022-05-15,2022-05-16,2022-05-17,U400-DEETHANIZER-500,TT-503,reboiler outlet temperature tx,instrument,P3,TECO,ANLYZR,normal_wear,range err,SPAN,CAL,N,16.8,6590.36,"TT-503 range err again, prod upset","C shift called for TT-503 reboiler outlet temperature tx, plugged impulse seen during normal wear. Foud range err; span shifted. changed gasket and boxed up. unit stable now. notif made by ops, maint attended same shift."
10450241,40870241,2022-05-20,2022-05-21,2022-05-26,U400-DEETHANIZER-500,FV-502,reflux flow control valve,control_valve,P3,TECO,INST,valve_stiction,passing,LEAK_BY,SEAT,N,16.8,2495.85,"FV-502 loop cycling, passing","A shift called for FV-502 reflux flow control valve, loop cycling seen during valve stiction. Foud passing; seat leak by. cleaned and put back online. readng close to dcs after job. notif made by ops, maint attended same shift."
10450242,40870242,2022-05-20,2022-05-21,2022-05-21,U400-DEETHANIZER-500,P-502A,bottoms pump A,pump,P2,CLSD,E&I,feed_temperature_ramp,motor trip,MOTOR,ELEC,Y,13.2,5821.76,P-502A motor trip bad,"C shift called for P-502A bottoms pump A, spec off seen during feed temperature ramp. Foud motor trip; overload trip after upset. Tag plate dirty, confirmd by line up with panel. swapped to standby and repaired. temp repair only, plan shutdown job. notif made by ops, maint attended same shift."
10450243,40870243,2022-05-22,2022-05-23,2022-05-24,U400-DEETHANIZER-500,LT-501,reflux drum level tx,instrument,P2,CLSD,E&I,normal_wear,no signal,NO_SIGNAL,ELEC,N,2.3,3874.04,"LT-501 no signal again, prod upset","A shift called for LT-501 reflux drum level tx, loose term seen during normal wear. Foud no signal; 24v or card issue. stroke tested, response better. readng close to dcs after job. notif made by ops, maint attended same shift."
10450244,40870244,2022-05-26,2022-05-27,2022-05-28,U400-DEETHANIZER-500,V-501,deethanizer reflux drum,vessel,P1,COMP,MECH,reboiler_duty_loss,boot drain leak,LEAK,VALVE,Y,13.7,3533.76,"V-501 boot drain leak again, prod upset","A shift called for V-501 deethanizer reflux drum, tray temp low seen during reboiler duty loss. Foud boot drain leak; closed drain valve passing. No spare in store at first, used refurb one from shop. calibrated, loop chekd with CCR. temp repair only, plan shutdown job. notif made by ops, maint attended same shift."
10450245,40870245,2022-05-23,2022-05-24,2022-05-25,U400-DEETHANIZER-500,TV-501,reboiler hot medium valve,control_valve,P2,COMP,ANLYZR,valve_stiction,not stroking,NO_TRAVEL,ACT,Y,21.5,1128.82,"TV-501 not stroking again, prod upset","C shift called for TV-501 reboiler hot medium valve, loop cycling seen during valve stiction. Foud not stroking; actuator weak. No spare in store at first, used refurb one from shop. calibrated, loop checked with CCR. readng close to dcs after job. notif made by ops, maint attended same shift."
10450246,40870246,2022-05-25,2022-05-27,2022-05-27,U400-DEETHANIZER-500,LT-501,reflux drum level tx,instrument,P3,CLSD,ANLYZR,reboiler_duty_loss,no signal,NO_SIGNAL,ELEC,N,7.5,638.58,LT-501 not ok after reboiler duty loss,"days called for LT-501 reflux drum level tx, steam/hm valve no resp seen during reboiler duty loss. Foud no signal; 24v or card issue. Line was hot so job done slow and with ops standing by. calibrated, loop checked with CCR. no leak at handover. notif made by ops, maint attended same shift."
10450247,40870247,2022-05-31,2022-06-01,2022-06-02,U400-DEETHANIZER-500,PV-501,column pressure control valve,control_valve,P3,COMP,INST,reboiler_duty_loss,hunting loop,CTRL_OSC,TUNE,N,14.4,2812.94,PV-501 not ok after rebiler duty loss,"night called for PV-501 column pressure control valve, rb circ cold seen during reboiler duty loss. Foud hunting loop; bad response after upset. stroke tested, response better. readng close to dcs after job. notif made by ops, maint attended same shift."
10450248,40870248,2022-05-28,2022-05-28,2022-06-02,U400-DEETHANIZER-500,T-501,deethanizer column,column,P3,TECO,ROT,feed_composition_shift,dp high,DP_HIGH,FOAM,N,14.9,5542.37,T-501 dp high ops req,"days called for T-501 deethanizer colmn, anlyzr off seen during feed composition shift. Foud dp high; trays loading or foaming. changed gasket and boxed up. still little hunting but acceptable. notif made by ops, maint attended same shift."
10450249,40870249,2022-06-02,2022-06-02,2022-06-05,U400-DEETHANIZER-500,T-501,deethanizer column,column,P1,CLSD,OPS+INST,reboiler_duty_loss,weeping flange,LEAK,GASKET,N,14.2,2117.64,"T-501 tray temp low, weeping flange","days called for T-501 deethanizer column, steam/hm vavle no resp seen during reboiler duty loss. Foud weeping flange; manway/flange seep. No spare in store at first, used refurb one from shop. stroke tested, response better. temp repair only, plan shutdown job. notif made by ops, maint attended same shift."
10450250,40870250,2022-05-30,2022-05-30,2022-06-01,U400-DEETHANIZER-500,FT-501,feed flow transmitter,instrument,P2,COMP,INST,feed_flow_step,no signal,NO_SIGNAL,ELEC,N,9.9,5420.35,chk FT-501 - no signal frm ops,"days called for FT-501 feed flow transmitter, c2 recov down seen during feed flow step. Foud no signal; 24v or card issue. No spare in store at first, used refurb one from shop. changed gasket and boxed up. still little hunting but acceptable. notif made by ops, maint attended same shift."
10450251,40870251,2022-06-03,2022-06-05,2022-06-07,U400-DEETHANIZER-500,FT-502,reflux flow transmitter,instrument,P3,CLSD,ANLYZR,reflux_pump_degradation,impulse plugged,PLUG,PROCESS,N,9.6,981.54,chk FT-502 - impulse plugged frm ops,"night called for FT-502 reflux flow transmitter, disch press low seen during reflux pump degradation. Foud impulse plugged; tap/line dirty. calibrated, loop chekd with CCR. temp repair only, plan shutdown job. notif made by ops, maint attended same shift."
10450252,40870252,2022-06-05,2022-06-06,2022-06-07,U400-DEETHANIZER-500,P-501A,reflux pump A,pump,P3,CLSD,INST,reflux_pump_degradation,low disch press,HYD_LOSS,FOUL,N,10.8,4740.02,"P-501A low disch press again, prod upset","C shift called for P-501A rflx pump A, low rflx seen during rflx pump degradation. Foud low disch press; strainer dirty or impeller wear. stroke tested, response better. need watch next feed swing. notif made by ops, maint attended same shift."
10450253,40870253,2022-06-06,2022-06-08,2022-06-11,U400-DEETHANIZER-500,PT-501,column overhead pressure tx,instrument,P2,COMP,INST,pressure_control_fault,range err,SPAN,CAL,Y,23.5,6591.74,"PT-501 range err again, prod upset","A shift called for PT-501 column overhead press tx, flare valve checked seen during press control fault. Foud range err; span shifted. Line was hot so job done slow and with ops standing by. flushed impulse/sample line. readng close to dcs after job. notif made by ops, maint attended same shift."
10450254,40870254,2022-06-06,2022-06-07,2022-06-08,U400-DEETHANIZER-500,PV-501,column pressure control valve,control_valve,P2,COMP,VALVE,condenser_fouling,air leak,AIR_LEAK,TUBING,Y,15.2,5251.1,PV-501 air leak chk & revert,"C shift called for PV-501 column press control valve, cw dt low seen during condnsr fouling. Foud air leak; positioner supply drop. replaced positioner tubing and retuned small. still little hunting but acceptable. notif made by ops, maint attended same shift."
10450255,40870255,2022-06-11,2022-06-13,2022-06-13,U400-DEETHANIZER-500,TV-501,reboiler hot medium valve,control_valve,P3,TECO,E&I,feed_temperature_ramp,not stroking,NO_TRAVEL,ACT,N,4.7,2636.13,chk TV-501 - not stroking frm ops,"C shift called for TV-501 reboiler hot medium vavle, ovhd press moving seen during feed temperature ramp. Foud not stroking; actuator weak. No spare in store at first, used refurb one from shop. opened strainer, cleaned black sludge. no leak at handover. notif made by ops, maint attended same shift."
10450256,40870256,2022-06-12,2022-06-13,2022-06-20,U400-DEETHANIZER-500,E-503,feed bottoms exchanger,exchanger,P1,TECO,MECH,feed_temperature_ramp,tube fouling,FOULING,PROCESS,N,14.9,6215.29,"E-503 tube fouling again, prod upset","B shift called for E-503 feed bottoms exchanger, rb duty up seen during feed temperature ramp. Foud tube fouling; duty low, delta t poor. flushed impulse/sample line. unit stable now. notif made by ops, maint attended same shift."
10450257,40870257,2022-06-12,2022-06-12,2022-06-13,U400-DEETHANIZER-500,E-503,feed bottoms exchanger,exchanger,P2,CLSD,E&I,feed_temperature_ramp,tube fouling,FOULING,PROCESS,N,6.5,5792.55,E-503 not ok after feed temperature ramp,"days called for E-503 feed bottoms exchanger, rb duty up seen during feed temperature ramp. Foud tube fouling; duty low, delta t poor. changed gasket and boxed up. need watch next feed swing. notif made by ops, maint attended same shift."
10450258,40870258,2022-06-13,2022-06-14,2022-06-17,U400-DEETHANIZER-500,FT-501,feed flow transmitter,instrument,P2,COMP,INST,feed_flow_step,loose wire,SIGNAL,ELEC,Y,16.2,6362.57,chk FT-501 - loose wire frm ops,"days called for FT-501 feed flow transmitter, column dp high seen during feed flow step. Foud loose wire; term loose. changed gasket and boxed up. unit stable now. notif made by ops, maint attended same shift."
10450259,40870259,2022-06-14,2022-06-14,2022-06-15,U400-DEETHANIZER-500,E-503,feed bottoms exchanger,exchanger,P3,TECO,INST,feed_temperature_ramp,gasket weep,LEAK,GASKET,N,16.3,10763.29,"E-503 gasket weep again, prod upset","B shift called for E-503 feed bottoms exchanger, rb duty up seen during feed temperature ramp. Foud gasket weep; flange sweating. flushed impulse/sample line. temp repair only, plan shutdown job. notif made by ops, maint attended same shift."
10450260,40870260,2022-06-14,2022-06-15,2022-06-18,U400-DEETHANIZER-500,TV-502,condenser cooling valve,control_valve,P3,TECO,OPS+MECH,valve_stiction,stiction,STICK,PACKING,N,9.7,3536.25,"TV-502 stiction again, prod upset","night called for TV-502 condenser cooling valve, air leak seen during valve stiction. Foud stiction; stem sticky and pos err. Could not get permit first time waiting area gas test. swapped to standby and repaired. readng close to dcs after job. notif made by ops, maint attended same shift."
10450261,40870261,2022-06-20,2022-06-21,2022-06-22,U400-DEETHANIZER-500,T-501,deethanizer column,column,P1,TECO,MECH,condenser_fouling,dp high,DP_HIGH,FOAM,Y,10.3,2072.37,T-501 not ok after condenser fouling,"days called for T-501 deethanizer column, high ovhd press seen during condnsr fouling. Foud dp high; trays loading or foaming. cleaned and put back online. still little hunting but acceptable. notif made by ops, maint attended same shift."
10450262,40870262,2022-06-22,2022-06-23,2022-06-23,U400-DEETHANIZER-500,PSV-501B,column relief valve B,relief,P2,COMP,ROT,pressure_control_fault,due to lift chk,LIFT_EVENT,PROCESS,N,16.6,923.47,PSV-501B due to lift chk noisy,"night called for PSV-501B column relief valve B, flare valve checked seen during press ctrl fault. Foud due to lift chk; after press excursion. Tag plate dirty, confirmd by line up with panel. opened strainer, cleaned black sludge. temp repair only, plan shutdown job. notif made by ops, maint attended same shift."
10450263,40870263,2022-06-23,2022-06-24,2022-06-24,U400-DEETHANIZER-500,P-501B,reflux pump B,pump,P4,COMP,OPS+INST,reflux_pump_degradation,seal leak,MECH_SEAL,SEAL,N,2.4,516.13,P-501B not ok after reflux pump degradation,"A shift called for P-501B reflux pump B, seal weep seen during reflux pump degradation. Foud seal leak; seal face worn / dry run signs. calibrated, loop checked with CCR. readng close to dcs after job. notif made by ops, maint attended same shift."
10450264,40870264,2022-06-19,2022-06-20,2022-06-20,U400-DEETHANIZER-500,FT-501,feed flow transmitter,instrument,P2,TECO,OPS+INST,feed_flow_step,bad reading,DRIFT,CAL,N,2.3,6235.19,"FT-501 bad reading again, prod upset","days called for FT-501 feed flow transmitter, feed jump seen during feed flow step. Foud bad reading; needs calib. No spare in store at first, used refurb one from shop. reset trip and monitored for 2 hrs. need watch next feed swing. notif made by ops, maint attended same shift."
10450265,40870265,2022-06-22,2022-06-23,2022-06-25,U400-DEETHANIZER-500,LV-502,bottoms level valve,control_valve,P3,TECO,INST,valve_stiction,hunting loop,CTRL_OSC,TUNE,N,9.7,6571.35,"LV-502 hunting loop again, prod upset","A shift called for LV-502 bottoms level valve, op jumps seen during valve stiction. Foud hunting loop; bad response after upset. opened strainer, cleaned black sludge. ops says ok for now. notif made by ops, maint attended same shift."
10450266,40870266,2022-06-27,2022-06-29,2022-07-13,U400-DEETHANIZER-500,PV-501,column pressure control valve,control_valve,P3,TECO,ROT,pressure_control_fault,air leak,AIR_LEAK,TUBING,N,15.8,1033.27,PV-501 not ok after pressure control fault,"A shift called for PV-501 column pressure control valve, pshh close call seen during pressure control fault. Foud air leak; positioner supply drop. Tag plate dirty, confirmd by line up with panel. flushed impulse/sample line. readng close to dcs after job. notif made by ops, maint attended same shift."
10450267,40870267,2022-06-24,2022-06-26,2022-07-01,U400-DEETHANIZER-500,TV-501,reboiler hot medium valve,control_valve,P3,COMP,OPS+INST,condenser_fouling,air leak,AIR_LEAK,TUBING,N,5.7,3307.96,"TV-501 pic wide open, air leak","C shift called for TV-501 reboiler hot medium vavle, cw dt low seen during condenser fouling. Foud air leak; positioner supply drop. calibrated, loop checked with CCR. temp repair only, plan shutdown job. notif made by ops, maint attended same shift."
10450268,40870268,2022-06-25,2022-06-27,2022-06-27,U400-DEETHANIZER-500,P-501A,reflux pump A,pump,P3,CLSD,MECH,valve_stiction,low disch press,HYD_LOSS,FOUL,N,14.2,1095.53,"P-501A low disch press again, prod upset","night called for P-501A reflux pump A, position bad seen during valve stiction. Foud low disch press; strainer dirty or impeller wear. History shows same complain last mnth. stroke tested, response better. readng close to dcs after job. notif made by ops, maint attended same shift."
10450269,40870269,2022-07-02,2022-07-03,2022-07-03,U400-DEETHANIZER-500,FV-502,reflux flow control valve,control_valve,P2,TECO,VALVE,valve_stiction,passing,LEAK_BY,SEAT,Y,15.3,550.61,FV-502 passing bad,"C shift called for FV-502 reflux flow control valve, position bad seen during valve stiction. Foud passing; seat leak by. History shows same complain last mnth. stroke tested, response better. no leak at handover. notif made by ops, maint attended same shift."
10450270,40870270,2022-06-29,2022-06-29,2022-06-30,U400-DEETHANIZER-500,E-503,feed bottoms exchanger,exchanger,P3,TECO,OPS+INST,feed_composition_shift,tube fouling,FOULING,PROCESS,N,17.1,8694.37,E-503 not ok after feed composition shift,"night called for E-503 feed bottoms exchanger, quality bad seen during feed composition shift. Foud tube fouling; duty low, delta t poor. reset trip and monitored for 2 hrs. no leak at handover. notif made by ops, maint attended same shift."
10450271,40870271,2022-07-02,2022-07-02,2022-07-04,U400-DEETHANIZER-500,T-501,deethanizer column,column,P3,CLSD,INST,valve_stiction,tray temp bad,TEMP_DEV,PROCESS,N,8.2,2323.74,T-501 not ok after valve stiction,"B shift called for T-501 deethanizer column, valve sticking seen during valve stiction. Foud tray temp bad; profile not normal. Could not get permit first time waiting area gas test. opened strainer, cleaned black sludge. need watch next feed swing. notif made by ops, maint attended same shift."
10450272,40870272,2022-07-01,2022-07-02,2022-07-16,U400-DEETHANIZER-500,FT-501,feed flow transmitter,instrument,P2,TECO,ANLYZR,feed_temperature_ramp,no signal,NO_SIGNAL,ELEC,N,1.8,4115.56,"FT-501 feed temp high, no signal","B shift called for FT-501 feed flow transmitter, rb duty up seen during feed temperature ramp. Foud no signal; 24v or card issue. cleaned and put back online. unit stable now. notif made by ops, maint attended same shift."
10450273,40870273,2022-07-04,2022-07-06,2022-07-07,U400-DEETHANIZER-500,TV-501,reboiler hot medium valve,control_valve,P3,TECO,ANLYZR,reflux_pump_degradation,passing,LEAK_BY,SEAT,N,14.4,4623.42,"TV-501 min flow hot, passing","days called for TV-501 reboiler hot medium valve, min flow hot seen during reflux pump degradation. Foud passing; seat leak by. Tag plate dirty, confirmd by line up with panel. changed gasket and boxed up. no leak at handover. notif made by ops, maint attended same shift."
10450274,40870274,2022-07-06,2022-07-06,2022-07-06,U400-DEETHANIZER-500,PT-501,column overhead pressure tx,instrument,P3,TECO,E&I,condenser_fouling,bad reading,DRIFT,CAL,N,12.1,337.27,PT-501 bad reading temp fix,"days called for PT-501 column overhead pressure tx, drum temp hi seen during condenser fouling. Foud bad reading; needs calib. opened strainer, cleaned black sludge. still little hunting but acceptable. notif made by ops, maint attended same shift."
10450275,40870275,2022-07-06,2022-07-07,2022-07-12,U400-DEETHANIZER-500,V-501,deethanizer reflux drum,vessel,P3,CLSD,INST,reboiler_duty_loss,boot drain leak,LEAK,VALVE,N,5.5,3881.99,V-501 not ok after reboiler duty loss,"night called for V-501 deethanizer reflux drum, low heat seen during rebiler duty loss. Foud boot drain leak; closed drain valve passing. flushed impulse/sample line. no leak at handover. notif made by ops, maint attended same shift."
10450276,40870276,2022-07-10,2022-07-10,2022-07-11,U400-DEETHANIZER-500,P-501B,reflux pump B,pump,P3,COMP,VALVE,condenser_fouling,low disch press,HYD_LOSS,FOUL,N,4.7,5590.19,"P-501B low disch press again, prod upset","A shift called for P-501B reflux pump B, cw dt low seen during condenser fouling. Foud low disch press; strainer dirty or impeller wear. Line was hot so job done slow and with ops standing by. cleaned and put back online. ops says ok for now. notif made by ops, maint attended same shift."
10450277,40870277,2022-07-11,2022-07-11,2022-07-16,U400-DEETHANIZER-500,E-502,deethanizer overhead condenser,condenser,P2,COMP,VALVE,pressure_control_fault,high press,PERF,FOUL,N,8.4,8215.0,"E-502 press spike, high press","B shift called for E-502 deethanizer overhead condenser, pic unstable seen during press control fault. Foud high press; condensing duty poor. History shows same complain last mnth. tightened fittings, leak test ok. no leak at handover. notif made by ops, maint attended same shift."
10450278,40870278,2022-07-13,2022-07-13,2022-07-13,U400-DEETHANIZER-500,TV-501,reboiler hot medium valve,control_valve,P3,COMP,ROT,feed_temperature_ramp,hunting loop,CTRL_OSC,TUNE,N,13.3,2678.93,TV-501 hunting loop chk & revert,"night called for TV-501 reboiler hot medium vavle, ovhd press moving seen during feed temperature ramp. Foud hunting loop; bad response after upset. No spare in store at first, used refurb one from shop. opened strainer, cleaned black sludge. no leak at handover. notif made by ops, maint attended same shift."
10450279,40870279,2022-07-12,2022-07-13,2022-07-13,U400-DEETHANIZER-500,E-502,deethanizer overhead condenser,condenser,P4,CLSD,ANLYZR,condenser_fouling,high press,PERF,FOUL,N,15.5,14371.04,E-502 high press ops req,"days called for E-502 deethanizer overhead condenser, high ovhd press seen during condenser fouling. Foud high press; condensing duty poor. tightened fittings, leak test ok. no leak at handover. notif made by ops, maint attended same shift."
10450280,40870280,2022-07-13,2022-07-13,2022-07-14,U400-DEETHANIZER-500,E-502,deethanizer overhead condenser,condenser,P3,COMP,INST,feed_temperature_ramp,tv no travel,VALVE,STICK,N,6.3,14908.42,"E-502 rb duty up, tv no travel","days called for E-502 deethanizer overhead condenser, tray temp drift seen during feed temperature ramp. Foud tv no travel; cooling valve stuck. stroke tested, response better. unit stable now. notif made by ops, maint attended same shift."
10450281,40870281,2022-07-15,2022-07-15,2022-07-16,U400-DEETHANIZER-500,TV-501,reboiler hot medium valve,control_valve,P3,TECO,INST,normal_wear,air leak,AIR_LEAK,TUBING,N,2.8,5470.11,"TV-501 leak, air leak","night called for TV-501 rebiler hot medium valve, pm found defect seen during normal wear. Foud air leak; positioner supply drop. stroke tested, response better. still little hunting but acceptable. notif made by ops, maint attended same shift."
10450282,40870282,2022-07-19,2022-07-19,2022-07-21,U400-DEETHANIZER-500,TT-501B,sensitive tray temperature tx,instrument,P4,COMP,ANLYZR,reboiler_duty_loss,no signal,NO_SIGNAL,ELEC,N,2.1,4496.5,TT-501B not ok after rebiler duty loss,"A shift called for TT-501B sensitive tray temp tx, low heat seen during reboiler duty loss. Foud no signal; 24v or card issue. swapped to standby and repaired. unit stable now. notif made by ops, maint attended same shift."
10450283,40870283,2022-07-17,2022-07-17,2022-07-18,U400-DEETHANIZER-500,E-503,feed bottoms exchanger,exchanger,P3,CLSD,ROT,feed_composition_shift,tube fouling,FOULING,PROCESS,N,8.7,13805.06,"E-503 btm heavy, tube fouling","C shift called for E-503 feed bottoms exchanger, anlyzr off seen during feed composition shift. Foud tube fouling; duty low, delta t poor. replaced positioner tubing and retuned small. readng close to dcs after job. notif made by ops, maint attended same shift."
10450284,40870284,2022-07-24,2022-07-24,2022-07-26,U400-DEETHANIZER-500,PSV-501B,column relief valve B,relief,P2,TECO,OPS+INST,pressure_control_fault,seat passing,LEAK_BY,SEAT,N,10.5,2813.83,"PSV-501B pic unstable, seat passing","days called for PSV-501B column relief valve B, pic unstable seen during pressure control fault. Foud seat passing; tail pipe warm. cleaned and put back online. need watch next feed swing. notif made by ops, maint attended same shift."
10450285,40870285,2022-07-24,2022-07-24,2022-07-25,U400-DEETHANIZER-500,AIT-501,overhead C2 analyzer,analyzer,P2,TECO,OPS+INST,feed_composition_shift,sample plugged,PLUG,SAMPLE,N,1.6,1725.26,chk AIT-501 - sample plugged frm ops,"C shift called for AIT-501 overhead C2 analyzer, ovhd c3 slip seen during feed composition shift. Foud sample plugged; fast loop low flow. No spare in store at first, used refurb one from shop. replaced positioner tubing and retuned small. unit stable now. notif made by ops, maint attended same shift."
10450286,40870286,2022-07-27,2022-07-28,2022-07-29,U400-DEETHANIZER-500,E-501,deethanizer reboiler,reboiler,P2,TECO,ROT,feed_temperature_ramp,circ poor,NO_FLOW,PLUG,N,1.3,6624.73,"E-501 circ poor again, prod upset","A shift called for E-501 deethanizer reboiler, tray temp drift seen during feed temperature ramp. Foud circ poor; blocked inlet screen. flushed impulse/sample line. still little hunting but acceptable. notif made by ops, maint attended same shift."
10450287,40870287,2022-07-23,2022-07-23,2022-07-26,U400-DEETHANIZER-500,FV-502,reflux flow control valve,control_valve,P4,TECO,OPS+INST,feed_composition_shift,hunting loop,CTRL_OSC,TUNE,N,9.0,3930.32,FV-502 not ok after feed composition shift,"A shift called for FV-502 reflux flow ctrl valve, anlyzr off seen during feed composition shift. Foud hunting loop; bad response after upset. Could not get permit first time waiting area gas test. tightened fittings, leak test ok. need watch next feed swing. notif made by ops, maint attended same shift."
10450288,40870288,2022-07-30,2022-07-30,2022-07-31,U400-DEETHANIZER-500,P-501A,reflux pump A,pump,P4,COMP,OPS+MECH,reboiler_duty_loss,motor trip,MOTOR,ELEC,N,4.1,5298.66,"P-501A rb circ cold, motor trip","C shift called for P-501A reflux pump A, c2 in btm seen during reboiler duty loss. Foud motor trip; overload trip after upset. cleaned and put back online. still little hunting but acceptable. notif made by ops, maint attended same shift."
10450289,40870289,2022-07-26,2022-07-26,2022-08-02,U400-DEETHANIZER-500,E-501,deethanizer reboiler,reboiler,P4,TECO,OPS+MECH,reboiler_duty_loss,rb leak,LEAK,GASKET,N,3.5,2926.43,E-501 not ok after reboiler duty loss,"A shift called for E-501 deethanizer reboiler, rb circ cold seen during reboiler duty loss. Foud rb leak; channel flange weep. cleaned and put back online. need watch next feed swing. notif made by ops, maint attended same shift."
10450290,40870290,2022-08-01,2022-08-02,2022-08-03,U400-DEETHANIZER-500,FV-501,feed flow control valve,control_valve,P3,TECO,MECH,valve_stiction,air leak,AIR_LEAK,TUBING,N,4.7,3556.27,"FV-501 air leak, air leak","C shift called for FV-501 feed flow control valve, op jumps seen during valve stiction. Foud air leak; positioner supply drop. Tag plate dirty, confirmd by line up with panel. swapped to standby and repaired. temp repair only, plan shutdown job. notif made by ops, maint attended same shift."
10450291,40870291,2022-07-30,2022-07-30,2022-07-31,U400-DEETHANIZER-500,FT-501,feed flow transmitter,instrument,P4,COMP,E&I,feed_flow_step,loose wire,SIGNAL,ELEC,N,12.4,3279.06,chk FT-501 - loose wire frm ops,"B shift called for FT-501 feed flow tx, c2 recov down seen during feed flow step. Foud loose wire; term loose. replaced positioner tubing and retuned small. ops says ok for now. notif made by ops, maint attended same shift."
10450292,40870292,2022-08-04,2022-08-06,2022-08-08,U400-DEETHANIZER-500,E-502,deethanizer overhead condenser,condenser,P2,CLSD,E&I,condenser_fouling,cw fouling,FOULING,UTILITY,Y,12.2,10142.64,E-502 cw fouling after upset,"C shift called for E-502 deethanizer overhead condenser, cond not pullng seen during condenser fouling. Foud cw fouling; cw side scaled. flushed impulse/sample line. unit stable now. notif made by ops, maint attended same shift."
10450293,40870293,2022-08-01,2022-08-01,2022-08-01,U400-DEETHANIZER-500,E-501,deethanizer reboiler,reboiler,P3,COMP,OPS+INST,reboiler_duty_loss,low duty,DUTY_LOSS,UTILITY,N,6.0,2902.09,"E-501 steam/hm valve no resp, low duty","B shift called for E-501 deethanizer reboiler, c2 in btm seen during reboiler duty loss. Foud low duty; hm valve/strainer issue. cleaned and put back online. temp repair only, plan shutdown job. notif made by ops, maint attended same shift."
10450294,40870294,2022-08-02,2022-08-02,2022-08-07,U400-DEETHANIZER-500,P-501B,reflux pump B,pump,P2,TECO,VALVE,reflux_pump_degradation,bearing hot,BRG,WEAR,N,2.9,6027.59,chk P-501B - bearing hot frm ops,"A shift called for P-501B reflux pump B, low reflux seen during reflux pump degradation. Foud bearing hot; brg rough, lube dark. changed gasket and boxed up. temp repair only, plan shutdown job. notif made by ops, maint attended same shift."
10450295,40870295,2022-08-04,2022-08-04,2022-08-11,U400-DEETHANIZER-500,PV-501,column pressure control valve,control_valve,P3,CLSD,OPS+MECH,valve_stiction,hunting loop,CTRL_OSC,TUNE,N,1.0,3348.59,"PV-501 hunting loop again, prod upset","C shift called for PV-501 column pressure control valve, position bad seen during valve stiction. Foud hunting loop; bad response after upset. tightened fittings, leak test ok. readng close to dcs after job. notif made by ops, maint attended same shift."
10450296,40870296,2022-08-05,2022-08-05,2022-08-08,U400-DEETHANIZER-500,FT-501,feed flow transmitter,instrument,P3,TECO,E&I,feed_flow_step,loose wire,SIGNAL,ELEC,N,11.8,3642.1,FT-501 loose wire chk & revert,"C shift called for FT-501 feed flow transmitter, fic hunting seen during feed flow step. Foud loose wire; term loose. Tag plate dirty, confirmd by line up with panel. changed gasket and boxed up. no leak at handover. notif made by ops, maint attended same shift."
10450297,40870297,2022-08-09,2022-08-09,2022-08-10,U400-DEETHANIZER-500,TT-501B,sensitive tray temperature tx,instrument,P2,COMP,E&I,reboiler_duty_loss,bad reading,DRIFT,CAL,N,5.2,4160.74,TT-501B not ok after reboiler duty loss,"A shift called for TT-501B sensitive tray temp tx, low heat seen during reboiler duty loss. Foud bad reading; needs calib. calibrated, loop checked with CCR. temp repair only, plan shutdown job. notif made by ops, maint attended same shift."
10450298,40870298,2022-08-12,2022-08-14,2022-08-14,U400-DEETHANIZER-500,FT-502,reflux flow transmitter,instrument,P3,CLSD,INST,reflux_pump_degradation,range err,SPAN,CAL,N,1.4,2129.99,FT-502 not ok after reflux pump degradation,"night called for FT-502 rflx flow transmitter, pump vib seen during rflx pump degradation. Foud range err; span shifted. swapped to standby and repaired. need watch next feed swing. notif made by ops, maint attended same shift."
10450299,40870299,2022-08-10,2022-08-10,2022-08-11,U400-DEETHANIZER-500,PV-501,column pressure control valve,control_valve,P3,COMP,E&I,pressure_control_fault,hunting loop,CTRL_OSC,TUNE,N,14.9,4605.44,"PV-501 pic unstable, hunting loop","night called for PV-501 column pressure ctrl valve, pic unstable seen during pressure ctrl fault. Foud hunting loop; bad response after upset. flushed impulse/sample line. temp repair only, plan shutdown job. notif made by ops, maint attended same shift."
10450300,40870300,2022-08-15,2022-08-15,2022-08-17,U400-DEETHANIZER-500,P-501B,reflux pump B,pump,P3,TECO,E&I,reflux_pump_degradation,bearing hot,BRG,WEAR,N,15.9,1940.71,chk P-501B - bearing hot frm ops,"days called for P-501B reflux pump B, seal weep seen during reflux pump degradation. Foud bearing hot; brg rough, lube dark. tightened fittings, leak test ok. no leak at handover. notif made by ops, maint attended same shift."
10450301,40870301,2022-08-17,2022-08-17,2022-08-18,U400-DEETHANIZER-500,XV-501,feed shutdown valve,shutdown_valve,P3,COMP,OPS+INST,feed_composition_shift,partial stroke fail,PST_FAIL,ACT,N,14.0,4897.45,XV-501 partial stroke fail after upset,"B shift called for XV-501 feed shutdown valve, quality bad seen during feed composition shift. Foud partial stroke fail; slow close/open. History shows same complain last mnth. cleaned and put back online. readng close to dcs after job. notif made by ops, maint attended same shift."
10450302,40870302,2022-08-16,2022-08-18,2022-08-23,U400-DEETHANIZER-500,T-501,deethanizer column,column,P3,TECO,OPS+MECH,feed_flow_step,level unstable,LVL_SWING,CTRL,N,11.0,5582.31,T-501 not ok after feed flow step,"night called for T-501 deethanizer column, feed jump seen during feed flow step. Foud level unstable; sump level swing. Could not get permit first time waiting area gas test. flushed impulse/sample line. temp repair only, plan shutdown job. notif made by ops, maint attended same shift."
10450303,40870303,2022-08-20,2022-08-20,2022-08-22,U400-DEETHANIZER-500,PT-501,column overhead pressure tx,instrument,P4,TECO,OPS+INST,feed_temperature_ramp,bad reading,DRIFT,CAL,N,14.3,811.91,"PT-501 tray temp drift, bad reading","night called for PT-501 column overhead pressure tx, ovhd press moving seen during feed temperature ramp. Foud bad reading; needs calib. reset trip and monitored for 2 hrs. temp repair only, plan shutdown job. notif made by ops, maint attended same shift."
10450304,40870304,2022-08-22,2022-08-24,2022-08-25,U400-DEETHANIZER-500,TV-502,condenser cooling valve,control_valve,P3,COMP,OPS+INST,valve_stiction,hunting loop,CTRL_OSC,TUNE,N,4.4,3935.01,chk TV-502 - hunting loop frm ops,"A shift called for TV-502 condnsr cooling valve, valve sticking seen during valve stiction. Foud hunting loop; bad response after upset. Tag plate dirty, confirmd by line up with panel. flushed impulse/sample line. need watch next feed swing. notif made by ops, maint attended same shift."
10450305,40870305,2022-08-21,2022-08-23,2022-08-24,U400-DEETHANIZER-500,TV-501,reboiler hot medium valve,control_valve,P2,TECO,INST,feed_composition_shift,stiction,STICK,PACKING,N,10.6,5448.41,TV-501 stiction chk & revert,"A shift called for TV-501 reboiler hot medium valve, quality bad seen during feed composition shift. Foud stiction; stem sticky and pos err. opened strainer, cleaned black sludge. need watch next feed swing. notif made by ops, maint attended same shift."
10450306,40870306,2022-08-23,2022-08-24,2022-08-26,U400-DEETHANIZER-500,E-501,deethanizer reboiler,reboiler,P3,TECO,OPS+INST,reboiler_duty_loss,circ poor,NO_FLOW,PLUG,N,5.6,6924.5,"E-501 circ poor again, prod upset","days called for E-501 deethanizer reboiler, rb circ cold seen during reboiler duty loss. Foud circ poor; blocked inlet screen. Line was hot so job done slow and with ops standing by. calibrated, loop checked with CCR. unit stable now. notif made by ops, maint attended same shift."
10450307,40870307,2022-08-23,2022-08-24,2022-08-25,U400-DEETHANIZER-500,P-501B,reflux pump B,pump,P3,COMP,OPS+MECH,reflux_pump_degradation,motor trip,MOTOR,ELEC,N,15.0,15970.95,P-501B motor trip noisy,"A shift called for P-501B reflux pump B, disch press low seen during reflux pump degradation. Foud motor trip; overload trip after upset. changed gasket and boxed up. need watch next feed swing. notif made by ops, maint attended same shift."
10450308,40870308,2022-08-27,2022-08-27,2022-08-30,U400-DEETHANIZER-500,E-501,deethanizer reboiler,reboiler,P2,COMP,INST,valve_stiction,circ poor,NO_FLOW,PLUG,N,8.5,16277.85,E-501 circ poor temp fix,"B shift called for E-501 deethanizer reboiler, valve sticking seen during valve stiction. Foud circ poor; blocked inlet screen. reset trip and monitored for 2 hrs. no leak at handover. notif made by ops, maint attended same shift."
10450309,40870309,2022-08-28,2022-08-29,2022-08-30,U400-DEETHANIZER-500,PV-501,column pressure control valve,control_valve,P2,COMP,OPS+MECH,condenser_fouling,not stroking,NO_TRAVEL,ACT,N,17.2,5759.42,"PV-501 not stroking again, prod upset","days called for PV-501 column pressure control valve, high ovhd press seen during condenser fouling. Foud not stroking; actuator weak. changed gasket and boxed up. temp repair only, plan shutdown job. notif made by ops, maint attended same shift."
10450310,40870310,2022-08-27,2022-08-27,2022-08-28,U400-DEETHANIZER-500,FV-501,feed flow control valve,control_valve,P4,CLSD,INST,valve_stiction,air leak,AIR_LEAK,TUBING,N,8.3,1899.23,"FV-501 air leak, air leak","night called for FV-501 feed flow ctrl valve, position bad seen during valve stiction. Foud air leak; positioner supply drop. Could not get permit first time waiting area gas test. swapped to standby and repaired. temp repair only, plan shutdown job. notif made by ops, maint attended same shift."
10450311,40870311,2022-08-29,2022-08-31,2022-08-31,U400-DEETHANIZER-500,TV-502,condenser cooling valve,control_valve,P3,TECO,ROT,condenser_fouling,stiction,STICK,PACKING,N,3.3,4216.36,TV-502 stiction asap,"days called for TV-502 condenser cooling valve, high ovhd press seen during condenser fouling. Foud stiction; stem sticky and pos err. swapped to standby and repaired. unit stable now. notif made by ops, maint attended same shift."
10450312,40870312,2022-08-30,2022-08-31,2022-09-01,U400-DEETHANIZER-500,E-503,feed bottoms exchanger,exchanger,P2,COMP,OPS+MECH,reboiler_duty_loss,tube fouling,FOULING,PROCESS,N,12.9,1573.79,"E-503 tube fouling again, prod upset","C shift called for E-503 feed bottoms exchanger, rb circ cold seen during reboiler duty loss. Foud tube fouling; duty low, delta t poor. replaced positioner tubing and retuned small. temp repair only, plan shutdown job. notif made by ops, maint attended same shift."
10450313,40870313,2022-08-30,2022-08-31,2022-09-05,U400-DEETHANIZER-500,PSV-501A,column relief valve A,relief,P4,TECO,ANLYZR,pressure_control_fault,seat passing,LEAK_BY,SEAT,N,5.5,6010.3,"PSV-501A flare valve checked, seat passing","A shift called for PSV-501A column relief valve A, pv not movng seen during pressure control fault. Foud seat passing; tail pipe warm. stroke tested, response better. unit stable now. notif made by ops, maint attended same shift."
10450314,40870314,2022-09-01,2022-09-01,2022-09-03,U400-DEETHANIZER-500,TT-503,reboiler outlet temperature tx,instrument,P3,COMP,ANLYZR,reboiler_duty_loss,loose wire,SIGNAL,ELEC,N,5.8,4940.0,"TT-503 rb circ cold, loose wire","night called for TT-503 rebiler outlet temp tx, rb circ cold seen during rebiler duty loss. Foud loose wire; term loose. Line was hot so job done slow and with ops standing by. swapped to standby and repaired. unit stable now. notif made by ops, maint attended same shift."
10450315,40870315,2022-09-03,2022-09-04,2022-09-06,U400-DEETHANIZER-500,E-502,deethanizer overhead condenser,condenser,P4,COMP,MECH,reboiler_duty_loss,tube leak sus,LEAK,TUBE,N,9.3,5287.2,E-502 tube leak sus chk & revert,"night called for E-502 deethanizer overhead condenser, tray temp low seen during reboiler duty loss. Foud tube leak sus; hydrotest reqd. tightened fittings, leak test ok. need watch next feed swing. notif made by ops, maint attended same shift."
10450316,40870316,2022-09-06,2022-09-07,2022-09-08,U400-DEETHANIZER-500,PV-501,column pressure control valve,control_valve,P3,COMP,MECH,reboiler_duty_loss,air leak,AIR_LEAK,TUBING,N,8.3,876.05,chk PV-501 - air leak frm ops,"days called for PV-501 colmn pressure control valve, steam/hm valve no resp seen during reboiler duty loss. Foud air leak; positioner supply drop. reset trip and monitored for 2 hrs. unit stable now. notif made by ops, maint attended same shift."
10450317,40870317,2022-09-05,2022-09-05,2022-09-05,U400-DEETHANIZER-500,FV-502,reflux flow control valve,control_valve,P3,CLSD,VALVE,reboiler_duty_loss,passing,LEAK_BY,SEAT,N,8.8,4404.68,"FV-502 rb circ cold, passing","night called for FV-502 reflux flow ctrl valve, steam/hm valve no resp seen during reboiler duty loss. Foud passing; seat leak by. cleaned and put back online. readng close to dcs after job. notif made by ops, maint attended same shift."
10450318,40870318,2022-09-09,2022-09-09,2022-09-12,U400-DEETHANIZER-500,FV-501,feed flow control valve,control_valve,P3,CLSD,INST,reboiler_duty_loss,stiction,STICK,PACKING,N,9.4,4784.39,"FV-501 rb circ cold, stiction","A shift called for FV-501 feed flow control valve, low heat seen during rebiler duty loss. Foud stiction; stem sticky and pos err. No spare in store at first, used refurb one from shop. cleaned and put back online. ops says ok for now. notif made by ops, maint attended same shift."
10450319,40870319,2022-09-11,2022-09-12,2022-09-13,U400-DEETHANIZER-500,TV-502,condenser cooling valve,control_valve,P4,TECO,INST,reboiler_duty_loss,stiction,STICK,PACKING,N,1.8,4865.45,"TV-502 low heat, stiction","night called for TV-502 condnsr cooling valve, tray temp low seen during reboiler duty loss. Foud stiction; stem sticky and pos err. Tag plate dirty, confirmd by line up with panel. opened strainer, cleaned black sludge. temp repair only, plan shutdown job. notif made by ops, maint attended same shift."
10450320,40870320,2022-09-12,2022-09-13,2022-09-15,U400-DEETHANIZER-500,P-502A,bottoms pump A,pump,P2,TECO,ANLYZR,pressure_control_fault,seal leak,MECH_SEAL,SEAL,N,11.5,14089.42,"P-502A pic unstable, seal leak","days called for P-502A bottoms pump A, pshh close call seen during press control fault. Foud seal leak; seal face worn / dry run signs. opened strainer, cleaned black sludge. need watch next feed swing. notif made by ops, maint attended same shift."
10450321,40870321,2022-09-16,2022-09-16,2022-09-16,U400-DEETHANIZER-500,PV-501,column pressure control valve,control_valve,P1,TECO,MECH,condenser_fouling,passing,LEAK_BY,SEAT,Y,23.3,2161.54,chk PV-501 - passing frm ops,"days called for PV-501 column press ctrl vavle, pic wide open seen during condenser fouling. Foud passing; seat leak by. replaced positioner tubing and retuned small. ops says ok for now. notif made by ops, maint attended same shift."
10450322,40870322,2022-09-13,2022-09-14,2022-09-15,U400-DEETHANIZER-500,TT-503,reboiler outlet temperature tx,instrument,P4,COMP,INST,reboiler_duty_loss,loose wire,SIGNAL,ELEC,N,10.5,1938.94,TT-503 not ok after reboiler duty loss,"A shift called for TT-503 rebiler outlet temperature tx, tray temp low seen during rebiler duty loss. Foud loose wire; term loose. History shows same complain last mnth. tightened fittings, leak test ok. temp repair only, plan shutdown job. notif made by ops, maint attended same shift."
10450323,40870323,2022-09-19,2022-09-21,2022-09-21,U400-DEETHANIZER-500,E-501,deethanizer reboiler,reboiler,P3,CLSD,ROT,feed_temperature_ramp,low duty,DUTY_LOSS,UTILITY,N,16.8,11626.07,"E-501 rb duty up, low duty","C shift called for E-501 deethanizer reboiler, spec off seen during feed temperature ramp. Foud low duty; hm vavle/strainer issue. Could not get permit first time waiting area gas test. reset trip and monitored for 2 hrs. need watch next feed swing. notif made by ops, maint attended same shift."
10450324,40870324,2022-09-20,2022-09-22,2022-09-22,U400-DEETHANIZER-500,P-501A,reflux pump A,pump,P3,TECO,INST,reflux_pump_degradation,motor trip,MOTOR,ELEC,N,12.7,8812.75,P-501A motor trip again,"A shift called for P-501A reflux pump A, low reflux seen during reflux pump degradation. Foud motor trip; overload trip after upset. Tag plate dirty, confirmd by line up with panel. flushed impulse/sample line. no leak at handover. notif made by ops, maint attended same shift."
10450325,40870325,2022-09-20,2022-09-20,2022-09-21,U400-DEETHANIZER-500,TV-502,condenser cooling valve,control_valve,P3,CLSD,ROT,feed_temperature_ramp,hunting loop,CTRL_OSC,TUNE,N,1.7,334.61,chk TV-502 - hunting loop frm ops,"night called for TV-502 condenser cooling valve, rb duty up seen during feed temp ramp. Foud hunting loop; bad response after upset. History shows same complain last mnth. opened strainer, cleaned black sludge. need watch next feed swing. notif made by ops, maint attended same shift."
10450326,40870326,2022-09-22,2022-09-24,2022-09-24,U400-DEETHANIZER-500,TV-502,condenser cooling valve,control_valve,P3,TECO,ANLYZR,reflux_pump_degradation,air leak,AIR_LEAK,TUBING,N,11.1,5337.4,"TV-502 disch press low, air leak","C shift called for TV-502 condenser cooling valve, min flow hot seen during reflux pump degradation. Foud air leak; positioner supply drop. History shows same complain last mnth. opened strainer, cleaned black sludge. still little hunting but acceptable. notif made by ops, maint attended same shift."
10450327,40870327,2022-09-23,2022-09-24,2022-09-24,U400-DEETHANIZER-500,T-501,deethanizer column,column,P3,TECO,VALVE,feed_flow_step,tray temp bad,TEMP_DEV,PROCESS,N,4.2,5424.24,"T-501 feed jump, tray temp bad","A shift called for T-501 deethanizer column, feed jump seen during feed flow step. Foud tray temp bad; profile not normal. flushed impulse/sample line. readng close to dcs after job. notif made by ops, maint attended same shift."
10450328,40870328,2022-09-23,2022-09-25,2022-09-30,U400-DEETHANIZER-500,PV-501,column pressure control valve,control_valve,P3,COMP,E&I,valve_stiction,not stroking,NO_TRAVEL,ACT,N,1.2,3434.96,PV-501 not stroking temp fix,"night called for PV-501 column pressure control valve, air leak seen during valve stiction. Foud not stroking; actuator weak. swapped to standby and repaired. temp repair only, plan shutdown job. notif made by ops, maint attended same shift."
10450329,40870329,2022-09-27,2022-09-27,2022-10-02,U400-DEETHANIZER-500,FV-501,feed flow control valve,control_valve,P3,TECO,MECH,feed_flow_step,stiction,STICK,PACKING,N,1.9,4139.66,"FV-501 stiction again, prod upset","night called for FV-501 feed flow control vavle, lvl swing seen during feed flow step. Foud stiction; stem sticky and pos err. stroke tested, response better. still little hunting but acceptable. notif made by ops, maint attended same shift."
10450330,40870330,2022-09-24,2022-09-26,2022-09-29,U400-DEETHANIZER-500,TT-501B,sensitive tray temperature tx,instrument,P3,TECO,ANLYZR,pressure_control_fault,no signal,NO_SIGNAL,ELEC,N,2.0,3698.55,"TT-501B no signal again, prod upset","days called for TT-501B sensitive tray temperature tx, pv not movng seen during press control fault. Foud no signal; 24v or card issue. Line was hot so job done slow and with ops standing by. flushed impulse/sample line. still little hunting but acceptable. notif made by ops, maint attended same shift."
10450331,40870331,2022-09-25,2022-09-26,2022-09-26,U400-DEETHANIZER-500,P-502B,bottoms pump B,pump,P4,COMP,ROT,feed_composition_shift,seal leak,MECH_SEAL,SEAL,N,17.0,1172.85,"P-502B seal leak again, prod upset","night called for P-502B bottoms pump B, ovhd c3 slip seen during feed composition shift. Foud seal leak; seal face worn / dry run signs. tightened fittings, leak test ok. still little hunting but acceptable. notif made by ops, maint attended same shift."
10450332,40870332,2022-09-29,2022-10-01,2022-10-02,U400-DEETHANIZER-500,V-501,deethanizer reflux drum,vessel,P3,COMP,OPS+INST,valve_stiction,level swing,LVL_SWING,CTRL,N,9.3,5680.17,"V-501 level swing again, prod upset","A shift called for V-501 deethanizer rflx drum, air leak seen during valve stiction. Foud level swing; lt/lic problem. calibrated, loop checked with CCR. no leak at handover. notif made by ops, maint attended same shift."
10450333,40870333,2022-09-29,2022-10-01,2022-10-03,U400-DEETHANIZER-500,T-501,deethanizer column,column,P2,CLSD,E&I,feed_composition_shift,weeping flange,LEAK,GASKET,N,12.0,772.44,chk T-501 - weeping flange frm ops,"days called for T-501 deethanizer column, ovhd c3 slip seen during feed composition shift. Foud weeping flange; manway/flange seep. History shows same complain last mnth. tightened fittings, leak test ok. need watch next feed swing. notif made by ops, maint attended same shift."
10450334,40870334,2022-10-04,2022-10-04,2022-10-04,U400-DEETHANIZER-500,E-502,deethanizer overhead condenser,condenser,P3,COMP,E&I,condenser_fouling,high press,PERF,FOUL,N,7.3,8513.87,chk E-502 - high press frm ops,"night called for E-502 deethanizer overhead condenser, cw dt low seen during condenser fouling. Foud high press; condensing duty poor. Line was hot so job done slow and with ops standing by. cleaned and put back online. ops says ok for now. notif made by ops, maint attended same shift."
10450335,40870335,2022-10-04,2022-10-04,2022-10-04,U400-DEETHANIZER-500,FV-502,reflux flow control valve,control_valve,P4,COMP,ROT,reflux_pump_degradation,hunting loop,CTRL_OSC,TUNE,N,1.1,5855.5,chk FV-502 - hunting loop frm ops,"night called for FV-502 reflux flow control valve, min flow hot seen during reflux pump degradation. Foud hunting loop; bad response after upset. Could not get permit first time waiting area gas test. flushed impulse/sample line. temp repair only, plan shutdown job. notif made by ops, maint attended same shift."
10450336,40870336,2022-10-03,2022-10-03,2022-10-04,U400-DEETHANIZER-500,E-503,feed bottoms exchanger,exchanger,P2,COMP,INST,pressure_control_fault,plugged pass,PLUG,FOUL,Y,13.1,4747.59,"E-503 plugged pass again, prod upset","A shift called for E-503 feed bottoms exchanger, pshh close call seen during pressure control fault. Foud plugged pass; flow restricted. stroke tested, response better. unit stable now. notif made by ops, maint attended same shift."
10450337,40870337,2022-10-08,2022-10-08,2022-10-09,U400-DEETHANIZER-500,TT-501B,sensitive tray temperature tx,instrument,P4,CLSD,E&I,reboiler_duty_loss,range err,SPAN,CAL,N,12.1,4843.74,chk TT-501B - range err frm ops,"B shift called for TT-501B sensitive tray temperature tx, low heat seen during rebiler duty loss. Foud range err; span shifted. Could not get permit first time waiting area gas test. reset trip and monitored for 2 hrs. ops says ok for now. notif made by ops, maint attended same shift."
10450338,40870338,2022-10-08,2022-10-08,2022-10-08,U400-DEETHANIZER-500,E-503,feed bottoms exchanger,exchanger,P4,TECO,ROT,feed_flow_step,gasket weep,LEAK,GASKET,N,7.6,10811.21,E-503 not ok after feed flow step,"A shift called for E-503 feed bottoms exchanger, feed jump seen during feed flow step. Foud gasket weep; flange sweating. No spare in store at first, used refurb one from shop. flushed impulse/sample line. readng close to dcs after job. notif made by ops, maint attended same shift."
10450339,40870339,2022-10-08,2022-10-10,2022-10-15,U400-DEETHANIZER-500,TV-501,reboiler hot medium valve,control_valve,P3,COMP,OPS+MECH,feed_temperature_ramp,passing,LEAK_BY,SEAT,N,2.7,1012.46,"TV-501 rb duty up, passing","days called for TV-501 reboiler hot medium valve, ovhd press moving seen during feed temperature ramp. Foud passing; seat leak by. Tag plate dirty, confirmd by line up with panel. cleaned and put back online. temp repair only, plan shutdown job. notif made by ops, maint attended same shift."
10450340,40870340,2022-10-09,2022-10-09,2022-10-12,U400-DEETHANIZER-500,TV-502,condenser cooling valve,control_valve,P2,CLSD,OPS+INST,valve_stiction,stiction,STICK,PACKING,Y,14.7,4329.11,TV-502 stiction pls chk,"night called for TV-502 condenser cooling valve, loop cycling seen during valve stiction. Foud stiction; stem sticky and pos err. changed gasket and boxed up. temp repair only, plan shutdown job. notif made by ops, maint attended same shift."
10450341,40870341,2022-10-10,2022-10-10,2022-10-11,U400-DEETHANIZER-500,P-501B,reflux pump B,pump,P3,COMP,VALVE,condenser_fouling,vib high,VIB,ALIGN,N,13.3,3907.21,chk P-501B - vib high frm ops,"C shift called for P-501B reflux pump B, cond not pullng seen during condenser fouling. Foud vib high; coupling align or cavitation. Line was hot so job done slow and with ops standing by. changed gasket and boxed up. temp repair only, plan shutdown job. notif made by ops, maint attended same shift."
10450342,40870342,2022-10-12,2022-10-12,2022-10-12,U400-DEETHANIZER-500,P-502A,bottoms pump A,pump,P2,COMP,VALVE,condenser_fouling,motor trip,MOTOR,ELEC,N,15.9,15733.79,P-502A not ok after condnsr fouling,"night called for P-502A bottoms pump A, high ovhd press seen during condenser fouling. Foud motor trip; overload trip after upset. flushed impulse/sample line. temp repair only, plan shutdown job. notif made by ops, maint attended same shift."
10450343,40870343,2022-10-13,2022-10-14,2022-10-15,U400-DEETHANIZER-500,TT-501B,sensitive tray temperature tx,instrument,P3,CLSD,ANLYZR,feed_temperature_ramp,range err,SPAN,CAL,N,11.4,5821.48,"TT-501B rb duty up, range err","days called for TT-501B sensitive tray temperature tx, rb duty up seen during feed temperature ramp. Foud range err; span shifted. stroke tested, response better. readng close to dcs after job. notif made by ops, maint attended same shift."
10450344,40870344,2022-10-18,2022-10-19,2022-10-21,U400-DEETHANIZER-500,PSV-502,reflux drum relief valve,relief,P2,CLSD,VALVE,feed_composition_shift,car seal broken,CSO,HUMAN,N,5.4,5162.88,"PSV-502 anlyzr off, car seal broken","days called for PSV-502 reflux drum relief valve, c3 in feed hi seen during feed composition shift. Foud car seal broken; seal missing found. reset trip and monitored for 2 hrs. need watch next feed swing. notif made by ops, maint attended same shift."
10450345,40870345,2022-10-19,2022-10-19,2022-10-24,U400-DEETHANIZER-500,XV-501,feed shutdown valve,shutdown_valve,P1,TECO,VALVE,feed_temperature_ramp,solenoid fault,SOL,ELEC,N,9.3,4091.38,"XV-501 solenoid fault again, prod upset","days called for XV-501 feed shutdown valve, rb duty up seen during feed temperature ramp. Foud solenoid fault; coil hot/no shift. Line was hot so job done slow and with ops standing by. cleaned and put back online. readng close to dcs after job. notif made by ops, maint attended same shift."
10450346,40870346,2022-10-19,2022-10-19,2022-10-20,U400-DEETHANIZER-500,AIT-502,bottoms C3+ analyzer,analyzer,P2,CLSD,ANLYZR,feed_composition_shift,anlyzr drift,DRIFT,CAL_GAS,N,8.0,5339.7,AIT-502 anlyzr drift bad,"B shift called for AIT-502 bottoms C3+ analyzer, ovhd c3 slip seen during feed composition shift. Foud anlyzr drift; cal gas failed. Could not get permit first time waiting area gas test. flushed impulse/sample line. temp repair only, plan shutdown job. notif made by ops, maint attended same shift."
10450347,40870347,2022-10-21,2022-10-21,2022-10-23,U400-DEETHANIZER-500,E-502,deethanizer overhead condenser,condenser,P4,CLSD,INST,condenser_fouling,tube leak sus,LEAK,TUBE,N,8.2,15133.2,E-502 tube leak sus ops req,"night called for E-502 deethanizer overhead condenser, pic wide open seen during condenser fouling. Foud tube leak sus; hydrotest reqd. changed gasket and boxed up. no leak at handover. notif made by ops, maint attended same shift."
10450348,40870348,2022-10-23,2022-10-25,2022-10-28,U400-DEETHANIZER-500,TT-501B,sensitive tray temperature tx,instrument,P2,COMP,ANLYZR,reboiler_duty_loss,no signal,NO_SIGNAL,ELEC,N,8.3,5243.09,"TT-501B no signal again, prod upset","days called for TT-501B sensitive tray temperature tx, steam/hm valve no resp seen during reboiler duty loss. Foud no signal; 24v or card issue. Tag plate dirty, confirmd by line up with panel. stroke tested, response better. readng close to dcs after job. notif made by ops, maint attended same shift."
10450349,40870349,2022-10-22,2022-10-24,2022-10-26,U400-DEETHANIZER-500,FT-501,feed flow transmitter,instrument,P3,COMP,E&I,feed_flow_step,range err,SPAN,CAL,N,9.5,259.8,FT-501 not ok after feed flow step,"C shift called for FT-501 feed flow tx, fic hunting seen during feed flow step. Foud range err; span shifted. flushed impulse/sample line. still little hunting but acceptable. notif made by ops, maint attended same shift."
10450350,40870350,2022-10-26,2022-10-27,2022-10-27,U400-DEETHANIZER-500,TV-502,condenser cooling valve,control_valve,P2,COMP,INST,valve_stiction,air leak,AIR_LEAK,TUBING,Y,16.2,6601.55,"TV-502 air leak, air leak","days called for TV-502 condnsr cooling valve, valve sticking seen during valve stiction. Foud air leak; positioner supply drop. Tag plate dirty, confirmd by line up with panel. flushed impulse/sample line. still little hunting but acceptable. notif made by ops, maint attended same shift."
10450351,40870351,2022-10-29,2022-10-29,2022-10-31,U400-DEETHANIZER-500,E-501,deethanizer reboiler,reboiler,P2,COMP,VALVE,feed_temperature_ramp,fouled bundle,FOULING,PROCESS,N,5.4,10946.36,E-501 fouled bundle bad,"B shift called for E-501 deethanizer rebiler, feed temp high seen during feed temperature ramp. Foud fouled bundle; bottoms side dirty. History shows same complain last mnth. reset trip and monitored for 2 hrs. readng close to dcs after job. notif made by ops, maint attended same shift."
10450352,40870352,2022-10-31,2022-10-31,2022-11-01,U400-DEETHANIZER-500,TV-501,reboiler hot medium valve,control_valve,P4,TECO,INST,feed_temperature_ramp,air leak,AIR_LEAK,TUBING,N,13.9,4115.3,"TV-501 air leak again, prod upset","days called for TV-501 reboiler hot medium valve, ovhd press moving seen during feed temperature ramp. Foud air leak; positioner supply drop. opened strainer, cleaned black sludge. need watch next feed swing. notif made by ops, maint attended same shift."
10450353,40870353,2022-10-30,2022-10-31,2022-11-01,U400-DEETHANIZER-500,TV-501,reboiler hot medium valve,control_valve,P3,CLSD,MECH,feed_composition_shift,passing,LEAK_BY,SEAT,N,12.4,5472.2,chk TV-501 - passing frm ops,"B shift called for TV-501 rebiler hot medium valve, anlyzr off seen during feed composition shift. Foud passing; seat leak by. Could not get permit first time waiting area gas test. swapped to standby and repaired. temp repair only, plan shutdown job. notif made by ops, maint attended same shift."
10450354,40870354,2022-10-29,2022-10-30,2022-11-04,U400-DEETHANIZER-500,E-503,feed bottoms exchanger,exchanger,P3,COMP,ROT,feed_temperature_ramp,gasket weep,LEAK,GASKET,N,9.2,13258.62,"E-503 ovhd press moving, gasket weep","B shift called for E-503 feed bottoms exchanger, spec off seen during feed temperature ramp. Foud gasket weep; flange sweating. cleaned and put back online. no leak at handover. notif made by ops, maint attended same shift."
10450355,40870355,2022-11-02,2022-11-04,2022-11-05,U400-DEETHANIZER-500,E-501,deethanizer reboiler,reboiler,P2,TECO,ROT,feed_composition_shift,fouled bundle,FOULING,PROCESS,Y,7.4,16955.45,"E-501 fouled bundle again, prod upset","B shift called for E-501 deethanizer reboiler, ovhd c3 slip seen during feed composition shift. Foud fouled bundle; bottoms side dirty. flushed impulse/sample line. ops says ok for now. notif made by ops, maint attended same shift."
10450356,40870356,2022-11-05,2022-11-06,2022-11-07,U400-DEETHANIZER-500,P-501B,reflux pump B,pump,P2,TECO,ANLYZR,reflux_pump_degradation,bearing hot,BRG,WEAR,N,12.4,11227.05,P-501B not ok after rflx pump degradation,"night called for P-501B reflux pump B, pump vib seen during reflux pump degradation. Foud bearing hot; brg rough, lube dark. History shows same complain last mnth. flushed impulse/sample line. need watch next feed swing. notif made by ops, maint attended same shift."
10450357,40870357,2022-11-05,2022-11-06,2022-11-07,U400-DEETHANIZER-500,FV-502,reflux flow control valve,control_valve,P3,COMP,INST,reflux_pump_degradation,stiction,STICK,PACKING,N,4.9,5514.28,"FV-502 min flow hot, stiction","days called for FV-502 reflux flow ctrl valve, min flow hot seen during reflux pump degradation. Foud stiction; stem sticky and pos err. History shows same complain last mnth. cleaned and put back online. need watch next feed swing. notif made by ops, maint attended same shift."
10450358,40870358,2022-11-06,2022-11-07,2022-11-07,U400-DEETHANIZER-500,TT-503,reboiler outlet temperature tx,instrument,P3,COMP,ANLYZR,reboiler_duty_loss,impulse plugged,PLUG,PROCESS,N,17.0,3079.76,"TT-503 impulse plugged again, prod upset","days called for TT-503 reboiler outlet temperature tx, steam/hm vavle no resp seen during reboiler duty loss. Foud impulse plugged; tap/line dirty. Line was hot so job done slow and with ops standing by. swapped to standby and repaired. need watch next feed swing. notif made by ops, maint attended same shift."
10450359,40870359,2022-11-07,2022-11-07,2022-11-09,U400-DEETHANIZER-500,TV-502,condenser cooling valve,control_valve,P3,TECO,MECH,valve_stiction,hunting loop,CTRL_OSC,TUNE,N,9.3,5788.74,"TV-502 hunting loop again, prod upset","days called for TV-502 condenser cooling valve, position bad seen during valve stiction. Foud hunting loop; bad response after upset. reset trip and monitored for 2 hrs. ops says ok for now. notif made by ops, maint attended same shift."
10450360,40870360,2022-11-12,2022-11-12,2022-11-13,U400-DEETHANIZER-500,E-501,deethanizer reboiler,reboiler,P3,TECO,MECH,feed_temperature_ramp,circ poor,NO_FLOW,PLUG,N,13.6,16743.5,chk E-501 - circ poor frm ops,"night called for E-501 deethanizer reboiler, spec off seen during feed temperature ramp. Foud circ poor; blocked inlet screen. reset trip and monitored for 2 hrs. unit stable now. notif made by ops, maint attended same shift."
10450361,40870361,2022-11-11,2022-11-13,2022-11-18,U400-DEETHANIZER-500,E-502,deethanizer overhead condenser,condenser,P3,COMP,VALVE,condenser_fouling,tv no travel,VALVE,STICK,N,15.5,14848.96,E-502 not ok after condenser fouling,"C shift called for E-502 deethanizer overhead condenser, high ovhd press seen during condenser fouling. Foud tv no travel; cooling valve stuck. History shows same complain last mnth. tightened fittings, leak test ok. unit stable now. notif made by ops, maint attended same shift."
10450362,40870362,2022-11-11,2022-11-13,2022-11-13,U400-DEETHANIZER-500,E-502,deethanizer overhead condenser,condenser,P2,COMP,OPS+MECH,pressure_control_fault,tv no travel,VALVE,STICK,N,12.9,7203.61,E-502 not ok after pressure control fault,"A shift called for E-502 deethanizer overhead condenser, pshh close call seen during pressure control fault. Foud tv no travel; cooling valve stuck. Could not get permit first time waiting area gas test. replaced positioner tubing and retuned small. unit stable now. notif made by ops, maint attended same shift."
10450363,40870363,2022-11-12,2022-11-12,2022-11-13,U400-DEETHANIZER-500,LV-502,bottoms level valve,control_valve,P2,TECO,VALVE,valve_stiction,air leak,AIR_LEAK,TUBING,N,13.6,6251.84,"LV-502 op jumps, air leak","B shift called for LV-502 bottoms level vavle, op jumps seen during vavle stiction. Foud air leak; positioner supply drop. changed gasket and boxed up. unit stable now. notif made by ops, maint attended same shift."
10450364,40870364,2022-11-13,2022-11-15,2022-11-18,U400-DEETHANIZER-500,LV-502,bottoms level valve,control_valve,P3,COMP,ANLYZR,valve_stiction,stiction,STICK,PACKING,N,7.8,4543.69,chk LV-502 - stiction frm ops,"days called for LV-502 bottoms level valve, position bad seen during valve stiction. Foud stiction; stem sticky and pos err. stroke tested, response better. temp repair only, plan shutdown job. notif made by ops, maint attended same shift."
10450365,40870365,2022-11-16,2022-11-16,2022-11-17,U400-DEETHANIZER-500,PV-501,column pressure control valve,control_valve,P2,TECO,VALVE,condenser_fouling,air leak,AIR_LEAK,TUBING,N,6.8,2181.08,PV-501 air leak noisy,"B shift called for PV-501 column pressure control valve, cw dt low seen during condnsr fouling. Foud air leak; positioner supply drop. Could not get permit first time waiting area gas test. cleaned and put back online. need watch next feed swing. notif made by ops, maint attended same shift."
10450366,40870366,2022-11-16,2022-11-16,2022-11-17,U400-DEETHANIZER-500,TT-501B,sensitive tray temperature tx,instrument,P4,CLSD,OPS+INST,feed_temperature_ramp,no signal,NO_SIGNAL,ELEC,N,5.3,1636.13,TT-501B no signal bad,"night called for TT-501B sensitive tray temp tx, ovhd press moving seen during feed temp ramp. Foud no signal; 24v or card issue. reset trip and monitored for 2 hrs. temp repair only, plan shutdown job. notif made by ops, maint attended same shift."
10450367,40870367,2022-11-17,2022-11-17,2022-11-18,U400-DEETHANIZER-500,FV-502,reflux flow control valve,control_valve,P2,TECO,VALVE,valve_stiction,stiction,STICK,PACKING,Y,17.3,3068.27,FV-502 stiction temp fix,"A shift called for FV-502 reflux flow ctrl valve, op jumps seen during valve stiction. Foud stiction; stem sticky and pos err. Line was hot so job done slow and with ops standing by. cleaned and put back online. need watch next feed swing. notif made by ops, maint attended same shift."
10450368,40870368,2022-11-18,2022-11-18,2022-11-18,U400-DEETHANIZER-500,E-502,deethanizer overhead condenser,condenser,P2,CLSD,OPS+INST,feed_flow_step,high press,PERF,FOUL,N,4.3,15369.72,chk E-502 - high press frm ops,"days called for E-502 deethanizer overhead condenser, column dp high seen during feed flow step. Foud high press; condensing duty poor. History shows same complain last mnth. reset trip and monitored for 2 hrs. still little hunting but acceptable. notif made by ops, maint attended same shift."
10450369,40870369,2022-11-25,2022-11-25,2022-11-30,U400-DEETHANIZER-500,PSV-501A,column relief valve A,relief,P3,COMP,MECH,pressure_control_fault,due to lift chk,LIFT_EVENT,PROCESS,N,14.4,6164.13,"PSV-501A due to lift chk again, prod upset","days called for PSV-501A column relief vavle A, flare vavle checked seen during pressure control fault. Foud due to lift chk; after pressure excursion. Tag plate dirty, confirmd by line up with panel. reset trip and monitored for 2 hrs. unit stable now. notif made by ops, maint attended same shift."
10450370,40870370,2022-11-21,2022-11-21,2022-11-22,U400-DEETHANIZER-500,P-501A,reflux pump A,pump,P1,TECO,ANLYZR,reboiler_duty_loss,vib high,VIB,ALIGN,N,13.3,11509.36,"P-501A tray temp low, vib high","days called for P-501A reflux pump A, low heat seen during reboiler duty loss. Foud vib high; coupling align or cavitation. flushed impulse/sample line. ops says ok for now. notif made by ops, maint attended same shift."
10450371,40870371,2022-11-24,2022-11-24,2022-11-24,U400-DEETHANIZER-500,AIT-501,overhead C2 analyzer,analyzer,P3,TECO,OPS+INST,condenser_fouling,bad gc cycle,NO_ANALYSIS,ELEC,N,4.6,1378.49,chk AIT-501 - bad gc cycle frm ops,"A shift called for AIT-501 overhead C2 analyzer, pic wide open seen during condenser fouling. Foud bad gc cycle; cycle abort. cleaned and put back online. ops says ok for now. notif made by ops, maint attended same shift."
10450372,40870372,2022-11-29,2022-11-29,2022-11-30,U400-DEETHANIZER-500,E-503,feed bottoms exchanger,exchanger,P2,COMP,OPS+MECH,feed_temperature_ramp,plugged pass,PLUG,FOUL,Y,23.3,15155.11,"E-503 plugged pass again, prod upset","night called for E-503 feed bottoms exchanger, feed temp high seen during feed temperature ramp. Foud plugged pass; flow restricted. Line was hot so job done slow and with ops standing by. stroke tested, response better. still little hunting but acceptable. notif made by ops, maint attended same shift."
10450373,40870373,2022-12-01,2022-12-03,2022-12-04,U400-DEETHANIZER-500,TT-501B,sensitive tray temperature tx,instrument,P3,COMP,OPS+INST,feed_temperature_ramp,no signal,NO_SIGNAL,ELEC,N,9.9,5173.87,"TT-501B spec off, no signal","B shift called for TT-501B sensitive tray temperature tx, ovhd press moving seen during feed temperature ramp. Foud no signal; 24v or card issue. History shows same complain last mnth. tightened fittings, leak test ok. unit stable now. notif made by ops, maint attended same shift."
10450374,40870374,2022-11-30,2022-12-01,2022-12-04,U400-DEETHANIZER-500,E-503,feed bottoms exchanger,exchanger,P3,COMP,ANLYZR,feed_flow_step,plugged pass,PLUG,FOUL,N,7.0,1703.74,"E-503 column dp high, plugged pass","A shift called for E-503 feed bottoms exchanger, feed jump seen during feed flow step. Foud plugged pass; flow restricted. Could not get permit first time waiting area gas test. opened strainer, cleaned black sludge. still little hunting but acceptable. notif made by ops, maint attended same shift."
10450375,40870375,2022-12-04,2022-12-04,2022-12-05,U400-DEETHANIZER-500,V-501,deethanizer reflux drum,vessel,P3,CLSD,MECH,reboiler_duty_loss,level swing,LVL_SWING,CTRL,N,15.2,3570.37,chk V-501 - level swing frm ops,"B shift called for V-501 deethanizer reflux drum, rb circ cold seen during reboiler duty loss. Foud level swing; lt/lic problem. Tag plate dirty, confirmd by line up with panel. tightened fittings, leak test ok. still little hunting but acceptable. notif made by ops, maint attended same shift."
10450376,40870376,2022-12-05,2022-12-06,2022-12-07,U400-DEETHANIZER-500,TT-503,reboiler outlet temperature tx,instrument,P2,CLSD,OPS+INST,reboiler_duty_loss,impulse plugged,PLUG,PROCESS,N,2.6,474.45,TT-503 impulse plugged pls chk,"night called for TT-503 reboiler outlet temp tx, rb circ cold seen during reboiler duty loss. Foud impulse plugged; tap/line dirty. tightened fittings, leak test ok. readng close to dcs after job. notif made by ops, maint attended same shift."
10450377,40870377,2022-12-02,2022-12-03,2022-12-04,U400-DEETHANIZER-500,TT-503,reboiler outlet temperature tx,instrument,P2,TECO,E&I,reboiler_duty_loss,loose wire,SIGNAL,ELEC,N,7.9,3301.02,"TT-503 low heat, loose wire","night called for TT-503 rebiler outlet temperature tx, steam/hm valve no resp seen during rebiler duty loss. Foud loose wire; term loose. tightened fittings, leak test ok. ops says ok for now. notif made by ops, maint attended same shift."
10450378,40870378,2022-12-05,2022-12-05,2022-12-10,U400-DEETHANIZER-500,FT-502,reflux flow transmitter,instrument,P3,TECO,ANLYZR,reflux_pump_degradation,no signal,NO_SIGNAL,ELEC,N,8.3,5651.71,chk FT-502 - no signal frm ops,"A shift called for FT-502 reflux flow transmitter, seal weep seen during reflux pump degradation. Foud no signal; 24v or card issue. cleaned and put back online. need watch next feed swing. notif made by ops, maint attended same shift."
10450379,40870379,2022-12-07,2022-12-08,2022-12-09,U400-DEETHANIZER-500,TV-501,reboiler hot medium valve,control_valve,P2,CLSD,ANLYZR,reboiler_duty_loss,hunting loop,CTRL_OSC,TUNE,N,2.2,3166.81,"TV-501 steam/hm vavle no resp, hunting loop","A shift called for TV-501 reboiler hot medium valve, steam/hm valve no resp seen during reboiler duty loss. Foud hunting loop; bad response after upset. No spare in store at first, used refurb one from shop. opened strainer, cleaned black sludge. temp repair only, plan shutdown job. notif made by ops, maint attended same shift."
10450380,40870380,2022-12-06,2022-12-06,2022-12-06,U400-DEETHANIZER-500,LV-501,reflux drum level valve,control_valve,P2,TECO,OPS+INST,reboiler_duty_loss,air leak,AIR_LEAK,TUBING,Y,22.1,1985.68,chk LV-501 - air leak frm ops,"A shift called for LV-501 reflux drum level valve, tray temp low seen during rebiler duty loss. Foud air leak; positioner supply drop. stroke tested, response better. unit stable now. notif made by ops, maint attended same shift."
10450381,40870381,2022-12-09,2022-12-09,2022-12-16,U400-DEETHANIZER-500,PSV-501B,column relief valve B,relief,P3,TECO,INST,pressure_control_fault,due to lift chk,LIFT_EVENT,PROCESS,N,15.0,1458.05,"PSV-501B pshh close call, due to lift chk","days called for PSV-501B column relief valve B, pic unstable seen during pressure control fault. Foud due to lift chk; after pressure excursion. No spare in store at first, used refurb one from shop. changed gasket and boxed up. temp repair only, plan shutdown job. notif made by ops, maint attended same shift."
10450382,40870382,2022-12-11,2022-12-11,2022-12-16,U400-DEETHANIZER-500,PSV-501B,column relief valve B,relief,P1,TECO,ROT,pressure_control_fault,due to lift chk,LIFT_EVENT,PROCESS,N,13.1,858.23,chk PSV-501B - due to lift chk frm ops,"days called for PSV-501B column relief valve B, press spike seen during pressure control fault. Foud due to lift chk; after pressure excursion. stroke tested, response better. need watch next feed swing. notif made by ops, maint attended same shift."
10450383,40870383,2022-12-11,2022-12-11,2022-12-12,U400-DEETHANIZER-500,TV-501,reboiler hot medium valve,control_valve,P3,COMP,ROT,feed_temperature_ramp,air leak,AIR_LEAK,TUBING,N,12.2,4327.51,TV-501 not ok after feed temperature ramp,"days called for TV-501 reboiler hot medium valve, spec off seen during feed temperature ramp. Foud air leak; positioner supply drop. cleaned and put back online. readng close to dcs after job. notif made by ops, maint attended same shift."
10450384,40870384,2022-12-17,2022-12-18,2022-12-21,U400-DEETHANIZER-500,P-501A,reflux pump A,pump,P4,CLSD,OPS+MECH,reflux_pump_degradation,vib high,VIB,ALIGN,N,17.4,8247.79,"P-501A vib high again, prod upset","B shift called for P-501A reflux pump A, seal weep seen during reflux pump degradation. Foud vib high; coupling align or cavitation. Could not get permit first time waiting area gas test. calibrated, loop checked with CCR. no leak at handover. notif made by ops, maint attended same shift."
10450385,40870385,2022-12-16,2022-12-18,2022-12-19,U400-DEETHANIZER-500,FT-502,reflux flow transmitter,instrument,P4,TECO,E&I,reflux_pump_degradation,no signal,NO_SIGNAL,ELEC,N,13.4,3222.54,"FT-502 no signal again, prod upset","A shift called for FT-502 reflux flow transmitter, min flow hot seen during reflux pump degradation. Foud no signal; 24v or card issue. reset trip and monitored for 2 hrs. temp repair only, plan shutdown job. notif made by ops, maint attended same shift."
10450386,40870386,2022-12-16,2022-12-16,2022-12-17,U400-DEETHANIZER-500,TV-502,condenser cooling valve,control_valve,P4,CLSD,OPS+MECH,condenser_fouling,stiction,STICK,PACKING,N,2.2,1442.18,TV-502 stiction asap,"A shift called for TV-502 condenser cooling valve, cond not pullng seen during condenser fouling. Foud stiction; stem sticky and pos err. History shows same complain last mnth. replaced positioner tubing and retuned small. unit stable now. notif made by ops, maint attended same shift."
10450387,40870387,2022-12-19,2022-12-20,2022-12-25,U400-DEETHANIZER-500,FV-501,feed flow control valve,control_valve,P3,CLSD,VALVE,valve_stiction,stiction,STICK,PACKING,N,15.0,1188.35,FV-501 not ok after valve stiction,"C shift called for FV-501 feed flow ctrl valve, position bad seen during valve stiction. Foud stiction; stem sticky and pos err. opened strainer, cleaned black sludge. temp repair only, plan shutdown job. notif made by ops, maint attended same shift."
10450388,40870388,2022-12-19,2022-12-19,2022-12-21,U400-DEETHANIZER-500,E-501,deethanizer reboiler,reboiler,P2,COMP,E&I,reboiler_duty_loss,circ poor,NO_FLOW,PLUG,N,4.0,10538.27,"E-501 steam/hm valve no resp, circ poor","days called for E-501 deethanizer reboiler, rb circ cold seen during reboiler duty loss. Foud circ poor; blocked inlet screen. changed gasket and boxed up. temp repair only, plan shutdown job. notif made by ops, maint attended same shift."
10450389,40870389,2022-12-24,2022-12-24,2022-12-25,U400-DEETHANIZER-500,PT-501,column overhead pressure tx,instrument,P3,TECO,E&I,condenser_fouling,no signal,NO_SIGNAL,ELEC,N,12.1,2177.2,PT-501 no signal again,"days called for PT-501 column overhead pressure tx, high ovhd press seen during condenser fouling. Foud no signal; 24v or card issue. stroke tested, response better. readng close to dcs after job. notif made by ops, maint attended same shift."
10450390,40870390,2022-12-21,2022-12-22,2022-12-22,U400-DEETHANIZER-500,E-502,deethanizer overhead condenser,condenser,P2,CLSD,ROT,condenser_fouling,high press,PERF,FOUL,Y,17.1,6896.38,chk E-502 - high press frm ops,"C shift called for E-502 deethanizer overhead condenser, cond not pullng seen during condenser fouling. Foud high press; condensing duty poor. stroke tested, response better. ops says ok for now. notif made by ops, maint attended same shift."
10450391,40870391,2022-12-22,2022-12-24,2022-12-25,U400-DEETHANIZER-500,TT-501B,sensitive tray temperature tx,instrument,P3,TECO,INST,reboiler_duty_loss,no signal,NO_SIGNAL,ELEC,N,17.1,3692.17,chk TT-501B - no signal frm ops,"C shift called for TT-501B sensitive tray temperature tx, rb circ cold seen during rebiler duty loss. Foud no signal; 24v or card issue. swapped to standby and repaired. unit stable now. notif made by ops, maint attended same shift."
10450392,40870392,2022-12-23,2022-12-24,2022-12-24,U400-DEETHANIZER-500,FV-501,feed flow control valve,control_valve,P3,CLSD,MECH,normal_wear,not stroking,NO_TRAVEL,ACT,N,15.6,5092.73,FV-501 not stroking after upset,"C shift called for FV-501 feed flow control valve, leak seen during normal wear. Foud not stroking; actuator weak. History shows same complain last mnth. cleaned and put back online. no leak at handover. notif made by ops, maint attended same shift."
10450393,40870393,2022-12-29,2022-12-29,2022-12-29,U400-DEETHANIZER-500,E-503,feed bottoms exchanger,exchanger,P3,TECO,MECH,feed_temperature_ramp,temp approach bad,PERF,FOUL,N,15.1,977.62,E-503 temp approach bad asap,"night called for E-503 feed bottoms exchanger, ovhd press moving seen during feed temperature ramp. Foud temp approach bad; heat transfer loss. changed gasket and boxed up. need watch next feed swing. notif made by ops, maint attended same shift."
10450394,40870394,2022-12-28,2022-12-29,2022-12-31,U400-DEETHANIZER-500,FV-502,reflux flow control valve,control_valve,P1,TECO,INST,feed_temperature_ramp,hunting loop,CTRL_OSC,TUNE,N,2.9,419.52,FV-502 not ok after feed temperature ramp,"C shift called for FV-502 reflux flow control vavle, tray temp drift seen during feed temperature ramp. Foud hunting loop; bad response after upset. stroke tested, response better. still little hunting but acceptable. notif made by ops, maint attended same shift."
10450395,40870395,2022-12-29,2022-12-29,2022-12-31,U400-DEETHANIZER-500,P-501B,reflux pump B,pump,P1,TECO,INST,normal_wear,seal leak,MECH_SEAL,SEAL,N,14.2,3824.45,P-501B seal leak asap,"night called for P-501B reflux pump B, pm foud defect seen during normal wear. Foud seal leak; seal face worn / dry run signs. changed gasket and boxed up. ops says ok for now. notif made by ops, maint attended same shift."
10450396,40870396,2023-01-01,2023-01-01,2023-01-04,U400-DEETHANIZER-500,PV-501,column pressure control valve,control_valve,P2,TECO,INST,pressure_control_fault,passing,LEAK_BY,SEAT,N,16.0,3935.78,PV-501 passing ops req,"B shift called for PV-501 column pressure control valve, pshh close call seen during pressure control fault. Foud passing; seat leak by. stroke tested, response better. no leak at handover. notif made by ops, maint attended same shift."
10450397,40870397,2023-01-01,2023-01-03,2023-01-08,U400-DEETHANIZER-500,FV-502,reflux flow control valve,control_valve,P3,COMP,INST,reflux_pump_degradation,air leak,AIR_LEAK,TUBING,N,6.6,559.11,FV-502 not ok after reflux pump degradation,"night called for FV-502 reflux flow ctrl valve, low reflux seen during reflux pump degradation. Foud air leak; positioner supply drop. stroke tested, response better. unit stable now. notif made by ops, maint attended same shift."
10450398,40870398,2023-01-06,2023-01-06,2023-01-06,U400-DEETHANIZER-500,E-501,deethanizer reboiler,reboiler,P2,TECO,MECH,reboiler_duty_loss,fouled bundle,FOULING,PROCESS,N,4.4,14877.78,E-501 not ok after reboiler duty loss,"days called for E-501 deethanizer reboiler, c2 in btm seen during reboiler duty loss. Foud fouled bundle; bottoms side dirty. No spare in store at first, used refurb one from shop. opened strainer, cleaned black sludge. still little hunting but acceptable. notif made by ops, maint attended same shift."
10450399,40870399,2023-01-05,2023-01-07,2023-01-08,U400-DEETHANIZER-500,P-501B,reflux pump B,pump,P3,COMP,E&I,normal_wear,low disch press,HYD_LOSS,FOUL,N,7.3,15530.78,"P-501B pm found defect, low disch press","C shift called for P-501B reflux pump B, noise seen during normal wear. Foud low disch press; strainer dirty or impeller wear. History shows same complain last mnth. stroke tested, response better. ops says ok for now. notif made by ops, maint attended same shift."
10450400,40870400,2023-01-09,2023-01-09,2023-01-10,U400-DEETHANIZER-500,T-501,deethanizer column,column,P3,COMP,ROT,feed_flow_step,weeping flange,LEAK,GASKET,N,14.4,5633.62,T-501 not ok after feed flow step,"C shift called for T-501 deethanizer column, lvl swing seen during feed flow step. Foud weeping flange; manway/flange seep. Tag plate dirty, confirmd by line up with panel. calibrated, loop checked with CCR. no leak at handover. notif made by ops, maint attended same shift."
10450401,40870401,2023-01-08,2023-01-08,2023-01-15,U400-DEETHANIZER-500,FT-501,feed flow transmitter,instrument,P2,TECO,E&I,feed_flow_step,impulse plugged,PLUG,PROCESS,N,16.0,5422.0,"FT-501 feed jump, impulse plugged","C shift called for FT-501 feed flow transmitter, lvl swing seen during feed flow step. Foud impulse plugged; tap/line dirty. changed gasket and boxed up. readng close to dcs after job. notif made by ops, maint attended same shift."
10450402,40870402,2023-01-07,2023-01-08,2023-01-08,U400-DEETHANIZER-500,LV-501,reflux drum level valve,control_valve,P4,CLSD,MECH,condenser_fouling,hunting loop,CTRL_OSC,TUNE,N,6.2,3477.08,LV-501 hunting loop asap,"days called for LV-501 reflux drum level valve, drum temp hi seen during condenser fouling. Foud hunting loop; bad response after upset. Could not get permit first time waiting area gas test. tightened fittings, leak test ok. need watch next feed swing. notif made by ops, maint attended same shift."
10450403,40870403,2023-01-09,2023-01-10,2023-01-11,U400-DEETHANIZER-500,E-503,feed bottoms exchanger,exchanger,P1,COMP,MECH,feed_composition_shift,tube fouling,FOULING,PROCESS,N,15.4,3401.08,chk E-503 - tube fouling frm ops,"days called for E-503 feed bottoms exchanger, ovhd c3 slip seen during feed composition shift. Foud tube fouling; duty low, delta t poor. stroke tested, response better. no leak at handover. notif made by ops, maint attended same shift."
10450404,40870404,2023-01-11,2023-01-11,2023-01-18,U400-DEETHANIZER-500,E-501,deethanizer reboiler,reboiler,P3,COMP,VALVE,feed_temperature_ramp,rb leak,LEAK,GASKET,N,16.8,15794.12,"E-501 rb leak again, prod upset","days called for E-501 deethanizer reboiler, ovhd press moving seen during feed temperature ramp. Foud rb leak; channel flange weep. swapped to standby and repaired. ops says ok for now. notif made by ops, maint attended same shift."
10450405,40870405,2023-01-16,2023-01-17,2023-01-17,U400-DEETHANIZER-500,TT-501B,sensitive tray temperature tx,instrument,P3,COMP,ANLYZR,reboiler_duty_loss,range err,SPAN,CAL,N,7.9,2200.84,chk TT-501B - range err frm ops,"A shift called for TT-501B sensitive tray temperature tx, tray temp low seen during rebiler duty loss. Foud range err; span shifted. Tag plate dirty, confirmd by line up with panel. tightened fittings, leak test ok. ops says ok for now. notif made by ops, maint attended same shift."
10450406,40870406,2023-01-15,2023-01-15,2023-01-16,U400-DEETHANIZER-500,P-501A,reflux pump A,pump,P1,CLSD,OPS+MECH,reflux_pump_degradation,motor trip,MOTOR,ELEC,N,6.0,5907.83,"P-501A pump vib, motor trip","B shift called for P-501A reflux pump A, pump vib seen during reflux pump degradation. Foud motor trip; overload trip after upset. changed gasket and boxed up. temp repair only, plan shutdown job. notif made by ops, maint attended same shift."
10450407,40870407,2023-01-15,2023-01-17,2023-01-20,U400-DEETHANIZER-500,FT-501,feed flow transmitter,instrument,P1,CLSD,ANLYZR,feed_flow_step,loose wire,SIGNAL,ELEC,N,6.4,216.91,FT-501 loose wire temp fix,"days called for FT-501 feed flow transmitter, lvl swing seen during feed flow step. Foud loose wire; term loose. replaced positioner tubing and retuned small. ops says ok for now. notif made by ops, maint attended same shift."
10450408,40870408,2023-01-18,2023-01-18,2023-01-19,U400-DEETHANIZER-500,E-502,deethanizer overhead condenser,condenser,P2,CLSD,ANLYZR,condenser_fouling,cw fouling,FOULING,UTILITY,N,6.6,16442.66,chk E-502 - cw fouling frm ops,"A shift called for E-502 deethanizer overhead condnsr, cw dt low seen during condnsr fouling. Foud cw fouling; cw side scaled. History shows same complain last mnth. flushed impulse/sample line. unit stable now. notif made by ops, maint attended same shift."
10450409,40870409,2023-01-17,2023-01-19,2023-01-20,U400-DEETHANIZER-500,E-501,deethanizer reboiler,reboiler,P2,TECO,OPS+MECH,feed_temperature_ramp,low duty,DUTY_LOSS,UTILITY,Y,17.0,3890.05,"E-501 feed temp high, low duty","days called for E-501 deethanizer reboiler, rb duty up seen during feed temperature ramp. Foud low duty; hm valve/strainer issue. stroke tested, response better. temp repair only, plan shutdown job. notif made by ops, maint attended same shift."
10450410,40870410,2023-01-19,2023-01-20,2023-01-21,U400-DEETHANIZER-500,P-502A,bottoms pump A,pump,P3,CLSD,VALVE,reboiler_duty_loss,bearing hot,BRG,WEAR,N,2.8,1351.04,chk P-502A - bearing hot frm ops,"night called for P-502A bottoms pump A, tray temp low seen during reboiler duty loss. Foud bearing hot; brg rough, lube dark. tightened fittings, leak test ok. still little hunting but acceptable. notif made by ops, maint attended same shift."
10450411,40870411,2023-01-23,2023-01-24,2023-01-25,U400-DEETHANIZER-500,E-501,deethanizer reboiler,reboiler,P4,CLSD,OPS+MECH,reboiler_duty_loss,circ poor,NO_FLOW,PLUG,N,12.9,13058.01,chk E-501 - circ poor frm ops,"days called for E-501 deethanizer reboiler, tray temp low seen during reboiler duty loss. Foud circ poor; blocked inlet screen. opened strainer, cleaned black sludge. temp repair only, plan shutdown job. notif made by ops, maint attended same shift."
10450412,40870412,2023-01-27,2023-01-27,2023-01-29,U400-DEETHANIZER-500,FT-502,reflux flow transmitter,instrument,P3,CLSD,OPS+INST,reflux_pump_degradation,bad reading,DRIFT,CAL,N,8.1,4022.54,FT-502 not ok after reflux pump degradation,"C shift called for FT-502 rflx flow transmitter, seal weep seen during rflx pump degradation. Foud bad reading; needs calib. Could not get permit first time waiting area gas test. replaced positioner tubing and retuned small. unit stable now. notif made by ops, maint attended same shift."
10450413,40870413,2023-01-24,2023-01-25,2023-01-26,U400-DEETHANIZER-500,PV-501,column pressure control valve,control_valve,P3,COMP,ANLYZR,pressure_control_fault,stiction,STICK,PACKING,N,1.8,6605.33,"PV-501 stiction again, prod upset","A shift called for PV-501 column press control valve, pic unstable seen during press control fault. Foud stiction; stem sticky and pos err. flushed impulse/sample line. no leak at handover. notif made by ops, maint attended same shift."
10450414,40870414,2023-01-24,2023-01-25,2023-02-08,U400-DEETHANIZER-500,TT-501B,sensitive tray temperature tx,instrument,P2,CLSD,ANLYZR,reboiler_duty_loss,bad reading,DRIFT,CAL,N,16.5,4751.32,chk TT-501B - bad reading frm ops,"B shift called for TT-501B sensitive tray temperature tx, low heat seen during reboiler duty loss. Foud bad reading; needs calib. Could not get permit first time waiting area gas test. cleaned and put back online. ops says ok for now. notif made by ops, maint attended same shift."
10450415,40870415,2023-01-30,2023-02-01,2023-02-01,U400-DEETHANIZER-500,E-501,deethanizer reboiler,reboiler,P3,COMP,INST,reboiler_duty_loss,fouled bundle,FOULING,PROCESS,N,17.1,12117.87,E-501 not ok after rebiler duty loss,"A shift called for E-501 deethanizer rebiler, c2 in btm seen during rebiler duty loss. Foud fouled bundle; bottoms side dirty. stroke tested, response better. need watch next feed swing. notif made by ops, maint attended same shift."
10450416,40870416,2023-01-28,2023-01-30,2023-01-30,U400-DEETHANIZER-500,FV-501,feed flow control valve,control_valve,P2,CLSD,INST,reflux_pump_degradation,passing,LEAK_BY,SEAT,N,5.0,4145.67,"FV-501 pump vib, passing","night called for FV-501 feed flow control valve, low reflux seen during reflux pump degradation. Foud passing; seat leak by. No spare in store at first, used refurb one from shop. tightened fittings, leak test ok. no leak at handover. notif made by ops, maint attended same shift."
10450417,40870417,2023-02-03,2023-02-04,2023-02-09,U400-DEETHANIZER-500,FV-502,reflux flow control valve,control_valve,P4,COMP,ROT,reflux_pump_degradation,hunting loop,CTRL_OSC,TUNE,N,11.0,4914.89,chk FV-502 - hunting loop frm ops,"C shift called for FV-502 reflux flow control valve, pump vib seen during reflux pump degradation. Foud hunting loop; bad response after upset. stroke tested, response better. still little hunting but acceptable. notif made by ops, maint attended same shift."
10450418,40870418,2023-02-03,2023-02-04,2023-02-06,U400-DEETHANIZER-500,E-503,feed bottoms exchanger,exchanger,P2,CLSD,INST,feed_composition_shift,gasket weep,LEAK,GASKET,Y,19.6,13098.27,"E-503 gasket weep again, prod upset","C shift called for E-503 feed bottoms exchanger, quality bad seen during feed composition shift. Foud gasket weep; flange sweating. Tag plate dirty, confirmd by line up with panel. tightened fittings, leak test ok. ops says ok for now. notif made by ops, maint attended same shift."
10450419,40870419,2023-02-03,2023-02-03,2023-02-04,U400-DEETHANIZER-500,TV-502,condenser cooling valve,control_valve,P2,CLSD,E&I,condenser_fouling,not stroking,NO_TRAVEL,ACT,N,14.8,5134.61,"TV-502 not stroking again, prod upset","days called for TV-502 condnsr cooling valve, cw dt low seen during condnsr fouling. Foud not stroking; actuator weak. swapped to standby and repaired. temp repair only, plan shutdown job. notif made by ops, maint attended same shift."
10450420,40870420,2023-02-03,2023-02-03,2023-02-08,U400-DEETHANIZER-500,TT-503,reboiler outlet temperature tx,instrument,P3,COMP,E&I,reboiler_duty_loss,range err,SPAN,CAL,N,15.6,806.17,"TT-503 range err again, prod upset","night called for TT-503 reboiler outlet temperature tx, rb circ cold seen during reboiler duty loss. Foud range err; span shifted. flushed impulse/sample line. ops says ok for now. notif made by ops, maint attended same shift."
10450421,40870421,2023-02-06,2023-02-06,2023-02-08,U400-DEETHANIZER-500,TT-501B,sensitive tray temperature tx,instrument,P3,TECO,E&I,reboiler_duty_loss,range err,SPAN,CAL,N,12.1,774.52,TT-501B not ok after reboiler duty loss,"days called for TT-501B sensitive tray temp tx, tray temp low seen during reboiler duty loss. Foud range err; span shifted. No spare in store at first, used refurb one from shop. calibrated, loop checked with CCR. unit stable now. notif made by ops, maint attended same shift."
10450422,40870422,2023-02-06,2023-02-07,2023-02-07,U400-DEETHANIZER-500,E-503,feed bottoms exchanger,exchanger,P3,TECO,INST,feed_flow_step,plugged pass,PLUG,FOUL,N,8.3,11856.93,E-503 plugged pass again,"days called for E-503 feed bottoms exchanger, lvl swing seen during feed flow step. Foud plugged pass; flow restricted. calibrated, loop checked with CCR. still little hunting but acceptable. notif made by ops, maint attended same shift."
10450423,40870423,2023-02-07,2023-02-07,2023-02-10,U400-DEETHANIZER-500,LV-502,bottoms level valve,control_valve,P3,COMP,OPS+MECH,valve_stiction,stiction,STICK,PACKING,N,2.0,2628.05,chk LV-502 - stiction frm ops,"night called for LV-502 bottoms level valve, air leak seen during valve stiction. Foud stiction; stem sticky and pos err. Tag plate dirty, confirmd by line up with panel. stroke tested, response better. need watch next feed swing. notif made by ops, maint attended same shift."
10450424,40870424,2023-02-10,2023-02-10,2023-02-12,U400-DEETHANIZER-500,TT-501B,sensitive tray temperature tx,instrument,P4,TECO,E&I,feed_temperature_ramp,loose wire,SIGNAL,ELEC,N,6.5,778.24,"TT-501B rb duty up, loose wire","C shift called for TT-501B sensitive tray temperature tx, spec off seen during feed temperature ramp. Foud loose wire; term loose. No spare in store at first, used refurb one from shop. changed gasket and boxed up. readng close to dcs after job. notif made by ops, maint attended same shift."
10450425,40870425,2023-02-10,2023-02-11,2023-02-25,U400-DEETHANIZER-500,TV-501,reboiler hot medium valve,control_valve,P3,COMP,VALVE,condenser_fouling,air leak,AIR_LEAK,TUBING,N,16.3,5834.27,TV-501 not ok after condenser fouling,"A shift called for TV-501 reboiler hot medium valve, drum temp hi seen during condnsr fouling. Foud air leak; positioner supply drop. Tag plate dirty, confirmd by line up with panel. reset trip and monitored for 2 hrs. still little hunting but acceptable. notif made by ops, maint attended same shift."
10450426,40870426,2023-02-16,2023-02-18,2023-02-19,U400-DEETHANIZER-500,E-501,deethanizer reboiler,reboiler,P3,CLSD,E&I,normal_wear,low duty,DUTY_LOSS,UTILITY,N,14.9,13998.58,E-501 low duty chk & revert,"C shift called for E-501 deethanizer reboiler, plugged impulse seen during normal wear. Foud low duty; hm valve/strainer issue. calibrated, loop checked with CCR. need watch next feed swing. notif made by ops, maint attended same shift."
10450427,40870427,2023-02-16,2023-02-17,2023-02-17,U400-DEETHANIZER-500,LV-501,reflux drum level valve,control_valve,P2,CLSD,MECH,valve_stiction,not stroking,NO_TRAVEL,ACT,N,9.6,2068.67,"LV-501 position bad, not stroking","night called for LV-501 reflux drum level valve, valve sticking seen during valve stiction. Foud not stroking; actuator weak. History shows same complain last mnth. stroke tested, response better. ops says ok for now. notif made by ops, maint attended same shift."
10450428,40870428,2023-02-15,2023-02-15,2023-02-17,U400-DEETHANIZER-500,PSV-501B,column relief valve B,relief,P1,TECO,E&I,reflux_pump_degradation,due to lift chk,LIFT_EVENT,PROCESS,Y,18.1,6528.42,"PSV-501B seal weep, due to lift chk","C shift called for PSV-501B column relief valve B, seal weep seen during rflx pump degradation. Foud due to lift chk; after press excursion. No spare in store at first, used refurb one from shop. replaced positioner tubing and retuned small. no leak at handover. notif made by ops, maint attended same shift."
10450429,40870429,2023-02-19,2023-02-19,2023-02-21,U400-DEETHANIZER-500,P-501A,reflux pump A,pump,P3,CLSD,VALVE,reflux_pump_degradation,seal leak,MECH_SEAL,SEAL,N,1.2,13750.96,"P-501A seal weep, seal leak","night called for P-501A reflux pump A, pump vib seen during reflux pump degradation. Foud seal leak; seal face worn / dry run signs. changed gasket and boxed up. no leak at handover. notif made by ops, maint attended same shift."
10450430,40870430,2023-02-21,2023-02-21,2023-02-22,U400-DEETHANIZER-500,LV-501,reflux drum level valve,control_valve,P3,CLSD,VALVE,valve_stiction,stiction,STICK,PACKING,N,13.5,601.45,"LV-501 op jumps, stiction","C shift called for LV-501 reflux drum level valve, air leak seen during valve stiction. Foud stiction; stem sticky and pos err. Tag plate dirty, confirmd by line up with panel. cleaned and put back online. no leak at handover. notif made by ops, maint attended same shift."
10450431,40870431,2023-02-22,2023-02-22,2023-02-23,U400-DEETHANIZER-500,E-503,feed bottoms exchanger,exchanger,P3,TECO,VALVE,feed_composition_shift,gasket weep,LEAK,GASKET,N,10.2,2055.19,"E-503 gasket weep again, prod upset","A shift called for E-503 feed bottoms exchanger, btm heavy seen during feed composition shift. Foud gasket weep; flange sweating. Could not get permit first time waiting area gas test. replaced positioner tubing and retuned small. ops says ok for now. notif made by ops, maint attended same shift."
10450432,40870432,2023-02-21,2023-02-22,2023-02-23,U400-DEETHANIZER-500,AIT-502,bottoms C3+ analyzer,analyzer,P4,CLSD,ANLYZR,feed_composition_shift,condensate in sample,LIQ_CARRY,SAMPLE,N,8.3,937.91,"AIT-502 c3 in feed hi, condensate in sample","A shift called for AIT-502 bottoms C3+ analyzer, quality bad seen during feed composition shift. Foud condensate in sample; knockout pot full. No spare in store at first, used refurb one from shop. opened strainer, cleaned black sludge. temp repair only, plan shutdown job. notif made by ops, maint attended same shift."
10450433,40870433,2023-02-25,2023-02-25,2023-02-26,U400-DEETHANIZER-500,FT-501,feed flow transmitter,instrument,P3,COMP,ANLYZR,feed_flow_step,range err,SPAN,CAL,N,9.7,5023.8,"FT-501 fic hunting, range err","A shift called for FT-501 feed flow transmitter, feed jump seen during feed flow step. Foud range err; span shifted. tightened fittings, leak test ok. readng close to dcs after job. notif made by ops, maint attended same shift."
10450434,40870434,2023-02-25,2023-02-26,2023-02-27,U400-DEETHANIZER-500,P-501A,reflux pump A,pump,P4,COMP,E&I,reflux_pump_degradation,motor trip,MOTOR,ELEC,N,9.0,4947.99,P-501A motor trip ops req,"night called for P-501A reflux pump A, seal weep seen during reflux pump degradation. Foud motor trip; overload trip after upset. stroke tested, response better. ops says ok for now. notif made by ops, maint attended same shift."
10450435,40870435,2023-03-01,2023-03-02,2023-03-07,U400-DEETHANIZER-500,TT-503,reboiler outlet temperature tx,instrument,P4,TECO,ANLYZR,reboiler_duty_loss,bad reading,DRIFT,CAL,N,15.9,4695.59,TT-503 bad reading bad,"days called for TT-503 reboiler outlet temperature tx, rb circ cold seen during reboiler duty loss. Foud bad reading; needs calib. changed gasket and boxed up. no leak at handover. notif made by ops, maint attended same shift."
10450436,40870436,2023-03-01,2023-03-01,2023-03-02,U400-DEETHANIZER-500,AIT-501,overhead C2 analyzer,analyzer,P3,CLSD,OPS+INST,normal_wear,condensate in sample,LIQ_CARRY,SAMPLE,N,5.6,511.47,chk AIT-501 - condensate in sample frm ops,"A shift called for AIT-501 overhead C2 analyzer, pm found defect seen during normal wear. Foud condensate in sample; knockout pot full. History shows same complain last mnth. reset trip and monitored for 2 hrs. readng close to dcs after job. notif made by ops, maint attended same shift."
10450437,40870437,2023-03-01,2023-03-02,2023-03-05,U400-DEETHANIZER-500,TV-501,reboiler hot medium valve,control_valve,P2,COMP,OPS+MECH,feed_temperature_ramp,stiction,STICK,PACKING,N,5.4,893.98,chk TV-501 - stiction frm ops,"A shift called for TV-501 rebiler hot medium valve, ovhd press moving seen during feed temp ramp. Foud stiction; stem sticky and pos err. cleaned and put back online. readng close to dcs after job. notif made by ops, maint attended same shift."
10450438,40870438,2023-03-06,2023-03-08,2023-03-08,U400-DEETHANIZER-500,E-502,deethanizer overhead condenser,condenser,P2,CLSD,ROT,valve_stiction,high press,PERF,FOUL,Y,17.6,8462.82,"E-502 vavle sticking, high press","C shift called for E-502 deethanizer overhead condenser, valve sticking seen during valve stiction. Foud high press; condensing duty poor. reset trip and monitored for 2 hrs. need watch next feed swing. notif made by ops, maint attended same shift."
10450439,40870439,2023-03-06,2023-03-07,2023-03-08,U400-DEETHANIZER-500,TV-501,reboiler hot medium valve,control_valve,P3,COMP,INST,feed_temperature_ramp,not stroking,NO_TRAVEL,ACT,N,14.8,968.31,"TV-501 feed temp high, not stroking","C shift called for TV-501 reboiler hot medium valve, feed temp high seen during feed temperature ramp. Foud not stroking; actuator weak. calibrated, loop checked with CCR. still little hunting but acceptable. notif made by ops, maint attended same shift."
10450440,40870440,2023-03-07,2023-03-07,2023-03-07,U400-DEETHANIZER-500,TT-503,reboiler outlet temperature tx,instrument,P3,COMP,ANLYZR,reboiler_duty_loss,loose wire,SIGNAL,ELEC,N,14.7,2327.06,TT-503 not ok after reboiler duty loss,"night called for TT-503 reboiler outlet temperature tx, low heat seen during reboiler duty loss. Foud loose wire; term loose. opened strainer, cleaned black sludge. still little hunting but acceptable. notif made by ops, maint attended same shift."
10450441,40870441,2023-03-08,2023-03-10,2023-03-11,U400-DEETHANIZER-500,FV-502,reflux flow control valve,control_valve,P2,CLSD,OPS+MECH,reflux_pump_degradation,stiction,STICK,PACKING,Y,20.9,5158.56,"FV-502 stiction again, prod upset","C shift called for FV-502 reflux flow control valve, seal weep seen during reflux pump degradation. Foud stiction; stem sticky and pos err. No spare in store at first, used refurb one from shop. opened strainer, cleaned black sludge. temp repair only, plan shutdown job. notif made by ops, maint attended same shift."
10450442,40870442,2023-03-08,2023-03-08,2023-03-09,U400-DEETHANIZER-500,TV-501,reboiler hot medium valve,control_valve,P3,TECO,OPS+MECH,valve_stiction,passing,LEAK_BY,SEAT,N,4.3,2949.91,"TV-501 air leak, passing","A shift called for TV-501 rebiler hot medium valve, op jumps seen during valve stiction. Foud passing; seat leak by. calibrated, loop checked with CCR. temp repair only, plan shutdown job. notif made by ops, maint attended same shift."
10450443,40870443,2023-03-11,2023-03-13,2023-03-18,U400-DEETHANIZER-500,LV-501,reflux drum level valve,control_valve,P2,CLSD,E&I,valve_stiction,stiction,STICK,PACKING,N,8.9,5640.3,chk LV-501 - stiction frm ops,"A shift called for LV-501 reflux drum level vavle, op jumps seen during vavle stiction. Foud stiction; stem sticky and pos err. flushed impulse/sample line. need watch next feed swing. notif made by ops, maint attended same shift."
10450444,40870444,2023-03-13,2023-03-13,2023-03-20,U400-DEETHANIZER-500,PV-501,column pressure control valve,control_valve,P4,COMP,MECH,feed_temperature_ramp,hunting loop,CTRL_OSC,TUNE,N,8.6,3227.93,"PV-501 hunting loop again, prod upset","A shift called for PV-501 column pressure control valve, rb duty up seen during feed temp ramp. Foud hunting loop; bad response after upset. No spare in store at first, used refurb one from shop. changed gasket and boxed up. need watch next feed swing. notif made by ops, maint attended same shift."
10450445,40870445,2023-03-14,2023-03-14,2023-03-17,U400-DEETHANIZER-500,FV-501,feed flow control valve,control_valve,P4,TECO,ROT,condenser_fouling,air leak,AIR_LEAK,TUBING,N,13.8,2025.67,chk FV-501 - air leak frm ops,"night called for FV-501 feed flow ctrl valve, cond not pullng seen during condenser fouling. Foud air leak; positioner supply drop. calibrated, loop checked with CCR. ops says ok for now. notif made by ops, maint attended same shift."
10450446,40870446,2023-03-15,2023-03-16,2023-03-21,U400-DEETHANIZER-500,E-501,deethanizer reboiler,reboiler,P4,COMP,OPS+MECH,reboiler_duty_loss,circ poor,NO_FLOW,PLUG,N,15.4,9652.94,"E-501 c2 in btm, circ poor","night called for E-501 deethanizer reboiler, tray temp low seen during reboiler duty loss. Foud circ poor; blocked inlet screen. cleaned and put back online. still little hunting but acceptable. notif made by ops, maint attended same shift."
10450447,40870447,2023-03-14,2023-03-14,2023-03-14,U400-DEETHANIZER-500,AIT-502,bottoms C3+ analyzer,analyzer,P2,TECO,E&I,feed_composition_shift,anlyzr drift,DRIFT,CAL_GAS,N,14.9,3957.1,AIT-502 anlyzr drift ops req,"days called for AIT-502 bottoms C3+ analyzer, ovhd c3 slip seen during feed composition shift. Foud anlyzr drift; cal gas failed. History shows same complain last mnth. opened strainer, cleaned black sludge. no leak at handover. notif made by ops, maint attended same shift."
10450448,40870448,2023-03-18,2023-03-18,2023-03-18,U400-DEETHANIZER-500,E-502,deethanizer overhead condenser,condenser,P2,CLSD,ANLYZR,reflux_pump_degradation,cw fouling,FOULING,UTILITY,Y,7.9,7654.29,E-502 not ok after reflux pump degradation,"B shift called for E-502 deethanizer overhead condenser, seal weep seen during reflux pump degradation. Foud cw fouling; cw side scaled. stroke tested, response better. temp repair only, plan shutdown job. notif made by ops, maint attended same shift."
10450449,40870449,2023-03-17,2023-03-19,2023-03-26,U400-DEETHANIZER-500,E-501,deethanizer reboiler,reboiler,P3,TECO,VALVE,feed_temperature_ramp,circ poor,NO_FLOW,PLUG,N,14.8,12082.88,E-501 not ok after feed temperature ramp,"B shift called for E-501 deethanizer reboiler, rb duty up seen during feed temperature ramp. Foud circ poor; blocked inlet screen. swapped to standby and repaired. temp repair only, plan shutdown job. notif made by ops, maint attended same shift."
10450450,40870450,2023-03-23,2023-03-24,2023-03-25,U400-DEETHANIZER-500,TT-503,reboiler outlet temperature tx,instrument,P2,COMP,E&I,reboiler_duty_loss,bad reading,DRIFT,CAL,N,10.0,5154.45,TT-503 bad reading after upset,"B shift called for TT-503 reboiler outlet temperature tx, low heat seen during reboiler duty loss. Foud bad reading; needs calib. opened strainer, cleaned black sludge. ops says ok for now. notif made by ops, maint attended same shift."
10450451,40870451,2023-03-20,2023-03-20,2023-03-23,U400-DEETHANIZER-500,E-502,deethanizer overhead condenser,condenser,P2,COMP,MECH,valve_stiction,tv no travel,VALVE,STICK,Y,14.8,1757.25,"E-502 op jumps, tv no travel","B shift called for E-502 deethanizer overhead condenser, valve sticking seen during valve stiction. Foud tv no travel; cooling valve stuck. cleaned and put back online. still little hunting but acceptable. notif made by ops, maint attended same shift."
10450452,40870452,2023-03-24,2023-03-24,2023-04-07,U400-DEETHANIZER-500,FV-501,feed flow control valve,control_valve,P3,COMP,MECH,feed_flow_step,passing,LEAK_BY,SEAT,N,3.9,5139.07,chk FV-501 - passing frm ops,"night called for FV-501 feed flow control valve, column dp high seen during feed flow step. Foud passing; seat leak by. opened strainer, cleaned black sludge. ops says ok for now. notif made by ops, maint attended same shift."
10450453,40870453,2023-03-25,2023-03-25,2023-03-26,U400-DEETHANIZER-500,T-501,deethanizer column,column,P3,COMP,E&I,feed_composition_shift,tray temp bad,TEMP_DEV,PROCESS,N,3.0,1179.49,"T-501 tray temp bad again, prod upset","night called for T-501 deethanizer column, anlyzr off seen during feed composition shift. Foud tray temp bad; profile not normal. History shows same complain last mnth. stroke tested, response better. ops says ok for now. notif made by ops, maint attended same shift."
10450454,40870454,2023-03-27,2023-03-27,2023-03-27,U400-DEETHANIZER-500,FT-502,reflux flow transmitter,instrument,P3,CLSD,OPS+INST,reflux_pump_degradation,no signal,NO_SIGNAL,ELEC,N,17.8,1552.35,chk FT-502 - no signal frm ops,"B shift called for FT-502 reflux flow transmitter, min flow hot seen during reflux pump degradation. Foud no signal; 24v or card issue. changed gasket and boxed up. no leak at handover. notif made by ops, maint attended same shift."
10450455,40870455,2023-03-29,2023-03-30,2023-03-30,U400-DEETHANIZER-500,TV-502,condenser cooling valve,control_valve,P2,TECO,INST,condenser_fouling,not stroking,NO_TRAVEL,ACT,N,12.3,4514.79,TV-502 not ok after condenser fouling,"night called for TV-502 condnsr cooling valve, high ovhd press seen during condnsr fouling. Foud not stroking; actuator weak. reset trip and monitored for 2 hrs. need watch next feed swing. notif made by ops, maint attended same shift."
10450456,40870456,2023-03-27,2023-03-27,2023-03-28,U400-DEETHANIZER-500,LV-501,reflux drum level valve,control_valve,P3,CLSD,OPS+INST,valve_stiction,passing,LEAK_BY,SEAT,N,11.5,6479.39,chk LV-501 - passing frm ops,"A shift called for LV-501 reflux drum level valve, op jumps seen during valve stiction. Foud passing; seat leak by. History shows same complain last mnth. replaced positioner tubing and retuned small. need watch next feed swing. notif made by ops, maint attended same shift."
10450457,40870457,2023-03-28,2023-03-28,2023-03-30,U400-DEETHANIZER-500,TV-501,reboiler hot medium valve,control_valve,P2,CLSD,ROT,feed_temperature_ramp,stiction,STICK,PACKING,N,12.9,1094.94,"TV-501 spec off, stiction","days called for TV-501 rebiler hot medium valve, feed temp high seen during feed temperature ramp. Foud stiction; stem sticky and pos err. Could not get permit first time waiting area gas test. reset trip and monitored for 2 hrs. unit stable now. notif made by ops, maint attended same shift."
10450458,40870458,2023-04-04,2023-04-05,2023-04-19,U400-DEETHANIZER-500,T-501,deethanizer column,column,P3,CLSD,VALVE,reflux_pump_degradation,level unstable,LVL_SWING,CTRL,N,1.6,221.66,T-501 level unstable temp fix,"B shift called for T-501 deethanizer column, disch press low seen during reflux pump degradation. Foud level unstable; sump level swing. stroke tested, response better. ops says ok for now. notif made by ops, maint attended same shift."
10450459,40870459,2023-03-31,2023-03-31,2023-04-01,U400-DEETHANIZER-500,FT-501,feed flow transmitter,instrument,P2,COMP,ANLYZR,normal_wear,impulse plugged,PLUG,PROCESS,N,12.5,2637.5,"FT-501 impulse plugged again, prod upset","B shift called for FT-501 feed flow transmitter, loose term seen during normal wear. Foud impulse plugged; tap/line dirty. reset trip and monitored for 2 hrs. still little hunting but acceptable. notif made by ops, maint attended same shift."
10450460,40870460,2023-04-04,2023-04-04,2023-04-06,U400-DEETHANIZER-500,T-501,deethanizer column,column,P2,CLSD,MECH,feed_composition_shift,level unstable,LVL_SWING,CTRL,Y,16.0,1870.23,"T-501 level unstable again, prod upset","B shift called for T-501 deethanizer column, quality bad seen during feed composition shift. Foud level unstable; sump level swing. changed gasket and boxed up. still little hunting but acceptable. notif made by ops, maint attended same shift."
10450461,40870461,2023-04-04,2023-04-05,2023-04-06,U400-DEETHANIZER-500,E-502,deethanizer overhead condenser,condenser,P3,TECO,ROT,condenser_fouling,high press,PERF,FOUL,N,4.3,9170.99,chk E-502 - high press frm ops,"B shift called for E-502 deethanizer overhead condenser, drum temp hi seen during condenser fouling. Foud high press; condensing duty poor. No spare in store at first, used refurb one from shop. flushed impulse/sample line. still little hunting but acceptable. notif made by ops, maint attended same shift."
10450462,40870462,2023-04-05,2023-04-06,2023-04-07,U400-DEETHANIZER-500,TT-503,reboiler outlet temperature tx,instrument,P3,CLSD,E&I,normal_wear,impulse plugged,PLUG,PROCESS,N,15.5,2285.03,TT-503 not ok after normal wear,"night called for TT-503 rebiler outlet temperature tx, loose term seen during normal wear. Foud impulse plugged; tap/line dirty. reset trip and monitored for 2 hrs. ops says ok for now. notif made by ops, maint attended same shift."
10450463,40870463,2023-04-07,2023-04-07,2023-04-08,U400-DEETHANIZER-500,FV-502,reflux flow control valve,control_valve,P2,TECO,ANLYZR,valve_stiction,stiction,STICK,PACKING,N,13.5,3812.44,"FV-502 loop cycling, stiction","C shift called for FV-502 reflux flow control valve, op jumps seen during valve stiction. Foud stiction; stem sticky and pos err. No spare in store at first, used refurb one from shop. flushed impulse/sample line. temp repair only, plan shutdown job. notif made by ops, maint attended same shift."
10450464,40870464,2023-04-10,2023-04-11,2023-04-18,U400-DEETHANIZER-500,E-503,feed bottoms exchanger,exchanger,P2,COMP,INST,feed_temperature_ramp,gasket weep,LEAK,GASKET,N,7.5,10337.79,"E-503 tray temp drift, gasket weep","C shift called for E-503 feed bottoms exchanger, rb duty up seen during feed temp ramp. Foud gasket weep; flange sweating. Line was hot so job done slow and with ops standing by. replaced positioner tubing and retuned small. readng close to dcs after job. notif made by ops, maint attended same shift."
10450465,40870465,2023-04-14,2023-04-14,2023-04-14,U400-DEETHANIZER-500,P-502A,bottoms pump A,pump,P3,TECO,MECH,valve_stiction,low disch press,HYD_LOSS,FOUL,N,15.5,176.92,"P-502A loop cycling, low disch press","A shift called for P-502A bottoms pump A, op jumps seen during vavle stiction. Foud low disch press; strainer dirty or impeller wear. Tag plate dirty, confirmd by line up with panel. calibrated, loop checked with CCR. ops says ok for now. notif made by ops, maint attended same shift."
10450466,40870466,2023-04-11,2023-04-12,2023-04-14,U400-DEETHANIZER-500,P-501B,reflux pump B,pump,P2,CLSD,MECH,reflux_pump_degradation,bearing hot,BRG,WEAR,N,13.8,5291.61,P-501B not ok after reflux pump degradation,"days called for P-501B rflx pump B, min flow hot seen during rflx pump degradation. Foud bearing hot; brg rough, lube dark. calibrated, loop checked with CCR. need watch next feed swing. notif made by ops, maint attended same shift."
10450467,40870467,2023-04-14,2023-04-14,2023-04-15,U400-DEETHANIZER-500,T-501,deethanizer column,column,P2,CLSD,ROT,feed_composition_shift,dp high,DP_HIGH,FOAM,N,3.9,5244.66,chk T-501 - dp high frm ops,"days called for T-501 deethanizer colmn, c3 in feed hi seen during feed composition shift. Foud dp high; trays loading or foaming. swapped to standby and repaired. still little hunting but acceptable. notif made by ops, maint attended same shift."
10450468,40870468,2023-04-17,2023-04-17,2023-04-17,U400-DEETHANIZER-500,FV-501,feed flow control valve,control_valve,P2,COMP,MECH,valve_stiction,air leak,AIR_LEAK,TUBING,Y,10.2,4952.04,chk FV-501 - air leak frm ops,"night called for FV-501 feed flow ctrl valve, position bad seen during valve stiction. Foud air leak; positioner supply drop. flushed impulse/sample line. ops says ok for now. notif made by ops, maint attended same shift."
10450469,40870469,2023-04-15,2023-04-15,2023-04-17,U400-DEETHANIZER-500,TV-502,condenser cooling valve,control_valve,P3,CLSD,VALVE,condenser_fouling,hunting loop,CTRL_OSC,TUNE,N,5.0,831.0,chk TV-502 - hunting loop frm ops,"night called for TV-502 condnsr cooling vavle, cw dt low seen during condnsr fouling. Foud hunting loop; bad response after upset. reset trip and monitored for 2 hrs. temp repair only, plan shutdown job. notif made by ops, maint attended same shift."
10450470,40870470,2023-04-19,2023-04-20,2023-04-27,U400-DEETHANIZER-500,TT-501B,sensitive tray temperature tx,instrument,P2,TECO,INST,feed_temperature_ramp,no signal,NO_SIGNAL,ELEC,N,12.1,5151.82,TT-501B not ok after feed temperature ramp,"C shift called for TT-501B sensitive tray temperature tx, ovhd press moving seen during feed temperature ramp. Foud no signal; 24v or card issue. Line was hot so job done slow and with ops standing by. swapped to standby and repaired. temp repair only, plan shutdown job. notif made by ops, maint attended same shift."
10450471,40870471,2023-04-21,2023-04-23,2023-04-25,U400-DEETHANIZER-500,TV-501,reboiler hot medium valve,control_valve,P3,COMP,VALVE,reflux_pump_degradation,passing,LEAK_BY,SEAT,N,10.0,4670.52,TV-501 not ok after reflux pump degradation,"days called for TV-501 rebiler hot medium vavle, min flow hot seen during reflux pump degradation. Foud passing; seat leak by. History shows same complain last mnth. replaced positioner tubing and retuned small. unit stable now. notif made by ops, maint attended same shift."
10450472,40870472,2023-04-22,2023-04-22,2023-04-24,U400-DEETHANIZER-500,FV-502,reflux flow control valve,control_valve,P3,TECO,ROT,valve_stiction,not stroking,NO_TRAVEL,ACT,N,10.0,3418.09,"FV-502 not stroking again, prod upset","night called for FV-502 reflux flow control valve, op jumps seen during valve stiction. Foud not stroking; actuator weak. flushed impulse/sample line. ops says ok for now. notif made by ops, maint attended same shift."
10450473,40870473,2023-04-26,2023-04-27,2023-05-11,U400-DEETHANIZER-500,E-503,feed bottoms exchanger,exchanger,P3,CLSD,MECH,reflux_pump_degradation,tube fouling,FOULING,PROCESS,N,5.0,11449.19,E-503 not ok after rflx pump degradation,"B shift called for E-503 feed bottoms exchanger, pump vib seen during reflux pump degradation. Foud tube fouling; duty low, delta t poor. reset trip and monitored for 2 hrs. still little hunting but acceptable. notif made by ops, maint attended same shift."
10450474,40870474,2023-04-22,2023-04-24,2023-04-24,U400-DEETHANIZER-500,TV-502,condenser cooling valve,control_valve,P3,COMP,VALVE,condenser_fouling,passing,LEAK_BY,SEAT,N,13.7,6404.02,chk TV-502 - passing frm ops,"B shift called for TV-502 condenser cooling valve, high ovhd press seen during condenser fouling. Foud passing; seat leak by. History shows same complain last mnth. stroke tested, response better. temp repair only, plan shutdown job. notif made by ops, maint attended same shift."
10450475,40870475,2023-04-26,2023-04-26,2023-04-27,U400-DEETHANIZER-500,FV-502,reflux flow control valve,control_valve,P3,CLSD,ANLYZR,reflux_pump_degradation,air leak,AIR_LEAK,TUBING,N,2.2,4601.65,FV-502 air leak ops req,"night called for FV-502 reflux flow control valve, min flow hot seen during reflux pump degradation. Foud air leak; positioner supply drop. changed gasket and boxed up. still little hunting but acceptable. notif made by ops, maint attended same shift."
10450476,40870476,2023-04-27,2023-04-28,2023-04-29,U400-DEETHANIZER-500,PT-501,column overhead pressure tx,instrument,P3,COMP,ANLYZR,condenser_fouling,no signal,NO_SIGNAL,ELEC,N,15.1,2353.3,"PT-501 no signal again, prod upset","C shift called for PT-501 column overhead pressure tx, cond not pullng seen during condenser fouling. Foud no signal; 24v or card issue. No spare in store at first, used refurb one from shop. tightened fittings, leak test ok. still little hunting but acceptable. notif made by ops, maint attended same shift."
10450477,40870477,2023-04-30,2023-05-01,2023-05-01,U400-DEETHANIZER-500,TV-502,condenser cooling valve,control_valve,P3,CLSD,ANLYZR,condenser_fouling,hunting loop,CTRL_OSC,TUNE,N,1.2,5960.77,"TV-502 pic wide open, hunting loop","night called for TV-502 condenser cooling valve, high ovhd press seen during condenser fouling. Foud hunting loop; bad response after upset. calibrated, loop checked with CCR. unit stable now. notif made by ops, maint attended same shift."
10450478,40870478,2023-04-30,2023-04-30,2023-04-30,U400-DEETHANIZER-500,T-501,deethanizer column,column,P2,TECO,ANLYZR,feed_flow_step,level unstable,LVL_SWING,CTRL,Y,7.7,6494.42,"T-501 column dp high, level unstable","B shift called for T-501 deethanizer column, column dp high seen during feed flow step. Foud level unstable; sump level swing. History shows same complain last mnth. calibrated, loop checked with CCR. ops says ok for now. notif made by ops, maint attended same shift."
10450479,40870479,2023-05-04,2023-05-05,2023-05-06,U400-DEETHANIZER-500,LV-502,bottoms level valve,control_valve,P2,CLSD,OPS+MECH,reboiler_duty_loss,not stroking,NO_TRAVEL,ACT,N,17.8,5959.64,LV-502 not stroking pls chk,"A shift called for LV-502 bottoms level vavle, c2 in btm seen during reboiler duty loss. Foud not stroking; actuator weak. calibrated, loop checked with CCR. temp repair only, plan shutdown job. notif made by ops, maint attended same shift."
10450480,40870480,2023-05-01,2023-05-01,2023-05-08,U400-DEETHANIZER-500,DPT-501,column diff pressure tx,instrument,P2,COMP,OPS+INST,normal_wear,impulse plugged,PLUG,PROCESS,Y,21.9,244.1,"DPT-501 noise, impulse plugged","B shift called for DPT-501 column diff pressure tx, loose term seen during normal wear. Foud impulse plugged; tap/line dirty. Could not get permit first time waiting area gas test. swapped to standby and repaired. still little hunting but acceptable. notif made by ops, maint attended same shift."
10450481,40870481,2023-05-03,2023-05-03,2023-05-04,U400-DEETHANIZER-500,E-502,deethanizer overhead condenser,condenser,P3,CLSD,ROT,reboiler_duty_loss,cw fouling,FOULING,UTILITY,N,2.9,14457.35,E-502 not ok after rebiler duty loss,"days called for E-502 deethanizer overhead condenser, c2 in btm seen during reboiler duty loss. Foud cw fouling; cw side scaled. opened strainer, cleaned black sludge. ops says ok for now. notif made by ops, maint attended same shift."
10450482,40870482,2023-05-05,2023-05-05,2023-05-06,U400-DEETHANIZER-500,FV-502,reflux flow control valve,control_valve,P2,COMP,VALVE,valve_stiction,passing,LEAK_BY,SEAT,N,5.6,1224.09,"FV-502 loop cycling, passing","B shift called for FV-502 reflux flow control valve, valve sticking seen during valve stiction. Foud passing; seat leak by. History shows same complain last mnth. changed gasket and boxed up. readng close to dcs after job. notif made by ops, maint attended same shift."
10450483,40870483,2023-05-07,2023-05-07,2023-05-10,U400-DEETHANIZER-500,TT-503,reboiler outlet temperature tx,instrument,P4,COMP,OPS+INST,reboiler_duty_loss,bad reading,DRIFT,CAL,N,13.9,2703.23,TT-503 bad reading ops req,"C shift called for TT-503 reboiler outlet temperature tx, low heat seen during reboiler duty loss. Foud bad reading; needs calib. replaced positioner tubing and retuned small. readng close to dcs after job. notif made by ops, maint attended same shift."
10450484,40870484,2023-05-11,2023-05-11,2023-05-14,U400-DEETHANIZER-500,E-501,deethanizer reboiler,reboiler,P4,CLSD,OPS+INST,reboiler_duty_loss,low duty,DUTY_LOSS,UTILITY,N,11.7,16966.98,E-501 low duty after upset,"C shift called for E-501 deethanizer reboiler, c2 in btm seen during reboiler duty loss. Foud low duty; hm valve/strainer issue. opened strainer, cleaned black sludge. ops says ok for now. notif made by ops, maint attended same shift."
10450485,40870485,2023-05-13,2023-05-15,2023-05-15,U400-DEETHANIZER-500,T-501,deethanizer column,column,P2,TECO,OPS+INST,feed_flow_step,level unstable,LVL_SWING,CTRL,N,6.3,1784.01,"T-501 feed jump, level unstable","B shift called for T-501 deethanizer column, c2 recov down seen during feed flow step. Foud level unstable; sump level swing. reset trip and monitored for 2 hrs. no leak at handover. notif made by ops, maint attended same shift."
10450486,40870486,2023-05-11,2023-05-11,2023-05-12,U400-DEETHANIZER-500,TV-502,condenser cooling valve,control_valve,P3,CLSD,OPS+MECH,valve_stiction,air leak,AIR_LEAK,TUBING,N,6.5,2174.91,"TV-502 position bad, air leak","B shift called for TV-502 condnsr cooling valve, air leak seen during valve stiction. Foud air leak; positioner supply drop. stroke tested, response better. temp repair only, plan shutdown job. notif made by ops, maint attended same shift."
10450487,40870487,2023-05-14,2023-05-14,2023-05-15,U400-DEETHANIZER-500,PV-501,column pressure control valve,control_valve,P3,CLSD,E&I,condenser_fouling,air leak,AIR_LEAK,TUBING,N,17.1,4817.04,"PV-501 cw dt low, air leak","A shift called for PV-501 column pressure control vavle, cw dt low seen during condnsr fouling. Foud air leak; positioner supply drop. opened strainer, cleaned black sludge. need watch next feed swing. notif made by ops, maint attended same shift."
10450488,40870488,2023-05-17,2023-05-17,2023-05-17,U400-DEETHANIZER-500,E-501,deethanizer reboiler,reboiler,P2,CLSD,OPS+MECH,feed_temperature_ramp,circ poor,NO_FLOW,PLUG,Y,20.7,8350.99,"E-501 tray temp drift, circ poor","C shift called for E-501 deethanizer rebiler, rb duty up seen during feed temperature ramp. Foud circ poor; blocked inlet screen. swapped to standby and repaired. temp repair only, plan shutdown job. notif made by ops, maint attended same shift."
10450489,40870489,2023-05-18,2023-05-19,2023-05-19,U400-DEETHANIZER-500,FV-502,reflux flow control valve,control_valve,P3,TECO,OPS+MECH,reboiler_duty_loss,hunting loop,CTRL_OSC,TUNE,N,5.5,411.63,"FV-502 hunting loop again, prod upset","B shift called for FV-502 reflux flow control valve, low heat seen during reboiler duty loss. Foud hunting loop; bad response after upset. Tag plate dirty, confirmd by line up with panel. calibrated, loop checked with CCR. readng close to dcs after job. notif made by ops, maint attended same shift."
10450490,40870490,2023-05-19,2023-05-19,2023-05-22,U400-DEETHANIZER-500,LV-501,reflux drum level valve,control_valve,P1,COMP,OPS+INST,valve_stiction,hunting loop,CTRL_OSC,TUNE,Y,22.9,6608.61,LV-501 not ok after valve stiction,"C shift called for LV-501 reflux drum level valve, loop cycling seen during valve stiction. Foud hunting loop; bad response after upset. Tag plate dirty, confirmd by line up with panel. swapped to standby and repaired. still little hunting but acceptable. notif made by ops, maint attended same shift."
10450491,40870491,2023-05-20,2023-05-21,2023-05-21,U400-DEETHANIZER-500,TV-502,condenser cooling valve,control_valve,P4,CLSD,ROT,valve_stiction,passing,LEAK_BY,SEAT,N,16.3,3976.53,TV-502 not ok after valve stiction,"days called for TV-502 condnsr cooling vavle, air leak seen during vavle stiction. Foud passing; seat leak by. flushed impulse/sample line. readng close to dcs after job. notif made by ops, maint attended same shift."
10450492,40870492,2023-05-22,2023-05-24,2023-05-24,U400-DEETHANIZER-500,P-502A,bottoms pump A,pump,P3,COMP,MECH,valve_stiction,vib high,VIB,ALIGN,N,4.3,773.51,P-502A not ok after valve stiction,"A shift called for P-502A bottoms pump A, position bad seen during valve stiction. Foud vib high; coupling align or cavitation. stroke tested, response better. readng close to dcs after job. notif made by ops, maint attended same shift."
10450493,40870493,2023-05-24,2023-05-26,2023-05-27,U400-DEETHANIZER-500,E-503,feed bottoms exchanger,exchanger,P3,CLSD,INST,feed_flow_step,tube fouling,FOULING,PROCESS,N,4.7,7888.56,E-503 tube fouling ops req,"night called for E-503 feed bottoms exchanger, lvl swing seen during feed flow step. Foud tube fouling; duty low, delta t poor. reset trip and monitored for 2 hrs. still little hunting but acceptable. notif made by ops, maint attended same shift."
10450494,40870494,2023-05-22,2023-05-23,2023-05-24,U400-DEETHANIZER-500,E-502,deethanizer overhead condenser,condenser,P2,COMP,OPS+MECH,feed_temperature_ramp,tube leak sus,LEAK,TUBE,N,4.1,13415.89,chk E-502 - tube leak sus frm ops,"night called for E-502 deethanizer overhead condenser, rb duty up seen during feed temperature ramp. Foud tube leak sus; hydrotest reqd. tightened fittings, leak test ok. need watch next feed swing. notif made by ops, maint attended same shift."
10450495,40870495,2023-05-23,2023-05-24,2023-05-25,U400-DEETHANIZER-500,FT-501,feed flow transmitter,instrument,P4,CLSD,E&I,pressure_control_fault,range err,SPAN,CAL,N,15.1,2024.06,"FT-501 range err again, prod upset","B shift called for FT-501 feed flow transmitter, pshh close call seen during pressure control fault. Foud range err; span shifted. Could not get permit first time waiting area gas test. tightened fittings, leak test ok. unit stable now. notif made by ops, maint attended same shift."
10450496,40870496,2023-05-24,2023-05-24,2023-05-24,U400-DEETHANIZER-500,E-502,deethanizer overhead condenser,condenser,P3,TECO,INST,condenser_fouling,cw fouling,FOULING,UTILITY,N,13.7,6619.49,chk E-502 - cw fouling frm ops,"B shift called for E-502 deethanizer overhead condenser, high ovhd press seen during condenser fouling. Foud cw fouling; cw side scaled. tightened fittings, leak test ok. need watch next feed swing. notif made by ops, maint attended same shift."
10450497,40870497,2023-05-27,2023-05-27,2023-05-30,U400-DEETHANIZER-500,P-502B,bottoms pump B,pump,P3,COMP,VALVE,condenser_fouling,bearing hot,BRG,WEAR,N,5.0,14820.36,P-502B not ok after condenser fouling,"days called for P-502B bottoms pump B, cw dt low seen during condenser fouling. Foud bearing hot; brg rough, lube dark. History shows same complain last mnth. replaced positioner tubing and retuned small. still little hunting but acceptable. notif made by ops, maint attended same shift."
10450498,40870498,2023-05-27,2023-05-29,2023-05-30,U400-DEETHANIZER-500,AIT-502,bottoms C3+ analyzer,analyzer,P2,COMP,OPS+INST,feed_composition_shift,sample plugged,PLUG,SAMPLE,N,9.1,2251.06,chk AIT-502 - sample plugged frm ops,"days called for AIT-502 bottoms C3+ analyzer, quality bad seen during feed composition shift. Foud sample plugged; fast loop low flow. Could not get permit first time waiting area gas test. reset trip and monitored for 2 hrs. temp repair only, plan shutdown job. notif made by ops, maint attended same shift."
10450499,40870499,2023-05-31,2023-05-31,2023-06-01,U400-DEETHANIZER-500,TT-501B,sensitive tray temperature tx,instrument,P2,CLSD,INST,feed_temperature_ramp,no signal,NO_SIGNAL,ELEC,N,2.6,3239.43,TT-501B no signal ops req,"A shift called for TT-501B sensitive tray temperature tx, rb duty up seen during feed temperature ramp. Foud no signal; 24v or card issue. stroke tested, response better. no leak at handover. notif made by ops, maint attended same shift."
10450500,40870500,2023-05-31,2023-05-31,2023-06-01,U400-DEETHANIZER-500,TT-501B,sensitive tray temperature tx,instrument,P2,CLSD,ANLYZR,feed_temperature_ramp,bad reading,DRIFT,CAL,N,14.0,2769.0,"TT-501B ovhd press moving, bad reading","night called for TT-501B sensitive tray temperature tx, tray temp drift seen during feed temperature ramp. Foud bad reading; needs calib. changed gasket and boxed up. unit stable now. notif made by ops, maint attended same shift."
10450501,40870501,2023-06-03,2023-06-03,2023-06-03,U400-DEETHANIZER-500,E-503,feed bottoms exchanger,exchanger,P3,TECO,ROT,feed_composition_shift,gasket weep,LEAK,GASKET,N,1.7,2547.09,"E-503 ovhd c3 slip, gasket weep","days called for E-503 feed bottoms exchanger, quality bad seen during feed composition shift. Foud gasket weep; flange sweating. changed gasket and boxed up. no leak at handover. notif made by ops, maint attended same shift."
10450502,40870502,2023-06-06,2023-06-07,2023-06-08,U400-DEETHANIZER-500,PT-501,column overhead pressure tx,instrument,P3,COMP,E&I,condenser_fouling,no signal,NO_SIGNAL,ELEC,N,16.7,380.92,"PT-501 cond not pullng, no signal","A shift called for PT-501 column overhead press tx, pic wide open seen during condenser fouling. Foud no signal; 24v or card issue. swapped to standby and repaired. still little hunting but acceptable. notif made by ops, maint attended same shift."
10450503,40870503,2023-06-05,2023-06-05,2023-06-05,U400-DEETHANIZER-500,E-502,deethanizer overhead condenser,condenser,P3,CLSD,OPS+MECH,normal_wear,tv no travel,VALVE,STICK,N,12.5,3802.95,"E-502 tv no travel again, prod upset","C shift called for E-502 deethanizer overhead condenser, leak seen during normal wear. Foud tv no travel; cooling valve stuck. Tag plate dirty, confirmd by line up with panel. flushed impulse/sample line. readng close to dcs after job. notif made by ops, maint attended same shift."
10450504,40870504,2023-06-10,2023-06-11,2023-06-25,U400-DEETHANIZER-500,TV-502,condenser cooling valve,control_valve,P3,CLSD,VALVE,valve_stiction,stiction,STICK,PACKING,N,11.1,913.33,chk TV-502 - stiction frm ops,"C shift called for TV-502 condenser cooling valve, loop cycling seen during valve stiction. Foud stiction; stem sticky and pos err. No spare in store at first, used refurb one from shop. calibrated, loop checked with CCR. still little hunting but acceptable. notif made by ops, maint attended same shift."
10450505,40870505,2023-06-11,2023-06-11,2023-06-12,U400-DEETHANIZER-500,E-501,deethanizer reboiler,reboiler,P3,TECO,ROT,normal_wear,fouled bundle,FOULING,PROCESS,N,3.5,6434.37,"E-501 fouled bundle again, prod upset","days called for E-501 deethanizer reboiler, pm found defect seen during normal wear. Foud fouled bundle; bottoms side dirty. replaced positioner tubing and retuned small. readng close to dcs after job. notif made by ops, maint attended same shift."
10450506,40870506,2023-06-11,2023-06-12,2023-06-13,U400-DEETHANIZER-500,E-501,deethanizer reboiler,reboiler,P3,TECO,ANLYZR,normal_wear,fouled bundle,FOULING,PROCESS,N,4.8,10027.42,"E-501 fouled bundle again, prod upset","days called for E-501 deethanizer reboiler, leak seen during normal wear. Foud fouled bundle; bottoms side dirty. stroke tested, response better. unit stable now. notif made by ops, maint attended same shift."
10450507,40870507,2023-06-13,2023-06-13,2023-06-18,U400-DEETHANIZER-500,PT-501,column overhead pressure tx,instrument,P3,CLSD,OPS+INST,condenser_fouling,impulse plugged,PLUG,PROCESS,N,11.5,5071.81,chk PT-501 - impulse plugged frm ops,"C shift called for PT-501 column overhead press tx, high ovhd press seen during condenser fouling. Foud impulse plugged; tap/line dirty. changed gasket and boxed up. no leak at handover. notif made by ops, maint attended same shift."
10450508,40870508,2023-06-16,2023-06-18,2023-06-25,U400-DEETHANIZER-500,E-502,deethanizer overhead condenser,condenser,P4,TECO,ANLYZR,pressure_control_fault,cw fouling,FOULING,UTILITY,N,4.3,4850.2,chk E-502 - cw fouling frm ops,"B shift called for E-502 deethanizer overhead condenser, flare valve checked seen during pressure control fault. Foud cw fouling; cw side scaled. opened strainer, cleaned black sludge. still little hunting but acceptable. notif made by ops, maint attended same shift."
10450509,40870509,2023-06-12,2023-06-12,2023-06-15,U400-DEETHANIZER-500,T-501,deethanizer column,column,P3,CLSD,OPS+INST,feed_composition_shift,weeping flange,LEAK,GASKET,N,17.9,6331.3,"T-501 c3 in feed hi, weeping flange","C shift called for T-501 deethanizer column, btm heavy seen during feed composition shift. Foud weeping flange; manway/flange seep. reset trip and monitored for 2 hrs. need watch next feed swing. notif made by ops, maint attended same shift."
10450510,40870510,2023-06-18,2023-06-20,2023-06-21,U400-DEETHANIZER-500,P-502A,bottoms pump A,pump,P3,COMP,ANLYZR,feed_flow_step,low disch press,HYD_LOSS,FOUL,N,17.9,13014.95,"P-502A c2 recov down, low disch press","C shift called for P-502A bottoms pump A, lvl swing seen during feed flow step. Foud low disch press; strainer dirty or impeller wear. Line was hot so job done slow and with ops standing by. reset trip and monitored for 2 hrs. readng close to dcs after job. notif made by ops, maint attended same shift."
10450511,40870511,2023-06-15,2023-06-15,2023-06-18,U400-DEETHANIZER-500,P-502A,bottoms pump A,pump,P3,CLSD,ANLYZR,feed_composition_shift,low disch press,HYD_LOSS,FOUL,N,17.8,12835.98,P-502A low disch press ops req,"C shift called for P-502A bottoms pump A, anlyzr off seen during feed composition shift. Foud low disch press; strainer dirty or impeller wear. calibrated, loop checked with CCR. no leak at handover. notif made by ops, maint attended same shift."
10450512,40870512,2023-06-19,2023-06-19,2023-06-24,U400-DEETHANIZER-500,AIT-501,overhead C2 analyzer,analyzer,P2,TECO,ANLYZR,normal_wear,anlyzr drift,DRIFT,CAL_GAS,Y,21.8,499.12,AIT-501 not ok after normal wear,"days called for AIT-501 overhead C2 analyzer, plugged impulse seen during normal wear. Foud anlyzr drift; cal gas failed. No spare in store at first, used refurb one from shop. reset trip and monitored for 2 hrs. no leak at handover. notif made by ops, maint attended same shift."
10450513,40870513,2023-06-21,2023-06-21,2023-06-23,U400-DEETHANIZER-500,P-501B,reflux pump B,pump,P3,TECO,OPS+MECH,normal_wear,motor trip,MOTOR,ELEC,N,12.4,16021.01,chk P-501B - motor trip frm ops,"night called for P-501B reflux pump B, bad reading seen during normal wear. Foud motor trip; overload trip after upset. No spare in store at first, used refurb one from shop. calibrated, loop chekd with CCR. still little hunting but acceptable. notif made by ops, maint attended same shift."
10450514,40870514,2023-06-20,2023-06-20,2023-06-25,U400-DEETHANIZER-500,T-501,deethanizer column,column,P2,COMP,OPS+MECH,feed_flow_step,weeping flange,LEAK,GASKET,N,8.8,5120.06,T-501 not ok after feed flow step,"C shift called for T-501 deethanizer colmn, colmn dp high seen during feed flow step. Foud weeping flange; manway/flange seep. Tag plate dirty, confirmd by line up with panel. opened strainer, cleaned black sludge. still little hunting but acceptable. notif made by ops, maint attended same shift."
10450515,40870515,2023-06-22,2023-06-22,2023-06-22,U400-DEETHANIZER-500,TV-501,reboiler hot medium valve,control_valve,P2,TECO,MECH,reboiler_duty_loss,not stroking,NO_TRAVEL,ACT,Y,10.8,98.77,TV-501 not ok after reboiler duty loss,"B shift called for TV-501 reboiler hot medium valve, low heat seen during reboiler duty loss. Foud not stroking; actuator weak. changed gasket and boxed up. unit stable now. notif made by ops, maint attended same shift."
10450516,40870516,2023-06-26,2023-06-26,2023-07-01,U400-DEETHANIZER-500,TV-501,reboiler hot medium valve,control_valve,P3,COMP,ROT,normal_wear,air leak,AIR_LEAK,TUBING,N,9.9,5719.55,"TV-501 bad reading, air leak","days called for TV-501 reboiler hot medium valve, bad reading seen during normal wear. Foud air leak; positioner supply drop. flushed impulse/sample line. need watch next feed swing. notif made by ops, maint attended same shift."
10450517,40870517,2023-06-29,2023-06-30,2023-07-02,U400-DEETHANIZER-500,PT-501,column overhead pressure tx,instrument,P3,COMP,ANLYZR,condenser_fouling,loose wire,SIGNAL,ELEC,N,11.2,4685.33,"PT-501 pic wide open, loose wire","days called for PT-501 column overhead pressure tx, drum temp hi seen during condnsr fouling. Foud loose wire; term loose. Tag plate dirty, confirmd by line up with panel. reset trip and monitored for 2 hrs. still little hunting but acceptable. notif made by ops, maint attended same shift."
10450518,40870518,2023-06-30,2023-06-30,2023-07-01,U400-DEETHANIZER-500,T-501,deethanizer column,column,P3,TECO,INST,feed_flow_step,tray temp bad,TEMP_DEV,PROCESS,N,6.3,1322.91,chk T-501 - tray temp bad frm ops,"night called for T-501 deethanizer column, fic hunting seen during feed flow step. Foud tray temp bad; profile not normal. reset trip and monitored for 2 hrs. ops says ok for now. notif made by ops, maint attended same shift."
10450519,40870519,2023-07-02,2023-07-03,2023-07-04,U400-DEETHANIZER-500,T-501,deethanizer column,column,P4,COMP,ROT,feed_flow_step,weeping flange,LEAK,GASKET,N,3.8,5001.58,"T-501 lvl swing, weeping flange","B shift called for T-501 deethanizer column, feed jump seen during feed flow step. Foud weeping flange; manway/flange seep. Line was hot so job done slow and with ops standing by. swapped to standby and repaired. temp repair only, plan shutdown job. notif made by ops, maint attended same shift."
10450520,40870520,2023-07-01,2023-07-02,2023-07-03,U400-DEETHANIZER-500,E-502,deethanizer overhead condenser,condenser,P2,CLSD,E&I,pressure_control_fault,tube leak sus,LEAK,TUBE,N,11.9,5694.19,"E-502 tube leak sus again, prod upset","C shift called for E-502 deethanizer overhead condenser, pshh close call seen during pressure control fault. Foud tube leak sus; hydrotest reqd. calibrated, loop checked with CCR. ops says ok for now. notif made by ops, maint attended same shift."
10450521,40870521,2023-07-02,2023-07-03,2023-07-04,U400-DEETHANIZER-500,P-501A,reflux pump A,pump,P4,COMP,ANLYZR,reboiler_duty_loss,low disch press,HYD_LOSS,FOUL,N,15.0,4645.71,"P-501A low disch press again, prod upset","night called for P-501A reflux pump A, steam/hm valve no resp seen during reboiler duty loss. Foud low disch press; strainer dirty or impeller wear. No spare in store at first, used refurb one from shop. swapped to standby and repaired. readng close to dcs after job. notif made by ops, maint attended same shift."
10450522,40870522,2023-07-02,2023-07-03,2023-07-04,U400-DEETHANIZER-500,LV-501,reflux drum level valve,control_valve,P2,TECO,INST,pressure_control_fault,air leak,AIR_LEAK,TUBING,Y,10.4,4054.79,chk LV-501 - air leak frm ops,"night called for LV-501 reflux drum level valve, pic unstable seen during press control fault. Foud air leak; positioner supply drop. Tag plate dirty, confirmd by line up with panel. stroke tested, response better. unit stable now. notif made by ops, maint attended same shift."
10450523,40870523,2023-07-07,2023-07-08,2023-07-11,U400-DEETHANIZER-500,V-501,deethanizer reflux drum,vessel,P2,TECO,MECH,feed_composition_shift,boot drain leak,LEAK,VALVE,N,13.6,5814.6,"V-501 boot drain leak again, prod upset","days called for V-501 deethanizer reflux drum, quality bad seen during feed composition shift. Foud boot drain leak; closed drain valve passing. History shows same complain last mnth. replaced positioner tubing and retuned small. readng close to dcs after job. notif made by ops, maint attended same shift."
10450524,40870524,2023-07-05,2023-07-05,2023-07-06,U400-DEETHANIZER-500,T-501,deethanizer column,column,P3,COMP,OPS+MECH,valve_stiction,weeping flange,LEAK,GASKET,N,13.0,3790.41,"T-501 op jumps, weeping flange","A shift called for T-501 deethanizer column, op jumps seen during vavle stiction. Foud weeping flange; manway/flange seep. flushed impulse/sample line. unit stable now. notif made by ops, maint attended same shift."
10450525,40870525,2023-07-09,2023-07-10,2023-07-11,U400-DEETHANIZER-500,PV-501,column pressure control valve,control_valve,P4,COMP,OPS+INST,pressure_control_fault,stiction,STICK,PACKING,N,12.0,169.56,chk PV-501 - stiction frm ops,"B shift called for PV-501 column pressure control valve, pic unstable seen during pressure control fault. Foud stiction; stem sticky and pos err. Line was hot so job done slow and with ops standing by. cleaned and put back online. still little hunting but acceptable. notif made by ops, maint attended same shift."
10450526,40870526,2023-07-11,2023-07-11,2023-07-11,U400-DEETHANIZER-500,E-503,feed bottoms exchanger,exchanger,P3,COMP,MECH,valve_stiction,gasket weep,LEAK,GASKET,N,13.3,3138.4,"E-503 position bad, gasket weep","night called for E-503 feed bottoms exchanger, op jumps seen during valve stiction. Foud gasket weep; flange sweating. flushed impulse/sample line. unit stable now. notif made by ops, maint attended same shift."
10450527,40870527,2023-07-13,2023-07-13,2023-07-14,U400-DEETHANIZER-500,PSV-501B,column relief valve B,relief,P3,COMP,VALVE,pressure_control_fault,car seal broken,CSO,HUMAN,N,14.7,1794.55,chk PSV-501B - car seal broken frm ops,"night called for PSV-501B column relief valve B, press spike seen during press control fault. Foud car seal broken; seal missing found. flushed impulse/sample line. ops says ok for now. notif made by ops, maint attended same shift."
10450528,40870528,2023-07-15,2023-07-15,2023-07-22,U400-DEETHANIZER-500,P-501B,reflux pump B,pump,P2,TECO,OPS+MECH,reboiler_duty_loss,low disch press,HYD_LOSS,FOUL,Y,20.2,6430.25,chk P-501B - low disch press frm ops,"A shift called for P-501B reflux pump B, steam/hm valve no resp seen during reboiler duty loss. Foud low disch press; strainer dirty or impeller wear. Tag plate dirty, confirmd by line up with panel. reset trip and monitored for 2 hrs. no leak at handover. notif made by ops, maint attended same shift."
10450529,40870529,2023-07-16,2023-07-16,2023-07-17,U400-DEETHANIZER-500,PT-501,column overhead pressure tx,instrument,P2,COMP,ANLYZR,pressure_control_fault,range err,SPAN,CAL,N,3.5,5931.01,"PT-501 range err again, prod upset","night called for PT-501 column overhead pressure tx, pv not movng seen during pressure control fault. Foud range err; span shifted. opened strainer, cleaned black sludge. no leak at handover. notif made by ops, maint attended same shift."
10450530,40870530,2023-07-13,2023-07-13,2023-07-14,U400-DEETHANIZER-500,TV-501,reboiler hot medium valve,control_valve,P3,CLSD,VALVE,reboiler_duty_loss,air leak,AIR_LEAK,TUBING,N,8.8,2723.57,"TV-501 steam/hm valve no resp, air leak","B shift called for TV-501 reboiler hot medium vavle, low heat seen during reboiler duty loss. Foud air leak; positioner supply drop. Line was hot so job done slow and with ops standing by. replaced positioner tubing and retuned small. ops says ok for now. notif made by ops, maint attended same shift."
10450531,40870531,2023-07-14,2023-07-14,2023-07-16,U400-DEETHANIZER-500,FV-502,reflux flow control valve,control_valve,P4,TECO,ANLYZR,reflux_pump_degradation,passing,LEAK_BY,SEAT,N,8.2,5346.64,"FV-502 disch press low, passing","days called for FV-502 reflux flow control valve, seal weep seen during reflux pump degradation. Foud passing; seat leak by. History shows same complain last mnth. cleaned and put back online. still little hunting but acceptable. notif made by ops, maint attended same shift."
10450532,40870532,2023-07-20,2023-07-20,2023-07-22,U400-DEETHANIZER-500,LV-501,reflux drum level valve,control_valve,P3,COMP,ROT,valve_stiction,not stroking,NO_TRAVEL,ACT,N,5.4,5437.01,LV-501 not ok after valve stiction,"night called for LV-501 reflux drum level vavle, vavle sticking seen during vavle stiction. Foud not stroking; actuator weak. cleaned and put back online. temp repair only, plan shutdown job. notif made by ops, maint attended same shift."
10450533,40870533,2023-07-22,2023-07-23,2023-07-26,U400-DEETHANIZER-500,PV-501,column pressure control valve,control_valve,P3,COMP,MECH,valve_stiction,stiction,STICK,PACKING,N,16.8,161.02,PV-501 stiction after upset,"days called for PV-501 colmn press control valve, op jumps seen during valve stiction. Foud stiction; stem sticky and pos err. changed gasket and boxed up. temp repair only, plan shutdown job. notif made by ops, maint attended same shift."
10450534,40870534,2023-07-24,2023-07-24,2023-07-25,U400-DEETHANIZER-500,TT-503,reboiler outlet temperature tx,instrument,P2,TECO,OPS+INST,reboiler_duty_loss,impulse plugged,PLUG,PROCESS,N,8.7,834.16,"TT-503 impulse plugged again, prod upset","C shift called for TT-503 rebiler outlet temperature tx, c2 in btm seen during rebiler duty loss. Foud impulse plugged; tap/line dirty. Tag plate dirty, confirmd by line up with panel. opened strainer, cleaned black sludge. need watch next feed swing. notif made by ops, maint attended same shift."
10450535,40870535,2023-07-23,2023-07-23,2023-07-23,U400-DEETHANIZER-500,E-503,feed bottoms exchanger,exchanger,P4,COMP,OPS+MECH,feed_temperature_ramp,plugged pass,PLUG,FOUL,N,14.7,8162.97,chk E-503 - plugged pass frm ops,"days called for E-503 feed bottoms exchanger, rb duty up seen during feed temperature ramp. Foud plugged pass; flow restricted. tightened fittings, leak test ok. unit stable now. notif made by ops, maint attended same shift."
10450536,40870536,2023-07-22,2023-07-22,2023-07-23,U400-DEETHANIZER-500,P-501A,reflux pump A,pump,P2,COMP,VALVE,reflux_pump_degradation,low disch press,HYD_LOSS,FOUL,N,12.7,4708.79,chk P-501A - low disch press frm ops,"C shift called for P-501A reflux pump A, disch press low seen during reflux pump degradation. Foud low disch press; strainer dirty or impeller wear. Could not get permit first time waiting area gas test. replaced positioner tubing and retuned small. readng close to dcs after job. notif made by ops, maint attended same shift."
10450537,40870537,2023-07-24,2023-07-25,2023-07-26,U400-DEETHANIZER-500,LT-502,column bottom level tx,instrument,P4,COMP,ANLYZR,reflux_pump_degradation,range err,SPAN,CAL,N,4.5,3125.32,"LT-502 range err again, prod upset","night called for LT-502 column bottom level tx, disch press low seen during reflux pump degradation. Foud range err; span shifted. cleaned and put back online. unit stable now. notif made by ops, maint attended same shift."
10450538,40870538,2023-07-25,2023-07-26,2023-07-26,U400-DEETHANIZER-500,P-501A,reflux pump A,pump,P3,TECO,INST,reflux_pump_degradation,seal leak,MECH_SEAL,SEAL,N,10.9,14355.01,"P-501A min flow hot, seal leak","night called for P-501A reflux pump A, min flow hot seen during reflux pump degradation. Foud seal leak; seal face worn / dry run signs. reset trip and monitored for 2 hrs. unit stable now. notif made by ops, maint attended same shift."
10450539,40870539,2023-07-28,2023-07-28,2023-07-29,U400-DEETHANIZER-500,PSV-501A,column relief valve A,relief,P4,CLSD,OPS+MECH,normal_wear,car seal broken,CSO,HUMAN,N,9.8,3771.19,"PSV-501A bad reading, car seal broken","B shift called for PSV-501A column relief valve A, plugged impulse seen during normal wear. Foud car seal broken; seal missing foud. calibrated, loop checked with CCR. need watch next feed swing. notif made by ops, maint attended same shift."
10450540,40870540,2023-07-29,2023-07-29,2023-08-01,U400-DEETHANIZER-500,PT-501,column overhead pressure tx,instrument,P3,TECO,INST,pressure_control_fault,impulse plugged,PLUG,PROCESS,N,10.0,2526.49,"PT-501 flare valve chekd, impulse plugged","B shift called for PT-501 column overhead pressure tx, press spike seen during pressure control fault. Foud impulse plugged; tap/line dirty. reset trip and monitored for 2 hrs. ops says ok for now. notif made by ops, maint attended same shift."
10450541,40870541,2023-08-02,2023-08-02,2023-08-03,U400-DEETHANIZER-500,T-501,deethanizer column,column,P3,CLSD,ROT,feed_composition_shift,weeping flange,LEAK,GASKET,N,5.2,986.9,T-501 not ok after feed composition shift,"night called for T-501 deethanizer column, anlyzr off seen during feed composition shift. Foud weeping flange; manway/flange seep. Could not get permit first time waiting area gas test. calibrated, loop checked with CCR. no leak at handover. notif made by ops, maint attended same shift."
10450542,40870542,2023-08-01,2023-08-01,2023-08-01,U400-DEETHANIZER-500,FV-502,reflux flow control valve,control_valve,P3,CLSD,VALVE,reboiler_duty_loss,air leak,AIR_LEAK,TUBING,N,8.0,2640.69,chk FV-502 - air leak frm ops,"B shift called for FV-502 reflux flow ctrl valve, tray temp low seen during reboiler duty loss. Foud air leak; positioner supply drop. flushed impulse/sample line. no leak at handover. notif made by ops, maint attended same shift."
10450543,40870543,2023-08-01,2023-08-02,2023-08-02,U400-DEETHANIZER-500,E-502,deethanizer overhead condenser,condenser,P3,CLSD,MECH,condenser_fouling,tv no travel,VALVE,STICK,N,8.4,1569.06,chk E-502 - tv no travel frm ops,"A shift called for E-502 deethanizer overhead condenser, pic wide open seen during condenser fouling. Foud tv no travel; cooling valve stuck. tightened fittings, leak test ok. need watch next feed swing. notif made by ops, maint attended same shift."
10450544,40870544,2023-08-02,2023-08-03,2023-08-06,U400-DEETHANIZER-500,P-501B,reflux pump B,pump,P3,TECO,ROT,reflux_pump_degradation,vib high,VIB,ALIGN,N,7.2,13247.14,P-501B not ok after reflux pump degradation,"days called for P-501B reflux pump B, seal weep seen during reflux pump degradation. Foud vib high; coupling align or cavitation. changed gasket and boxed up. temp repair only, plan shutdown job. notif made by ops, maint attended same shift."
10450545,40870545,2023-08-07,2023-08-07,2023-08-07,U400-DEETHANIZER-500,FV-502,reflux flow control valve,control_valve,P2,TECO,ANLYZR,valve_stiction,stiction,STICK,PACKING,N,12.4,2522.29,"FV-502 air leak, stiction","days called for FV-502 reflux flow control valve, op jumps seen during valve stiction. Foud stiction; stem sticky and pos err. stroke tested, response better. temp repair only, plan shutdown job. notif made by ops, maint attended same shift."
10450546,40870546,2023-08-07,2023-08-07,2023-08-08,U400-DEETHANIZER-500,FV-502,reflux flow control valve,control_valve,P1,CLSD,OPS+INST,feed_temperature_ramp,hunting loop,CTRL_OSC,TUNE,N,1.6,1467.76,FV-502 not ok after feed temperature ramp,"days called for FV-502 reflux flow ctrl valve, tray temp drift seen during feed temperature ramp. Foud hunting loop; bad response after upset. Tag plate dirty, confirmd by line up with panel. stroke tested, response better. readng close to dcs after job. notif made by ops, maint attended same shift."
10450547,40870547,2023-08-07,2023-08-09,2023-08-12,U400-DEETHANIZER-500,DPT-501,column diff pressure tx,instrument,P1,COMP,E&I,feed_temperature_ramp,range err,SPAN,CAL,Y,21.5,5492.82,chk DPT-501 - range err frm ops,"night called for DPT-501 column diff pressure tx, rb duty up seen during feed temperature ramp. Foud range err; span shifted. cleaned and put back online. unit stable now. notif made by ops, maint attended same shift."
10450548,40870548,2023-08-11,2023-08-12,2023-08-13,U400-DEETHANIZER-500,E-503,feed bottoms exchanger,exchanger,P2,COMP,OPS+MECH,feed_flow_step,gasket weep,LEAK,GASKET,Y,7.7,248.95,chk E-503 - gasket weep frm ops,"A shift called for E-503 feed bottoms exchanger, fic hunting seen during feed flow step. Foud gasket weep; flange sweating. History shows same complain last mnth. flushed impulse/sample line. unit stable now. notif made by ops, maint attended same shift."
10450549,40870549,2023-08-10,2023-08-12,2023-08-13,U400-DEETHANIZER-500,TT-503,reboiler outlet temperature tx,instrument,P3,CLSD,E&I,normal_wear,range err,SPAN,CAL,N,10.7,3608.14,"TT-503 range err again, prod upset","A shift called for TT-503 reboiler outlet temp tx, pm found defect seen during normal wear. Foud range err; span shifted. Line was hot so job done slow and with ops standing by. flushed impulse/sample line. no leak at handover. notif made by ops, maint attended same shift."
10450550,40870550,2023-08-15,2023-08-16,2023-08-19,U400-DEETHANIZER-500,E-502,deethanizer overhead condenser,condenser,P3,COMP,MECH,valve_stiction,cw fouling,FOULING,UTILITY,N,4.6,2316.27,E-502 cw fouling asap,"night called for E-502 deethanizer overhead condenser, op jumps seen during vavle stiction. Foud cw fouling; cw side scaled. History shows same complain last mnth. calibrated, loop checked with CCR. temp repair only, plan shutdown job. notif made by ops, maint attended same shift."
10450551,40870551,2023-08-16,2023-08-17,2023-08-18,U400-DEETHANIZER-500,V-501,deethanizer reflux drum,vessel,P3,CLSD,OPS+MECH,feed_composition_shift,level swing,LVL_SWING,CTRL,N,12.3,977.71,chk V-501 - level swing frm ops,"A shift called for V-501 deethanizer reflux drum, anlyzr off seen during feed composition shift. Foud level swing; lt/lic problem. History shows same complain last mnth. stroke tested, response better. readng close to dcs after job. notif made by ops, maint attended same shift."
10450552,40870552,2023-08-15,2023-08-15,2023-08-16,U400-DEETHANIZER-500,FV-502,reflux flow control valve,control_valve,P3,TECO,VALVE,reflux_pump_degradation,stiction,STICK,PACKING,N,12.5,2792.38,"FV-502 stiction again, prod upset","days called for FV-502 reflux flow control valve, min flow hot seen during reflux pump degradation. Foud stiction; stem sticky and pos err. Tag plate dirty, confirmd by line up with panel. calibrated, loop chekd with CCR. readng close to dcs after job. notif made by ops, maint attended same shift."
10450553,40870553,2023-08-15,2023-08-16,2023-08-17,U400-DEETHANIZER-500,PT-501,column overhead pressure tx,instrument,P3,CLSD,INST,valve_stiction,loose wire,SIGNAL,ELEC,N,11.4,947.59,"PT-501 valve sticking, loose wire","night called for PT-501 column overhead pressure tx, air leak seen during valve stiction. Foud loose wire; term loose. replaced positioner tubing and retuned small. still little hunting but acceptable. notif made by ops, maint attended same shift."
10450554,40870554,2023-08-20,2023-08-20,2023-08-21,U400-DEETHANIZER-500,V-501,deethanizer reflux drum,vessel,P3,TECO,E&I,valve_stiction,level swing,LVL_SWING,CTRL,N,4.0,5589.68,V-501 not ok after valve stiction,"B shift called for V-501 deethanizer reflux drum, valve sticking seen during valve stiction. Foud level swing; lt/lic problem. Could not get permit first time waiting area gas test. changed gasket and boxed up. ops says ok for now. notif made by ops, maint attended same shift."
10450555,40870555,2023-08-20,2023-08-21,2023-08-22,U400-DEETHANIZER-500,P-501B,reflux pump B,pump,P3,COMP,OPS+MECH,condenser_fouling,low disch press,HYD_LOSS,FOUL,N,3.1,14111.68,P-501B not ok after condnsr fouling,"A shift called for P-501B reflux pump B, drum temp hi seen during condenser fouling. Foud low disch press; strainer dirty or impeller wear. tightened fittings, leak test ok. unit stable now. notif made by ops, maint attended same shift."
10450556,40870556,2023-08-23,2023-08-23,2023-08-28,U400-DEETHANIZER-500,LV-502,bottoms level valve,control_valve,P2,CLSD,MECH,valve_stiction,stiction,STICK,PACKING,N,9.2,4103.9,LV-502 not ok after valve stiction,"B shift called for LV-502 bottoms level valve, air leak seen during valve stiction. Foud stiction; stem sticky and pos err. History shows same complain last mnth. swapped to standby and repaired. still little hunting but acceptable. notif made by ops, maint attended same shift."
10450557,40870557,2023-08-24,2023-08-24,2023-08-24,U400-DEETHANIZER-500,E-503,feed bottoms exchanger,exchanger,P2,COMP,ROT,feed_composition_shift,gasket weep,LEAK,GASKET,Y,23.5,6832.54,E-503 not ok after feed composition shift,"night called for E-503 feed bottoms exchanger, ovhd c3 slip seen during feed composition shift. Foud gasket weep; flange sweating. stroke tested, response better. need watch next feed swing. notif made by ops, maint attended same shift."
10450558,40870558,2023-08-23,2023-08-23,2023-08-24,U400-DEETHANIZER-500,TV-502,condenser cooling valve,control_valve,P3,CLSD,E&I,condenser_fouling,passing,LEAK_BY,SEAT,N,9.7,3559.04,"TV-502 passing again, prod upset","night called for TV-502 condenser cooling valve, pic wide open seen during condenser fouling. Foud passing; seat leak by. cleaned and put back online. no leak at handover. notif made by ops, maint attended same shift."
10450559,40870559,2023-08-27,2023-08-27,2023-08-29,U400-DEETHANIZER-500,TV-502,condenser cooling valve,control_valve,P3,TECO,INST,condenser_fouling,passing,LEAK_BY,SEAT,N,5.7,1555.08,TV-502 not ok after condenser fouling,"B shift called for TV-502 condenser cooling vavle, high ovhd press seen during condenser fouling. Foud passing; seat leak by. replaced positioner tubing and retuned small. no leak at handover. notif made by ops, maint attended same shift."
10450560,40870560,2023-08-31,2023-08-31,2023-09-01,U400-DEETHANIZER-500,TV-502,condenser cooling valve,control_valve,P1,TECO,INST,condenser_fouling,passing,LEAK_BY,SEAT,N,17.6,2642.5,TV-502 not ok after condenser fouling,"A shift called for TV-502 condenser cooling valve, high ovhd press seen during condenser fouling. Foud passing; seat leak by. No spare in store at first, used refurb one from shop. opened strainer, cleaned black sludge. ops says ok for now. notif made by ops, maint attended same shift."
10450561,40870561,2023-08-27,2023-08-29,2023-09-01,U400-DEETHANIZER-500,E-502,deethanizer overhead condenser,condenser,P3,CLSD,E&I,condenser_fouling,tube leak sus,LEAK,TUBE,N,14.5,946.96,"E-502 tube leak sus again, prod upset","C shift called for E-502 deethanizer overhead condnsr, drum temp hi seen during condnsr fouling. Foud tube leak sus; hydrotest reqd. History shows same complain last mnth. tightened fittings, leak test ok. unit stable now. notif made by ops, maint attended same shift."
10450562,40870562,2023-09-01,2023-09-02,2023-09-05,U400-DEETHANIZER-500,T-501,deethanizer column,column,P3,CLSD,INST,pressure_control_fault,tray temp bad,TEMP_DEV,PROCESS,N,3.5,4814.53,"T-501 pic unstable, tray temp bad","B shift called for T-501 deethanizer column, pv not movng seen during press ctrl fault. Foud tray temp bad; profile not normal. opened strainer, cleaned black sludge. need watch next feed swing. notif made by ops, maint attended same shift."
10450563,40870563,2023-08-30,2023-08-31,2023-09-02,U400-DEETHANIZER-500,P-501A,reflux pump A,pump,P2,COMP,MECH,reflux_pump_degradation,bearing hot,BRG,WEAR,N,10.4,5927.27,chk P-501A - bearing hot frm ops,"B shift called for P-501A reflux pump A, pump vib seen during reflux pump degradation. Foud bearing hot; brg rough, lube dark. changed gasket and boxed up. readng close to dcs after job. notif made by ops, maint attended same shift."
10450564,40870564,2023-09-02,2023-09-02,2023-09-02,U400-DEETHANIZER-500,T-501,deethanizer column,column,P2,COMP,ANLYZR,condenser_fouling,level unstable,LVL_SWING,CTRL,N,3.9,101.78,"T-501 level unstable again, prod upset","A shift called for T-501 deethanizer column, high ovhd press seen during condenser fouling. Foud level unstable; sump level swing. opened strainer, cleaned black sludge. need watch next feed swing. notif made by ops, maint attended same shift."
10450565,40870565,2023-09-05,2023-09-05,2023-09-19,U400-DEETHANIZER-500,E-501,deethanizer reboiler,reboiler,P4,CLSD,ROT,feed_temperature_ramp,circ poor,NO_FLOW,PLUG,N,4.0,118.41,E-501 circ poor temp fix,"B shift called for E-501 deethanizer reboiler, tray temp drift seen during feed temp ramp. Foud circ poor; blocked inlet screen. reset trip and monitored for 2 hrs. readng close to dcs after job. notif made by ops, maint attended same shift."
10450566,40870566,2023-09-06,2023-09-08,2023-09-15,U400-DEETHANIZER-500,P-501A,reflux pump A,pump,P3,CLSD,ANLYZR,condenser_fouling,motor trip,MOTOR,ELEC,N,12.5,13971.8,"P-501A cond not pullng, motor trip","days called for P-501A reflux pump A, high ovhd press seen during condenser fouling. Foud motor trip; overload trip after upset. calibrated, loop checked with CCR. need watch next feed swing. notif made by ops, maint attended same shift."
10450567,40870567,2023-09-08,2023-09-08,2023-09-11,U400-DEETHANIZER-500,FV-501,feed flow control valve,control_valve,P4,COMP,VALVE,feed_flow_step,not stroking,NO_TRAVEL,ACT,N,10.3,3930.57,FV-501 not ok after feed flow step,"night called for FV-501 feed flow control valve, lvl swing seen during feed flow step. Foud not stroking; actuator weak. flushed impulse/sample line. readng close to dcs after job. notif made by ops, maint attended same shift."
10450568,40870568,2023-09-09,2023-09-09,2023-09-11,U400-DEETHANIZER-500,TV-502,condenser cooling valve,control_valve,P1,COMP,ROT,condenser_fouling,not stroking,NO_TRAVEL,ACT,N,10.0,4310.78,chk TV-502 - not stroking frm ops,"B shift called for TV-502 condenser cooling valve, pic wide open seen during condenser fouling. Foud not stroking; actuator weak. calibrated, loop checked with CCR. need watch next feed swing. notif made by ops, maint attended same shift."
10450569,40870569,2023-09-10,2023-09-10,2023-09-15,U400-DEETHANIZER-500,V-501,deethanizer reflux drum,vessel,P2,TECO,ANLYZR,reboiler_duty_loss,level swing,LVL_SWING,CTRL,N,17.1,872.56,"V-501 low heat, level swing","night called for V-501 deethanizer reflux drum, steam/hm valve no resp seen during rebiler duty loss. Foud level swing; lt/lic problem. changed gasket and boxed up. ops says ok for now. notif made by ops, maint attended same shift."
10450570,40870570,2023-09-10,2023-09-10,2023-09-24,U400-DEETHANIZER-500,FT-502,reflux flow transmitter,instrument,P3,TECO,INST,reflux_pump_degradation,no signal,NO_SIGNAL,ELEC,N,12.3,3044.74,chk FT-502 - no signal frm ops,"A shift called for FT-502 reflux flow transmitter, pump vib seen during reflux pump degradation. Foud no signal; 24v or card issue. tightened fittings, leak test ok. need watch next feed swing. notif made by ops, maint attended same shift."
10450571,40870571,2023-09-13,2023-09-14,2023-09-15,U400-DEETHANIZER-500,FT-502,reflux flow transmitter,instrument,P3,CLSD,OPS+INST,reflux_pump_degradation,no signal,NO_SIGNAL,ELEC,N,16.9,1377.97,FT-502 not ok after reflux pump degradation,"C shift called for FT-502 reflux flow tx, disch press low seen during reflux pump degradation. Foud no signal; 24v or card issue. stroke tested, response better. temp repair only, plan shutdown job. notif made by ops, maint attended same shift."
10450572,40870572,2023-09-15,2023-09-17,2023-09-19,U400-DEETHANIZER-500,E-502,deethanizer overhead condenser,condenser,P3,COMP,OPS+MECH,condenser_fouling,cw fouling,FOULING,UTILITY,N,10.3,17039.17,E-502 cw fouling after upset,"days called for E-502 deethanizer overhead condenser, high ovhd press seen during condenser fouling. Foud cw fouling; cw side scaled. History shows same complain last mnth. stroke tested, response better. unit stable now. notif made by ops, maint attended same shift."
10450573,40870573,2023-09-15,2023-09-15,2023-09-18,U400-DEETHANIZER-500,LV-501,reflux drum level valve,control_valve,P3,COMP,INST,valve_stiction,stiction,STICK,PACKING,N,6.9,5705.11,chk LV-501 - stiction frm ops,"B shift called for LV-501 reflux drum level valve, op jumps seen during valve stiction. Foud stiction; stem sticky and pos err. Tag plate dirty, confirmd by line up with panel. changed gasket and boxed up. readng close to dcs after job. notif made by ops, maint attended same shift."
10450574,40870574,2023-09-15,2023-09-15,2023-09-20,U400-DEETHANIZER-500,PV-501,column pressure control valve,control_valve,P2,TECO,VALVE,valve_stiction,passing,LEAK_BY,SEAT,N,7.9,315.68,"PV-501 vavle sticking, passing","C shift called for PV-501 column pressure control valve, op jumps seen during valve stiction. Foud passing; seat leak by. tightened fittings, leak test ok. no leak at handover. notif made by ops, maint attended same shift."
10450575,40870575,2023-09-18,2023-09-19,2023-09-20,U400-DEETHANIZER-500,PT-501,column overhead pressure tx,instrument,P2,TECO,INST,condenser_fouling,bad reading,DRIFT,CAL,N,16.5,2941.18,PT-501 bad reading after upset,"C shift called for PT-501 column overhead pressure tx, cond not pullng seen during condenser fouling. Foud bad reading; needs calib. changed gasket and boxed up. need watch next feed swing. notif made by ops, maint attended same shift."
10450576,40870576,2023-09-23,2023-09-23,2023-09-23,U400-DEETHANIZER-500,AIT-501,overhead C2 analyzer,analyzer,P2,TECO,OPS+INST,feed_composition_shift,condensate in sample,LIQ_CARRY,SAMPLE,N,4.7,4597.0,"AIT-501 condensate in sample again, prod upset","B shift called for AIT-501 overhead C2 analyzer, ovhd c3 slip seen during feed composition shift. Foud condensate in sample; knockout pot full. History shows same complain last mnth. reset trip and monitored for 2 hrs. need watch next feed swing. notif made by ops, maint attended same shift."
10450577,40870577,2023-09-22,2023-09-23,2023-09-30,U400-DEETHANIZER-500,T-501,deethanizer column,column,P3,CLSD,OPS+MECH,feed_flow_step,weeping flange,LEAK,GASKET,N,15.6,5756.56,"T-501 feed jump, weeping flange","A shift called for T-501 deethanizer column, fic hunting seen during feed flow step. Foud weeping flange; manway/flange seep. Tag plate dirty, confirmd by line up with panel. replaced positioner tubing and retuned small. still little hunting but acceptable. notif made by ops, maint attended same shift."
10450578,40870578,2023-09-22,2023-09-22,2023-09-23,U400-DEETHANIZER-500,TV-502,condenser cooling valve,control_valve,P3,COMP,ROT,condenser_fouling,air leak,AIR_LEAK,TUBING,N,7.9,1551.14,"TV-502 air leak again, prod upset","A shift called for TV-502 condenser cooling valve, cw dt low seen during condenser fouling. Foud air leak; positioner supply drop. flushed impulse/sample line. ops says ok for now. notif made by ops, maint attended same shift."
10450579,40870579,2023-09-23,2023-09-23,2023-09-25,U400-DEETHANIZER-500,E-502,deethanizer overhead condenser,condenser,P2,COMP,E&I,feed_temperature_ramp,high press,PERF,FOUL,Y,13.3,16552.19,"E-502 ovhd press moving, high press","B shift called for E-502 deethanizer overhead condenser, rb duty up seen during feed temperature ramp. Foud high press; condensing duty poor. reset trip and monitored for 2 hrs. readng close to dcs after job. notif made by ops, maint attended same shift."
10450580,40870580,2023-09-25,2023-09-25,2023-09-25,U400-DEETHANIZER-500,FV-502,reflux flow control valve,control_valve,P3,COMP,ROT,reflux_pump_degradation,hunting loop,CTRL_OSC,TUNE,N,4.8,6383.88,FV-502 not ok after rflx pump degradation,"days called for FV-502 reflux flow control valve, pump vib seen during reflux pump degradation. Foud hunting loop; bad response after upset. calibrated, loop checked with CCR. need watch next feed swing. notif made by ops, maint attended same shift."
10450581,40870581,2023-09-30,2023-09-30,2023-10-02,U400-DEETHANIZER-500,TV-502,condenser cooling valve,control_valve,P1,COMP,OPS+MECH,valve_stiction,stiction,STICK,PACKING,N,7.2,482.98,TV-502 stiction temp fix,"B shift called for TV-502 condnsr cooling vavle, air leak seen during vavle stiction. Foud stiction; stem sticky and pos err. Could not get permit first time waiting area gas test. replaced positioner tubing and retuned small. readng close to dcs after job. notif made by ops, maint attended same shift."
10450582,40870582,2023-10-01,2023-10-03,2023-10-05,U400-DEETHANIZER-500,TV-502,condenser cooling valve,control_valve,P2,TECO,ANLYZR,condenser_fouling,hunting loop,CTRL_OSC,TUNE,N,6.0,5019.2,chk TV-502 - hunting loop frm ops,"C shift called for TV-502 condnsr cooling valve, cond not pullng seen during condnsr fouling. Foud hunting loop; bad response after upset. replaced positioner tubing and retuned small. ops says ok for now. notif made by ops, maint attended same shift."
10450583,40870583,2023-09-30,2023-09-30,2023-10-02,U400-DEETHANIZER-500,PSV-501B,column relief valve B,relief,P3,CLSD,MECH,pressure_control_fault,due to lift chk,LIFT_EVENT,PROCESS,N,7.0,1608.23,"PSV-501B pshh close call, due to lift chk","A shift called for PSV-501B column relief valve B, flare valve checked seen during pressure control fault. Foud due to lift chk; after pressure excursion. No spare in store at first, used refurb one from shop. opened strainer, cleaned black sludge. no leak at handover. notif made by ops, maint attended same shift."
10450584,40870584,2023-10-04,2023-10-05,2023-10-07,U400-DEETHANIZER-500,E-503,feed bottoms exchanger,exchanger,P3,COMP,ROT,feed_flow_step,tube fouling,FOULING,PROCESS,N,11.3,1155.85,"E-503 lvl swing, tube fouling","days called for E-503 feed bottoms exchanger, column dp high seen during feed flow step. Foud tube fouling; duty low, delta t poor. tightened fittings, leak test ok. readng close to dcs after job. notif made by ops, maint attended same shift."
10450585,40870585,2023-10-05,2023-10-05,2023-10-06,U400-DEETHANIZER-500,V-501,deethanizer reflux drum,vessel,P3,TECO,OPS+INST,reboiler_duty_loss,boot drain leak,LEAK,VALVE,N,6.3,1297.88,V-501 not ok after reboiler duty loss,"night called for V-501 deethanizer reflux drum, tray temp low seen during reboiler duty loss. Foud boot drain leak; closed drain valve passing. Tag plate dirty, confirmd by line up with panel. flushed impulse/sample line. temp repair only, plan shutdown job. notif made by ops, maint attended same shift."
10450586,40870586,2023-10-08,2023-10-10,2023-10-12,U400-DEETHANIZER-500,AIT-501,overhead C2 analyzer,analyzer,P1,COMP,INST,feed_composition_shift,bad gc cycle,NO_ANALYSIS,ELEC,N,9.3,1557.86,"AIT-501 bad gc cycle again, prod upset","C shift called for AIT-501 overhead C2 analyzer, ovhd c3 slip seen during feed composition shift. Foud bad gc cycle; cycle abort. History shows same complain last mnth. stroke tested, response better. temp repair only, plan shutdown job. notif made by ops, maint attended same shift."
10450587,40870587,2023-10-06,2023-10-07,2023-10-09,U400-DEETHANIZER-500,P-501B,reflux pump B,pump,P3,COMP,OPS+INST,feed_composition_shift,bearing hot,BRG,WEAR,N,11.6,14468.77,"P-501B bearing hot again, prod upset","A shift called for P-501B rflx pump B, quality bad seen during feed composition shift. Foud bearing hot; brg rough, lube dark. History shows same complain last mnth. stroke tested, response better. no leak at handover. notif made by ops, maint attended same shift."
10450588,40870588,2023-10-07,2023-10-09,2023-10-09,U400-DEETHANIZER-500,TT-503,reboiler outlet temperature tx,instrument,P3,COMP,ANLYZR,reboiler_duty_loss,loose wire,SIGNAL,ELEC,N,6.9,2546.8,TT-503 not ok after reboiler duty loss,"night called for TT-503 reboiler outlet temp tx, tray temp low seen during reboiler duty loss. Foud loose wire; term loose. History shows same complain last mnth. tightened fittings, leak test ok. unit stable now. notif made by ops, maint attended same shift."
10450589,40870589,2023-10-09,2023-10-09,2023-10-11,U400-DEETHANIZER-500,FT-501,feed flow transmitter,instrument,P3,CLSD,OPS+INST,feed_flow_step,bad reading,DRIFT,CAL,N,3.5,4485.1,FT-501 not ok after feed flow step,"B shift called for FT-501 feed flow transmitter, column dp high seen during feed flow step. Foud bad reading; needs calib. Line was hot so job done slow and with ops standing by. tightened fittings, leak test ok. readng close to dcs after job. notif made by ops, maint attended same shift."
10450590,40870590,2023-10-13,2023-10-15,2023-10-15,U400-DEETHANIZER-500,TT-503,reboiler outlet temperature tx,instrument,P4,CLSD,OPS+INST,reboiler_duty_loss,loose wire,SIGNAL,ELEC,N,2.5,3259.43,chk TT-503 - loose wire frm ops,"days called for TT-503 rebiler outlet temperature tx, c2 in btm seen during rebiler duty loss. Foud loose wire; term loose. opened strainer, cleaned black sludge. no leak at handover. notif made by ops, maint attended same shift."
10450591,40870591,2023-10-12,2023-10-14,2023-10-16,U400-DEETHANIZER-500,TT-501B,sensitive tray temperature tx,instrument,P3,CLSD,OPS+INST,reboiler_duty_loss,no signal,NO_SIGNAL,ELEC,N,2.1,6482.99,TT-501B no signal bad,"B shift called for TT-501B sensitive tray temperature tx, c2 in btm seen during reboiler duty loss. Foud no signal; 24v or card issue. Tag plate dirty, confirmd by line up with panel. tightened fittings, leak test ok. no leak at handover. notif made by ops, maint attended same shift."
10450592,40870592,2023-10-14,2023-10-14,2023-10-15,U400-DEETHANIZER-500,FT-501,feed flow transmitter,instrument,P4,CLSD,OPS+INST,feed_flow_step,impulse plugged,PLUG,PROCESS,N,7.8,1906.2,FT-501 not ok after feed flow step,"B shift called for FT-501 feed flow transmitter, colmn dp high seen during feed flow step. Foud impulse plugged; tap/line dirty. Tag plate dirty, confirmd by line up with panel. changed gasket and boxed up. ops says ok for now. notif made by ops, maint attended same shift."
10450593,40870593,2023-10-15,2023-10-16,2023-10-17,U400-DEETHANIZER-500,TT-501B,sensitive tray temperature tx,instrument,P3,TECO,ANLYZR,feed_temperature_ramp,no signal,NO_SIGNAL,ELEC,N,6.9,6351.86,chk TT-501B - no signal frm ops,"A shift called for TT-501B sensitive tray temperature tx, rb duty up seen during feed temperature ramp. Foud no signal; 24v or card issue. swapped to standby and repaired. ops says ok for now. notif made by ops, maint attended same shift."
10450594,40870594,2023-10-18,2023-10-20,2023-10-23,U400-DEETHANIZER-500,FT-501,feed flow transmitter,instrument,P3,COMP,E&I,feed_flow_step,impulse plugged,PLUG,PROCESS,N,9.3,399.41,"FT-501 impulse plugged again, prod upset","A shift called for FT-501 feed flow transmitter, lvl swing seen during feed flow step. Foud impulse plugged; tap/line dirty. replaced positioner tubing and retuned small. no leak at handover. notif made by ops, maint attended same shift."
10450595,40870595,2023-10-17,2023-10-18,2023-10-23,U400-DEETHANIZER-500,P-501A,reflux pump A,pump,P2,TECO,OPS+MECH,reflux_pump_degradation,vib high,VIB,ALIGN,Y,13.2,14280.28,"P-501A vib high again, prod upset","A shift called for P-501A rflx pump A, disch press low seen during rflx pump degradation. Foud vib high; coupling align or cavitation. Could not get permit first time waiting area gas test. changed gasket and boxed up. no leak at handover. notif made by ops, maint attended same shift."
10450596,40870596,2023-10-17,2023-10-17,2023-10-31,U400-DEETHANIZER-500,P-502A,bottoms pump A,pump,P4,COMP,MECH,normal_wear,seal leak,MECH_SEAL,SEAL,N,6.6,10494.43,P-502A not ok after normal wear,"B shift called for P-502A bottoms pump A, plugged impulse seen during normal wear. Foud seal leak; seal face worn / dry run signs. calibrated, loop chekd with CCR. readng close to dcs after job. notif made by ops, maint attended same shift."
10450597,40870597,2023-10-22,2023-10-22,2023-10-27,U400-DEETHANIZER-500,E-503,feed bottoms exchanger,exchanger,P3,COMP,MECH,pressure_control_fault,gasket weep,LEAK,GASKET,N,5.0,15522.81,"E-503 gasket weep again, prod upset","days called for E-503 feed bottoms exchanger, pv not movng seen during pressure ctrl fault. Foud gasket weep; flange sweating. cleaned and put back online. temp repair only, plan shutdown job. notif made by ops, maint attended same shift."
10450598,40870598,2023-10-23,2023-10-25,2023-10-26,U400-DEETHANIZER-500,TV-502,condenser cooling valve,control_valve,P3,COMP,OPS+INST,condenser_fouling,air leak,AIR_LEAK,TUBING,N,1.3,1119.28,"TV-502 cw dt low, air leak","days called for TV-502 condenser cooling valve, cw dt low seen during condenser fouling. Foud air leak; positioner supply drop. Tag plate dirty, confirmd by line up with panel. opened strainer, cleaned black sludge. need watch next feed swing. notif made by ops, maint attended same shift."
10450599,40870599,2023-10-26,2023-10-28,2023-10-29,U400-DEETHANIZER-500,E-503,feed bottoms exchanger,exchanger,P3,COMP,ANLYZR,feed_flow_step,plugged pass,PLUG,FOUL,N,6.5,3961.12,E-503 plugged pass asap,"days called for E-503 feed bottoms exchanger, lvl swing seen during feed flow step. Foud plugged pass; flow restricted. No spare in store at first, used refurb one from shop. swapped to standby and repaired. readng close to dcs after job. notif made by ops, maint attended same shift."
10450600,40870600,2023-10-23,2023-10-23,2023-10-23,U400-DEETHANIZER-500,FV-501,feed flow control valve,control_valve,P3,COMP,OPS+MECH,reflux_pump_degradation,not stroking,NO_TRAVEL,ACT,N,6.1,3236.47,"FV-501 not stroking again, prod upset","C shift called for FV-501 feed flow control valve, min flow hot seen during reflux pump degradation. Foud not stroking; actuator weak. swapped to standby and repaired. unit stable now. notif made by ops, maint attended same shift."
10450601,40870601,2023-10-26,2023-10-27,2023-10-28,U400-DEETHANIZER-500,TV-501,reboiler hot medium valve,control_valve,P3,COMP,OPS+INST,feed_temperature_ramp,hunting loop,CTRL_OSC,TUNE,N,12.6,354.92,TV-501 hunting loop noisy,"days called for TV-501 reboiler hot medium valve, spec off seen during feed temperature ramp. Foud hunting loop; bad response after upset. Line was hot so job done slow and with ops standing by. tightened fittings, leak test ok. no leak at handover. notif made by ops, maint attended same shift."
10450602,40870602,2023-10-30,2023-11-01,2023-11-02,U400-DEETHANIZER-500,TT-501B,sensitive tray temperature tx,instrument,P4,CLSD,OPS+INST,reboiler_duty_loss,loose wire,SIGNAL,ELEC,N,10.3,2404.11,"TT-501B loose wire again, prod upset","B shift called for TT-501B sensitive tray temperature tx, rb circ cold seen during reboiler duty loss. Foud loose wire; term loose. History shows same complain last mnth. cleaned and put back online. readng close to dcs after job. notif made by ops, maint attended same shift."
10450603,40870603,2023-10-28,2023-10-28,2023-10-29,U400-DEETHANIZER-500,LT-502,column bottom level tx,instrument,P3,CLSD,E&I,valve_stiction,bad reading,DRIFT,CAL,N,3.7,1247.8,LT-502 not ok after vavle stiction,"C shift called for LT-502 column bottom level tx, loop cycling seen during valve stiction. Foud bad reading; needs calib. No spare in store at first, used refurb one from shop. tightened fittings, leak test ok. need watch next feed swing. notif made by ops, maint attended same shift."
10450604,40870604,2023-11-03,2023-11-03,2023-11-04,U400-DEETHANIZER-500,LV-502,bottoms level valve,control_valve,P3,TECO,OPS+INST,valve_stiction,air leak,AIR_LEAK,TUBING,N,16.0,3534.77,chk LV-502 - air leak frm ops,"days called for LV-502 bottoms level valve, op jumps seen during valve stiction. Foud air leak; positioner supply drop. replaced positioner tubing and retuned small. need watch next feed swing. notif made by ops, maint attended same shift."
10450605,40870605,2023-11-01,2023-11-02,2023-11-02,U400-DEETHANIZER-500,LT-501,reflux drum level tx,instrument,P3,TECO,OPS+INST,condenser_fouling,impulse plugged,PLUG,PROCESS,N,13.1,4202.87,LT-501 not ok after condenser fouling,"night called for LT-501 rflx drum level tx, pic wide open seen during condenser fouling. Foud impulse plugged; tap/line dirty. calibrated, loop checked with CCR. temp repair only, plan shutdown job. notif made by ops, maint attended same shift."
10450606,40870606,2023-11-06,2023-11-07,2023-11-08,U400-DEETHANIZER-500,PT-501,column overhead pressure tx,instrument,P3,TECO,ANLYZR,condenser_fouling,no signal,NO_SIGNAL,ELEC,N,17.3,5561.5,PT-501 not ok after condnsr fouling,"B shift called for PT-501 column overhead pressure tx, high ovhd press seen during condenser fouling. Foud no signal; 24v or card issue. Tag plate dirty, confirmd by line up with panel. changed gasket and boxed up. still little hunting but acceptable. notif made by ops, maint attended same shift."
10450607,40870607,2023-11-04,2023-11-06,2023-11-09,U400-DEETHANIZER-500,TV-502,condenser cooling valve,control_valve,P3,COMP,ROT,pressure_control_fault,stiction,STICK,PACKING,N,13.0,6523.33,"TV-502 stiction again, prod upset","night called for TV-502 condenser cooling vavle, pshh close call seen during pressure control fault. Foud stiction; stem sticky and pos err. Could not get permit first time waiting area gas test. reset trip and monitored for 2 hrs. temp repair only, plan shutdown job. notif made by ops, maint attended same shift."
10450608,40870608,2023-11-06,2023-11-07,2023-11-08,U400-DEETHANIZER-500,E-503,feed bottoms exchanger,exchanger,P3,CLSD,VALVE,feed_composition_shift,tube fouling,FOULING,PROCESS,N,15.2,2841.02,chk E-503 - tube fouling frm ops,"days called for E-503 feed bottoms exchanger, c3 in feed hi seen during feed composition shift. Foud tube fouling; duty low, delta t poor. opened strainer, cleaned black sludge. need watch next feed swing. notif made by ops, maint attended same shift."
10450609,40870609,2023-11-10,2023-11-10,2023-11-17,U400-DEETHANIZER-500,E-501,deethanizer reboiler,reboiler,P3,COMP,ROT,reboiler_duty_loss,low duty,DUTY_LOSS,UTILITY,N,17.2,2504.36,E-501 not ok after reboiler duty loss,"B shift called for E-501 deethanizer rebiler, rb circ cold seen during rebiler duty loss. Foud low duty; hm valve/strainer issue. swapped to standby and repaired. still little hunting but acceptable. notif made by ops, maint attended same shift."
10450610,40870610,2023-11-07,2023-11-08,2023-11-09,U400-DEETHANIZER-500,PV-501,column pressure control valve,control_valve,P3,COMP,VALVE,condenser_fouling,passing,LEAK_BY,SEAT,N,8.0,4081.06,chk PV-501 - passing frm ops,"night called for PV-501 colmn pressure control valve, cw dt low seen during condenser fouling. Foud passing; seat leak by. cleaned and put back online. temp repair only, plan shutdown job. notif made by ops, maint attended same shift."
10450611,40870611,2023-11-13,2023-11-14,2023-11-15,U400-DEETHANIZER-500,FT-502,reflux flow transmitter,instrument,P3,CLSD,OPS+INST,reflux_pump_degradation,bad reading,DRIFT,CAL,N,6.8,3331.92,FT-502 not ok after reflux pump degradation,"C shift called for FT-502 reflux flow tx, pump vib seen during reflux pump degradation. Foud bad reading; needs calib. Could not get permit first time waiting area gas test. flushed impulse/sample line. readng close to dcs after job. notif made by ops, maint attended same shift."
10450612,40870612,2023-11-12,2023-11-12,2023-11-14,U400-DEETHANIZER-500,E-503,feed bottoms exchanger,exchanger,P2,COMP,ROT,feed_composition_shift,plugged pass,PLUG,FOUL,Y,19.0,6568.53,chk E-503 - plugged pass frm ops,"A shift called for E-503 feed bottoms exchanger, quality bad seen during feed composition shift. Foud plugged pass; flow restricted. calibrated, loop chekd with CCR. temp repair only, plan shutdown job. notif made by ops, maint attended same shift."
10450613,40870613,2023-11-14,2023-11-16,2023-11-16,U400-DEETHANIZER-500,TT-503,reboiler outlet temperature tx,instrument,P3,COMP,E&I,reboiler_duty_loss,loose wire,SIGNAL,ELEC,N,1.0,61.59,"TT-503 loose wire again, prod upset","night called for TT-503 reboiler outlet temperature tx, rb circ cold seen during reboiler duty loss. Foud loose wire; term loose. Line was hot so job done slow and with ops standing by. stroke tested, response better. ops says ok for now. notif made by ops, maint attended same shift."
10450614,40870614,2023-11-13,2023-11-13,2023-11-14,U400-DEETHANIZER-500,PT-501,column overhead pressure tx,instrument,P1,CLSD,OPS+INST,condenser_fouling,loose wire,SIGNAL,ELEC,N,14.1,3748.04,"PT-501 drum temp hi, loose wire","B shift called for PT-501 column overhead pressure tx, pic wide open seen during condenser fouling. Foud loose wire; term loose. Line was hot so job done slow and with ops standing by. flushed impulse/sample line. no leak at handover. notif made by ops, maint attended same shift."
10450615,40870615,2023-11-18,2023-11-18,2023-11-20,U400-DEETHANIZER-500,PSV-501A,column relief valve A,relief,P3,CLSD,INST,pressure_control_fault,car seal broken,CSO,HUMAN,N,9.2,1381.99,"PSV-501A car seal broken again, prod upset","A shift called for PSV-501A column relief valve A, flare valve checked seen during pressure ctrl fault. Foud car seal broken; seal missing found. flushed impulse/sample line. need watch next feed swing. notif made by ops, maint attended same shift."
10450616,40870616,2023-11-19,2023-11-19,2023-11-19,U400-DEETHANIZER-500,FV-501,feed flow control valve,control_valve,P4,COMP,ANLYZR,feed_flow_step,air leak,AIR_LEAK,TUBING,N,1.5,6494.34,FV-501 air leak noisy,"A shift called for FV-501 feed flow ctrl valve, feed jump seen during feed flow step. Foud air leak; positioner supply drop. flushed impulse/sample line. ops says ok for now. notif made by ops, maint attended same shift."
10450617,40870617,2023-11-22,2023-11-23,2023-11-25,U400-DEETHANIZER-500,T-501,deethanizer column,column,P2,CLSD,ANLYZR,valve_stiction,weeping flange,LEAK,GASKET,Y,12.7,2625.2,"T-501 position bad, weeping flange","A shift called for T-501 deethanizer column, valve sticking seen during valve stiction. Foud weeping flange; manway/flange seep. swapped to standby and repaired. temp repair only, plan shutdown job. notif made by ops, maint attended same shift."
10450618,40870618,2023-11-19,2023-11-20,2023-11-20,U400-DEETHANIZER-500,T-501,deethanizer column,column,P3,COMP,ANLYZR,normal_wear,dp high,DP_HIGH,FOAM,N,14.8,6290.23,"T-501 dp high again, prod upset","C shift called for T-501 deethanizer colmn, noise seen during normal wear. Foud dp high; trays loading or foaming. tightened fittings, leak test ok. readng close to dcs after job. notif made by ops, maint attended same shift."
10450619,40870619,2023-11-20,2023-11-20,2023-11-20,U400-DEETHANIZER-500,P-502B,bottoms pump B,pump,P1,CLSD,MECH,feed_flow_step,bearing hot,BRG,WEAR,Y,15.3,13112.97,P-502B not ok after feed flow step,"night called for P-502B bottoms pump B, feed jump seen during feed flow step. Foud bearing hot; brg rough, lube dark. Line was hot so job done slow and with ops standing by. reset trip and monitored for 2 hrs. no leak at handover. notif made by ops, maint attended same shift."
10450620,40870620,2023-11-22,2023-11-23,2023-11-28,U400-DEETHANIZER-500,P-501A,reflux pump A,pump,P4,TECO,OPS+INST,reflux_pump_degradation,seal leak,MECH_SEAL,SEAL,N,16.4,6422.53,chk P-501A - seal leak frm ops,"days called for P-501A reflux pump A, min flow hot seen during reflux pump degradation. Foud seal leak; seal face worn / dry run signs. cleaned and put back online. need watch next feed swing. notif made by ops, maint attended same shift."
10450621,40870621,2023-11-27,2023-11-27,2023-11-29,U400-DEETHANIZER-500,TV-502,condenser cooling valve,control_valve,P3,CLSD,INST,valve_stiction,stiction,STICK,PACKING,N,3.2,2483.25,"TV-502 op jumps, stiction","A shift called for TV-502 condenser cooling vavle, air leak seen during vavle stiction. Foud stiction; stem sticky and pos err. calibrated, loop checked with CCR. still little hunting but acceptable. notif made by ops, maint attended same shift."
10450622,40870622,2023-11-29,2023-11-30,2023-12-02,U400-DEETHANIZER-500,P-501B,reflux pump B,pump,P2,COMP,MECH,reflux_pump_degradation,motor trip,MOTOR,ELEC,Y,7.8,11877.85,"P-501B disch press low, motor trip","days called for P-501B reflux pump B, disch press low seen during reflux pump degradation. Foud motor trip; overload trip after upset. cleaned and put back online. still little hunting but acceptable. notif made by ops, maint attended same shift."
10450623,40870623,2023-11-27,2023-11-27,2023-11-30,U400-DEETHANIZER-500,E-502,deethanizer overhead condenser,condenser,P3,TECO,VALVE,normal_wear,tv no travel,VALVE,STICK,N,4.6,2816.44,E-502 tv no travel asap,"days called for E-502 deethanizer overhead condenser, plugged impulse seen during normal wear. Foud tv no travel; cooling valve stuck. cleaned and put back online. still little hunting but acceptable. notif made by ops, maint attended same shift."
10450624,40870624,2023-12-02,2023-12-03,2023-12-04,U400-DEETHANIZER-500,TV-501,reboiler hot medium valve,control_valve,P3,TECO,OPS+MECH,valve_stiction,stiction,STICK,PACKING,N,2.4,2568.61,TV-501 stiction asap,"A shift called for TV-501 reboiler hot medium vavle, loop cycling seen during vavle stiction. Foud stiction; stem sticky and pos err. calibrated, loop checked with CCR. unit stable now. notif made by ops, maint attended same shift."
10450625,40870625,2023-12-03,2023-12-03,2023-12-05,U400-DEETHANIZER-500,P-501A,reflux pump A,pump,P2,COMP,OPS+MECH,reflux_pump_degradation,low disch press,HYD_LOSS,FOUL,N,4.0,9987.42,"P-501A seal weep, low disch press","B shift called for P-501A reflux pump A, disch press low seen during reflux pump degradation. Foud low disch press; strainer dirty or impeller wear. Line was hot so job done slow and with ops standing by. flushed impulse/sample line. still little hunting but acceptable. notif made by ops, maint attended same shift."
10450626,40870626,2023-12-02,2023-12-02,2023-12-02,U400-DEETHANIZER-500,TT-503,reboiler outlet temperature tx,instrument,P2,CLSD,E&I,feed_temperature_ramp,no signal,NO_SIGNAL,ELEC,Y,15.5,4283.92,"TT-503 ovhd press moving, no signal","C shift called for TT-503 reboiler outlet temperature tx, rb duty up seen during feed temperature ramp. Foud no signal; 24v or card issue. swapped to standby and repaired. unit stable now. notif made by ops, maint attended same shift."
10450627,40870627,2023-12-02,2023-12-02,2023-12-05,U400-DEETHANIZER-500,TT-501B,sensitive tray temperature tx,instrument,P4,COMP,OPS+INST,condenser_fouling,no signal,NO_SIGNAL,ELEC,N,5.4,1399.34,TT-501B no signal chk & revert,"C shift called for TT-501B sensitive tray temperature tx, pic wide open seen during condnsr fouling. Foud no signal; 24v or card issue. tightened fittings, leak test ok. unit stable now. notif made by ops, maint attended same shift."
10450628,40870628,2023-12-05,2023-12-05,2023-12-06,U400-DEETHANIZER-500,E-503,feed bottoms exchanger,exchanger,P2,COMP,ROT,condenser_fouling,tube fouling,FOULING,PROCESS,N,1.7,13117.25,chk E-503 - tube fouling frm ops,"night called for E-503 feed bottoms exchanger, high ovhd press seen during condenser fouling. Foud tube fouling; duty low, delta t poor. Tag plate dirty, confirmd by line up with panel. replaced positioner tubing and retuned small. still little hunting but acceptable. notif made by ops, maint attended same shift."
10450629,40870629,2023-12-04,2023-12-05,2023-12-06,U400-DEETHANIZER-500,TT-501B,sensitive tray temperature tx,instrument,P1,CLSD,INST,feed_temperature_ramp,no signal,NO_SIGNAL,ELEC,N,14.2,5776.35,"TT-501B no signal again, prod upset","C shift called for TT-501B sensitive tray temperature tx, spec off seen during feed temperature ramp. Foud no signal; 24v or card issue. Could not get permit first time waiting area gas test. replaced positioner tubing and retuned small. still little hunting but acceptable. notif made by ops, maint attended same shift."
10450630,40870630,2023-12-10,2023-12-10,2023-12-13,U400-DEETHANIZER-500,P-501A,reflux pump A,pump,P1,COMP,ROT,reflux_pump_degradation,bearing hot,BRG,WEAR,N,4.6,3882.11,"P-501A bearing hot again, prod upset","B shift called for P-501A reflux pump A, min flow hot seen during reflux pump degradation. Foud bearing hot; brg rough, lube dark. reset trip and monitored for 2 hrs. no leak at handover. notif made by ops, maint attended same shift."
10450631,40870631,2023-12-11,2023-12-11,2023-12-16,U400-DEETHANIZER-500,TV-502,condenser cooling valve,control_valve,P2,TECO,E&I,valve_stiction,not stroking,NO_TRAVEL,ACT,N,2.6,2641.15,TV-502 not stroking ops req,"days called for TV-502 condenser cooling valve, valve sticking seen during valve stiction. Foud not stroking; actuator weak. swapped to standby and repaired. ops says ok for now. notif made by ops, maint attended same shift."
10450632,40870632,2023-12-10,2023-12-10,2023-12-11,U400-DEETHANIZER-500,P-501A,reflux pump A,pump,P2,CLSD,OPS+MECH,reboiler_duty_loss,low disch press,HYD_LOSS,FOUL,N,14.3,6950.32,"P-501A steam/hm valve no resp, low disch press","A shift called for P-501A reflux pump A, tray temp low seen during reboiler duty loss. Foud low disch press; strainer dirty or impeller wear. Could not get permit first time waiting area gas test. calibrated, loop chekd with CCR. ops says ok for now. notif made by ops, maint attended same shift."
10450633,40870633,2023-12-13,2023-12-13,2023-12-13,U400-DEETHANIZER-500,P-501A,reflux pump A,pump,P3,TECO,VALVE,feed_temperature_ramp,seal leak,MECH_SEAL,SEAL,N,12.1,7542.55,P-501A not ok after feed temperature ramp,"B shift called for P-501A reflux pump A, ovhd press moving seen during feed temperature ramp. Foud seal leak; seal face worn / dry run signs. cleaned and put back online. unit stable now. notif made by ops, maint attended same shift."
10450634,40870634,2023-12-14,2023-12-14,2023-12-15,U400-DEETHANIZER-500,TV-502,condenser cooling valve,control_valve,P4,TECO,E&I,valve_stiction,hunting loop,CTRL_OSC,TUNE,N,1.4,2243.79,TV-502 not ok after vavle stiction,"days called for TV-502 condenser cooling valve, loop cycling seen during valve stiction. Foud hunting loop; bad response after upset. History shows same complain last mnth. tightened fittings, leak test ok. still little hunting but acceptable. notif made by ops, maint attended same shift."
10450635,40870635,2023-12-14,2023-12-15,2023-12-15,U400-DEETHANIZER-500,PT-501,column overhead pressure tx,instrument,P3,TECO,OPS+INST,condenser_fouling,no signal,NO_SIGNAL,ELEC,N,11.0,3829.93,"PT-501 no signal again, prod upset","C shift called for PT-501 column overhead pressure tx, cw dt low seen during condenser fouling. Foud no signal; 24v or card issue. No spare in store at first, used refurb one from shop. stroke tested, response better. ops says ok for now. notif made by ops, maint attended same shift."
10450636,40870636,2023-12-18,2023-12-20,2023-12-23,U400-DEETHANIZER-500,P-501B,reflux pump B,pump,P2,TECO,OPS+MECH,reflux_pump_degradation,motor trip,MOTOR,ELEC,N,12.6,5227.46,P-501B not ok after reflux pump degradation,"days called for P-501B rflx pump B, min flow hot seen during rflx pump degradation. Foud motor trip; overload trip after upset. History shows same complain last mnth. swapped to standby and repaired. temp repair only, plan shutdown job. notif made by ops, maint attended same shift."
10450637,40870637,2023-12-16,2023-12-17,2023-12-20,U400-DEETHANIZER-500,E-501,deethanizer reboiler,reboiler,P3,CLSD,OPS+INST,reboiler_duty_loss,low duty,DUTY_LOSS,UTILITY,N,17.2,13784.89,"E-501 low duty again, prod upset","days called for E-501 deethanizer reboiler, rb circ cold seen during reboiler duty loss. Foud low duty; hm valve/strainer issue. History shows same complain last mnth. changed gasket and boxed up. unit stable now. notif made by ops, maint attended same shift."
10450638,40870638,2023-12-21,2023-12-21,2023-12-23,U400-DEETHANIZER-500,FT-502,reflux flow transmitter,instrument,P1,TECO,OPS+INST,reflux_pump_degradation,loose wire,SIGNAL,ELEC,Y,17.4,6595.33,chk FT-502 - loose wire frm ops,"days called for FT-502 rflx flow transmitter, low rflx seen during rflx pump degradation. Foud loose wire; term loose. Tag plate dirty, confirmd by line up with panel. tightened fittings, leak test ok. temp repair only, plan shutdown job. notif made by ops, maint attended same shift."
10450639,40870639,2023-12-23,2023-12-24,2023-12-26,U400-DEETHANIZER-500,E-502,deethanizer overhead condenser,condenser,P2,COMP,INST,normal_wear,high press,PERF,FOUL,N,6.5,7927.44,"E-502 high press again, prod upset","A shift called for E-502 deethanizer overhead condenser, leak seen during normal wear. Foud high press; condensing duty poor. Could not get permit first time waiting area gas test. changed gasket and boxed up. ops says ok for now. notif made by ops, maint attended same shift."
10450640,40870640,2023-12-25,2023-12-25,2023-12-26,U400-DEETHANIZER-500,FT-501,feed flow transmitter,instrument,P4,COMP,E&I,feed_flow_step,loose wire,SIGNAL,ELEC,N,4.3,4828.41,FT-501 not ok after feed flow step,"C shift called for FT-501 feed flow transmitter, lvl swing seen during feed flow step. Foud loose wire; term loose. swapped to standby and repaired. readng close to dcs after job. notif made by ops, maint attended same shift."
10450641,40870641,2023-12-24,2023-12-25,2023-12-26,U400-DEETHANIZER-500,P-501B,reflux pump B,pump,P2,TECO,E&I,reflux_pump_degradation,bearing hot,BRG,WEAR,Y,22.8,8305.88,P-501B not ok after reflux pump degradation,"C shift called for P-501B reflux pump B, min flow hot seen during reflux pump degradation. Foud bearing hot; brg rough, lube dark. No spare in store at first, used refurb one from shop. stroke tested, response better. still little hunting but acceptable. notif made by ops, maint attended same shift."
10450642,40870642,2023-12-24,2023-12-24,2023-12-25,U400-DEETHANIZER-500,PV-501,column pressure control valve,control_valve,P1,CLSD,E&I,valve_stiction,not stroking,NO_TRAVEL,ACT,N,12.3,2559.22,PV-501 not ok after valve stiction,"A shift called for PV-501 column pressure ctrl valve, op jumps seen during valve stiction. Foud not stroking; actuator weak. flushed impulse/sample line. need watch next feed swing. notif made by ops, maint attended same shift."
10450643,40870643,2023-12-29,2023-12-29,2023-12-29,U400-DEETHANIZER-500,TV-501,reboiler hot medium valve,control_valve,P2,CLSD,ANLYZR,reboiler_duty_loss,hunting loop,CTRL_OSC,TUNE,N,4.7,2635.22,"TV-501 rb circ cold, hunting loop","A shift called for TV-501 rebiler hot medium valve, c2 in btm seen during rebiler duty loss. Foud hunting loop; bad response after upset. changed gasket and boxed up. readng close to dcs after job. notif made by ops, maint attended same shift."
10450644,40870644,2023-12-30,2024-01-01,2024-01-02,U400-DEETHANIZER-500,PV-501,column pressure control valve,control_valve,P3,COMP,ANLYZR,condenser_fouling,stiction,STICK,PACKING,N,11.5,5674.15,"PV-501 stiction again, prod upset","A shift called for PV-501 column pressure control valve, cw dt low seen during condnsr fouling. Foud stiction; stem sticky and pos err. No spare in store at first, used refurb one from shop. opened strainer, cleaned black sludge. still little hunting but acceptable. notif made by ops, maint attended same shift."
10450645,40870645,2024-01-01,2024-01-03,2024-01-03,U400-DEETHANIZER-500,TT-503,reboiler outlet temperature tx,instrument,P3,TECO,INST,reboiler_duty_loss,range err,SPAN,CAL,N,9.6,1223.86,TT-503 not ok after reboiler duty loss,"A shift called for TT-503 reboiler outlet temperature tx, c2 in btm seen during reboiler duty loss. Foud range err; span shifted. opened strainer, cleaned black sludge. temp repair only, plan shutdown job. notif made by ops, maint attended same shift."
10450646,40870646,2023-12-30,2024-01-01,2024-01-04,U400-DEETHANIZER-500,E-502,deethanizer overhead condenser,condenser,P4,CLSD,VALVE,condenser_fouling,tv no travel,VALVE,STICK,N,2.4,13869.27,E-502 tv no travel asap,"night called for E-502 deethanizer overhead condenser, drum temp hi seen during condenser fouling. Foud tv no travel; cooling valve stuck. Line was hot so job done slow and with ops standing by. changed gasket and boxed up. temp repair only, plan shutdown job. notif made by ops, maint attended same shift."
10450647,40870647,2024-01-02,2024-01-02,2024-01-07,U400-DEETHANIZER-500,V-501,deethanizer reflux drum,vessel,P1,TECO,ANLYZR,condenser_fouling,pressure erratic,PRESS_SWING,CTRL,Y,21.7,3717.46,V-501 pressure erratic pls chk,"B shift called for V-501 deethanizer reflux drum, high ovhd press seen during condenser fouling. Foud pressure erratic; pv/pic issue. opened strainer, cleaned black sludge. temp repair only, plan shutdown job. notif made by ops, maint attended same shift."
10450648,40870648,2024-01-04,2024-01-05,2024-01-08,U400-DEETHANIZER-500,PV-501,column pressure control valve,control_valve,P2,TECO,VALVE,pressure_control_fault,not stroking,NO_TRAVEL,ACT,N,17.0,1466.55,"PV-501 pv not movng, not stroking","C shift called for PV-501 column pressure control valve, press spike seen during pressure control fault. Foud not stroking; actuator weak. flushed impulse/sample line. readng close to dcs after job. notif made by ops, maint attended same shift."
10450649,40870649,2024-01-04,2024-01-04,2024-01-05,U400-DEETHANIZER-500,FV-502,reflux flow control valve,control_valve,P2,CLSD,INST,valve_stiction,hunting loop,CTRL_OSC,TUNE,Y,10.7,5201.51,FV-502 not ok after vavle stiction,"B shift called for FV-502 rflx flow ctrl valve, air leak seen during valve stiction. Foud hunting loop; bad response after upset. Line was hot so job done slow and with ops standing by. flushed impulse/sample line. need watch next feed swing. notif made by ops, maint attended same shift."
10450650,40870650,2024-01-06,2024-01-06,2024-01-07,U400-DEETHANIZER-500,PSV-501B,column relief valve B,relief,P4,CLSD,INST,pressure_control_fault,car seal broken,CSO,HUMAN,N,2.0,997.97,"PSV-501B car seal broken again, prod upset","C shift called for PSV-501B column relief valve B, pshh close call seen during pressure control fault. Foud car seal broken; seal missing foud. Could not get permit first time waiting area gas test. flushed impulse/sample line. no leak at handover. notif made by ops, maint attended same shift."
10450651,40870651,2024-01-08,2024-01-09,2024-01-11,U400-DEETHANIZER-500,E-502,deethanizer overhead condenser,condenser,P2,CLSD,VALVE,condenser_fouling,high press,PERF,FOUL,N,17.9,16124.81,E-502 not ok after condenser fouling,"C shift called for E-502 deethanizer overhead condenser, drum temp hi seen during condenser fouling. Foud high press; condensing duty poor. No spare in store at first, used refurb one from shop. changed gasket and boxed up. readng close to dcs after job. notif made by ops, maint attended same shift."
10450652,40870652,2024-01-07,2024-01-07,2024-01-09,U400-DEETHANIZER-500,P-501B,reflux pump B,pump,P2,TECO,ROT,valve_stiction,motor trip,MOTOR,ELEC,Y,20.7,4218.39,"P-501B motor trip again, prod upset","B shift called for P-501B reflux pump B, position bad seen during valve stiction. Foud motor trip; overload trip after upset. Line was hot so job done slow and with ops standing by. reset trip and monitored for 2 hrs. no leak at handover. notif made by ops, maint attended same shift."
10450653,40870653,2024-01-10,2024-01-11,2024-01-12,U400-DEETHANIZER-500,TV-501,reboiler hot medium valve,control_valve,P3,COMP,E&I,reboiler_duty_loss,not stroking,NO_TRAVEL,ACT,N,13.2,657.33,TV-501 not ok after reboiler duty loss,"A shift called for TV-501 reboiler hot medium valve, rb circ cold seen during reboiler duty loss. Foud not stroking; actuator weak. cleaned and put back online. temp repair only, plan shutdown job. notif made by ops, maint attended same shift."
10450654,40870654,2024-01-10,2024-01-11,2024-01-13,U400-DEETHANIZER-500,V-501,deethanizer reflux drum,vessel,P1,COMP,INST,normal_wear,pressure erratic,PRESS_SWING,CTRL,N,10.6,5234.65,"V-501 leak, pressure erratic","C shift called for V-501 deethanizer reflux drum, bad reading seen during normal wear. Foud pressure erratic; pv/pic issue. flushed impulse/sample line. still little hunting but acceptable. notif made by ops, maint attended same shift."
10450655,40870655,2024-01-16,2024-01-16,2024-01-16,U400-DEETHANIZER-500,TV-501,reboiler hot medium valve,control_valve,P3,CLSD,MECH,reboiler_duty_loss,passing,LEAK_BY,SEAT,N,2.0,536.66,"TV-501 c2 in btm, passing","C shift called for TV-501 reboiler hot medium valve, steam/hm valve no resp seen during reboiler duty loss. Foud passing; seat leak by. Line was hot so job done slow and with ops standing by. flushed impulse/sample line. readng close to dcs after job. notif made by ops, maint attended same shift."
10450656,40870656,2024-01-15,2024-01-15,2024-01-22,U400-DEETHANIZER-500,E-502,deethanizer overhead condenser,condenser,P3,COMP,OPS+INST,condenser_fouling,high press,PERF,FOUL,N,7.0,13881.22,E-502 not ok after condenser fouling,"A shift called for E-502 deethanizer overhead condenser, pic wide open seen during condenser fouling. Foud high press; condensing duty poor. swapped to standby and repaired. no leak at handover. notif made by ops, maint attended same shift."
10450657,40870657,2024-01-17,2024-01-17,2024-01-18,U400-DEETHANIZER-500,P-501B,reflux pump B,pump,P3,CLSD,ROT,reboiler_duty_loss,motor trip,MOTOR,ELEC,N,6.2,2605.42,"P-501B motor trip again, prod upset","C shift called for P-501B reflux pump B, rb circ cold seen during rebiler duty loss. Foud motor trip; overload trip after upset. changed gasket and boxed up. ops says ok for now. notif made by ops, maint attended same shift."
10450658,40870658,2024-01-19,2024-01-19,2024-01-22,U400-DEETHANIZER-500,TV-501,reboiler hot medium valve,control_valve,P3,CLSD,OPS+INST,feed_temperature_ramp,passing,LEAK_BY,SEAT,N,14.0,4210.44,"TV-501 passing again, prod upset","A shift called for TV-501 reboiler hot medium vavle, ovhd press moving seen during feed temperature ramp. Foud passing; seat leak by. Tag plate dirty, confirmd by line up with panel. cleaned and put back online. readng close to dcs after job. notif made by ops, maint attended same shift."
10450659,40870659,2024-01-17,2024-01-17,2024-01-17,U400-DEETHANIZER-500,TV-502,condenser cooling valve,control_valve,P3,CLSD,MECH,valve_stiction,hunting loop,CTRL_OSC,TUNE,N,9.1,4045.42,TV-502 hunting loop pls chk,"A shift called for TV-502 condenser cooling valve, air leak seen during valve stiction. Foud hunting loop; bad response after upset. No spare in store at first, used refurb one from shop. opened strainer, cleaned black sludge. ops says ok for now. notif made by ops, maint attended same shift."
10450660,40870660,2024-01-23,2024-01-24,2024-01-24,U400-DEETHANIZER-500,TV-501,reboiler hot medium valve,control_valve,P3,CLSD,ROT,reboiler_duty_loss,passing,LEAK_BY,SEAT,N,11.0,2384.9,"TV-501 passing again, prod upset","B shift called for TV-501 reboiler hot medium valve, steam/hm valve no resp seen during reboiler duty loss. Foud passing; seat leak by. opened strainer, cleaned black sludge. still little hunting but acceptable. notif made by ops, maint attended same shift."
10450661,40870661,2024-01-21,2024-01-22,2024-01-22,U400-DEETHANIZER-500,PV-501,column pressure control valve,control_valve,P2,TECO,ROT,pressure_control_fault,passing,LEAK_BY,SEAT,N,1.3,548.75,chk PV-501 - passing frm ops,"days called for PV-501 column pressure ctrl valve, pic unstable seen during pressure ctrl fault. Foud passing; seat leak by. Could not get permit first time waiting area gas test. calibrated, loop checked with CCR. need watch next feed swing. notif made by ops, maint attended same shift."
10450662,40870662,2024-01-23,2024-01-25,2024-01-25,U400-DEETHANIZER-500,TT-501B,sensitive tray temperature tx,instrument,P2,TECO,E&I,reboiler_duty_loss,impulse plugged,PLUG,PROCESS,N,7.9,2223.59,"TT-501B impulse plugged again, prod upset","C shift called for TT-501B sensitive tray temperature tx, tray temp low seen during reboiler duty loss. Foud impulse plugged; tap/line dirty. Line was hot so job done slow and with ops standing by. opened strainer, cleaned black sludge. unit stable now. notif made by ops, maint attended same shift."
10450663,40870663,2024-01-24,2024-01-24,2024-01-25,U400-DEETHANIZER-500,FV-501,feed flow control valve,control_valve,P2,COMP,INST,valve_stiction,hunting loop,CTRL_OSC,TUNE,N,8.4,2677.11,"FV-501 op jumps, hunting loop","A shift called for FV-501 feed flow control valve, op jumps seen during valve stiction. Foud hunting loop; bad response after upset. calibrated, loop checked with CCR. need watch next feed swing. notif made by ops, maint attended same shift."
10450664,40870664,2024-01-26,2024-01-26,2024-02-02,U400-DEETHANIZER-500,XV-501,feed shutdown valve,shutdown_valve,P2,CLSD,OPS+INST,reflux_pump_degradation,limit sw bad,ZSO_ZSC,ELEC,N,5.6,7.64,XV-501 not ok after reflux pump degradation,"B shift called for XV-501 feed shutdown valve, min flow hot seen during reflux pump degradation. Foud limit sw bad; feedback mismatch. Tag plate dirty, confirmd by line up with panel. changed gasket and boxed up. readng close to dcs after job. notif made by ops, maint attended same shift."
10450665,40870665,2024-01-28,2024-01-29,2024-02-01,U400-DEETHANIZER-500,P-502B,bottoms pump B,pump,P3,TECO,INST,valve_stiction,bearing hot,BRG,WEAR,N,18.0,3084.77,"P-502B loop cycling, bearing hot","days called for P-502B bottoms pump B, op jumps seen during valve stiction. Foud bearing hot; brg rough, lube dark. tightened fittings, leak test ok. no leak at handover. notif made by ops, maint attended same shift."
10450666,40870666,2024-01-29,2024-01-31,2024-02-02,U400-DEETHANIZER-500,E-501,deethanizer reboiler,reboiler,P2,COMP,MECH,feed_flow_step,fouled bundle,FOULING,PROCESS,Y,11.4,13195.35,"E-501 c2 recov down, fouled bundle","A shift called for E-501 deethanizer reboiler, lvl swing seen during feed flow step. Foud fouled bundle; bottoms side dirty. cleaned and put back online. still little hunting but acceptable. notif made by ops, maint attended same shift."
10450667,40870667,2024-02-01,2024-02-01,2024-02-02,U400-DEETHANIZER-500,TV-501,reboiler hot medium valve,control_valve,P4,CLSD,OPS+MECH,feed_temperature_ramp,passing,LEAK_BY,SEAT,N,17.0,5256.94,TV-501 passing again,"B shift called for TV-501 reboiler hot medium valve, spec off seen during feed temperature ramp. Foud passing; seat leak by. Could not get permit first time waiting area gas test. opened strainer, cleaned black sludge. unit stable now. notif made by ops, maint attended same shift."
10450668,40870668,2024-01-31,2024-01-31,2024-01-31,U400-DEETHANIZER-500,AIT-501,overhead C2 analyzer,analyzer,P3,CLSD,OPS+INST,feed_composition_shift,sample plugged,PLUG,SAMPLE,N,7.6,1452.36,"AIT-501 sample plugged again, prod upset","B shift called for AIT-501 overhead C2 analyzer, btm heavy seen during feed composition shift. Foud sample plugged; fast loop low flow. swapped to standby and repaired. still little hunting but acceptable. notif made by ops, maint attended same shift."
10450669,40870669,2024-02-03,2024-02-03,2024-02-06,U400-DEETHANIZER-500,PV-501,column pressure control valve,control_valve,P1,COMP,MECH,condenser_fouling,hunting loop,CTRL_OSC,TUNE,Y,20.9,4863.05,PV-501 not ok after condenser fouling,"days called for PV-501 column pressure control valve, cond not pullng seen during condenser fouling. Foud hunting loop; bad response after upset. History shows same complain last mnth. opened strainer, cleaned black sludge. ops says ok for now. notif made by ops, maint attended same shift."
10450670,40870670,2024-02-06,2024-02-06,2024-02-08,U400-DEETHANIZER-500,FV-501,feed flow control valve,control_valve,P3,TECO,ANLYZR,feed_flow_step,air leak,AIR_LEAK,TUBING,N,4.8,5881.68,chk FV-501 - air leak frm ops,"B shift called for FV-501 feed flow control valve, fic hunting seen during feed flow step. Foud air leak; positioner supply drop. reset trip and monitored for 2 hrs. ops says ok for now. notif made by ops, maint attended same shift."
10450671,40870671,2024-02-08,2024-02-08,2024-02-10,U400-DEETHANIZER-500,TV-501,reboiler hot medium valve,control_valve,P2,TECO,ANLYZR,feed_temperature_ramp,hunting loop,CTRL_OSC,TUNE,N,7.5,3495.46,TV-501 hunting loop after upset,"night called for TV-501 reboiler hot medium valve, feed temp high seen during feed temperature ramp. Foud hunting loop; bad response after upset. Line was hot so job done slow and with ops standing by. reset trip and monitored for 2 hrs. temp repair only, plan shutdown job. notif made by ops, maint attended same shift."
10450672,40870672,2024-02-08,2024-02-08,2024-02-10,U400-DEETHANIZER-500,E-503,feed bottoms exchanger,exchanger,P3,CLSD,ANLYZR,feed_composition_shift,gasket weep,LEAK,GASKET,N,10.9,7781.52,E-503 not ok after feed composition shift,"A shift called for E-503 feed bottoms exchanger, anlyzr off seen during feed composition shift. Foud gasket weep; flange sweating. Could not get permit first time waiting area gas test. cleaned and put back online. need watch next feed swing. notif made by ops, maint attended same shift."
10450673,40870673,2024-02-11,2024-02-11,2024-02-11,U400-DEETHANIZER-500,P-501B,reflux pump B,pump,P3,CLSD,INST,reflux_pump_degradation,vib high,VIB,ALIGN,N,14.3,9292.59,"P-501B low reflux, vib high","C shift called for P-501B reflux pump B, pump vib seen during reflux pump degradation. Foud vib high; coupling align or cavitation. Could not get permit first time waiting area gas test. replaced positioner tubing and retuned small. temp repair only, plan shutdown job. notif made by ops, maint attended same shift."
10450674,40870674,2024-02-10,2024-02-10,2024-02-10,U400-DEETHANIZER-500,P-501A,reflux pump A,pump,P3,COMP,VALVE,reflux_pump_degradation,bearing hot,BRG,WEAR,N,9.2,4352.66,"P-501A low reflux, bearing hot","night called for P-501A rflx pump A, pump vib seen during rflx pump degradation. Foud bearing hot; brg rough, lube dark. tightened fittings, leak test ok. need watch next feed swing. notif made by ops, maint attended same shift."
10450675,40870675,2024-02-12,2024-02-14,2024-02-16,U400-DEETHANIZER-500,PV-501,column pressure control valve,control_valve,P1,CLSD,E&I,valve_stiction,stiction,STICK,PACKING,N,1.8,4237.77,PV-501 stiction bad,"A shift called for PV-501 colmn pressure control valve, position bad seen during valve stiction. Foud stiction; stem sticky and pos err. Line was hot so job done slow and with ops standing by. flushed impulse/sample line. still little hunting but acceptable. notif made by ops, maint attended same shift."
10450676,40870676,2024-02-13,2024-02-14,2024-02-17,U400-DEETHANIZER-500,LV-502,bottoms level valve,control_valve,P2,COMP,VALVE,valve_stiction,passing,LEAK_BY,SEAT,N,7.1,630.37,"LV-502 position bad, passing","C shift called for LV-502 bottoms level valve, valve sticking seen during valve stiction. Foud passing; seat leak by. opened strainer, cleaned black sludge. no leak at handover. notif made by ops, maint attended same shift."
10450677,40870677,2024-02-12,2024-02-12,2024-02-13,U400-DEETHANIZER-500,T-501,deethanizer column,column,P3,COMP,ANLYZR,feed_flow_step,weeping flange,LEAK,GASKET,N,17.2,4249.71,"T-501 weeping flange again, prod upset","C shift called for T-501 deethanizer column, feed jump seen during feed flow step. Foud weeping flange; manway/flange seep. Tag plate dirty, confirmd by line up with panel. replaced positioner tubing and retuned small. no leak at handover. notif made by ops, maint attended same shift."
10450678,40870678,2024-02-19,2024-02-19,2024-02-21,U400-DEETHANIZER-500,V-501,deethanizer reflux drum,vessel,P3,TECO,E&I,reboiler_duty_loss,boot drain leak,LEAK,VALVE,N,11.6,5460.74,chk V-501 - boot drain leak frm ops,"B shift called for V-501 deethanizer rflx drum, c2 in btm seen during reboiler duty loss. Foud boot drain leak; closed drain valve passing. stroke tested, response better. ops says ok for now. notif made by ops, maint attended same shift."
10450679,40870679,2024-02-18,2024-02-19,2024-02-24,U400-DEETHANIZER-500,V-501,deethanizer reflux drum,vessel,P2,CLSD,OPS+MECH,feed_temperature_ramp,boot drain leak,LEAK,VALVE,N,4.9,4872.83,"V-501 rb duty up, boot drain leak","night called for V-501 deethanizer reflux drum, feed temp high seen during feed temperature ramp. Foud boot drain leak; closed drain valve passing. opened strainer, cleaned black sludge. no leak at handover. notif made by ops, maint attended same shift."
10450680,40870680,2024-02-20,2024-02-21,2024-02-24,U400-DEETHANIZER-500,E-503,feed bottoms exchanger,exchanger,P4,COMP,ANLYZR,feed_flow_step,temp approach bad,PERF,FOUL,N,15.1,11574.59,"E-503 feed jump, temp approach bad","C shift called for E-503 feed bottoms exchanger, column dp high seen during feed flow step. Foud temp approach bad; heat transfer loss. Could not get permit first time waiting area gas test. opened strainer, cleaned black sludge. ops says ok for now. notif made by ops, maint attended same shift."
10450681,40870681,2024-02-18,2024-02-18,2024-02-20,U400-DEETHANIZER-500,E-503,feed bottoms exchanger,exchanger,P2,COMP,OPS+INST,feed_flow_step,plugged pass,PLUG,FOUL,N,3.7,6342.09,E-503 not ok after feed flow step,"days called for E-503 feed bottoms exchanger, feed jump seen during feed flow step. Foud plugged pass; flow restricted. tightened fittings, leak test ok. no leak at handover. notif made by ops, maint attended same shift."
10450682,40870682,2024-02-22,2024-02-23,2024-02-24,U400-DEETHANIZER-500,P-501B,reflux pump B,pump,P2,TECO,VALVE,normal_wear,bearing hot,BRG,WEAR,Y,20.5,12615.99,P-501B not ok after normal wear,"days called for P-501B reflux pump B, pm found defect seen during normal wear. Foud bearing hot; brg rough, lube dark. Line was hot so job done slow and with ops standing by. tightened fittings, leak test ok. readng close to dcs after job. notif made by ops, maint attended same shift."
10450683,40870683,2024-02-25,2024-02-25,2024-02-26,U400-DEETHANIZER-500,E-503,feed bottoms exchanger,exchanger,P2,CLSD,INST,feed_flow_step,tube fouling,FOULING,PROCESS,N,8.9,10792.08,E-503 tube fouling temp fix,"night called for E-503 feed bottoms exchanger, feed jump seen during feed flow step. Foud tube fouling; duty low, delta t poor. History shows same complain last mnth. flushed impulse/sample line. unit stable now. notif made by ops, maint attended same shift."
10450684,40870684,2024-02-27,2024-02-29,2024-03-02,U400-DEETHANIZER-500,TV-501,reboiler hot medium valve,control_valve,P3,COMP,OPS+INST,feed_temperature_ramp,stiction,STICK,PACKING,N,15.3,3379.69,TV-501 not ok after feed temperature ramp,"C shift called for TV-501 rebiler hot medium valve, rb duty up seen during feed temperature ramp. Foud stiction; stem sticky and pos err. Tag plate dirty, confirmd by line up with panel. cleaned and put back online. temp repair only, plan shutdown job. notif made by ops, maint attended same shift."
10450685,40870685,2024-02-26,2024-02-27,2024-02-28,U400-DEETHANIZER-500,FV-502,reflux flow control valve,control_valve,P2,CLSD,MECH,valve_stiction,passing,LEAK_BY,SEAT,N,13.3,3368.45,FV-502 passing after upset,"C shift called for FV-502 rflx flow control vavle, loop cycling seen during vavle stiction. Foud passing; seat leak by. No spare in store at first, used refurb one from shop. calibrated, loop checked with CCR. no leak at handover. notif made by ops, maint attended same shift."
10450686,40870686,2024-02-29,2024-02-29,2024-03-02,U400-DEETHANIZER-500,LV-502,bottoms level valve,control_valve,P3,CLSD,INST,normal_wear,stiction,STICK,PACKING,N,7.7,2766.57,chk LV-502 - stiction frm ops,"C shift called for LV-502 bottoms level vavle, leak seen during normal wear. Foud stiction; stem sticky and pos err. stroke tested, response better. unit stable now. notif made by ops, maint attended same shift."
10450687,40870687,2024-02-29,2024-03-02,2024-03-03,U400-DEETHANIZER-500,FV-502,reflux flow control valve,control_valve,P3,COMP,VALVE,reflux_pump_degradation,air leak,AIR_LEAK,TUBING,N,2.6,6520.77,FV-502 not ok after rflx pump degradation,"B shift called for FV-502 reflux flow control valve, low reflux seen during reflux pump degradation. Foud air leak; positioner supply drop. calibrated, loop checked with CCR. no leak at handover. notif made by ops, maint attended same shift."
10450688,40870688,2024-03-01,2024-03-01,2024-03-02,U400-DEETHANIZER-500,E-502,deethanizer overhead condenser,condenser,P4,COMP,INST,condenser_fouling,cw fouling,FOULING,UTILITY,N,4.9,3110.24,chk E-502 - cw fouling frm ops,"days called for E-502 deethanizer overhead condenser, high ovhd press seen during condenser fouling. Foud cw fouling; cw side scaled. No spare in store at first, used refurb one from shop. changed gasket and boxed up. no leak at handover. notif made by ops, maint attended same shift."
10450689,40870689,2024-03-03,2024-03-04,2024-03-05,U400-DEETHANIZER-500,PT-501,column overhead pressure tx,instrument,P4,COMP,E&I,condenser_fouling,bad reading,DRIFT,CAL,N,1.8,3349.51,"PT-501 high ovhd press, bad reading","C shift called for PT-501 column overhead press tx, pic wide open seen during condenser fouling. Foud bad reading; needs calib. opened strainer, cleaned black sludge. no leak at handover. notif made by ops, maint attended same shift."
10450690,40870690,2024-03-06,2024-03-07,2024-03-09,U400-DEETHANIZER-500,E-503,feed bottoms exchanger,exchanger,P3,TECO,E&I,feed_flow_step,plugged pass,PLUG,FOUL,N,11.4,6033.26,E-503 not ok after feed flow step,"C shift called for E-503 feed bottoms exchanger, c2 recov down seen during feed flow step. Foud plugged pass; flow restricted. Tag plate dirty, confirmd by line up with panel. replaced positioner tubing and retuned small. still little hunting but acceptable. notif made by ops, maint attended same shift."
10450691,40870691,2024-03-09,2024-03-09,2024-03-11,U400-DEETHANIZER-500,TV-501,reboiler hot medium valve,control_valve,P4,CLSD,E&I,feed_temperature_ramp,passing,LEAK_BY,SEAT,N,14.9,4629.36,chk TV-501 - passing frm ops,"B shift called for TV-501 reboiler hot medium valve, feed temp high seen during feed temperature ramp. Foud passing; seat leak by. reset trip and monitored for 2 hrs. need watch next feed swing. notif made by ops, maint attended same shift."
10450692,40870692,2024-03-07,2024-03-07,2024-03-09,U400-DEETHANIZER-500,V-501,deethanizer reflux drum,vessel,P4,COMP,MECH,condenser_fouling,level swing,LVL_SWING,CTRL,N,17.5,4452.75,V-501 not ok after condenser fouling,"A shift called for V-501 deethanizer reflux drum, pic wide open seen during condenser fouling. Foud level swing; lt/lic problem. Could not get permit first time waiting area gas test. cleaned and put back online. no leak at handover. notif made by ops, maint attended same shift."
10450693,40870693,2024-03-09,2024-03-10,2024-03-11,U400-DEETHANIZER-500,E-501,deethanizer reboiler,reboiler,P3,COMP,OPS+MECH,reboiler_duty_loss,rb leak,LEAK,GASKET,N,17.8,5195.93,"E-501 tray temp low, rb leak","night called for E-501 deethanizer reboiler, c2 in btm seen during reboiler duty loss. Foud rb leak; channel flange weep. No spare in store at first, used refurb one from shop. opened strainer, cleaned black sludge. need watch next feed swing. notif made by ops, maint attended same shift."
10450694,40870694,2024-03-09,2024-03-09,2024-03-10,U400-DEETHANIZER-500,FV-502,reflux flow control valve,control_valve,P3,CLSD,OPS+INST,valve_stiction,passing,LEAK_BY,SEAT,N,7.4,1163.43,"FV-502 air leak, passing","days called for FV-502 reflux flow control valve, air leak seen during valve stiction. Foud passing; seat leak by. calibrated, loop checked with CCR. readng close to dcs after job. notif made by ops, maint attended same shift."
10450695,40870695,2024-03-14,2024-03-16,2024-03-17,U400-DEETHANIZER-500,AIT-502,bottoms C3+ analyzer,analyzer,P2,CLSD,E&I,feed_flow_step,bad gc cycle,NO_ANALYSIS,ELEC,N,11.2,3312.5,AIT-502 bad gc cycle ops req,"night called for AIT-502 bottoms C3+ analyzer, fic hunting seen during feed flow step. Foud bad gc cycle; cycle abort. History shows same complain last mnth. opened strainer, cleaned black sludge. still little hunting but acceptable. notif made by ops, maint attended same shift."
10450696,40870696,2024-03-16,2024-03-16,2024-03-18,U400-DEETHANIZER-500,E-503,feed bottoms exchanger,exchanger,P2,TECO,INST,feed_flow_step,plugged pass,PLUG,FOUL,Y,12.0,3028.08,"E-503 plugged pass again, prod upset","A shift called for E-503 feed bottoms exchanger, c2 recov down seen during feed flow step. Foud plugged pass; flow restricted. opened strainer, cleaned black sludge. unit stable now. notif made by ops, maint attended same shift."
10450697,40870697,2024-03-18,2024-03-19,2024-03-19,U400-DEETHANIZER-500,PT-501,column overhead pressure tx,instrument,P3,COMP,ANLYZR,pressure_control_fault,bad reading,DRIFT,CAL,N,13.4,3771.76,PT-501 bad reading ops req,"days called for PT-501 column overhead pressure tx, press spike seen during pressure control fault. Foud bad reading; needs calib. reset trip and monitored for 2 hrs. still little hunting but acceptable. notif made by ops, maint attended same shift."
10450698,40870698,2024-03-17,2024-03-18,2024-03-19,U400-DEETHANIZER-500,FV-501,feed flow control valve,control_valve,P4,TECO,ROT,feed_flow_step,passing,LEAK_BY,SEAT,N,9.1,1023.31,"FV-501 passing again, prod upset","days called for FV-501 feed flow control valve, fic hunting seen during feed flow step. Foud passing; seat leak by. No spare in store at first, used refurb one from shop. tightened fittings, leak test ok. temp repair only, plan shutdown job. notif made by ops, maint attended same shift."
10450699,40870699,2024-03-20,2024-03-21,2024-03-23,U400-DEETHANIZER-500,FV-502,reflux flow control valve,control_valve,P3,TECO,OPS+MECH,valve_stiction,passing,LEAK_BY,SEAT,N,16.6,6418.9,FV-502 passing temp fix,"B shift called for FV-502 reflux flow ctrl valve, position bad seen during valve stiction. Foud passing; seat leak by. No spare in store at first, used refurb one from shop. stroke tested, response better. need watch next feed swing. notif made by ops, maint attended same shift."
10450700,40870700,2024-03-20,2024-03-21,2024-03-22,U400-DEETHANIZER-500,FV-502,reflux flow control valve,control_valve,P3,CLSD,INST,reflux_pump_degradation,passing,LEAK_BY,SEAT,N,5.2,2784.43,"FV-502 passing again, prod upset","C shift called for FV-502 reflux flow ctrl valve, min flow hot seen during reflux pump degradation. Foud passing; seat leak by. swapped to standby and repaired. temp repair only, plan shutdown job. notif made by ops, maint attended same shift."
10450701,40870701,2024-03-19,2024-03-19,2024-03-21,U400-DEETHANIZER-500,E-503,feed bottoms exchanger,exchanger,P3,COMP,VALVE,normal_wear,gasket weep,LEAK,GASKET,N,12.8,4949.42,"E-503 gasket weep again, prod upset","B shift called for E-503 feed bottoms exchanger, loose term seen during normal wear. Foud gasket weep; flange sweating. changed gasket and boxed up. need watch next feed swing. notif made by ops, maint attended same shift."
10450702,40870702,2024-03-20,2024-03-21,2024-03-22,U400-DEETHANIZER-500,DPT-501,column diff pressure tx,instrument,P4,TECO,E&I,reboiler_duty_loss,loose wire,SIGNAL,ELEC,N,11.8,1888.72,"DPT-501 rb circ cold, loose wire","days called for DPT-501 colmn diff pressure tx, rb circ cold seen during reboiler duty loss. Foud loose wire; term loose. cleaned and put back online. ops says ok for now. notif made by ops, maint attended same shift."
10450703,40870703,2024-03-23,2024-03-23,2024-03-25,U400-DEETHANIZER-500,T-501,deethanizer column,column,P2,TECO,INST,feed_flow_step,tray temp bad,TEMP_DEV,PROCESS,Y,20.8,5390.09,chk T-501 - tray temp bad frm ops,"B shift called for T-501 deethanizer colmn, feed jump seen during feed flow step. Foud tray temp bad; profile not normal. flushed impulse/sample line. need watch next feed swing. notif made by ops, maint attended same shift."
10450704,40870704,2024-03-23,2024-03-25,2024-03-26,U400-DEETHANIZER-500,E-501,deethanizer reboiler,reboiler,P4,TECO,OPS+MECH,pressure_control_fault,rb leak,LEAK,GASKET,N,11.8,11848.97,E-501 rb leak chk & revert,"C shift called for E-501 deethanizer reboiler, press spike seen during pressure control fault. Foud rb leak; channel flange weep. History shows same complain last mnth. tightened fittings, leak test ok. readng close to dcs after job. notif made by ops, maint attended same shift."
10450705,40870705,2024-03-29,2024-03-30,2024-03-31,U400-DEETHANIZER-500,FT-502,reflux flow transmitter,instrument,P3,CLSD,E&I,reflux_pump_degradation,loose wire,SIGNAL,ELEC,N,2.1,5688.22,"FT-502 loose wire again, prod upset","night called for FT-502 reflux flow transmitter, pump vib seen during reflux pump degradation. Foud loose wire; term loose. tightened fittings, leak test ok. unit stable now. notif made by ops, maint attended same shift."
10450706,40870706,2024-03-29,2024-03-30,2024-04-01,U400-DEETHANIZER-500,V-501,deethanizer reflux drum,vessel,P3,COMP,INST,normal_wear,level swing,LVL_SWING,CTRL,N,10.9,6167.36,"V-501 bad reading, level swing","A shift called for V-501 deethanizer rflx drum, noise seen during normal wear. Foud level swing; lt/lic problem. Could not get permit first time waiting area gas test. opened strainer, cleaned black sludge. temp repair only, plan shutdown job. notif made by ops, maint attended same shift."
10450707,40870707,2024-03-27,2024-03-28,2024-03-29,U400-DEETHANIZER-500,P-501B,reflux pump B,pump,P2,TECO,OPS+MECH,valve_stiction,bearing hot,BRG,WEAR,N,3.7,1108.87,P-501B not ok after valve stiction,"B shift called for P-501B reflux pump B, air leak seen during vavle stiction. Foud bearing hot; brg rough, lube dark. replaced positioner tubing and retuned small. readng close to dcs after job. notif made by ops, maint attended same shift."
10450708,40870708,2024-04-02,2024-04-04,2024-04-06,U400-DEETHANIZER-500,TT-501B,sensitive tray temperature tx,instrument,P3,COMP,ANLYZR,reboiler_duty_loss,loose wire,SIGNAL,ELEC,N,12.8,687.38,TT-501B loose wire chk & revert,"days called for TT-501B sensitive tray temperature tx, steam/hm valve no resp seen during reboiler duty loss. Foud loose wire; term loose. History shows same complain last mnth. tightened fittings, leak test ok. still little hunting but acceptable. notif made by ops, maint attended same shift."
10450709,40870709,2024-04-04,2024-04-05,2024-04-06,U400-DEETHANIZER-500,PV-501,column pressure control valve,control_valve,P3,COMP,MECH,normal_wear,air leak,AIR_LEAK,TUBING,N,10.9,6531.86,"PV-501 air leak again, prod upset","days called for PV-501 column pressure control vavle, bad reading seen during normal wear. Foud air leak; positioner supply drop. replaced positioner tubing and retuned small. still little hunting but acceptable. notif made by ops, maint attended same shift."
10450710,40870710,2024-04-02,2024-04-04,2024-04-06,U400-DEETHANIZER-500,P-501B,reflux pump B,pump,P2,CLSD,MECH,reflux_pump_degradation,motor trip,MOTOR,ELEC,Y,15.7,16812.78,P-501B not ok after reflux pump degradation,"days called for P-501B reflux pump B, low reflux seen during reflux pump degradation. Foud motor trip; overload trip after upset. cleaned and put back online. ops says ok for now. notif made by ops, maint attended same shift."
10450711,40870711,2024-04-06,2024-04-06,2024-04-08,U400-DEETHANIZER-500,TV-502,condenser cooling valve,control_valve,P4,COMP,INST,condenser_fouling,not stroking,NO_TRAVEL,ACT,N,5.7,504.86,chk TV-502 - not stroking frm ops,"days called for TV-502 condenser cooling valve, drum temp hi seen during condenser fouling. Foud not stroking; actuator weak. No spare in store at first, used refurb one from shop. flushed impulse/sample line. need watch next feed swing. notif made by ops, maint attended same shift."
10450712,40870712,2024-04-08,2024-04-08,2024-04-09,U400-DEETHANIZER-500,FT-502,reflux flow transmitter,instrument,P2,TECO,ANLYZR,reflux_pump_degradation,bad reading,DRIFT,CAL,N,2.5,5162.48,FT-502 not ok after reflux pump degradation,"A shift called for FT-502 reflux flow transmitter, disch press low seen during reflux pump degradation. Foud bad reading; needs calib. No spare in store at first, used refurb one from shop. calibrated, loop checked with CCR. unit stable now. notif made by ops, maint attended same shift."
10450713,40870713,2024-04-08,2024-04-09,2024-04-10,U400-DEETHANIZER-500,LV-502,bottoms level valve,control_valve,P1,TECO,ROT,pressure_control_fault,hunting loop,CTRL_OSC,TUNE,N,14.5,909.69,LV-502 hunting loop asap,"night called for LV-502 bottoms level valve, pic unstable seen during pressure control fault. Foud hunting loop; bad response after upset. replaced positioner tubing and retuned small. ops says ok for now. notif made by ops, maint attended same shift."
10450714,40870714,2024-04-07,2024-04-08,2024-04-10,U400-DEETHANIZER-500,TV-502,condenser cooling valve,control_valve,P2,COMP,MECH,feed_temperature_ramp,not stroking,NO_TRAVEL,ACT,N,14.6,2900.48,TV-502 not ok after feed temperature ramp,"B shift called for TV-502 condenser cooling vavle, spec off seen during feed temperature ramp. Foud not stroking; actuator weak. swapped to standby and repaired. temp repair only, plan shutdown job. notif made by ops, maint attended same shift."
10450715,40870715,2024-04-09,2024-04-10,2024-04-15,U400-DEETHANIZER-500,AIT-501,overhead C2 analyzer,analyzer,P3,TECO,OPS+INST,feed_temperature_ramp,condensate in sample,LIQ_CARRY,SAMPLE,N,10.0,4192.98,chk AIT-501 - condensate in sample frm ops,"A shift called for AIT-501 overhead C2 analyzer, rb duty up seen during feed temperature ramp. Foud condensate in sample; knockout pot full. Could not get permit first time waiting area gas test. swapped to standby and repaired. ops says ok for now. notif made by ops, maint attended same shift."
10450716,40870716,2024-04-09,2024-04-09,2024-04-10,U400-DEETHANIZER-500,E-502,deethanizer overhead condenser,condenser,P3,CLSD,ROT,normal_wear,high press,PERF,FOUL,N,17.9,2870.39,chk E-502 - high press frm ops,"B shift called for E-502 deethanizer overhead condenser, bad reading seen during normal wear. Foud high press; condensing duty poor. Tag plate dirty, confirmd by line up with panel. calibrated, loop checked with CCR. ops says ok for now. notif made by ops, maint attended same shift."
10450717,40870717,2024-04-15,2024-04-15,2024-04-15,U400-DEETHANIZER-500,E-503,feed bottoms exchanger,exchanger,P4,TECO,ANLYZR,feed_flow_step,tube fouling,FOULING,PROCESS,N,11.8,12125.01,"E-503 column dp high, tube fouling","C shift called for E-503 feed bottoms exchanger, lvl swing seen during feed flow step. Foud tube fouling; duty low, delta t poor. No spare in store at first, used refurb one from shop. tightened fittings, leak test ok. ops says ok for now. notif made by ops, maint attended same shift."
10450718,40870718,2024-04-13,2024-04-13,2024-04-13,U400-DEETHANIZER-500,PV-501,column pressure control valve,control_valve,P3,TECO,OPS+INST,normal_wear,stiction,STICK,PACKING,N,16.4,689.58,PV-501 stiction bad,"C shift called for PV-501 column pressure control vavle, loose term seen during normal wear. Foud stiction; stem sticky and pos err. changed gasket and boxed up. still little hunting but acceptable. notif made by ops, maint attended same shift."
10450719,40870719,2024-04-16,2024-04-16,2024-04-17,U400-DEETHANIZER-500,FV-501,feed flow control valve,control_valve,P2,TECO,INST,feed_temperature_ramp,air leak,AIR_LEAK,TUBING,Y,16.5,2058.34,FV-501 not ok after feed temp ramp,"A shift called for FV-501 feed flow control valve, feed temp high seen during feed temp ramp. Foud air leak; positioner supply drop. swapped to standby and repaired. ops says ok for now. notif made by ops, maint attended same shift."
10450720,40870720,2024-04-19,2024-04-19,2024-04-19,U400-DEETHANIZER-500,TT-501B,sensitive tray temperature tx,instrument,P4,TECO,E&I,feed_flow_step,bad reading,DRIFT,CAL,N,11.7,5227.31,"TT-501B column dp high, bad reading","days called for TT-501B sensitive tray temperature tx, column dp high seen during feed flow step. Foud bad reading; needs calib. reset trip and monitored for 2 hrs. need watch next feed swing. notif made by ops, maint attended same shift."
10450721,40870721,2024-04-17,2024-04-17,2024-04-20,U400-DEETHANIZER-500,E-502,deethanizer overhead condenser,condenser,P4,TECO,ANLYZR,feed_composition_shift,tube leak sus,LEAK,TUBE,N,13.3,8231.8,E-502 tube leak sus after upset,"night called for E-502 deethanizer overhead condenser, quality bad seen during feed composition shift. Foud tube leak sus; hydrotest reqd. No spare in store at first, used refurb one from shop. opened strainer, cleaned black sludge. ops says ok for now. notif made by ops, maint attended same shift."
10450722,40870722,2024-04-21,2024-04-22,2024-04-24,U400-DEETHANIZER-500,T-501,deethanizer column,column,P3,TECO,INST,feed_composition_shift,tray temp bad,TEMP_DEV,PROCESS,N,7.4,6304.96,"T-501 anlyzr off, tray temp bad","A shift called for T-501 deethanizer column, ovhd c3 slip seen during feed composition shift. Foud tray temp bad; profile not normal. History shows same complain last mnth. replaced positioner tubing and retuned small. no leak at handover. notif made by ops, maint attended same shift."
10450723,40870723,2024-04-23,2024-04-25,2024-04-26,U400-DEETHANIZER-500,FV-502,reflux flow control valve,control_valve,P3,TECO,ANLYZR,reflux_pump_degradation,not stroking,NO_TRAVEL,ACT,N,13.3,373.84,"FV-502 min flow hot, not stroking","C shift called for FV-502 reflux flow control valve, low reflux seen during reflux pump degradation. Foud not stroking; actuator weak. History shows same complain last mnth. reset trip and monitored for 2 hrs. need watch next feed swing. notif made by ops, maint attended same shift."
10450724,40870724,2024-04-22,2024-04-22,2024-04-22,U400-DEETHANIZER-500,PV-501,column pressure control valve,control_valve,P1,COMP,E&I,reboiler_duty_loss,hunting loop,CTRL_OSC,TUNE,N,15.3,681.85,PV-501 hunting loop bad,"night called for PV-501 column pressure control vavle, tray temp low seen during reboiler duty loss. Foud hunting loop; bad response after upset. changed gasket and boxed up. readng close to dcs after job. notif made by ops, maint attended same shift."
10450725,40870725,2024-04-26,2024-04-27,2024-04-29,U400-DEETHANIZER-500,AIT-502,bottoms C3+ analyzer,analyzer,P2,COMP,OPS+INST,feed_temperature_ramp,anlyzr drift,DRIFT,CAL_GAS,N,16.9,309.64,chk AIT-502 - anlyzr drift frm ops,"B shift called for AIT-502 bottoms C3+ analyzer, rb duty up seen during feed temp ramp. Foud anlyzr drift; cal gas failed. stroke tested, response better. readng close to dcs after job. notif made by ops, maint attended same shift."
10450726,40870726,2024-04-25,2024-04-25,2024-04-26,U400-DEETHANIZER-500,P-501B,reflux pump B,pump,P2,TECO,ROT,reflux_pump_degradation,low disch press,HYD_LOSS,FOUL,N,13.4,10086.78,P-501B low disch press temp fix,"B shift called for P-501B reflux pump B, disch press low seen during reflux pump degradation. Foud low disch press; strainer dirty or impeller wear. tightened fittings, leak test ok. no leak at handover. notif made by ops, maint attended same shift."
10450727,40870727,2024-04-25,2024-04-25,2024-04-25,U400-DEETHANIZER-500,E-502,deethanizer overhead condenser,condenser,P4,TECO,VALVE,pressure_control_fault,tube leak sus,LEAK,TUBE,N,12.4,15528.81,"E-502 tube leak sus again, prod upset","days called for E-502 deethanizer overhead condenser, flare vavle checked seen during pressure control fault. Foud tube leak sus; hydrotest reqd. opened strainer, cleaned black sludge. unit stable now. notif made by ops, maint attended same shift."
10450728,40870728,2024-04-28,2024-04-30,2024-05-01,U400-DEETHANIZER-500,TV-501,reboiler hot medium valve,control_valve,P2,COMP,ROT,valve_stiction,not stroking,NO_TRAVEL,ACT,N,15.9,5251.03,"TV-501 position bad, not stroking","night called for TV-501 reboiler hot medium valve, position bad seen during valve stiction. Foud not stroking; actuator weak. tightened fittings, leak test ok. still little hunting but acceptable. notif made by ops, maint attended same shift."
10450729,40870729,2024-05-02,2024-05-02,2024-05-07,U400-DEETHANIZER-500,PT-501,column overhead pressure tx,instrument,P2,COMP,OPS+INST,normal_wear,no signal,NO_SIGNAL,ELEC,N,6.8,5000.31,"PT-501 loose term, no signal","A shift called for PT-501 column overhead press tx, noise seen during normal wear. Foud no signal; 24v or card issue. opened strainer, cleaned black sludge. still little hunting but acceptable. notif made by ops, maint attended same shift."
10450730,40870730,2024-05-05,2024-05-07,2024-05-08,U400-DEETHANIZER-500,TT-501B,sensitive tray temperature tx,instrument,P2,COMP,ANLYZR,pressure_control_fault,bad reading,DRIFT,CAL,N,6.9,2876.93,chk TT-501B - bad reading frm ops,"C shift called for TT-501B sensitive tray temperature tx, pv not movng seen during pressure control fault. Foud bad reading; needs calib. reset trip and monitored for 2 hrs. still little hunting but acceptable. notif made by ops, maint attended same shift."
10450731,40870731,2024-05-03,2024-05-03,2024-05-06,U400-DEETHANIZER-500,E-501,deethanizer reboiler,reboiler,P1,COMP,ROT,feed_temperature_ramp,circ poor,NO_FLOW,PLUG,N,7.0,16985.94,"E-501 spec off, circ poor","days called for E-501 deethanizer reboiler, rb duty up seen during feed temp ramp. Foud circ poor; blocked inlet screen. cleaned and put back online. readng close to dcs after job. notif made by ops, maint attended same shift."
10450732,40870732,2024-05-06,2024-05-06,2024-05-07,U400-DEETHANIZER-500,TT-501B,sensitive tray temperature tx,instrument,P3,TECO,OPS+INST,feed_temperature_ramp,range err,SPAN,CAL,N,12.1,5091.47,TT-501B range err bad,"days called for TT-501B sensitive tray temperature tx, ovhd press moving seen during feed temperature ramp. Foud range err; span shifted. No spare in store at first, used refurb one from shop. stroke tested, response better. ops says ok for now. notif made by ops, maint attended same shift."
10450733,40870733,2024-05-09,2024-05-10,2024-05-15,U400-DEETHANIZER-500,AIT-502,bottoms C3+ analyzer,analyzer,P2,CLSD,ANLYZR,feed_composition_shift,sample plugged,PLUG,SAMPLE,N,17.7,4163.55,AIT-502 sample plugged temp fix,"days called for AIT-502 bottoms C3+ analyzer, ovhd c3 slip seen during feed composition shift. Foud sample plugged; fast loop low flow. Line was hot so job done slow and with ops standing by. tightened fittings, leak test ok. ops says ok for now. notif made by ops, maint attended same shift."
10450734,40870734,2024-05-08,2024-05-08,2024-05-13,U400-DEETHANIZER-500,LV-502,bottoms level valve,control_valve,P3,TECO,ROT,valve_stiction,passing,LEAK_BY,SEAT,N,16.4,3758.96,LV-502 passing noisy,"days called for LV-502 bottoms level valve, air leak seen during valve stiction. Foud passing; seat leak by. calibrated, loop chekd with CCR. readng close to dcs after job. notif made by ops, maint attended same shift."
10450735,40870735,2024-05-09,2024-05-10,2024-05-11,U400-DEETHANIZER-500,P-501A,reflux pump A,pump,P2,CLSD,E&I,pressure_control_fault,bearing hot,BRG,WEAR,N,8.8,16065.35,"P-501A bearing hot again, prod upset","A shift called for P-501A reflux pump A, pshh close call seen during pressure control fault. Foud bearing hot; brg rough, lube dark. No spare in store at first, used refurb one from shop. replaced positioner tubing and retuned small. unit stable now. notif made by ops, maint attended same shift."
10450736,40870736,2024-05-12,2024-05-13,2024-05-14,U400-DEETHANIZER-500,TV-501,reboiler hot medium valve,control_valve,P2,CLSD,INST,feed_composition_shift,passing,LEAK_BY,SEAT,Y,11.8,5410.23,TV-501 not ok after feed composition shift,"night called for TV-501 reboiler hot medium vavle, ovhd c3 slip seen during feed composition shift. Foud passing; seat leak by. Tag plate dirty, confirmd by line up with panel. tightened fittings, leak test ok. still little hunting but acceptable. notif made by ops, maint attended same shift."
10450737,40870737,2024-05-13,2024-05-14,2024-05-16,U400-DEETHANIZER-500,LV-502,bottoms level valve,control_valve,P4,CLSD,OPS+MECH,valve_stiction,air leak,AIR_LEAK,TUBING,N,13.6,3299.07,LV-502 not ok after valve stiction,"days called for LV-502 bottoms level valve, position bad seen during valve stiction. Foud air leak; positioner supply drop. No spare in store at first, used refurb one from shop. changed gasket and boxed up. still little hunting but acceptable. notif made by ops, maint attended same shift."
10450738,40870738,2024-05-16,2024-05-17,2024-05-24,U400-DEETHANIZER-500,TV-501,reboiler hot medium valve,control_valve,P3,TECO,OPS+MECH,reboiler_duty_loss,air leak,AIR_LEAK,TUBING,N,11.5,2460.78,chk TV-501 - air leak frm ops,"C shift called for TV-501 reboiler hot medium valve, steam/hm valve no resp seen during reboiler duty loss. Foud air leak; positioner supply drop. replaced positioner tubing and retuned small. still little hunting but acceptable. notif made by ops, maint attended same shift."
10450739,40870739,2024-05-18,2024-05-19,2024-05-21,U400-DEETHANIZER-500,E-501,deethanizer reboiler,reboiler,P3,COMP,E&I,feed_flow_step,rb leak,LEAK,GASKET,N,5.4,5980.16,"E-501 rb leak again, prod upset","days called for E-501 deethanizer reboiler, c2 recov down seen during feed flow step. Foud rb leak; channel flange weep. stroke tested, response better. no leak at handover. notif made by ops, maint attended same shift."
10450740,40870740,2024-05-17,2024-05-19,2024-05-20,U400-DEETHANIZER-500,E-502,deethanizer overhead condenser,condenser,P3,COMP,VALVE,condenser_fouling,cw fouling,FOULING,UTILITY,N,17.4,7404.0,E-502 cw fouling ops req,"A shift called for E-502 deethanizer overhead condenser, cond not pullng seen during condenser fouling. Foud cw fouling; cw side scaled. tightened fittings, leak test ok. readng close to dcs after job. notif made by ops, maint attended same shift."
10450741,40870741,2024-05-20,2024-05-20,2024-05-21,U400-DEETHANIZER-500,LT-501,reflux drum level tx,instrument,P3,CLSD,INST,normal_wear,no signal,NO_SIGNAL,ELEC,N,16.6,1554.49,chk LT-501 - no signal frm ops,"night called for LT-501 reflux drum level tx, bad reading seen during normal wear. Foud no signal; 24v or card issue. stroke tested, response better. readng close to dcs after job. notif made by ops, maint attended same shift."
10450742,40870742,2024-05-17,2024-05-17,2024-05-18,U400-DEETHANIZER-500,AIT-501,overhead C2 analyzer,analyzer,P4,TECO,E&I,feed_composition_shift,condensate in sample,LIQ_CARRY,SAMPLE,N,5.2,3432.56,"AIT-501 condensate in sample again, prod upset","B shift called for AIT-501 overhead C2 analyzer, ovhd c3 slip seen during feed composition shift. Foud condensate in sample; knockout pot full. tightened fittings, leak test ok. unit stable now. notif made by ops, maint attended same shift."
10450743,40870743,2024-05-21,2024-05-22,2024-05-24,U400-DEETHANIZER-500,PSV-501A,column relief valve A,relief,P4,CLSD,VALVE,pressure_control_fault,due to lift chk,LIFT_EVENT,PROCESS,N,11.0,1534.21,"PSV-501A due to lift chk again, prod upset","night called for PSV-501A column relief valve A, flare valve checked seen during pressure control fault. Foud due to lift chk; after pressure excursion. changed gasket and boxed up. readng close to dcs after job. notif made by ops, maint attended same shift."
10450744,40870744,2024-05-21,2024-05-23,2024-05-23,U400-DEETHANIZER-500,P-501B,reflux pump B,pump,P2,TECO,ROT,condenser_fouling,motor trip,MOTOR,ELEC,N,6.8,2004.18,chk P-501B - motor trip frm ops,"C shift called for P-501B reflux pump B, high ovhd press seen during condenser fouling. Foud motor trip; overload trip after upset. History shows same complain last mnth. reset trip and monitored for 2 hrs. temp repair only, plan shutdown job. notif made by ops, maint attended same shift."
10450745,40870745,2024-05-24,2024-05-24,2024-05-29,U400-DEETHANIZER-500,P-502A,bottoms pump A,pump,P3,TECO,ANLYZR,pressure_control_fault,bearing hot,BRG,WEAR,N,2.6,4537.86,P-502A bearing hot ops req,"B shift called for P-502A bottoms pump A, pshh close call seen during pressure control fault. Foud bearing hot; brg rough, lube dark. Line was hot so job done slow and with ops standing by. replaced positioner tubing and retuned small. still little hunting but acceptable. notif made by ops, maint attended same shift."
10450746,40870746,2024-05-24,2024-05-24,2024-05-31,U400-DEETHANIZER-500,TV-501,reboiler hot medium valve,control_valve,P2,COMP,OPS+INST,valve_stiction,not stroking,NO_TRAVEL,ACT,N,2.2,2486.23,TV-501 not ok after vavle stiction,"B shift called for TV-501 reboiler hot medium valve, loop cycling seen during valve stiction. Foud not stroking; actuator weak. Line was hot so job done slow and with ops standing by. swapped to standby and repaired. temp repair only, plan shutdown job. notif made by ops, maint attended same shift."
10450747,40870747,2024-05-25,2024-05-26,2024-05-29,U400-DEETHANIZER-500,P-501B,reflux pump B,pump,P3,TECO,OPS+MECH,reflux_pump_degradation,bearing hot,BRG,WEAR,N,7.3,4195.68,P-501B bearing hot chk & revert,"night called for P-501B reflux pump B, pump vib seen during reflux pump degradation. Foud bearing hot; brg rough, lube dark. Tag plate dirty, confirmd by line up with panel. tightened fittings, leak test ok. unit stable now. notif made by ops, maint attended same shift."
10450748,40870748,2024-05-30,2024-05-30,2024-05-31,U400-DEETHANIZER-500,E-502,deethanizer overhead condenser,condenser,P4,COMP,VALVE,pressure_control_fault,cw fouling,FOULING,UTILITY,N,13.0,10328.97,"E-502 pshh close call, cw fouling","C shift called for E-502 deethanizer overhead condenser, pv not movng seen during pressure control fault. Foud cw fouling; cw side scaled. History shows same complain last mnth. stroke tested, response better. unit stable now. notif made by ops, maint attended same shift."
10450749,40870749,2024-05-28,2024-05-28,2024-05-28,U400-DEETHANIZER-500,E-503,feed bottoms exchanger,exchanger,P3,COMP,INST,pressure_control_fault,plugged pass,PLUG,FOUL,N,2.2,12998.83,"E-503 plugged pass again, prod upset","A shift called for E-503 feed bottoms exchanger, pshh close call seen during pressure control fault. Foud plugged pass; flow restricted. History shows same complain last mnth. opened strainer, cleaned black sludge. still little hunting but acceptable. notif made by ops, maint attended same shift."
10450750,40870750,2024-05-29,2024-05-29,2024-05-31,U400-DEETHANIZER-500,P-501B,reflux pump B,pump,P3,CLSD,VALVE,feed_composition_shift,seal leak,MECH_SEAL,SEAL,N,1.6,4542.38,chk P-501B - seal leak frm ops,"A shift called for P-501B reflux pump B, quality bad seen during feed composition shift. Foud seal leak; seal face worn / dry run signs. flushed impulse/sample line. no leak at handover. notif made by ops, maint attended same shift."
10450751,40870751,2024-06-05,2024-06-06,2024-06-09,U400-DEETHANIZER-500,TT-501B,sensitive tray temperature tx,instrument,P2,CLSD,INST,reboiler_duty_loss,no signal,NO_SIGNAL,ELEC,N,11.2,2168.13,"TT-501B no signal again, prod upset","days called for TT-501B sensitive tray temperature tx, steam/hm valve no resp seen during reboiler duty loss. Foud no signal; 24v or card issue. replaced positioner tubing and retuned small. readng close to dcs after job. notif made by ops, maint attended same shift."
10450752,40870752,2024-06-05,2024-06-05,2024-06-08,U400-DEETHANIZER-500,TT-501B,sensitive tray temperature tx,instrument,P3,COMP,INST,valve_stiction,loose wire,SIGNAL,ELEC,N,9.9,326.59,"TT-501B loose wire again, prod upset","night called for TT-501B sensitive tray temperature tx, loop cycling seen during valve stiction. Foud loose wire; term loose. Could not get permit first time waiting area gas test. changed gasket and boxed up. no leak at handover. notif made by ops, maint attended same shift."
10450753,40870753,2024-06-05,2024-06-05,2024-06-08,U400-DEETHANIZER-500,FV-501,feed flow control valve,control_valve,P3,CLSD,MECH,valve_stiction,passing,LEAK_BY,SEAT,N,3.7,4719.46,"FV-501 passing again, prod upset","C shift called for FV-501 feed flow control valve, loop cycling seen during valve stiction. Foud passing; seat leak by. Tag plate dirty, confirmd by line up with panel. changed gasket and boxed up. no leak at handover. notif made by ops, maint attended same shift."
10450754,40870754,2024-06-07,2024-06-08,2024-06-09,U400-DEETHANIZER-500,PT-501,column overhead pressure tx,instrument,P4,COMP,OPS+INST,condenser_fouling,bad reading,DRIFT,CAL,N,4.5,4640.57,PT-501 not ok after condenser fouling,"A shift called for PT-501 column overhead pressure tx, pic wide open seen during condenser fouling. Foud bad reading; needs calib. No spare in store at first, used refurb one from shop. opened strainer, cleaned black sludge. temp repair only, plan shutdown job. notif made by ops, maint attended same shift."
10450755,40870755,2024-06-08,2024-06-09,2024-06-09,U400-DEETHANIZER-500,T-501,deethanizer column,column,P1,CLSD,OPS+INST,feed_flow_step,level unstable,LVL_SWING,CTRL,N,12.9,2327.38,T-501 not ok after feed flow step,"night called for T-501 deethanizer column, fic hunting seen during feed flow step. Foud level unstable; sump level swing. History shows same complain last mnth. tightened fittings, leak test ok. ops says ok for now. notif made by ops, maint attended same shift."
10450756,40870756,2024-06-09,2024-06-09,2024-06-09,U400-DEETHANIZER-500,E-501,deethanizer reboiler,reboiler,P2,COMP,MECH,normal_wear,fouled bundle,FOULING,PROCESS,N,1.2,6003.2,E-501 fouled bundle pls chk,"B shift called for E-501 deethanizer reboiler, bad reading seen during normal wear. Foud fouled bundle; bottoms side dirty. stroke tested, response better. still little hunting but acceptable. notif made by ops, maint attended same shift."
10450757,40870757,2024-06-12,2024-06-12,2024-06-13,U400-DEETHANIZER-500,E-502,deethanizer overhead condenser,condenser,P3,TECO,E&I,valve_stiction,cw fouling,FOULING,UTILITY,N,2.4,14805.5,E-502 cw fouling after upset,"C shift called for E-502 deethanizer overhead condenser, op jumps seen during valve stiction. Foud cw fouling; cw side scaled. flushed impulse/sample line. unit stable now. notif made by ops, maint attended same shift."
10450758,40870758,2024-06-11,2024-06-12,2024-06-13,U400-DEETHANIZER-500,E-502,deethanizer overhead condenser,condenser,P4,COMP,ROT,condenser_fouling,tube leak sus,LEAK,TUBE,N,13.5,15739.18,E-502 not ok after condnsr fouling,"C shift called for E-502 deethanizer overhead condenser, pic wide open seen during condenser fouling. Foud tube leak sus; hydrotest reqd. Line was hot so job done slow and with ops standing by. replaced positioner tubing and retuned small. ops says ok for now. notif made by ops, maint attended same shift."
10450759,40870759,2024-06-12,2024-06-13,2024-06-14,U400-DEETHANIZER-500,PT-501,column overhead pressure tx,instrument,P3,CLSD,INST,feed_composition_shift,bad reading,DRIFT,CAL,N,13.9,4771.24,PT-501 not ok after feed composition shift,"C shift called for PT-501 column overhead pressure tx, ovhd c3 slip seen during feed composition shift. Foud bad reading; needs calib. opened strainer, cleaned black sludge. unit stable now. notif made by ops, maint attended same shift."
10450760,40870760,2024-06-16,2024-06-17,2024-06-17,U400-DEETHANIZER-500,P-501A,reflux pump A,pump,P3,CLSD,INST,reflux_pump_degradation,bearing hot,BRG,WEAR,N,8.8,10265.61,chk P-501A - bearing hot frm ops,"B shift called for P-501A reflux pump A, low reflux seen during reflux pump degradation. Foud bearing hot; brg rough, lube dark. Tag plate dirty, confirmd by line up with panel. cleaned and put back online. ops says ok for now. notif made by ops, maint attended same shift."
10450761,40870761,2024-06-14,2024-06-14,2024-06-15,U400-DEETHANIZER-500,E-503,feed bottoms exchanger,exchanger,P1,COMP,ANLYZR,feed_composition_shift,plugged pass,PLUG,FOUL,N,5.1,5291.81,chk E-503 - plugged pass frm ops,"C shift called for E-503 feed bottoms exchanger, ovhd c3 slip seen during feed composition shift. Foud plugged pass; flow restricted. History shows same complain last mnth. tightened fittings, leak test ok. temp repair only, plan shutdown job. notif made by ops, maint attended same shift."
10450762,40870762,2024-06-19,2024-06-19,2024-06-19,U400-DEETHANIZER-500,FV-502,reflux flow control valve,control_valve,P1,COMP,MECH,reflux_pump_degradation,passing,LEAK_BY,SEAT,N,2.7,4981.37,FV-502 passing temp fix,"B shift called for FV-502 reflux flow ctrl valve, min flow hot seen during reflux pump degradation. Foud passing; seat leak by. Line was hot so job done slow and with ops standing by. cleaned and put back online. still little hunting but acceptable. notif made by ops, maint attended same shift."
10450763,40870763,2024-06-20,2024-06-22,2024-06-27,U400-DEETHANIZER-500,FT-501,feed flow transmitter,instrument,P2,TECO,E&I,feed_composition_shift,impulse plugged,PLUG,PROCESS,Y,18.0,4923.96,chk FT-501 - impulse plugged frm ops,"night called for FT-501 feed flow transmitter, anlyzr off seen during feed composition shift. Foud impulse plugged; tap/line dirty. Line was hot so job done slow and with ops standing by. swapped to standby and repaired. temp repair only, plan shutdown job. notif made by ops, maint attended same shift."
10450764,40870764,2024-06-18,2024-06-18,2024-06-18,U400-DEETHANIZER-500,E-501,deethanizer reboiler,reboiler,P2,TECO,E&I,reboiler_duty_loss,fouled bundle,FOULING,PROCESS,N,9.8,997.75,"E-501 fouled bundle again, prod upset","days called for E-501 deethanizer reboiler, tray temp low seen during reboiler duty loss. Foud fouled bundle; bottoms side dirty. cleaned and put back online. unit stable now. notif made by ops, maint attended same shift."
10450765,40870765,2024-06-23,2024-06-23,2024-06-24,U400-DEETHANIZER-500,LV-502,bottoms level valve,control_valve,P2,TECO,OPS+MECH,pressure_control_fault,passing,LEAK_BY,SEAT,Y,11.8,1585.04,LV-502 passing noisy,"days called for LV-502 bottoms level valve, pv not movng seen during pressure ctrl fault. Foud passing; seat leak by. reset trip and monitored for 2 hrs. unit stable now. notif made by ops, maint attended same shift."
10450766,40870766,2024-06-24,2024-06-26,2024-06-27,U400-DEETHANIZER-500,LT-501,reflux drum level tx,instrument,P4,CLSD,ANLYZR,feed_flow_step,range err,SPAN,CAL,N,15.7,5226.73,LT-501 range err temp fix,"A shift called for LT-501 reflux drum level tx, column dp high seen during feed flow step. Foud range err; span shifted. replaced positioner tubing and retuned small. temp repair only, plan shutdown job. notif made by ops, maint attended same shift."
10450767,40870767,2024-06-24,2024-06-26,2024-07-03,U400-DEETHANIZER-500,LV-501,reflux drum level valve,control_valve,P3,CLSD,INST,reboiler_duty_loss,passing,LEAK_BY,SEAT,N,8.6,683.21,LV-501 passing temp fix,"B shift called for LV-501 reflux drum level valve, c2 in btm seen during rebiler duty loss. Foud passing; seat leak by. Tag plate dirty, confirmd by line up with panel. cleaned and put back online. need watch next feed swing. notif made by ops, maint attended same shift."
10450768,40870768,2024-06-26,2024-06-27,2024-06-28,U400-DEETHANIZER-500,E-501,deethanizer reboiler,reboiler,P4,COMP,INST,reboiler_duty_loss,fouled bundle,FOULING,PROCESS,N,16.7,4209.36,E-501 fouled bundle again,"night called for E-501 deethanizer rebiler, rb circ cold seen during rebiler duty loss. Foud fouled bundle; bottoms side dirty. replaced positioner tubing and retuned small. no leak at handover. notif made by ops, maint attended same shift."
10450769,40870769,2024-06-29,2024-06-29,2024-06-30,U400-DEETHANIZER-500,TV-501,reboiler hot medium valve,control_valve,P3,TECO,INST,normal_wear,hunting loop,CTRL_OSC,TUNE,N,17.6,4300.13,TV-501 not ok after normal wear,"A shift called for TV-501 rebiler hot medium valve, plugged impulse seen during normal wear. Foud hunting loop; bad response after upset. tightened fittings, leak test ok. need watch next feed swing. notif made by ops, maint attended same shift."
10450770,40870770,2024-06-27,2024-06-29,2024-06-30,U400-DEETHANIZER-500,AIT-502,bottoms C3+ analyzer,analyzer,P2,TECO,OPS+INST,feed_composition_shift,anlyzr drift,DRIFT,CAL_GAS,N,17.1,4838.09,"AIT-502 anlyzr drift again, prod upset","night called for AIT-502 bottoms C3+ analyzer, c3 in feed hi seen during feed composition shift. Foud anlyzr drift; cal gas failed. replaced positioner tubing and retuned small. unit stable now. notif made by ops, maint attended same shift."
10450771,40870771,2024-07-01,2024-07-02,2024-07-02,U400-DEETHANIZER-500,E-503,feed bottoms exchanger,exchanger,P3,TECO,VALVE,feed_composition_shift,tube fouling,FOULING,PROCESS,N,16.1,10245.11,"E-503 anlyzr off, tube fouling","C shift called for E-503 feed bottoms exchanger, c3 in feed hi seen during feed composition shift. Foud tube fouling; duty low, delta t poor. Could not get permit first time waiting area gas test. flushed impulse/sample line. still little hunting but acceptable. notif made by ops, maint attended same shift."
10450772,40870772,2024-07-02,2024-07-02,2024-07-03,U400-DEETHANIZER-500,E-503,feed bottoms exchanger,exchanger,P3,TECO,MECH,feed_flow_step,plugged pass,PLUG,FOUL,N,5.7,4643.19,chk E-503 - plugged pass frm ops,"days called for E-503 feed bottoms exchanger, lvl swing seen during feed flow step. Foud plugged pass; flow restricted. No spare in store at first, used refurb one from shop. tightened fittings, leak test ok. still little hunting but acceptable. notif made by ops, maint attended same shift."
10450773,40870773,2024-07-06,2024-07-06,2024-07-06,U400-DEETHANIZER-500,PT-501,column overhead pressure tx,instrument,P3,CLSD,ANLYZR,valve_stiction,impulse plugged,PLUG,PROCESS,N,16.9,174.87,PT-501 not ok after valve stiction,"B shift called for PT-501 column overhead pressure tx, op jumps seen during valve stiction. Foud impulse plugged; tap/line dirty. reset trip and monitored for 2 hrs. temp repair only, plan shutdown job. notif made by ops, maint attended same shift."
10450774,40870774,2024-07-08,2024-07-09,2024-07-11,U400-DEETHANIZER-500,E-501,deethanizer reboiler,reboiler,P4,COMP,E&I,feed_temperature_ramp,circ poor,NO_FLOW,PLUG,N,5.2,12561.97,E-501 circ poor after upset,"days called for E-501 deethanizer reboiler, rb duty up seen during feed temperature ramp. Foud circ poor; blocked inlet screen. Line was hot so job done slow and with ops standing by. stroke tested, response better. unit stable now. notif made by ops, maint attended same shift."
10450775,40870775,2024-07-05,2024-07-05,2024-07-07,U400-DEETHANIZER-500,FV-502,reflux flow control valve,control_valve,P3,TECO,INST,valve_stiction,air leak,AIR_LEAK,TUBING,N,11.6,2947.84,chk FV-502 - air leak frm ops,"B shift called for FV-502 reflux flow control valve, position bad seen during valve stiction. Foud air leak; positioner supply drop. Could not get permit first time waiting area gas test. calibrated, loop checked with CCR. no leak at handover. notif made by ops, maint attended same shift."
10450776,40870776,2024-07-10,2024-07-12,2024-07-13,U400-DEETHANIZER-500,PV-501,column pressure control valve,control_valve,P3,TECO,INST,condenser_fouling,air leak,AIR_LEAK,TUBING,N,18.0,2795.18,"PV-501 air leak again, prod upset","night called for PV-501 column pressure control valve, pic wide open seen during condenser fouling. Foud air leak; positioner supply drop. reset trip and monitored for 2 hrs. unit stable now. notif made by ops, maint attended same shift."
10450777,40870777,2024-07-07,2024-07-07,2024-07-07,U400-DEETHANIZER-500,TT-501B,sensitive tray temperature tx,instrument,P4,COMP,INST,feed_temperature_ramp,impulse plugged,PLUG,PROCESS,N,12.0,6019.14,"TT-501B spec off, impulse plugged","B shift called for TT-501B sensitive tray temperature tx, rb duty up seen during feed temperature ramp. Foud impulse plugged; tap/line dirty. Tag plate dirty, confirmd by line up with panel. calibrated, loop checked with CCR. unit stable now. notif made by ops, maint attended same shift."
10450778,40870778,2024-07-10,2024-07-11,2024-07-12,U400-DEETHANIZER-500,PT-501,column overhead pressure tx,instrument,P2,COMP,E&I,pressure_control_fault,range err,SPAN,CAL,N,4.7,3341.38,"PT-501 flare vavle chekd, range err","night called for PT-501 column overhead pressure tx, pv not movng seen during pressure control fault. Foud range err; span shifted. opened strainer, cleaned black sludge. ops says ok for now. notif made by ops, maint attended same shift."
10450779,40870779,2024-07-15,2024-07-15,2024-07-18,U400-DEETHANIZER-500,LV-501,reflux drum level valve,control_valve,P4,COMP,OPS+MECH,pressure_control_fault,air leak,AIR_LEAK,TUBING,N,15.6,3468.36,"LV-501 pv not movng, air leak","days called for LV-501 reflux drum level valve, flare valve checked seen during pressure control fault. Foud air leak; positioner supply drop. calibrated, loop checked with CCR. need watch next feed swing. notif made by ops, maint attended same shift."
10450780,40870780,2024-07-16,2024-07-16,2024-07-18,U400-DEETHANIZER-500,FT-502,reflux flow transmitter,instrument,P2,CLSD,E&I,reflux_pump_degradation,impulse plugged,PLUG,PROCESS,Y,11.7,1830.34,"FT-502 impulse plugged again, prod upset","C shift called for FT-502 reflux flow transmitter, low reflux seen during reflux pump degradation. Foud impulse plugged; tap/line dirty. tightened fittings, leak test ok. ops says ok for now. notif made by ops, maint attended same shift."
10450781,40870781,2024-07-14,2024-07-14,2024-07-15,U400-DEETHANIZER-500,PV-501,column pressure control valve,control_valve,P3,TECO,VALVE,valve_stiction,not stroking,NO_TRAVEL,ACT,N,14.5,4771.9,chk PV-501 - not stroking frm ops,"A shift called for PV-501 column pressure ctrl valve, loop cycling seen during valve stiction. Foud not stroking; actuator weak. flushed impulse/sample line. need watch next feed swing. notif made by ops, maint attended same shift."
10450782,40870782,2024-07-20,2024-07-22,2024-07-24,U400-DEETHANIZER-500,T-501,deethanizer column,column,P4,TECO,OPS+MECH,valve_stiction,tray temp bad,TEMP_DEV,PROCESS,N,13.8,6085.39,"T-501 tray temp bad again, prod upset","A shift called for T-501 deethanizer column, air leak seen during valve stiction. Foud tray temp bad; profile not normal. Could not get permit first time waiting area gas test. stroke tested, response better. unit stable now. notif made by ops, maint attended same shift."
10450783,40870783,2024-07-21,2024-07-22,2024-07-23,U400-DEETHANIZER-500,E-503,feed bottoms exchanger,exchanger,P3,COMP,ANLYZR,feed_composition_shift,plugged pass,PLUG,FOUL,N,14.6,2490.06,"E-503 anlyzr off, plugged pass","A shift called for E-503 feed bottoms exchanger, quality bad seen during feed composition shift. Foud plugged pass; flow restricted. Could not get permit first time waiting area gas test. swapped to standby and repaired. readng close to dcs after job. notif made by ops, maint attended same shift."
10450784,40870784,2024-07-20,2024-07-22,2024-07-23,U400-DEETHANIZER-500,E-502,deethanizer overhead condenser,condenser,P3,TECO,ANLYZR,pressure_control_fault,tv no travel,VALVE,STICK,N,6.0,11750.15,"E-502 tv no travel again, prod upset","A shift called for E-502 deethanizer overhead condenser, flare vavle checked seen during press control fault. Foud tv no travel; cooling vavle stuck. replaced positioner tubing and retuned small. temp repair only, plan shutdown job. notif made by ops, maint attended same shift."
10450785,40870785,2024-07-21,2024-07-22,2024-07-29,U400-DEETHANIZER-500,TT-503,reboiler outlet temperature tx,instrument,P4,COMP,E&I,reboiler_duty_loss,no signal,NO_SIGNAL,ELEC,N,12.2,6422.83,chk TT-503 - no signal frm ops,"B shift called for TT-503 reboiler outlet temperature tx, low heat seen during reboiler duty loss. Foud no signal; 24v or card issue. changed gasket and boxed up. ops says ok for now. notif made by ops, maint attended same shift."
10450786,40870786,2024-07-26,2024-07-28,2024-07-29,U400-DEETHANIZER-500,P-501A,reflux pump A,pump,P3,CLSD,OPS+MECH,reflux_pump_degradation,bearing hot,BRG,WEAR,N,1.3,8040.01,P-501A not ok after reflux pump degradation,"A shift called for P-501A reflux pump A, pump vib seen during reflux pump degradation. Foud bearing hot; brg rough, lube dark. Could not get permit first time waiting area gas test. stroke tested, response better. no leak at handover. notif made by ops, maint attended same shift."
10450787,40870787,2024-07-22,2024-07-23,2024-07-24,U400-DEETHANIZER-500,E-503,feed bottoms exchanger,exchanger,P2,COMP,INST,feed_flow_step,gasket weep,LEAK,GASKET,N,7.1,7036.92,"E-503 lvl swing, gasket weep","days called for E-503 feed bottoms exchanger, lvl swing seen during feed flow step. Foud gasket weep; flange sweating. calibrated, loop checked with CCR. temp repair only, plan shutdown job. notif made by ops, maint attended same shift."
10450788,40870788,2024-07-25,2024-07-26,2024-07-28,U400-DEETHANIZER-500,E-501,deethanizer reboiler,reboiler,P4,TECO,OPS+INST,feed_temperature_ramp,fouled bundle,FOULING,PROCESS,N,9.3,6426.93,E-501 fouled bundle chk & revert,"B shift called for E-501 deethanizer reboiler, ovhd press moving seen during feed temperature ramp. Foud fouled bundle; bottoms side dirty. flushed impulse/sample line. unit stable now. notif made by ops, maint attended same shift."
10450789,40870789,2024-07-27,2024-07-29,2024-08-03,U400-DEETHANIZER-500,E-502,deethanizer overhead condenser,condenser,P3,COMP,ROT,condenser_fouling,tube leak sus,LEAK,TUBE,N,12.7,1426.14,E-502 tube leak sus noisy,"night called for E-502 deethanizer overhead condenser, cond not pullng seen during condenser fouling. Foud tube leak sus; hydrotest reqd. Tag plate dirty, confirmd by line up with panel. changed gasket and boxed up. readng close to dcs after job. notif made by ops, maint attended same shift."
10450790,40870790,2024-07-30,2024-07-31,2024-07-31,U400-DEETHANIZER-500,LV-501,reflux drum level valve,control_valve,P2,TECO,MECH,valve_stiction,not stroking,NO_TRAVEL,ACT,N,8.9,5760.85,LV-501 not stroking after upset,"night called for LV-501 reflux drum level vavle, op jumps seen during vavle stiction. Foud not stroking; actuator weak. History shows same complain last mnth. replaced positioner tubing and retuned small. unit stable now. notif made by ops, maint attended same shift."
10450791,40870791,2024-07-31,2024-08-01,2024-08-03,U400-DEETHANIZER-500,FT-501,feed flow transmitter,instrument,P2,CLSD,OPS+INST,reflux_pump_degradation,bad reading,DRIFT,CAL,N,4.8,5237.98,chk FT-501 - bad reading frm ops,"days called for FT-501 feed flow transmitter, pump vib seen during reflux pump degradation. Foud bad reading; needs calib. Tag plate dirty, confirmd by line up with panel. stroke tested, response better. need watch next feed swing. notif made by ops, maint attended same shift."
10450792,40870792,2024-08-03,2024-08-04,2024-08-07,U400-DEETHANIZER-500,E-503,feed bottoms exchanger,exchanger,P3,CLSD,MECH,feed_flow_step,plugged pass,PLUG,FOUL,N,10.2,2449.27,"E-503 lvl swing, plugged pass","B shift called for E-503 feed bottoms exchanger, feed jump seen during feed flow step. Foud plugged pass; flow restricted. swapped to standby and repaired. readng close to dcs after job. notif made by ops, maint attended same shift."
10450793,40870793,2024-08-05,2024-08-05,2024-08-06,U400-DEETHANIZER-500,TV-501,reboiler hot medium valve,control_valve,P4,TECO,ROT,condenser_fouling,stiction,STICK,PACKING,N,1.4,2368.25,"TV-501 stiction again, prod upset","B shift called for TV-501 rebiler hot medium valve, high ovhd press seen during condenser fouling. Foud stiction; stem sticky and pos err. opened strainer, cleaned black sludge. unit stable now. notif made by ops, maint attended same shift."
10450794,40870794,2024-08-04,2024-08-05,2024-08-06,U400-DEETHANIZER-500,P-501A,reflux pump A,pump,P2,CLSD,E&I,reflux_pump_degradation,bearing hot,BRG,WEAR,N,9.2,7755.39,"P-501A bearing hot again, prod upset","A shift called for P-501A reflux pump A, disch press low seen during reflux pump degradation. Foud bearing hot; brg rough, lube dark. Line was hot so job done slow and with ops standing by. reset trip and monitored for 2 hrs. temp repair only, plan shutdown job. notif made by ops, maint attended same shift."
10450795,40870795,2024-08-07,2024-08-07,2024-08-07,U400-DEETHANIZER-500,PV-501,column pressure control valve,control_valve,P3,COMP,E&I,feed_flow_step,stiction,STICK,PACKING,N,10.1,6570.04,"PV-501 column dp high, stiction","days called for PV-501 column press control valve, lvl swing seen during feed flow step. Foud stiction; stem sticky and pos err. swapped to standby and repaired. readng close to dcs after job. notif made by ops, maint attended same shift."
10450796,40870796,2024-08-05,2024-08-05,2024-08-05,U400-DEETHANIZER-500,TT-501B,sensitive tray temperature tx,instrument,P3,COMP,ANLYZR,feed_temperature_ramp,range err,SPAN,CAL,N,13.1,3302.51,"TT-501B feed temp high, range err","A shift called for TT-501B sensitive tray temperature tx, spec off seen during feed temperature ramp. Foud range err; span shifted. Line was hot so job done slow and with ops standing by. cleaned and put back online. temp repair only, plan shutdown job. notif made by ops, maint attended same shift."
10450797,40870797,2024-08-10,2024-08-12,2024-08-13,U400-DEETHANIZER-500,PV-501,column pressure control valve,control_valve,P3,CLSD,ANLYZR,condenser_fouling,not stroking,NO_TRAVEL,ACT,N,5.8,2481.14,PV-501 not stroking asap,"C shift called for PV-501 column pressure control valve, pic wide open seen during condenser fouling. Foud not stroking; actuator weak. changed gasket and boxed up. still little hunting but acceptable. notif made by ops, maint attended same shift."
10450798,40870798,2024-08-11,2024-08-11,2024-08-16,U400-DEETHANIZER-500,LT-502,column bottom level tx,instrument,P2,CLSD,ANLYZR,reboiler_duty_loss,no signal,NO_SIGNAL,ELEC,N,10.0,2682.62,"LT-502 no signal again, prod upset","C shift called for LT-502 column bottom level tx, steam/hm valve no resp seen during reboiler duty loss. Foud no signal; 24v or card issue. No spare in store at first, used refurb one from shop. stroke tested, response better. need watch next feed swing. notif made by ops, maint attended same shift."
10450799,40870799,2024-08-09,2024-08-10,2024-08-13,U400-DEETHANIZER-500,E-503,feed bottoms exchanger,exchanger,P3,TECO,VALVE,feed_flow_step,tube fouling,FOULING,PROCESS,N,6.7,12840.65,"E-503 fic hunting, tube fouling","A shift called for E-503 feed bottoms exchanger, lvl swing seen during feed flow step. Foud tube fouling; duty low, delta t poor. No spare in store at first, used refurb one from shop. stroke tested, response better. need watch next feed swing. notif made by ops, maint attended same shift."
10450800,40870800,2024-08-13,2024-08-13,2024-08-13,U400-DEETHANIZER-500,PV-501,column pressure control valve,control_valve,P4,CLSD,ANLYZR,condenser_fouling,not stroking,NO_TRAVEL,ACT,N,6.7,2954.13,"PV-501 high ovhd press, not stroking","night called for PV-501 column press ctrl valve, high ovhd press seen during condenser fouling. Foud not stroking; actuator weak. Line was hot so job done slow and with ops standing by. opened strainer, cleaned black sludge. temp repair only, plan shutdown job. notif made by ops, maint attended same shift."
10450801,40870801,2024-08-13,2024-08-13,2024-08-15,U400-DEETHANIZER-500,FV-502,reflux flow control valve,control_valve,P4,CLSD,MECH,reflux_pump_degradation,air leak,AIR_LEAK,TUBING,N,13.1,2604.48,"FV-502 air leak again, prod upset","C shift called for FV-502 reflux flow control valve, seal weep seen during reflux pump degradation. Foud air leak; positioner supply drop. No spare in store at first, used refurb one from shop. changed gasket and boxed up. need watch next feed swing. notif made by ops, maint attended same shift."
10450802,40870802,2024-08-16,2024-08-17,2024-08-17,U400-DEETHANIZER-500,E-501,deethanizer reboiler,reboiler,P2,CLSD,OPS+INST,reboiler_duty_loss,low duty,DUTY_LOSS,UTILITY,N,14.8,13670.4,E-501 low duty after upset,"B shift called for E-501 deethanizer reboiler, low heat seen during reboiler duty loss. Foud low duty; hm vavle/strainer issue. Tag plate dirty, confirmd by line up with panel. opened strainer, cleaned black sludge. readng close to dcs after job. notif made by ops, maint attended same shift."
10450803,40870803,2024-08-19,2024-08-19,2024-08-19,U400-DEETHANIZER-500,FV-501,feed flow control valve,control_valve,P3,CLSD,MECH,valve_stiction,not stroking,NO_TRAVEL,ACT,N,2.3,4278.53,"FV-501 not stroking again, prod upset","days called for FV-501 feed flow ctrl valve, op jumps seen during valve stiction. Foud not stroking; actuator weak. cleaned and put back online. unit stable now. notif made by ops, maint attended same shift."
10450804,40870804,2024-08-21,2024-08-23,2024-08-24,U400-DEETHANIZER-500,LV-502,bottoms level valve,control_valve,P1,COMP,ROT,valve_stiction,hunting loop,CTRL_OSC,TUNE,N,11.7,3338.9,LV-502 not ok after valve stiction,"C shift called for LV-502 bottoms level vavle, air leak seen during vavle stiction. Foud hunting loop; bad response after upset. reset trip and monitored for 2 hrs. still little hunting but acceptable. notif made by ops, maint attended same shift."
10450805,40870805,2024-08-19,2024-08-19,2024-08-19,U400-DEETHANIZER-500,FT-501,feed flow transmitter,instrument,P3,TECO,E&I,feed_flow_step,bad reading,DRIFT,CAL,N,14.6,5494.4,"FT-501 bad reading again, prod upset","night called for FT-501 feed flow transmitter, fic hunting seen during feed flow step. Foud bad reading; needs calib. cleaned and put back online. temp repair only, plan shutdown job. notif made by ops, maint attended same shift."
10450806,40870806,2024-08-20,2024-08-20,2024-08-25,U400-DEETHANIZER-500,E-503,feed bottoms exchanger,exchanger,P2,COMP,E&I,feed_flow_step,tube fouling,FOULING,PROCESS,N,17.5,5591.16,chk E-503 - tube fouling frm ops,"A shift called for E-503 feed bottoms exchanger, lvl swing seen during feed flow step. Foud tube fouling; duty low, delta t poor. changed gasket and boxed up. no leak at handover. notif made by ops, maint attended same shift."
10450807,40870807,2024-08-25,2024-08-25,2024-08-27,U400-DEETHANIZER-500,T-501,deethanizer column,column,P3,CLSD,ANLYZR,feed_composition_shift,weeping flange,LEAK,GASKET,N,12.3,4017.38,T-501 weeping flange asap,"B shift called for T-501 deethanizer column, btm heavy seen during feed composition shift. Foud weeping flange; manway/flange seep. changed gasket and boxed up. ops says ok for now. notif made by ops, maint attended same shift."
10450808,40870808,2024-08-23,2024-08-23,2024-09-06,U400-DEETHANIZER-500,LV-502,bottoms level valve,control_valve,P3,COMP,VALVE,valve_stiction,stiction,STICK,PACKING,N,4.7,5608.05,"LV-502 stiction again, prod upset","days called for LV-502 bottoms level valve, position bad seen during valve stiction. Foud stiction; stem sticky and pos err. reset trip and monitored for 2 hrs. need watch next feed swing. notif made by ops, maint attended same shift."
10450809,40870809,2024-08-28,2024-08-29,2024-08-31,U400-DEETHANIZER-500,TT-501B,sensitive tray temperature tx,instrument,P3,TECO,E&I,valve_stiction,loose wire,SIGNAL,ELEC,N,3.4,2161.35,chk TT-501B - loose wire frm ops,"night called for TT-501B sensitive tray temperature tx, loop cycling seen during valve stiction. Foud loose wire; term loose. flushed impulse/sample line. no leak at handover. notif made by ops, maint attended same shift."
10450810,40870810,2024-08-28,2024-08-30,2024-08-30,U400-DEETHANIZER-500,TT-503,reboiler outlet temperature tx,instrument,P3,TECO,E&I,reboiler_duty_loss,impulse plugged,PLUG,PROCESS,N,3.7,2536.28,"TT-503 impulse plugged again, prod upset","A shift called for TT-503 reboiler outlet temperature tx, c2 in btm seen during reboiler duty loss. Foud impulse plugged; tap/line dirty. reset trip and monitored for 2 hrs. readng close to dcs after job. notif made by ops, maint attended same shift."
10450811,40870811,2024-08-30,2024-08-31,2024-09-02,U400-DEETHANIZER-500,LV-501,reflux drum level valve,control_valve,P4,CLSD,OPS+INST,valve_stiction,not stroking,NO_TRAVEL,ACT,N,7.4,2615.24,"LV-501 not stroking again, prod upset","C shift called for LV-501 reflux drum level vavle, air leak seen during vavle stiction. Foud not stroking; actuator weak. replaced positioner tubing and retuned small. ops says ok for now. notif made by ops, maint attended same shift."
10450812,40870812,2024-08-31,2024-08-31,2024-08-31,U400-DEETHANIZER-500,E-502,deethanizer overhead condenser,condenser,P3,COMP,E&I,condenser_fouling,high press,PERF,FOUL,N,2.2,3239.01,"E-502 high press again, prod upset","days called for E-502 deethanizer overhead condenser, high ovhd press seen during condenser fouling. Foud high press; condensing duty poor. changed gasket and boxed up. no leak at handover. notif made by ops, maint attended same shift."
10450813,40870813,2024-08-29,2024-08-29,2024-08-30,U400-DEETHANIZER-500,E-503,feed bottoms exchanger,exchanger,P2,TECO,MECH,feed_flow_step,plugged pass,PLUG,FOUL,Y,12.9,14595.47,chk E-503 - plugged pass frm ops,"days called for E-503 feed bottoms exchanger, fic hunting seen during feed flow step. Foud plugged pass; flow restricted. History shows same complain last mnth. changed gasket and boxed up. readng close to dcs after job. notif made by ops, maint attended same shift."
10450814,40870814,2024-08-31,2024-09-01,2024-09-04,U400-DEETHANIZER-500,PV-501,column pressure control valve,control_valve,P3,TECO,INST,pressure_control_fault,stiction,STICK,PACKING,N,15.2,6368.81,"PV-501 press spike, stiction","days called for PV-501 colmn pressure ctrl valve, flare valve checked seen during pressure ctrl fault. Foud stiction; stem sticky and pos err. Tag plate dirty, confirmd by line up with panel. reset trip and monitored for 2 hrs. need watch next feed swing. notif made by ops, maint attended same shift."
10450815,40870815,2024-09-03,2024-09-03,2024-09-03,U400-DEETHANIZER-500,TV-502,condenser cooling valve,control_valve,P3,CLSD,VALVE,valve_stiction,hunting loop,CTRL_OSC,TUNE,N,11.3,1186.39,chk TV-502 - hunting loop frm ops,"B shift called for TV-502 condenser cooling valve, air leak seen during valve stiction. Foud hunting loop; bad response after upset. swapped to standby and repaired. unit stable now. notif made by ops, maint attended same shift."
10450816,40870816,2024-09-03,2024-09-03,2024-09-05,U400-DEETHANIZER-500,FV-501,feed flow control valve,control_valve,P3,TECO,ROT,normal_wear,passing,LEAK_BY,SEAT,N,8.2,5582.3,"FV-501 leak, passing","C shift called for FV-501 feed flow control vavle, bad reading seen during normal wear. Foud passing; seat leak by. swapped to standby and repaired. unit stable now. notif made by ops, maint attended same shift."
10450817,40870817,2024-09-06,2024-09-07,2024-09-09,U400-DEETHANIZER-500,LT-502,column bottom level tx,instrument,P1,TECO,OPS+INST,condenser_fouling,loose wire,SIGNAL,ELEC,N,2.5,4972.62,"LT-502 loose wire again, prod upset","A shift called for LT-502 column bottom level tx, high ovhd press seen during condenser fouling. Foud loose wire; term loose. changed gasket and boxed up. need watch next feed swing. notif made by ops, maint attended same shift."
10450818,40870818,2024-09-10,2024-09-10,2024-09-11,U400-DEETHANIZER-500,FV-502,reflux flow control valve,control_valve,P2,COMP,E&I,reflux_pump_degradation,air leak,AIR_LEAK,TUBING,Y,14.1,903.94,FV-502 air leak pls chk,"A shift called for FV-502 reflux flow control valve, seal weep seen during reflux pump degradation. Foud air leak; positioner supply drop. tightened fittings, leak test ok. still little hunting but acceptable. notif made by ops, maint attended same shift."
10450819,40870819,2024-09-10,2024-09-11,2024-09-12,U400-DEETHANIZER-500,T-501,deethanizer column,column,P3,CLSD,OPS+INST,feed_flow_step,tray temp bad,TEMP_DEV,PROCESS,N,9.8,3371.54,"T-501 c2 recov down, tray temp bad","B shift called for T-501 deethanizer column, lvl swing seen during feed flow step. Foud tray temp bad; profile not normal. cleaned and put back online. temp repair only, plan shutdown job. notif made by ops, maint attended same shift."
10450820,40870820,2024-09-13,2024-09-13,2024-09-14,U400-DEETHANIZER-500,E-502,deethanizer overhead condenser,condenser,P3,TECO,OPS+MECH,condenser_fouling,high press,PERF,FOUL,N,13.9,10327.83,"E-502 high press again, prod upset","night called for E-502 deethanizer overhead condenser, cw dt low seen during condenser fouling. Foud high press; condensing duty poor. flushed impulse/sample line. readng close to dcs after job. notif made by ops, maint attended same shift."
10450821,40870821,2024-09-14,2024-09-14,2024-09-14,U400-DEETHANIZER-500,TV-501,reboiler hot medium valve,control_valve,P2,CLSD,OPS+MECH,feed_temperature_ramp,air leak,AIR_LEAK,TUBING,N,14.9,2256.88,"TV-501 tray temp drift, air leak","A shift called for TV-501 reboiler hot medium vavle, spec off seen during feed temperature ramp. Foud air leak; positioner supply drop. stroke tested, response better. no leak at handover. notif made by ops, maint attended same shift."
10450822,40870822,2024-09-16,2024-09-17,2024-09-18,U400-DEETHANIZER-500,FV-502,reflux flow control valve,control_valve,P3,TECO,MECH,reflux_pump_degradation,hunting loop,CTRL_OSC,TUNE,N,12.4,5826.64,FV-502 hunting loop noisy,"days called for FV-502 reflux flow control valve, disch press low seen during reflux pump degradation. Foud hunting loop; bad response after upset. changed gasket and boxed up. need watch next feed swing. notif made by ops, maint attended same shift."
10450823,40870823,2024-09-16,2024-09-17,2024-09-17,U400-DEETHANIZER-500,TV-501,reboiler hot medium valve,control_valve,P3,COMP,ROT,reboiler_duty_loss,not stroking,NO_TRAVEL,ACT,N,17.2,2569.07,"TV-501 low heat, not stroking","B shift called for TV-501 reboiler hot medium valve, steam/hm valve no resp seen during reboiler duty loss. Foud not stroking; actuator weak. swapped to standby and repaired. need watch next feed swing. notif made by ops, maint attended same shift."
10450824,40870824,2024-09-17,2024-09-18,2024-09-18,U400-DEETHANIZER-500,E-501,deethanizer reboiler,reboiler,P2,COMP,OPS+INST,reboiler_duty_loss,rb leak,LEAK,GASKET,N,9.5,3126.35,E-501 rb leak pls chk,"days called for E-501 deethanizer reboiler, rb circ cold seen during reboiler duty loss. Foud rb leak; channel flange weep. No spare in store at first, used refurb one from shop. cleaned and put back online. need watch next feed swing. notif made by ops, maint attended same shift."
10450825,40870825,2024-09-19,2024-09-19,2024-09-20,U400-DEETHANIZER-500,LV-501,reflux drum level valve,control_valve,P1,CLSD,VALVE,reflux_pump_degradation,not stroking,NO_TRAVEL,ACT,N,16.5,1642.64,chk LV-501 - not stroking frm ops,"C shift called for LV-501 reflux drum level valve, pump vib seen during reflux pump degradation. Foud not stroking; actuator weak. History shows same complain last mnth. changed gasket and boxed up. ops says ok for now. notif made by ops, maint attended same shift."
10450826,40870826,2024-09-18,2024-09-19,2024-09-21,U400-DEETHANIZER-500,TV-501,reboiler hot medium valve,control_valve,P3,TECO,VALVE,reboiler_duty_loss,air leak,AIR_LEAK,TUBING,N,7.8,2134.02,"TV-501 air leak again, prod upset","A shift called for TV-501 reboiler hot medium vavle, low heat seen during reboiler duty loss. Foud air leak; positioner supply drop. No spare in store at first, used refurb one from shop. opened strainer, cleaned black sludge. still little hunting but acceptable. notif made by ops, maint attended same shift."
10450827,40870827,2024-09-22,2024-09-23,2024-09-25,U400-DEETHANIZER-500,LV-501,reflux drum level valve,control_valve,P1,TECO,OPS+INST,valve_stiction,not stroking,NO_TRAVEL,ACT,N,9.2,3669.46,LV-501 not stroking chk & revert,"days called for LV-501 reflux drum level vavle, position bad seen during vavle stiction. Foud not stroking; actuator weak. opened strainer, cleaned black sludge. still little hunting but acceptable. notif made by ops, maint attended same shift."
10450828,40870828,2024-09-21,2024-09-22,2024-09-22,U400-DEETHANIZER-500,E-501,deethanizer reboiler,reboiler,P3,CLSD,MECH,reboiler_duty_loss,low duty,DUTY_LOSS,UTILITY,N,3.3,8945.96,E-501 low duty bad,"C shift called for E-501 deethanizer reboiler, rb circ cold seen during reboiler duty loss. Foud low duty; hm valve/strainer issue. No spare in store at first, used refurb one from shop. reset trip and monitored for 2 hrs. readng close to dcs after job. notif made by ops, maint attended same shift."
10450829,40870829,2024-09-26,2024-09-26,2024-09-29,U400-DEETHANIZER-500,AIT-502,bottoms C3+ analyzer,analyzer,P3,TECO,INST,normal_wear,anlyzr drift,DRIFT,CAL_GAS,N,7.7,394.95,chk AIT-502 - anlyzr drift frm ops,"A shift called for AIT-502 bottoms C3+ analyzer, loose term seen during normal wear. Foud anlyzr drift; cal gas failed. opened strainer, cleaned black sludge. unit stable now. notif made by ops, maint attended same shift."
10450830,40870830,2024-09-28,2024-09-29,2024-10-02,U400-DEETHANIZER-500,E-503,feed bottoms exchanger,exchanger,P3,CLSD,ANLYZR,condenser_fouling,tube fouling,FOULING,PROCESS,N,3.7,15930.99,chk E-503 - tube fouling frm ops,"night called for E-503 feed bottoms exchanger, drum temp hi seen during condenser fouling. Foud tube fouling; duty low, delta t poor. Could not get permit first time waiting area gas test. opened strainer, cleaned black sludge. still little hunting but acceptable. notif made by ops, maint attended same shift."
10450831,40870831,2024-09-27,2024-09-28,2024-09-30,U400-DEETHANIZER-500,TV-501,reboiler hot medium valve,control_valve,P3,COMP,VALVE,feed_temperature_ramp,air leak,AIR_LEAK,TUBING,N,12.0,3440.56,chk TV-501 - air leak frm ops,"B shift called for TV-501 reboiler hot medium valve, tray temp drift seen during feed temperature ramp. Foud air leak; positioner supply drop. Tag plate dirty, confirmd by line up with panel. calibrated, loop checked with CCR. unit stable now. notif made by ops, maint attended same shift."
10450832,40870832,2024-10-01,2024-10-01,2024-10-08,U400-DEETHANIZER-500,E-502,deethanizer overhead condenser,condenser,P2,CLSD,ANLYZR,pressure_control_fault,cw fouling,FOULING,UTILITY,N,1.8,17073.27,"E-502 cw fouling again, prod upset","B shift called for E-502 deethanizer overhead condenser, press spike seen during pressure control fault. Foud cw fouling; cw side scaled. History shows same complain last mnth. swapped to standby and repaired. need watch next feed swing. notif made by ops, maint attended same shift."
10450833,40870833,2024-09-29,2024-10-01,2024-10-02,U400-DEETHANIZER-500,E-501,deethanizer reboiler,reboiler,P3,COMP,MECH,reboiler_duty_loss,low duty,DUTY_LOSS,UTILITY,N,8.5,11408.86,E-501 not ok after reboiler duty loss,"night called for E-501 deethanizer reboiler, low heat seen during reboiler duty loss. Foud low duty; hm vavle/strainer issue. changed gasket and boxed up. ops says ok for now. notif made by ops, maint attended same shift."
10450834,40870834,2024-10-03,2024-10-03,2024-10-04,U400-DEETHANIZER-500,P-501B,reflux pump B,pump,P3,COMP,INST,reflux_pump_degradation,motor trip,MOTOR,ELEC,N,4.3,16328.34,chk P-501B - motor trip frm ops,"days called for P-501B reflux pump B, pump vib seen during reflux pump degradation. Foud motor trip; overload trip after upset. tightened fittings, leak test ok. ops says ok for now. notif made by ops, maint attended same shift."
10450835,40870835,2024-10-04,2024-10-04,2024-10-05,U400-DEETHANIZER-500,PV-501,column pressure control valve,control_valve,P3,COMP,OPS+MECH,pressure_control_fault,air leak,AIR_LEAK,TUBING,N,1.2,5372.8,chk PV-501 - air leak frm ops,"A shift called for PV-501 column press control valve, pshh close call seen during press control fault. Foud air leak; positioner supply drop. Could not get permit first time waiting area gas test. stroke tested, response better. no leak at handover. notif made by ops, maint attended same shift."
10450836,40870836,2024-10-06,2024-10-06,2024-10-07,U400-DEETHANIZER-500,E-501,deethanizer reboiler,reboiler,P2,TECO,OPS+MECH,reboiler_duty_loss,fouled bundle,FOULING,PROCESS,N,2.1,4796.02,E-501 fouled bundle bad,"days called for E-501 deethanizer reboiler, tray temp low seen during reboiler duty loss. Foud fouled bundle; bottoms side dirty. flushed impulse/sample line. temp repair only, plan shutdown job. notif made by ops, maint attended same shift."
10450837,40870837,2024-10-06,2024-10-08,2024-10-09,U400-DEETHANIZER-500,P-502A,bottoms pump A,pump,P3,TECO,OPS+MECH,pressure_control_fault,motor trip,MOTOR,ELEC,N,10.1,16374.05,"P-502A pshh close call, motor trip","B shift called for P-502A bottoms pump A, press spike seen during pressure control fault. Foud motor trip; overload trip after upset. flushed impulse/sample line. no leak at handover. notif made by ops, maint attended same shift."
10450838,40870838,2024-10-10,2024-10-12,2024-10-13,U400-DEETHANIZER-500,TV-501,reboiler hot medium valve,control_valve,P4,TECO,VALVE,reboiler_duty_loss,stiction,STICK,PACKING,N,4.8,558.63,TV-501 not ok after reboiler duty loss,"days called for TV-501 reboiler hot medium vavle, tray temp low seen during reboiler duty loss. Foud stiction; stem sticky and pos err. Line was hot so job done slow and with ops standing by. calibrated, loop checked with CCR. no leak at handover. notif made by ops, maint attended same shift."
10450839,40870839,2024-10-08,2024-10-08,2024-10-10,U400-DEETHANIZER-500,FV-501,feed flow control valve,control_valve,P2,COMP,ANLYZR,feed_flow_step,not stroking,NO_TRAVEL,ACT,Y,21.1,2171.66,FV-501 not ok after feed flow step,"night called for FV-501 feed flow control valve, c2 recov down seen during feed flow step. Foud not stroking; actuator weak. opened strainer, cleaned black sludge. ops says ok for now. notif made by ops, maint attended same shift."
10450840,40870840,2024-10-09,2024-10-09,2024-10-11,U400-DEETHANIZER-500,PV-501,column pressure control valve,control_valve,P1,TECO,ANLYZR,valve_stiction,stiction,STICK,PACKING,N,1.7,2749.45,PV-501 stiction asap,"days called for PV-501 column pressure ctrl vavle, air leak seen during vavle stiction. Foud stiction; stem sticky and pos err. tightened fittings, leak test ok. need watch next feed swing. notif made by ops, maint attended same shift."
10450841,40870841,2024-10-14,2024-10-15,2024-10-16,U400-DEETHANIZER-500,P-501B,reflux pump B,pump,P4,TECO,OPS+MECH,reflux_pump_degradation,seal leak,MECH_SEAL,SEAL,N,2.9,7943.05,"P-501B seal leak again, prod upset","days called for P-501B reflux pump B, low reflux seen during reflux pump degradation. Foud seal leak; seal face worn / dry run signs. No spare in store at first, used refurb one from shop. swapped to standby and repaired. readng close to dcs after job. notif made by ops, maint attended same shift."
10450842,40870842,2024-10-14,2024-10-14,2024-10-14,U400-DEETHANIZER-500,E-503,feed bottoms exchanger,exchanger,P3,CLSD,INST,feed_composition_shift,temp approach bad,PERF,FOUL,N,2.1,14163.62,chk E-503 - temp approach bad frm ops,"days called for E-503 feed bottoms exchanger, quality bad seen during feed composition shift. Foud temp approach bad; heat transfer loss. changed gasket and boxed up. temp repair only, plan shutdown job. notif made by ops, maint attended same shift."
10450843,40870843,2024-10-17,2024-10-18,2024-10-18,U400-DEETHANIZER-500,FV-502,reflux flow control valve,control_valve,P2,CLSD,ANLYZR,reflux_pump_degradation,stiction,STICK,PACKING,N,12.5,4324.59,"FV-502 stiction again, prod upset","B shift called for FV-502 reflux flow control vavle, disch press low seen during reflux pump degradation. Foud stiction; stem sticky and pos err. Tag plate dirty, confirmd by line up with panel. reset trip and monitored for 2 hrs. still little hunting but acceptable. notif made by ops, maint attended same shift."
10450844,40870844,2024-10-14,2024-10-14,2024-10-17,U400-DEETHANIZER-500,E-503,feed bottoms exchanger,exchanger,P3,CLSD,INST,feed_composition_shift,plugged pass,PLUG,FOUL,N,3.0,5012.89,E-503 plugged pass pls chk,"night called for E-503 feed bottoms exchanger, quality bad seen during feed composition shift. Foud plugged pass; flow restricted. changed gasket and boxed up. no leak at handover. notif made by ops, maint attended same shift."
10450845,40870845,2024-10-20,2024-10-21,2024-10-28,U400-DEETHANIZER-500,FV-501,feed flow control valve,control_valve,P3,TECO,OPS+MECH,valve_stiction,air leak,AIR_LEAK,TUBING,N,10.5,4334.2,FV-501 not ok after valve stiction,"days called for FV-501 feed flow ctrl valve, loop cycling seen during valve stiction. Foud air leak; positioner supply drop. stroke tested, response better. need watch next feed swing. notif made by ops, maint attended same shift."
10450846,40870846,2024-10-16,2024-10-16,2024-10-21,U400-DEETHANIZER-500,TV-501,reboiler hot medium valve,control_valve,P3,TECO,ROT,valve_stiction,stiction,STICK,PACKING,N,1.6,6321.38,chk TV-501 - stiction frm ops,"days called for TV-501 reboiler hot medium vavle, air leak seen during vavle stiction. Foud stiction; stem sticky and pos err. swapped to standby and repaired. readng close to dcs after job. notif made by ops, maint attended same shift."
10450847,40870847,2024-10-20,2024-10-21,2024-10-21,U400-DEETHANIZER-500,E-502,deethanizer overhead condenser,condenser,P3,CLSD,ANLYZR,normal_wear,tv no travel,VALVE,STICK,N,10.6,2930.14,E-502 tv no travel chk & revert,"night called for E-502 deethanizer overhead condnsr, pm found defect seen during normal wear. Foud tv no travel; cooling vavle stuck. changed gasket and boxed up. unit stable now. notif made by ops, maint attended same shift."
10450848,40870848,2024-10-22,2024-10-23,2024-10-24,U400-DEETHANIZER-500,TV-502,condenser cooling valve,control_valve,P4,CLSD,ANLYZR,reflux_pump_degradation,passing,LEAK_BY,SEAT,N,16.7,2090.88,TV-502 not ok after reflux pump degradation,"C shift called for TV-502 condenser cooling valve, disch press low seen during reflux pump degradation. Foud passing; seat leak by. cleaned and put back online. unit stable now. notif made by ops, maint attended same shift."
10450849,40870849,2024-10-22,2024-10-22,2024-10-22,U400-DEETHANIZER-500,PT-501,column overhead pressure tx,instrument,P3,TECO,INST,condenser_fouling,no signal,NO_SIGNAL,ELEC,N,11.9,4696.25,chk PT-501 - no signal frm ops,"days called for PT-501 colmn overhead pressure tx, pic wide open seen during condenser fouling. Foud no signal; 24v or card issue. stroke tested, response better. no leak at handover. notif made by ops, maint attended same shift."
10450850,40870850,2024-10-25,2024-10-25,2024-10-26,U400-DEETHANIZER-500,P-501B,reflux pump B,pump,P3,COMP,VALVE,reboiler_duty_loss,motor trip,MOTOR,ELEC,N,16.9,1309.28,P-501B not ok after rebiler duty loss,"C shift called for P-501B reflux pump B, low heat seen during rebiler duty loss. Foud motor trip; overload trip after upset. stroke tested, response better. no leak at handover. notif made by ops, maint attended same shift."
10450851,40870851,2024-10-24,2024-10-26,2024-10-26,U400-DEETHANIZER-500,T-501,deethanizer column,column,P3,CLSD,E&I,reflux_pump_degradation,level unstable,LVL_SWING,CTRL,N,4.8,4346.21,chk T-501 - level unstable frm ops,"days called for T-501 deethanizer column, disch press low seen during reflux pump degradation. Foud level unstable; sump level swing. replaced positioner tubing and retuned small. unit stable now. notif made by ops, maint attended same shift."
10450852,40870852,2024-10-28,2024-10-30,2024-10-31,U400-DEETHANIZER-500,TV-502,condenser cooling valve,control_valve,P3,COMP,OPS+INST,condenser_fouling,hunting loop,CTRL_OSC,TUNE,N,16.2,2330.66,chk TV-502 - hunting loop frm ops,"A shift called for TV-502 condenser cooling valve, cw dt low seen during condenser fouling. Foud hunting loop; bad response after upset. Line was hot so job done slow and with ops standing by. reset trip and monitored for 2 hrs. ops says ok for now. notif made by ops, maint attended same shift."
10450853,40870853,2024-10-31,2024-11-01,2024-11-02,U400-DEETHANIZER-500,E-502,deethanizer overhead condenser,condenser,P3,COMP,ROT,condenser_fouling,tube leak sus,LEAK,TUBE,N,10.1,15112.57,"E-502 cond not pullng, tube leak sus","C shift called for E-502 deethanizer overhead condenser, drum temp hi seen during condenser fouling. Foud tube leak sus; hydrotest reqd. reset trip and monitored for 2 hrs. temp repair only, plan shutdown job. notif made by ops, maint attended same shift."
10450854,40870854,2024-11-02,2024-11-03,2024-11-03,U400-DEETHANIZER-500,FV-501,feed flow control valve,control_valve,P4,COMP,VALVE,reflux_pump_degradation,air leak,AIR_LEAK,TUBING,N,3.9,1355.31,FV-501 not ok after reflux pump degradation,"C shift called for FV-501 feed flow control valve, seal weep seen during reflux pump degradation. Foud air leak; positioner supply drop. cleaned and put back online. still little hunting but acceptable. notif made by ops, maint attended same shift."
10450855,40870855,2024-11-03,2024-11-05,2024-11-05,U400-DEETHANIZER-500,V-501,deethanizer reflux drum,vessel,P2,CLSD,INST,feed_flow_step,boot drain leak,LEAK,VALVE,N,11.5,5230.03,V-501 boot drain leak again,"days called for V-501 deethanizer reflux drum, column dp high seen during feed flow step. Foud boot drain leak; closed drain vavle passing. swapped to standby and repaired. still little hunting but acceptable. notif made by ops, maint attended same shift."
10450856,40870856,2024-11-02,2024-11-02,2024-11-03,U400-DEETHANIZER-500,P-502A,bottoms pump A,pump,P3,CLSD,OPS+INST,feed_flow_step,low disch press,HYD_LOSS,FOUL,N,11.3,11374.4,chk P-502A - low disch press frm ops,"B shift called for P-502A bottoms pump A, lvl swing seen during feed flow step. Foud low disch press; strainer dirty or impeller wear. calibrated, loop checked with CCR. readng close to dcs after job. notif made by ops, maint attended same shift."
10450857,40870857,2024-11-06,2024-11-08,2024-11-10,U400-DEETHANIZER-500,LV-501,reflux drum level valve,control_valve,P4,TECO,OPS+INST,valve_stiction,passing,LEAK_BY,SEAT,N,15.6,1517.73,LV-501 not ok after valve stiction,"night called for LV-501 reflux drum level valve, loop cycling seen during valve stiction. Foud passing; seat leak by. tightened fittings, leak test ok. readng close to dcs after job. notif made by ops, maint attended same shift."
10450858,40870858,2024-11-08,2024-11-08,2024-11-09,U400-DEETHANIZER-500,TT-501B,sensitive tray temperature tx,instrument,P2,COMP,INST,reboiler_duty_loss,bad reading,DRIFT,CAL,N,5.1,1994.11,"TT-501B steam/hm valve no resp, bad reading","A shift called for TT-501B sensitive tray temperature tx, steam/hm valve no resp seen during reboiler duty loss. Foud bad reading; needs calib. opened strainer, cleaned black sludge. no leak at handover. notif made by ops, maint attended same shift."
10450859,40870859,2024-11-08,2024-11-08,2024-11-13,U400-DEETHANIZER-500,TV-502,condenser cooling valve,control_valve,P2,COMP,INST,condenser_fouling,passing,LEAK_BY,SEAT,N,12.0,1247.7,TV-502 not ok after condenser fouling,"night called for TV-502 condnsr cooling vavle, cw dt low seen during condnsr fouling. Foud passing; seat leak by. Line was hot so job done slow and with ops standing by. cleaned and put back online. ops says ok for now. notif made by ops, maint attended same shift."
10450860,40870860,2024-11-11,2024-11-12,2024-11-17,U400-DEETHANIZER-500,PT-501,column overhead pressure tx,instrument,P2,COMP,INST,pressure_control_fault,bad reading,DRIFT,CAL,N,5.9,5590.77,PT-501 not ok after pressure control fault,"days called for PT-501 column overhead pressure tx, pic unstable seen during pressure control fault. Foud bad reading; needs calib. changed gasket and boxed up. readng close to dcs after job. notif made by ops, maint attended same shift."
10450861,40870861,2024-11-12,2024-11-13,2024-11-15,U400-DEETHANIZER-500,V-501,deethanizer reflux drum,vessel,P3,TECO,ROT,reflux_pump_degradation,boot drain leak,LEAK,VALVE,N,16.7,1652.9,V-501 not ok after reflux pump degradation,"night called for V-501 deethanizer rflx drum, low rflx seen during rflx pump degradation. Foud boot drain leak; closed drain valve passing. History shows same complain last mnth. reset trip and monitored for 2 hrs. no leak at handover. notif made by ops, maint attended same shift."
10450862,40870862,2024-11-10,2024-11-10,2024-11-13,U400-DEETHANIZER-500,FV-502,reflux flow control valve,control_valve,P4,COMP,INST,reflux_pump_degradation,not stroking,NO_TRAVEL,ACT,N,8.8,1521.49,FV-502 not stroking after upset,"A shift called for FV-502 reflux flow control valve, low reflux seen during reflux pump degradation. Foud not stroking; actuator weak. flushed impulse/sample line. no leak at handover. notif made by ops, maint attended same shift."
10450863,40870863,2024-11-15,2024-11-15,2024-11-17,U400-DEETHANIZER-500,TT-501B,sensitive tray temperature tx,instrument,P3,CLSD,ANLYZR,feed_temperature_ramp,range err,SPAN,CAL,N,4.8,2634.41,chk TT-501B - range err frm ops,"B shift called for TT-501B sensitive tray temperature tx, spec off seen during feed temperature ramp. Foud range err; span shifted. opened strainer, cleaned black sludge. still little hunting but acceptable. notif made by ops, maint attended same shift."
10450864,40870864,2024-11-13,2024-11-14,2024-11-21,U400-DEETHANIZER-500,E-502,deethanizer overhead condenser,condenser,P3,TECO,ANLYZR,condenser_fouling,tv no travel,VALVE,STICK,N,9.4,7881.78,E-502 tv no travel bad,"A shift called for E-502 deethanizer overhead condenser, cond not pullng seen during condenser fouling. Foud tv no travel; cooling valve stuck. calibrated, loop checked with CCR. ops says ok for now. notif made by ops, maint attended same shift."
10450865,40870865,2024-11-14,2024-11-14,2024-11-14,U400-DEETHANIZER-500,FV-502,reflux flow control valve,control_valve,P3,TECO,MECH,reflux_pump_degradation,hunting loop,CTRL_OSC,TUNE,N,5.8,5756.86,FV-502 hunting loop ops req,"A shift called for FV-502 reflux flow ctrl valve, pump vib seen during reflux pump degradation. Foud hunting loop; bad response after upset. Line was hot so job done slow and with ops standing by. stroke tested, response better. readng close to dcs after job. notif made by ops, maint attended same shift."
10450866,40870866,2024-11-17,2024-11-17,2024-11-17,U400-DEETHANIZER-500,XV-501,feed shutdown valve,shutdown_valve,P2,TECO,OPS+INST,condenser_fouling,partial stroke fail,PST_FAIL,ACT,N,12.0,5674.56,"XV-501 partial stroke fail again, prod upset","days called for XV-501 feed shutdown valve, high ovhd press seen during condnsr fouling. Foud partial stroke fail; slow close/open. No spare in store at first, used refurb one from shop. opened strainer, cleaned black sludge. no leak at handover. notif made by ops, maint attended same shift."
10450867,40870867,2024-11-21,2024-11-21,2024-11-21,U400-DEETHANIZER-500,E-501,deethanizer reboiler,reboiler,P2,CLSD,ANLYZR,feed_temperature_ramp,low duty,DUTY_LOSS,UTILITY,Y,22.8,1527.73,E-501 not ok after feed temperature ramp,"C shift called for E-501 deethanizer reboiler, ovhd press moving seen during feed temperature ramp. Foud low duty; hm vavle/strainer issue. History shows same complain last mnth. flushed impulse/sample line. need watch next feed swing. notif made by ops, maint attended same shift."
10450868,40870868,2024-11-18,2024-11-18,2024-11-18,U400-DEETHANIZER-500,P-501A,reflux pump A,pump,P4,COMP,OPS+INST,normal_wear,bearing hot,BRG,WEAR,N,2.4,16381.0,"P-501A plugged impulse, bearing hot","A shift called for P-501A reflux pump A, noise seen during normal wear. Foud bearing hot; brg rough, lube dark. changed gasket and boxed up. unit stable now. notif made by ops, maint attended same shift."
10450869,40870869,2024-11-23,2024-11-25,2024-11-25,U400-DEETHANIZER-500,FT-502,reflux flow transmitter,instrument,P4,COMP,ANLYZR,reflux_pump_degradation,no signal,NO_SIGNAL,ELEC,N,11.4,2576.6,chk FT-502 - no signal frm ops,"night called for FT-502 reflux flow transmitter, low reflux seen during reflux pump degradation. Foud no signal; 24v or card issue. flushed impulse/sample line. no leak at handover. notif made by ops, maint attended same shift."
10450870,40870870,2024-11-25,2024-11-27,2024-11-28,U400-DEETHANIZER-500,FV-502,reflux flow control valve,control_valve,P2,TECO,VALVE,valve_stiction,passing,LEAK_BY,SEAT,Y,7.4,2561.64,FV-502 not ok after vavle stiction,"night called for FV-502 reflux flow control valve, op jumps seen during valve stiction. Foud passing; seat leak by. flushed impulse/sample line. need watch next feed swing. notif made by ops, maint attended same shift."
10450871,40870871,2024-11-22,2024-11-24,2024-11-29,U400-DEETHANIZER-500,E-501,deethanizer reboiler,reboiler,P3,COMP,INST,reboiler_duty_loss,circ poor,NO_FLOW,PLUG,N,3.7,8300.63,E-501 circ poor temp fix,"night called for E-501 deethanizer reboiler, tray temp low seen during reboiler duty loss. Foud circ poor; blocked inlet screen. Tag plate dirty, confirmd by line up with panel. opened strainer, cleaned black sludge. temp repair only, plan shutdown job. notif made by ops, maint attended same shift."
10450872,40870872,2024-11-24,2024-11-24,2024-11-24,U400-DEETHANIZER-500,P-501A,reflux pump A,pump,P3,TECO,VALVE,reflux_pump_degradation,vib high,VIB,ALIGN,N,1.4,6017.16,P-501A vib high after upset,"A shift called for P-501A reflux pump A, seal weep seen during reflux pump degradation. Foud vib high; coupling align or cavitation. History shows same complain last mnth. cleaned and put back online. still little hunting but acceptable. notif made by ops, maint attended same shift."
10450873,40870873,2024-11-28,2024-11-29,2024-11-29,U400-DEETHANIZER-500,AIT-501,overhead C2 analyzer,analyzer,P4,TECO,ANLYZR,valve_stiction,sample plugged,PLUG,SAMPLE,N,7.7,73.87,"AIT-501 valve sticking, sample plugged","night called for AIT-501 overhead C2 analyzer, air leak seen during valve stiction. Foud sample plugged; fast loop low flow. cleaned and put back online. no leak at handover. notif made by ops, maint attended same shift."
10450874,40870874,2024-11-28,2024-11-28,2024-11-30,U400-DEETHANIZER-500,T-501,deethanizer column,column,P4,COMP,ROT,feed_composition_shift,dp high,DP_HIGH,FOAM,N,12.7,4191.22,"T-501 dp high again, prod upset","A shift called for T-501 deethanizer column, ovhd c3 slip seen during feed composition shift. Foud dp high; trays loading or foaming. Could not get permit first time waiting area gas test. flushed impulse/sample line. need watch next feed swing. notif made by ops, maint attended same shift."
10450875,40870875,2024-11-30,2024-12-01,2024-12-02,U400-DEETHANIZER-500,TV-502,condenser cooling valve,control_valve,P2,CLSD,INST,reboiler_duty_loss,not stroking,NO_TRAVEL,ACT,N,2.8,2348.56,"TV-502 c2 in btm, not stroking","days called for TV-502 condenser cooling valve, steam/hm valve no resp seen during reboiler duty loss. Foud not stroking; actuator weak. swapped to standby and repaired. ops says ok for now. notif made by ops, maint attended same shift."
10450876,40870876,2024-11-30,2024-12-01,2024-12-03,U400-DEETHANIZER-500,P-501B,reflux pump B,pump,P3,CLSD,INST,feed_temperature_ramp,motor trip,MOTOR,ELEC,N,18.0,8271.41,chk P-501B - motor trip frm ops,"A shift called for P-501B reflux pump B, feed temp high seen during feed temperature ramp. Foud motor trip; overload trip after upset. tightened fittings, leak test ok. need watch next feed swing. notif made by ops, maint attended same shift."
10450877,40870877,2024-12-04,2024-12-04,2024-12-06,U400-DEETHANIZER-500,FT-502,reflux flow transmitter,instrument,P3,TECO,E&I,reflux_pump_degradation,range err,SPAN,CAL,N,4.5,1359.88,chk FT-502 - range err frm ops,"A shift called for FT-502 rflx flow transmitter, min flow hot seen during rflx pump degradation. Foud range err; span shifted. History shows same complain last mnth. swapped to standby and repaired. readng close to dcs after job. notif made by ops, maint attended same shift."
10450878,40870878,2024-12-03,2024-12-04,2024-12-09,U400-DEETHANIZER-500,FT-502,reflux flow transmitter,instrument,P2,CLSD,INST,reflux_pump_degradation,no signal,NO_SIGNAL,ELEC,Y,9.8,5395.97,FT-502 no signal after upset,"night called for FT-502 reflux flow transmitter, pump vib seen during reflux pump degradation. Foud no signal; 24v or card issue. History shows same complain last mnth. reset trip and monitored for 2 hrs. need watch next feed swing. notif made by ops, maint attended same shift."
10450879,40870879,2024-12-07,2024-12-08,2024-12-09,U400-DEETHANIZER-500,E-501,deethanizer reboiler,reboiler,P3,CLSD,ROT,feed_temperature_ramp,rb leak,LEAK,GASKET,N,5.5,5677.26,"E-501 rb leak again, prod upset","A shift called for E-501 deethanizer rebiler, ovhd press moving seen during feed temperature ramp. Foud rb leak; channel flange weep. Line was hot so job done slow and with ops standing by. reset trip and monitored for 2 hrs. need watch next feed swing. notif made by ops, maint attended same shift."
10450880,40870880,2024-12-09,2024-12-09,2024-12-11,U400-DEETHANIZER-500,TV-501,reboiler hot medium valve,control_valve,P3,COMP,ANLYZR,feed_temperature_ramp,air leak,AIR_LEAK,TUBING,N,14.8,3680.73,"TV-501 feed temp high, air leak","A shift called for TV-501 reboiler hot medium valve, rb duty up seen during feed temperature ramp. Foud air leak; positioner supply drop. stroke tested, response better. temp repair only, plan shutdown job. notif made by ops, maint attended same shift."
10450881,40870881,2024-12-10,2024-12-10,2024-12-12,U400-DEETHANIZER-500,AIT-501,overhead C2 analyzer,analyzer,P3,COMP,OPS+INST,feed_composition_shift,condensate in sample,LIQ_CARRY,SAMPLE,N,11.5,4808.41,AIT-501 condensate in sample noisy,"C shift called for AIT-501 overhead C2 analyzer, quality bad seen during feed composition shift. Foud condensate in sample; knockout pot full. History shows same complain last mnth. replaced positioner tubing and retuned small. temp repair only, plan shutdown job. notif made by ops, maint attended same shift."
10450882,40870882,2024-12-13,2024-12-13,2024-12-16,U400-DEETHANIZER-500,P-501B,reflux pump B,pump,P1,TECO,OPS+INST,valve_stiction,low disch press,HYD_LOSS,FOUL,N,2.9,8655.71,"P-501B loop cycling, low disch press","days called for P-501B reflux pump B, valve sticking seen during valve stiction. Foud low disch press; strainer dirty or impeller wear. tightened fittings, leak test ok. ops says ok for now. notif made by ops, maint attended same shift."
10450883,40870883,2024-12-11,2024-12-11,2024-12-16,U400-DEETHANIZER-500,LV-501,reflux drum level valve,control_valve,P2,TECO,OPS+INST,valve_stiction,not stroking,NO_TRAVEL,ACT,N,15.5,5168.23,"LV-501 not stroking again, prod upset","A shift called for LV-501 rflx drum level vavle, loop cycling seen during vavle stiction. Foud not stroking; actuator weak. reset trip and monitored for 2 hrs. unit stable now. notif made by ops, maint attended same shift."
10450884,40870884,2024-12-15,2024-12-16,2024-12-18,U400-DEETHANIZER-500,FV-502,reflux flow control valve,control_valve,P2,COMP,E&I,reflux_pump_degradation,not stroking,NO_TRAVEL,ACT,Y,14.2,2567.33,"FV-502 pump vib, not stroking","B shift called for FV-502 reflux flow control valve, low reflux seen during reflux pump degradation. Foud not stroking; actuator weak. Tag plate dirty, confirmd by line up with panel. tightened fittings, leak test ok. no leak at handover. notif made by ops, maint attended same shift."
10450885,40870885,2024-12-17,2024-12-17,2024-12-18,U400-DEETHANIZER-500,E-501,deethanizer reboiler,reboiler,P3,COMP,ANLYZR,reboiler_duty_loss,low duty,DUTY_LOSS,UTILITY,N,13.0,4646.01,"E-501 low duty again, prod upset","C shift called for E-501 deethanizer rebiler, c2 in btm seen during rebiler duty loss. Foud low duty; hm valve/strainer issue. Could not get permit first time waiting area gas test. replaced positioner tubing and retuned small. ops says ok for now. notif made by ops, maint attended same shift."
10450886,40870886,2024-12-15,2024-12-16,2024-12-16,U400-DEETHANIZER-500,PSV-501A,column relief valve A,relief,P3,CLSD,VALVE,pressure_control_fault,car seal broken,CSO,HUMAN,N,1.8,2096.64,"PSV-501A press spike, car seal broken","C shift called for PSV-501A column relief valve A, pic unstable seen during pressure control fault. Foud car seal broken; seal missing found. stroke tested, response better. no leak at handover. notif made by ops, maint attended same shift."
10450887,40870887,2024-12-18,2024-12-18,2024-12-18,U400-DEETHANIZER-500,PV-501,column pressure control valve,control_valve,P4,CLSD,ANLYZR,valve_stiction,passing,LEAK_BY,SEAT,N,9.2,3125.72,chk PV-501 - passing frm ops,"days called for PV-501 column pressure ctrl valve, position bad seen during valve stiction. Foud passing; seat leak by. opened strainer, cleaned black sludge. no leak at handover. notif made by ops, maint attended same shift."
10450888,40870888,2024-12-21,2024-12-21,2024-12-23,U400-DEETHANIZER-500,FV-501,feed flow control valve,control_valve,P4,CLSD,ANLYZR,feed_flow_step,not stroking,NO_TRAVEL,ACT,N,1.5,750.02,FV-501 not ok after feed flow step,"A shift called for FV-501 feed flow ctrl valve, colmn dp high seen during feed flow step. Foud not stroking; actuator weak. Tag plate dirty, confirmd by line up with panel. changed gasket and boxed up. temp repair only, plan shutdown job. notif made by ops, maint attended same shift."
10450889,40870889,2024-12-20,2024-12-22,2024-12-23,U400-DEETHANIZER-500,PSV-501A,column relief valve A,relief,P2,TECO,OPS+INST,pressure_control_fault,car seal broken,CSO,HUMAN,N,11.5,3427.14,"PSV-501A car seal broken again, prod upset","night called for PSV-501A column relief valve A, pv not movng seen during pressure control fault. Foud car seal broken; seal missing found. No spare in store at first, used refurb one from shop. calibrated, loop checked with CCR. readng close to dcs after job. notif made by ops, maint attended same shift."
10450890,40870890,2024-12-19,2024-12-20,2024-12-20,U400-DEETHANIZER-500,P-501A,reflux pump A,pump,P3,CLSD,INST,reflux_pump_degradation,bearing hot,BRG,WEAR,N,10.0,10902.8,P-501A bearing hot bad,"night called for P-501A reflux pump A, min flow hot seen during reflux pump degradation. Foud bearing hot; brg rough, lube dark. reset trip and monitored for 2 hrs. readng close to dcs after job. notif made by ops, maint attended same shift."
10450891,40870891,2024-12-23,2024-12-24,2024-12-25,U400-DEETHANIZER-500,TV-502,condenser cooling valve,control_valve,P2,CLSD,E&I,feed_composition_shift,air leak,AIR_LEAK,TUBING,N,13.4,2651.4,"TV-502 quality bad, air leak","A shift called for TV-502 condenser cooling valve, quality bad seen during feed composition shift. Foud air leak; positioner supply drop. Tag plate dirty, confirmd by line up with panel. swapped to standby and repaired. no leak at handover. notif made by ops, maint attended same shift."
10450892,40870892,2024-12-24,2024-12-24,2024-12-25,U400-DEETHANIZER-500,PSV-501A,column relief valve A,relief,P4,COMP,OPS+MECH,pressure_control_fault,car seal broken,CSO,HUMAN,N,13.3,6.68,chk PSV-501A - car seal broken frm ops,"B shift called for PSV-501A column relief valve A, pic unstable seen during press control fault. Foud car seal broken; seal missing found. Could not get permit first time waiting area gas test. flushed impulse/sample line. need watch next feed swing. notif made by ops, maint attended same shift."
10450893,40870893,2024-12-24,2024-12-24,2024-12-26,U400-DEETHANIZER-500,P-502A,bottoms pump A,pump,P3,TECO,MECH,reboiler_duty_loss,low disch press,HYD_LOSS,FOUL,N,17.7,975.17,chk P-502A - low disch press frm ops,"night called for P-502A bottoms pump A, steam/hm vavle no resp seen during reboiler duty loss. Foud low disch press; strainer dirty or impeller wear. Could not get permit first time waiting area gas test. tightened fittings, leak test ok. need watch next feed swing. notif made by ops, maint attended same shift."
10450894,40870894,2024-12-27,2024-12-28,2024-12-30,U400-DEETHANIZER-500,FT-501,feed flow transmitter,instrument,P3,CLSD,E&I,feed_flow_step,bad reading,DRIFT,CAL,N,5.6,6234.21,FT-501 bad reading again,"night called for FT-501 feed flow transmitter, c2 recov down seen during feed flow step. Foud bad reading; needs calib. swapped to standby and repaired. unit stable now. notif made by ops, maint attended same shift."
10450895,40870895,2024-12-29,2024-12-30,2025-01-06,U400-DEETHANIZER-500,FT-502,reflux flow transmitter,instrument,P3,COMP,OPS+INST,reflux_pump_degradation,range err,SPAN,CAL,N,3.2,296.37,"FT-502 disch press low, range err","night called for FT-502 reflux flow transmitter, min flow hot seen during reflux pump degradation. Foud range err; span shifted. replaced positioner tubing and retuned small. readng close to dcs after job. notif made by ops, maint attended same shift."
10450896,40870896,2025-01-01,2025-01-01,2025-01-04,U400-DEETHANIZER-500,E-501,deethanizer reboiler,reboiler,P4,CLSD,ROT,feed_temperature_ramp,circ poor,NO_FLOW,PLUG,N,3.4,2346.45,"E-501 circ poor again, prod upset","B shift called for E-501 deethanizer reboiler, feed temp high seen during feed temperature ramp. Foud circ poor; blocked inlet screen. Line was hot so job done slow and with ops standing by. reset trip and monitored for 2 hrs. ops says ok for now. notif made by ops, maint attended same shift."
10450897,40870897,2025-01-04,2025-01-04,2025-01-05,U400-DEETHANIZER-500,E-503,feed bottoms exchanger,exchanger,P1,COMP,MECH,feed_composition_shift,plugged pass,PLUG,FOUL,N,3.7,1848.86,"E-503 plugged pass again, prod upset","B shift called for E-503 feed bottoms exchanger, quality bad seen during feed composition shift. Foud plugged pass; flow restricted. History shows same complain last mnth. opened strainer, cleaned black sludge. need watch next feed swing. notif made by ops, maint attended same shift."
10450898,40870898,2025-01-01,2025-01-01,2025-01-02,U400-DEETHANIZER-500,P-502A,bottoms pump A,pump,P1,COMP,INST,reboiler_duty_loss,bearing hot,BRG,WEAR,N,4.8,16266.9,"P-502A bearing hot again, prod upset","A shift called for P-502A bottoms pump A, tray temp low seen during reboiler duty loss. Foud bearing hot; brg rough, lube dark. changed gasket and boxed up. readng close to dcs after job. notif made by ops, maint attended same shift."
10450899,40870899,2025-01-06,2025-01-06,2025-01-08,U400-DEETHANIZER-500,P-501A,reflux pump A,pump,P2,COMP,OPS+MECH,normal_wear,bearing hot,BRG,WEAR,N,13.0,13015.42,"P-501A noise, bearing hot","days called for P-501A reflux pump A, noise seen during normal wear. Foud bearing hot; brg rough, lube dark. No spare in store at first, used refurb one from shop. swapped to standby and repaired. no leak at handover. notif made by ops, maint attended same shift."
10450900,40870900,2025-01-07,2025-01-09,2025-01-14,U400-DEETHANIZER-500,PV-501,column pressure control valve,control_valve,P3,COMP,VALVE,condenser_fouling,passing,LEAK_BY,SEAT,N,11.2,1956.81,chk PV-501 - passing frm ops,"night called for PV-501 column pressure control valve, cw dt low seen during condenser fouling. Foud passing; seat leak by. Tag plate dirty, confirmd by line up with panel. changed gasket and boxed up. no leak at handover. notif made by ops, maint attended same shift."
10450901,40870901,2025-01-08,2025-01-09,2025-01-09,U400-DEETHANIZER-500,TT-501B,sensitive tray temperature tx,instrument,P2,TECO,E&I,reboiler_duty_loss,loose wire,SIGNAL,ELEC,N,6.9,3369.63,TT-501B not ok after reboiler duty loss,"C shift called for TT-501B sensitive tray temperature tx, low heat seen during reboiler duty loss. Foud loose wire; term loose. opened strainer, cleaned black sludge. readng close to dcs after job. notif made by ops, maint attended same shift."
10450902,40870902,2025-01-09,2025-01-10,2025-01-17,U400-DEETHANIZER-500,FT-501,feed flow transmitter,instrument,P4,CLSD,OPS+INST,feed_flow_step,impulse plugged,PLUG,PROCESS,N,17.7,4216.65,FT-501 impulse plugged temp fix,"days called for FT-501 feed flow transmitter, fic hunting seen during feed flow step. Foud impulse plugged; tap/line dirty. History shows same complain last mnth. calibrated, loop checked with CCR. unit stable now. notif made by ops, maint attended same shift."
10450903,40870903,2025-01-08,2025-01-10,2025-01-11,U400-DEETHANIZER-500,TV-501,reboiler hot medium valve,control_valve,P3,COMP,MECH,feed_temperature_ramp,air leak,AIR_LEAK,TUBING,N,9.0,5032.42,TV-501 air leak temp fix,"C shift called for TV-501 reboiler hot medium valve, ovhd press moving seen during feed temperature ramp. Foud air leak; positioner supply drop. Line was hot so job done slow and with ops standing by. calibrated, loop checked with CCR. ops says ok for now. notif made by ops, maint attended same shift."
10450904,40870904,2025-01-09,2025-01-09,2025-01-09,U400-DEETHANIZER-500,FT-502,reflux flow transmitter,instrument,P4,COMP,ANLYZR,reflux_pump_degradation,bad reading,DRIFT,CAL,N,10.4,5096.68,chk FT-502 - bad reading frm ops,"B shift called for FT-502 rflx flow tx, seal weep seen during rflx pump degradation. Foud bad reading; needs calib. flushed impulse/sample line. unit stable now. notif made by ops, maint attended same shift."
10450905,40870905,2025-01-10,2025-01-10,2025-01-15,U400-DEETHANIZER-500,FV-501,feed flow control valve,control_valve,P2,TECO,MECH,valve_stiction,air leak,AIR_LEAK,TUBING,N,11.1,6492.53,chk FV-501 - air leak frm ops,"B shift called for FV-501 feed flow control valve, position bad seen during valve stiction. Foud air leak; positioner supply drop. Tag plate dirty, confirmd by line up with panel. stroke tested, response better. readng close to dcs after job. notif made by ops, maint attended same shift."
10450906,40870906,2025-01-12,2025-01-12,2025-01-12,U400-DEETHANIZER-500,E-503,feed bottoms exchanger,exchanger,P3,TECO,VALVE,feed_flow_step,tube fouling,FOULING,PROCESS,N,9.7,134.38,chk E-503 - tube fouling frm ops,"C shift called for E-503 feed bottoms exchanger, colmn dp high seen during feed flow step. Foud tube fouling; duty low, delta t poor. Could not get permit first time waiting area gas test. stroke tested, response better. ops says ok for now. notif made by ops, maint attended same shift."
10450907,40870907,2025-01-18,2025-01-20,2025-01-21,U400-DEETHANIZER-500,TV-501,reboiler hot medium valve,control_valve,P3,TECO,E&I,valve_stiction,stiction,STICK,PACKING,N,1.5,5421.15,chk TV-501 - stiction frm ops,"C shift called for TV-501 reboiler hot medium vavle, vavle sticking seen during vavle stiction. Foud stiction; stem sticky and pos err. stroke tested, response better. still little hunting but acceptable. notif made by ops, maint attended same shift."
10450908,40870908,2025-01-20,2025-01-20,2025-01-22,U400-DEETHANIZER-500,PSV-501B,column relief valve B,relief,P4,TECO,E&I,pressure_control_fault,due to lift chk,LIFT_EVENT,PROCESS,N,6.2,3730.08,PSV-501B not ok after pressure control fault,"B shift called for PSV-501B colmn relief valve B, pic unstable seen during pressure control fault. Foud due to lift chk; after pressure excursion. opened strainer, cleaned black sludge. ops says ok for now. notif made by ops, maint attended same shift."
10450909,40870909,2025-01-18,2025-01-18,2025-01-19,U400-DEETHANIZER-500,P-501B,reflux pump B,pump,P3,CLSD,MECH,reflux_pump_degradation,vib high,VIB,ALIGN,N,3.5,6904.52,P-501B not ok after rflx pump degradation,"days called for P-501B reflux pump B, min flow hot seen during reflux pump degradation. Foud vib high; coupling align or cavitation. swapped to standby and repaired. readng close to dcs after job. notif made by ops, maint attended same shift."
10450910,40870910,2025-01-20,2025-01-21,2025-01-22,U400-DEETHANIZER-500,TV-501,reboiler hot medium valve,control_valve,P3,TECO,ROT,normal_wear,hunting loop,CTRL_OSC,TUNE,N,9.4,523.28,"TV-501 hunting loop again, prod upset","C shift called for TV-501 rebiler hot medium valve, noise seen during normal wear. Foud hunting loop; bad response after upset. replaced positioner tubing and retuned small. no leak at handover. notif made by ops, maint attended same shift."
10450911,40870911,2025-01-23,2025-01-23,2025-01-23,U400-DEETHANIZER-500,FV-502,reflux flow control valve,control_valve,P2,TECO,OPS+INST,reflux_pump_degradation,stiction,STICK,PACKING,N,5.5,2741.45,"FV-502 pump vib, stiction","days called for FV-502 reflux flow ctrl valve, disch press low seen during reflux pump degradation. Foud stiction; stem sticky and pos err. No spare in store at first, used refurb one from shop. replaced positioner tubing and retuned small. ops says ok for now. notif made by ops, maint attended same shift."
10450912,40870912,2025-01-25,2025-01-25,2025-01-25,U400-DEETHANIZER-500,P-502A,bottoms pump A,pump,P4,CLSD,ROT,normal_wear,seal leak,MECH_SEAL,SEAL,N,2.4,4370.79,P-502A not ok after normal wear,"B shift called for P-502A bottoms pump A, plugged impulse seen during normal wear. Foud seal leak; seal face worn / dry run signs. cleaned and put back online. no leak at handover. notif made by ops, maint attended same shift."
10450913,40870913,2025-01-24,2025-01-24,2025-01-29,U400-DEETHANIZER-500,E-503,feed bottoms exchanger,exchanger,P3,COMP,ANLYZR,feed_temperature_ramp,tube fouling,FOULING,PROCESS,N,8.2,104.48,E-503 tube fouling bad,"night called for E-503 feed bottoms exchanger, rb duty up seen during feed temperature ramp. Foud tube fouling; duty low, delta t poor. swapped to standby and repaired. no leak at handover. notif made by ops, maint attended same shift."
10450914,40870914,2025-01-25,2025-01-26,2025-01-26,U400-DEETHANIZER-500,FT-502,reflux flow transmitter,instrument,P4,CLSD,ANLYZR,valve_stiction,impulse plugged,PLUG,PROCESS,N,11.2,4864.62,"FT-502 air leak, impulse plugged","night called for FT-502 reflux flow transmitter, air leak seen during vavle stiction. Foud impulse plugged; tap/line dirty. flushed impulse/sample line. unit stable now. notif made by ops, maint attended same shift."
10450915,40870915,2025-01-30,2025-01-30,2025-01-31,U400-DEETHANIZER-500,TV-502,condenser cooling valve,control_valve,P2,CLSD,MECH,valve_stiction,passing,LEAK_BY,SEAT,N,15.9,1590.0,TV-502 passing after upset,"B shift called for TV-502 condenser cooling vavle, position bad seen during vavle stiction. Foud passing; seat leak by. History shows same complain last mnth. swapped to standby and repaired. unit stable now. notif made by ops, maint attended same shift."
10450916,40870916,2025-01-27,2025-01-27,2025-01-28,U400-DEETHANIZER-500,PV-501,column pressure control valve,control_valve,P3,TECO,E&I,condenser_fouling,not stroking,NO_TRAVEL,ACT,N,4.4,5560.83,"PV-501 drum temp hi, not stroking","days called for PV-501 column pressure control valve, high ovhd press seen during condnsr fouling. Foud not stroking; actuator weak. swapped to standby and repaired. need watch next feed swing. notif made by ops, maint attended same shift."
10450917,40870917,2025-01-30,2025-01-31,2025-02-01,U400-DEETHANIZER-500,TT-501B,sensitive tray temperature tx,instrument,P3,CLSD,E&I,normal_wear,range err,SPAN,CAL,N,5.9,965.56,TT-501B not ok after normal wear,"days called for TT-501B sensitive tray temperature tx, noise seen during normal wear. Foud range err; span shifted. stroke tested, response better. readng close to dcs after job. notif made by ops, maint attended same shift."
10450918,40870918,2025-02-01,2025-02-01,2025-02-03,U400-DEETHANIZER-500,P-502B,bottoms pump B,pump,P3,COMP,INST,normal_wear,seal leak,MECH_SEAL,SEAL,N,1.3,5370.38,P-502B not ok after normal wear,"B shift called for P-502B bottoms pump B, noise seen during normal wear. Foud seal leak; seal face worn / dry run signs. Line was hot so job done slow and with ops standing by. stroke tested, response better. ops says ok for now. notif made by ops, maint attended same shift."
10450919,40870919,2025-01-31,2025-01-31,2025-01-31,U400-DEETHANIZER-500,TT-501B,sensitive tray temperature tx,instrument,P3,CLSD,OPS+INST,reboiler_duty_loss,impulse plugged,PLUG,PROCESS,N,15.0,3950.41,"TT-501B impulse plugged again, prod upset","night called for TT-501B sensitive tray temperature tx, steam/hm valve no resp seen during reboiler duty loss. Foud impulse plugged; tap/line dirty. cleaned and put back online. readng close to dcs after job. notif made by ops, maint attended same shift."
10450920,40870920,2025-02-06,2025-02-06,2025-02-11,U400-DEETHANIZER-500,FV-502,reflux flow control valve,control_valve,P3,TECO,INST,reflux_pump_degradation,hunting loop,CTRL_OSC,TUNE,N,7.0,3531.83,"FV-502 low reflux, hunting loop","A shift called for FV-502 reflux flow control valve, min flow hot seen during reflux pump degradation. Foud hunting loop; bad response after upset. Tag plate dirty, confirmd by line up with panel. flushed impulse/sample line. no leak at handover. notif made by ops, maint attended same shift."
10450921,40870921,2025-02-03,2025-02-03,2025-02-04,U400-DEETHANIZER-500,P-501B,reflux pump B,pump,P2,CLSD,MECH,valve_stiction,motor trip,MOTOR,ELEC,N,12.4,15645.82,"P-501B position bad, motor trip","C shift called for P-501B rflx pump B, op jumps seen during valve stiction. Foud motor trip; overload trip after upset. History shows same complain last mnth. tightened fittings, leak test ok. unit stable now. notif made by ops, maint attended same shift."
10450922,40870922,2025-02-07,2025-02-07,2025-02-12,U400-DEETHANIZER-500,TT-501B,sensitive tray temperature tx,instrument,P4,TECO,ANLYZR,feed_temperature_ramp,no signal,NO_SIGNAL,ELEC,N,4.0,188.25,"TT-501B no signal again, prod upset","night called for TT-501B sensitive tray temperature tx, ovhd press moving seen during feed temperature ramp. Foud no signal; 24v or card issue. No spare in store at first, used refurb one from shop. stroke tested, response better. ops says ok for now. notif made by ops, maint attended same shift."
10450923,40870923,2025-02-10,2025-02-11,2025-02-11,U400-DEETHANIZER-500,TT-503,reboiler outlet temperature tx,instrument,P3,CLSD,E&I,reboiler_duty_loss,impulse plugged,PLUG,PROCESS,N,17.4,144.59,"TT-503 tray temp low, impulse plugged","B shift called for TT-503 reboiler outlet temperature tx, low heat seen during reboiler duty loss. Foud impulse plugged; tap/line dirty. History shows same complain last mnth. changed gasket and boxed up. need watch next feed swing. notif made by ops, maint attended same shift."
10450924,40870924,2025-02-07,2025-02-07,2025-02-08,U400-DEETHANIZER-500,TT-503,reboiler outlet temperature tx,instrument,P3,CLSD,OPS+INST,reboiler_duty_loss,impulse plugged,PLUG,PROCESS,N,6.6,1880.44,"TT-503 impulse plugged again, prod upset","A shift called for TT-503 rebiler outlet temp tx, steam/hm valve no resp seen during rebiler duty loss. Foud impulse plugged; tap/line dirty. opened strainer, cleaned black sludge. no leak at handover. notif made by ops, maint attended same shift."
10450925,40870925,2025-02-13,2025-02-13,2025-02-14,U400-DEETHANIZER-500,FV-502,reflux flow control valve,control_valve,P4,CLSD,ANLYZR,valve_stiction,passing,LEAK_BY,SEAT,N,15.7,4018.97,"FV-502 passing again, prod upset","days called for FV-502 reflux flow ctrl valve, position bad seen during valve stiction. Foud passing; seat leak by. calibrated, loop checked with CCR. unit stable now. notif made by ops, maint attended same shift."
10450926,40870926,2025-02-15,2025-02-15,2025-02-15,U400-DEETHANIZER-500,E-502,deethanizer overhead condenser,condenser,P2,CLSD,INST,pressure_control_fault,cw fouling,FOULING,UTILITY,N,17.7,12837.46,chk E-502 - cw fouling frm ops,"C shift called for E-502 deethanizer overhead condenser, pv not movng seen during press control fault. Foud cw fouling; cw side scaled. changed gasket and boxed up. still little hunting but acceptable. notif made by ops, maint attended same shift."
10450927,40870927,2025-02-16,2025-02-17,2025-02-17,U400-DEETHANIZER-500,FT-502,reflux flow transmitter,instrument,P2,CLSD,INST,reflux_pump_degradation,no signal,NO_SIGNAL,ELEC,N,16.5,3158.87,"FT-502 min flow hot, no signal","night called for FT-502 rflx flow transmitter, seal weep seen during rflx pump degradation. Foud no signal; 24v or card issue. Could not get permit first time waiting area gas test. changed gasket and boxed up. temp repair only, plan shutdown job. notif made by ops, maint attended same shift."
10450928,40870928,2025-02-17,2025-02-18,2025-02-19,U400-DEETHANIZER-500,TV-501,reboiler hot medium valve,control_valve,P4,CLSD,INST,valve_stiction,stiction,STICK,PACKING,N,9.4,3043.61,TV-501 stiction again,"night called for TV-501 reboiler hot medium valve, valve sticking seen during valve stiction. Foud stiction; stem sticky and pos err. swapped to standby and repaired. no leak at handover. notif made by ops, maint attended same shift."
10450929,40870929,2025-02-14,2025-02-15,2025-02-17,U400-DEETHANIZER-500,AIT-501,overhead C2 analyzer,analyzer,P4,CLSD,E&I,pressure_control_fault,bad gc cycle,NO_ANALYSIS,ELEC,N,6.7,4412.74,"AIT-501 pic unstable, bad gc cycle","night called for AIT-501 overhead C2 analyzer, flare valve checked seen during pressure control fault. Foud bad gc cycle; cycle abort. Could not get permit first time waiting area gas test. stroke tested, response better. need watch next feed swing. notif made by ops, maint attended same shift."
10450930,40870930,2025-02-20,2025-02-21,2025-02-22,U400-DEETHANIZER-500,FV-502,reflux flow control valve,control_valve,P3,COMP,ANLYZR,pressure_control_fault,passing,LEAK_BY,SEAT,N,17.1,2170.76,chk FV-502 - passing frm ops,"A shift called for FV-502 rflx flow control valve, press spike seen during pressure control fault. Foud passing; seat leak by. stroke tested, response better. unit stable now. notif made by ops, maint attended same shift."
10450931,40870931,2025-02-18,2025-02-18,2025-02-19,U400-DEETHANIZER-500,LV-501,reflux drum level valve,control_valve,P2,TECO,OPS+MECH,reflux_pump_degradation,not stroking,NO_TRAVEL,ACT,Y,18.6,3355.77,LV-501 not stroking ops req,"night called for LV-501 reflux drum level valve, disch press low seen during reflux pump degradation. Foud not stroking; actuator weak. History shows same complain last mnth. changed gasket and boxed up. need watch next feed swing. notif made by ops, maint attended same shift."
10450932,40870932,2025-02-23,2025-02-25,2025-02-27,U400-DEETHANIZER-500,E-501,deethanizer reboiler,reboiler,P4,COMP,INST,feed_composition_shift,circ poor,NO_FLOW,PLUG,N,18.0,3168.54,E-501 circ poor chk & revert,"night called for E-501 deethanizer reboiler, quality bad seen during feed composition shift. Foud circ poor; blocked inlet screen. Could not get permit first time waiting area gas test. opened strainer, cleaned black sludge. readng close to dcs after job. notif made by ops, maint attended same shift."
10450933,40870933,2025-02-22,2025-02-23,2025-02-26,U400-DEETHANIZER-500,PSV-501A,column relief valve A,relief,P3,TECO,INST,pressure_control_fault,due to lift chk,LIFT_EVENT,PROCESS,N,10.1,4824.45,"PSV-501A due to lift chk again, prod upset","days called for PSV-501A column relief valve A, pic unstable seen during press control fault. Foud due to lift chk; after press excursion. replaced positioner tubing and retuned small. readng close to dcs after job. notif made by ops, maint attended same shift."
10450934,40870934,2025-02-26,2025-02-28,2025-02-28,U400-DEETHANIZER-500,E-503,feed bottoms exchanger,exchanger,P3,CLSD,MECH,feed_temperature_ramp,tube fouling,FOULING,PROCESS,N,10.8,12924.05,E-503 tube fouling temp fix,"B shift called for E-503 feed bottoms exchanger, ovhd press moving seen during feed temperature ramp. Foud tube fouling; duty low, delta t poor. flushed impulse/sample line. temp repair only, plan shutdown job. notif made by ops, maint attended same shift."
10450935,40870935,2025-02-24,2025-02-26,2025-02-26,U400-DEETHANIZER-500,FT-502,reflux flow transmitter,instrument,P3,CLSD,INST,reflux_pump_degradation,impulse plugged,PLUG,PROCESS,N,11.7,2981.91,"FT-502 min flow hot, impulse plugged","B shift called for FT-502 reflux flow transmitter, min flow hot seen during reflux pump degradation. Foud impulse plugged; tap/line dirty. calibrated, loop chekd with CCR. need watch next feed swing. notif made by ops, maint attended same shift."
10450936,40870936,2025-02-27,2025-02-28,2025-03-01,U400-DEETHANIZER-500,TV-502,condenser cooling valve,control_valve,P3,CLSD,OPS+INST,condenser_fouling,passing,LEAK_BY,SEAT,N,1.5,4686.91,"TV-502 high ovhd press, passing","A shift called for TV-502 condenser cooling valve, pic wide open seen during condenser fouling. Foud passing; seat leak by. Tag plate dirty, confirmd by line up with panel. tightened fittings, leak test ok. no leak at handover. notif made by ops, maint attended same shift."
10450937,40870937,2025-02-28,2025-02-28,2025-02-28,U400-DEETHANIZER-500,E-503,feed bottoms exchanger,exchanger,P4,COMP,MECH,feed_flow_step,temp approach bad,PERF,FOUL,N,17.5,4145.11,"E-503 c2 recov down, temp approach bad","A shift called for E-503 feed bottoms exchanger, fic hunting seen during feed flow step. Foud temp approach bad; heat transfer loss. Line was hot so job done slow and with ops standing by. replaced positioner tubing and retuned small. unit stable now. notif made by ops, maint attended same shift."
10450938,40870938,2025-03-02,2025-03-02,2025-03-02,U400-DEETHANIZER-500,E-502,deethanizer overhead condenser,condenser,P4,CLSD,OPS+INST,valve_stiction,cw fouling,FOULING,UTILITY,N,7.6,8941.04,chk E-502 - cw fouling frm ops,"days called for E-502 deethanizer overhead condenser, position bad seen during valve stiction. Foud cw fouling; cw side scaled. flushed impulse/sample line. no leak at handover. notif made by ops, maint attended same shift."
10450939,40870939,2025-03-05,2025-03-07,2025-03-09,U400-DEETHANIZER-500,AIT-501,overhead C2 analyzer,analyzer,P3,TECO,INST,feed_composition_shift,anlyzr drift,DRIFT,CAL_GAS,N,1.9,1096.93,AIT-501 anlyzr drift bad,"B shift called for AIT-501 overhead C2 analyzer, btm heavy seen during feed composition shift. Foud anlyzr drift; cal gas failed. Could not get permit first time waiting area gas test. flushed impulse/sample line. readng close to dcs after job. notif made by ops, maint attended same shift."
10450940,40870940,2025-03-02,2025-03-04,2025-03-11,U400-DEETHANIZER-500,T-501,deethanizer column,column,P2,COMP,ROT,normal_wear,tray temp bad,TEMP_DEV,PROCESS,N,12.3,5.71,T-501 tray temp bad bad,"B shift called for T-501 deethanizer column, pm found defect seen during normal wear. Foud tray temp bad; profile not normal. History shows same complain last mnth. tightened fittings, leak test ok. temp repair only, plan shutdown job. notif made by ops, maint attended same shift."
10450941,40870941,2025-03-08,2025-03-09,2025-03-10,U400-DEETHANIZER-500,P-501B,reflux pump B,pump,P1,TECO,OPS+INST,reflux_pump_degradation,seal leak,MECH_SEAL,SEAL,Y,23.2,153.11,P-501B not ok after reflux pump degradation,"night called for P-501B reflux pump B, disch press low seen during reflux pump degradation. Foud seal leak; seal face worn / dry run signs. Line was hot so job done slow and with ops standing by. flushed impulse/sample line. readng close to dcs after job. notif made by ops, maint attended same shift."
10450942,40870942,2025-03-08,2025-03-08,2025-03-09,U400-DEETHANIZER-500,TT-501B,sensitive tray temperature tx,instrument,P3,CLSD,E&I,feed_temperature_ramp,bad reading,DRIFT,CAL,N,5.6,215.79,TT-501B bad reading again,"B shift called for TT-501B sensitive tray temperature tx, tray temp drift seen during feed temperature ramp. Foud bad reading; needs calib. Tag plate dirty, confirmd by line up with panel. calibrated, loop checked with CCR. readng close to dcs after job. notif made by ops, maint attended same shift."
10450943,40870943,2025-03-11,2025-03-11,2025-03-13,U400-DEETHANIZER-500,TT-501B,sensitive tray temperature tx,instrument,P3,CLSD,INST,reflux_pump_degradation,bad reading,DRIFT,CAL,N,6.8,3090.92,TT-501B not ok after reflux pump degradation,"days called for TT-501B sensitive tray temperature tx, pump vib seen during reflux pump degradation. Foud bad reading; needs calib. flushed impulse/sample line. readng close to dcs after job. notif made by ops, maint attended same shift."
10450944,40870944,2025-03-11,2025-03-12,2025-03-15,U400-DEETHANIZER-500,T-501,deethanizer column,column,P3,CLSD,VALVE,feed_flow_step,weeping flange,LEAK,GASKET,N,5.1,3042.67,"T-501 column dp high, weeping flange","days called for T-501 deethanizer column, lvl swing seen during feed flow step. Foud weeping flange; manway/flange seep. No spare in store at first, used refurb one from shop. opened strainer, cleaned black sludge. unit stable now. notif made by ops, maint attended same shift."
10450945,40870945,2025-03-12,2025-03-14,2025-03-16,U400-DEETHANIZER-500,P-501B,reflux pump B,pump,P2,TECO,OPS+INST,feed_flow_step,bearing hot,BRG,WEAR,N,13.4,7853.81,"P-501B bearing hot again, prod upset","days called for P-501B reflux pump B, lvl swing seen during feed flow step. Foud bearing hot; brg rough, lube dark. No spare in store at first, used refurb one from shop. reset trip and monitored for 2 hrs. need watch next feed swing. notif made by ops, maint attended same shift."
10450946,40870946,2025-03-12,2025-03-12,2025-03-13,U400-DEETHANIZER-500,AIT-502,bottoms C3+ analyzer,analyzer,P3,COMP,E&I,feed_composition_shift,anlyzr drift,DRIFT,CAL_GAS,N,17.8,5089.16,"AIT-502 anlyzr drift again, prod upset","A shift called for AIT-502 bottoms C3+ analyzer, btm heavy seen during feed composition shift. Foud anlyzr drift; cal gas failed. calibrated, loop checked with CCR. ops says ok for now. notif made by ops, maint attended same shift."
10450947,40870947,2025-03-17,2025-03-18,2025-03-19,U400-DEETHANIZER-500,TT-503,reboiler outlet temperature tx,instrument,P3,COMP,ANLYZR,reboiler_duty_loss,impulse plugged,PLUG,PROCESS,N,13.8,5177.57,"TT-503 steam/hm valve no resp, impulse plugged","B shift called for TT-503 reboiler outlet temperature tx, tray temp low seen during reboiler duty loss. Foud impulse plugged; tap/line dirty. replaced positioner tubing and retuned small. need watch next feed swing. notif made by ops, maint attended same shift."
10450948,40870948,2025-03-18,2025-03-18,2025-03-18,U400-DEETHANIZER-500,FT-502,reflux flow transmitter,instrument,P4,COMP,E&I,reflux_pump_degradation,bad reading,DRIFT,CAL,N,6.2,3360.38,"FT-502 bad reading again, prod upset","C shift called for FT-502 reflux flow transmitter, disch press low seen during reflux pump degradation. Foud bad reading; needs calib. No spare in store at first, used refurb one from shop. cleaned and put back online. readng close to dcs after job. notif made by ops, maint attended same shift."
10450949,40870949,2025-03-16,2025-03-17,2025-03-18,U400-DEETHANIZER-500,E-502,deethanizer overhead condenser,condenser,P4,CLSD,ROT,condenser_fouling,cw fouling,FOULING,UTILITY,N,11.7,6485.29,E-502 not ok after condenser fouling,"C shift called for E-502 deethanizer overhead condenser, cond not pullng seen during condenser fouling. Foud cw fouling; cw side scaled. No spare in store at first, used refurb one from shop. stroke tested, response better. need watch next feed swing. notif made by ops, maint attended same shift."
10450950,40870950,2025-03-17,2025-03-17,2025-03-20,U400-DEETHANIZER-500,FV-502,reflux flow control valve,control_valve,P3,TECO,ANLYZR,valve_stiction,stiction,STICK,PACKING,N,13.0,2011.46,chk FV-502 - stiction frm ops,"C shift called for FV-502 reflux flow control valve, op jumps seen during valve stiction. Foud stiction; stem sticky and pos err. History shows same complain last mnth. tightened fittings, leak test ok. still little hunting but acceptable. notif made by ops, maint attended same shift."
10450951,40870951,2025-03-23,2025-03-24,2025-03-26,U400-DEETHANIZER-500,TT-501B,sensitive tray temperature tx,instrument,P4,COMP,E&I,reboiler_duty_loss,loose wire,SIGNAL,ELEC,N,17.4,2580.84,"TT-501B c2 in btm, loose wire","A shift called for TT-501B sensitive tray temperature tx, low heat seen during reboiler duty loss. Foud loose wire; term loose. Tag plate dirty, confirmd by line up with panel. cleaned and put back online. readng close to dcs after job. notif made by ops, maint attended same shift."
10450952,40870952,2025-03-21,2025-03-23,2025-03-24,U400-DEETHANIZER-500,P-501A,reflux pump A,pump,P3,TECO,VALVE,normal_wear,vib high,VIB,ALIGN,N,1.4,14502.56,"P-501A vib high again, prod upset","A shift called for P-501A reflux pump A, pm found defect seen during normal wear. Foud vib high; coupling align or cavitation. opened strainer, cleaned black sludge. temp repair only, plan shutdown job. notif made by ops, maint attended same shift."
10450953,40870953,2025-03-26,2025-03-27,2025-03-28,U400-DEETHANIZER-500,E-502,deethanizer overhead condenser,condenser,P3,COMP,OPS+MECH,condenser_fouling,high press,PERF,FOUL,N,12.9,7276.88,"E-502 high press again, prod upset","A shift called for E-502 deethanizer overhead condenser, pic wide open seen during condenser fouling. Foud high press; condensing duty poor. flushed impulse/sample line. still little hunting but acceptable. notif made by ops, maint attended same shift."
10450954,40870954,2025-03-23,2025-03-24,2025-03-25,U400-DEETHANIZER-500,V-501,deethanizer reflux drum,vessel,P3,TECO,ANLYZR,reboiler_duty_loss,level swing,LVL_SWING,CTRL,N,9.0,2522.35,V-501 not ok after reboiler duty loss,"A shift called for V-501 deethanizer reflux drum, c2 in btm seen during reboiler duty loss. Foud level swing; lt/lic problem. No spare in store at first, used refurb one from shop. calibrated, loop chekd with CCR. temp repair only, plan shutdown job. notif made by ops, maint attended same shift."
10450955,40870955,2025-03-24,2025-03-25,2025-03-26,U400-DEETHANIZER-500,PV-501,column pressure control valve,control_valve,P3,CLSD,MECH,valve_stiction,passing,LEAK_BY,SEAT,N,10.2,2645.76,chk PV-501 - passing frm ops,"C shift called for PV-501 column pressure ctrl valve, loop cycling seen during valve stiction. Foud passing; seat leak by. swapped to standby and repaired. unit stable now. notif made by ops, maint attended same shift."
10450956,40870956,2025-03-30,2025-04-01,2025-04-03,U400-DEETHANIZER-500,TT-503,reboiler outlet temperature tx,instrument,P2,TECO,OPS+INST,reboiler_duty_loss,bad reading,DRIFT,CAL,N,7.0,2168.79,"TT-503 bad reading again, prod upset","days called for TT-503 reboiler outlet temperature tx, steam/hm valve no resp seen during reboiler duty loss. Foud bad reading; needs calib. swapped to standby and repaired. readng close to dcs after job. notif made by ops, maint attended same shift."
10450957,40870957,2025-04-01,2025-04-01,2025-04-02,U400-DEETHANIZER-500,TV-502,condenser cooling valve,control_valve,P3,TECO,ANLYZR,valve_stiction,passing,LEAK_BY,SEAT,N,6.9,6420.08,"TV-502 passing again, prod upset","night called for TV-502 condenser cooling vavle, loop cycling seen during vavle stiction. Foud passing; seat leak by. History shows same complain last mnth. stroke tested, response better. ops says ok for now. notif made by ops, maint attended same shift."
10450958,40870958,2025-04-03,2025-04-05,2025-04-05,U400-DEETHANIZER-500,LV-501,reflux drum level valve,control_valve,P1,COMP,ANLYZR,reflux_pump_degradation,passing,LEAK_BY,SEAT,N,6.4,334.27,"LV-501 disch press low, passing","C shift called for LV-501 reflux drum level valve, pump vib seen during reflux pump degradation. Foud passing; seat leak by. No spare in store at first, used refurb one from shop. reset trip and monitored for 2 hrs. unit stable now. notif made by ops, maint attended same shift."
10450959,40870959,2025-04-01,2025-04-01,2025-04-02,U400-DEETHANIZER-500,TV-502,condenser cooling valve,control_valve,P3,COMP,E&I,valve_stiction,stiction,STICK,PACKING,N,16.8,2572.87,chk TV-502 - stiction frm ops,"night called for TV-502 condenser cooling valve, loop cycling seen during valve stiction. Foud stiction; stem sticky and pos err. swapped to standby and repaired. unit stable now. notif made by ops, maint attended same shift."
10450960,40870960,2025-04-05,2025-04-05,2025-04-06,U400-DEETHANIZER-500,FV-501,feed flow control valve,control_valve,P3,COMP,ROT,valve_stiction,hunting loop,CTRL_OSC,TUNE,N,11.1,1584.61,"FV-501 air leak, hunting loop","days called for FV-501 feed flow control valve, position bad seen during valve stiction. Foud hunting loop; bad response after upset. Tag plate dirty, confirmd by line up with panel. tightened fittings, leak test ok. need watch next feed swing. notif made by ops, maint attended same shift."
10450961,40870961,2025-04-02,2025-04-02,2025-04-03,U400-DEETHANIZER-500,P-502B,bottoms pump B,pump,P3,CLSD,ANLYZR,reboiler_duty_loss,seal leak,MECH_SEAL,SEAL,N,1.1,14436.88,"P-502B seal leak again, prod upset","B shift called for P-502B bottoms pump B, tray temp low seen during rebiler duty loss. Foud seal leak; seal face worn / dry run signs. opened strainer, cleaned black sludge. no leak at handover. notif made by ops, maint attended same shift."
10450962,40870962,2025-04-07,2025-04-09,2025-04-09,U400-DEETHANIZER-500,FV-502,reflux flow control valve,control_valve,P2,COMP,OPS+MECH,reflux_pump_degradation,air leak,AIR_LEAK,TUBING,Y,12.3,4325.75,chk FV-502 - air leak frm ops,"night called for FV-502 reflux flow control valve, min flow hot seen during reflux pump degradation. Foud air leak; positioner supply drop. opened strainer, cleaned black sludge. temp repair only, plan shutdown job. notif made by ops, maint attended same shift."
10450963,40870963,2025-04-07,2025-04-09,2025-04-10,U400-DEETHANIZER-500,PSV-501A,column relief valve A,relief,P2,COMP,ROT,condenser_fouling,due to lift chk,LIFT_EVENT,PROCESS,N,11.8,4271.11,chk PSV-501A - due to lift chk frm ops,"days called for PSV-501A column relief valve A, high ovhd press seen during condenser fouling. Foud due to lift chk; after pressure excursion. replaced positioner tubing and retuned small. no leak at handover. notif made by ops, maint attended same shift."
10450964,40870964,2025-04-11,2025-04-11,2025-04-14,U400-DEETHANIZER-500,PV-501,column pressure control valve,control_valve,P2,COMP,VALVE,pressure_control_fault,stiction,STICK,PACKING,N,17.7,4600.76,"PV-501 stiction again, prod upset","A shift called for PV-501 column pressure control valve, flare valve checked seen during pressure control fault. Foud stiction; stem sticky and pos err. calibrated, loop checked with CCR. still little hunting but acceptable. notif made by ops, maint attended same shift."
10450965,40870965,2025-04-11,2025-04-13,2025-04-14,U400-DEETHANIZER-500,FV-501,feed flow control valve,control_valve,P3,COMP,MECH,feed_flow_step,hunting loop,CTRL_OSC,TUNE,N,6.1,941.94,"FV-501 hunting loop again, prod upset","night called for FV-501 feed flow control vavle, lvl swing seen during feed flow step. Foud hunting loop; bad response after upset. tightened fittings, leak test ok. need watch next feed swing. notif made by ops, maint attended same shift."
10450966,40870966,2025-04-10,2025-04-10,2025-04-10,U400-DEETHANIZER-500,FV-501,feed flow control valve,control_valve,P3,COMP,MECH,valve_stiction,hunting loop,CTRL_OSC,TUNE,N,10.2,3004.8,FV-501 not ok after valve stiction,"days called for FV-501 feed flow control valve, valve sticking seen during valve stiction. Foud hunting loop; bad response after upset. replaced positioner tubing and retuned small. still little hunting but acceptable. notif made by ops, maint attended same shift."
10450967,40870967,2025-04-11,2025-04-12,2025-04-13,U400-DEETHANIZER-500,E-501,deethanizer reboiler,reboiler,P4,TECO,INST,reboiler_duty_loss,fouled bundle,FOULING,PROCESS,N,3.0,14109.43,E-501 not ok after reboiler duty loss,"B shift called for E-501 deethanizer reboiler, low heat seen during reboiler duty loss. Foud fouled bundle; bottoms side dirty. stroke tested, response better. unit stable now. notif made by ops, maint attended same shift."
10450968,40870968,2025-04-14,2025-04-16,2025-04-18,U400-DEETHANIZER-500,PV-501,column pressure control valve,control_valve,P4,COMP,OPS+MECH,valve_stiction,hunting loop,CTRL_OSC,TUNE,N,15.6,3051.63,PV-501 not ok after valve stiction,"C shift called for PV-501 column pressure ctrl valve, valve sticking seen during valve stiction. Foud hunting loop; bad response after upset. Could not get permit first time waiting area gas test. cleaned and put back online. unit stable now. notif made by ops, maint attended same shift."
10450969,40870969,2025-04-18,2025-04-18,2025-04-18,U400-DEETHANIZER-500,T-501,deethanizer column,column,P4,TECO,ANLYZR,feed_flow_step,tray temp bad,TEMP_DEV,PROCESS,N,1.9,5914.64,"T-501 tray temp bad again, prod upset","B shift called for T-501 deethanizer column, c2 recov down seen during feed flow step. Foud tray temp bad; profile not normal. changed gasket and boxed up. still little hunting but acceptable. notif made by ops, maint attended same shift."
10450970,40870970,2025-04-19,2025-04-19,2025-04-22,U400-DEETHANIZER-500,P-501A,reflux pump A,pump,P2,CLSD,INST,valve_stiction,seal leak,MECH_SEAL,SEAL,N,15.1,10741.13,"P-501A loop cycling, seal leak","C shift called for P-501A rflx pump A, valve sticking seen during valve stiction. Foud seal leak; seal face worn / dry run signs. Could not get permit first time waiting area gas test. cleaned and put back online. still little hunting but acceptable. notif made by ops, maint attended same shift."
10450971,40870971,2025-04-19,2025-04-19,2025-04-20,U400-DEETHANIZER-500,TT-503,reboiler outlet temperature tx,instrument,P2,TECO,E&I,reboiler_duty_loss,impulse plugged,PLUG,PROCESS,Y,8.6,3310.06,TT-503 not ok after reboiler duty loss,"night called for TT-503 reboiler outlet temperature tx, tray temp low seen during reboiler duty loss. Foud impulse plugged; tap/line dirty. Tag plate dirty, confirmd by line up with panel. cleaned and put back online. temp repair only, plan shutdown job. notif made by ops, maint attended same shift."
10450972,40870972,2025-04-23,2025-04-25,2025-04-25,U400-DEETHANIZER-500,TV-502,condenser cooling valve,control_valve,P3,COMP,OPS+INST,feed_composition_shift,air leak,AIR_LEAK,TUBING,N,12.5,589.42,chk TV-502 - air leak frm ops,"A shift called for TV-502 condenser cooling valve, quality bad seen during feed composition shift. Foud air leak; positioner supply drop. replaced positioner tubing and retuned small. need watch next feed swing. notif made by ops, maint attended same shift."
10450973,40870973,2025-04-20,2025-04-21,2025-04-22,U400-DEETHANIZER-500,FT-502,reflux flow transmitter,instrument,P1,TECO,INST,reflux_pump_degradation,bad reading,DRIFT,CAL,Y,8.2,1844.65,"FT-502 disch press low, bad reading","C shift called for FT-502 reflux flow transmitter, disch press low seen during reflux pump degradation. Foud bad reading; needs calib. stroke tested, response better. readng close to dcs after job. notif made by ops, maint attended same shift."
10450974,40870974,2025-04-24,2025-04-24,2025-04-24,U400-DEETHANIZER-500,E-502,deethanizer overhead condenser,condenser,P2,CLSD,OPS+MECH,condenser_fouling,cw fouling,FOULING,UTILITY,Y,12.9,941.64,E-502 cw fouling chk & revert,"A shift called for E-502 deethanizer overhead condenser, cond not pullng seen during condenser fouling. Foud cw fouling; cw side scaled. Tag plate dirty, confirmd by line up with panel. swapped to standby and repaired. unit stable now. notif made by ops, maint attended same shift."
10450975,40870975,2025-04-27,2025-04-29,2025-04-30,U400-DEETHANIZER-500,E-501,deethanizer reboiler,reboiler,P3,TECO,OPS+INST,feed_temperature_ramp,fouled bundle,FOULING,PROCESS,N,8.8,7912.28,E-501 fouled bundle asap,"night called for E-501 deethanizer reboiler, rb duty up seen during feed temperature ramp. Foud fouled bundle; bottoms side dirty. swapped to standby and repaired. still little hunting but acceptable. notif made by ops, maint attended same shift."
10450976,40870976,2025-04-27,2025-04-28,2025-04-29,U400-DEETHANIZER-500,TT-501B,sensitive tray temperature tx,instrument,P4,TECO,OPS+INST,reboiler_duty_loss,impulse plugged,PLUG,PROCESS,N,17.8,2186.23,TT-501B not ok after reboiler duty loss,"B shift called for TT-501B sensitive tray temp tx, steam/hm vavle no resp seen during rebiler duty loss. Foud impulse plugged; tap/line dirty. Line was hot so job done slow and with ops standing by. swapped to standby and repaired. temp repair only, plan shutdown job. notif made by ops, maint attended same shift."
10450977,40870977,2025-04-26,2025-04-26,2025-04-26,U400-DEETHANIZER-500,E-501,deethanizer reboiler,reboiler,P3,COMP,MECH,reboiler_duty_loss,rb leak,LEAK,GASKET,N,6.0,4573.21,"E-501 rb leak again, prod upset","days called for E-501 deethanizer reboiler, c2 in btm seen during reboiler duty loss. Foud rb leak; channel flange weep. opened strainer, cleaned black sludge. still little hunting but acceptable. notif made by ops, maint attended same shift."
10450978,40870978,2025-04-29,2025-04-30,2025-04-30,U400-DEETHANIZER-500,AIT-502,bottoms C3+ analyzer,analyzer,P2,CLSD,INST,feed_composition_shift,condensate in sample,LIQ_CARRY,SAMPLE,N,4.5,2636.04,"AIT-502 condensate in sample again, prod upset","night called for AIT-502 bottoms C3+ analyzer, ovhd c3 slip seen during feed composition shift. Foud condensate in sample; knockout pot full. History shows same complain last mnth. replaced positioner tubing and retuned small. unit stable now. notif made by ops, maint attended same shift."
10450979,40870979,2025-04-30,2025-04-30,2025-04-30,U400-DEETHANIZER-500,TV-501,reboiler hot medium valve,control_valve,P3,TECO,OPS+INST,reboiler_duty_loss,stiction,STICK,PACKING,N,17.4,1783.85,"TV-501 stiction again, prod upset","B shift called for TV-501 reboiler hot medium valve, c2 in btm seen during reboiler duty loss. Foud stiction; stem sticky and pos err. replaced positioner tubing and retuned small. readng close to dcs after job. notif made by ops, maint attended same shift."
10450980,40870980,2025-05-01,2025-05-01,2025-05-03,U400-DEETHANIZER-500,PSV-501A,column relief valve A,relief,P4,COMP,ANLYZR,pressure_control_fault,seat passing,LEAK_BY,SEAT,N,2.9,2505.77,"PSV-501A pv not movng, seat passing","days called for PSV-501A column relief valve A, flare valve chekd seen during press control fault. Foud seat passing; tail pipe warm. No spare in store at first, used refurb one from shop. tightened fittings, leak test ok. still little hunting but acceptable. notif made by ops, maint attended same shift."
10450981,40870981,2025-05-01,2025-05-02,2025-05-03,U400-DEETHANIZER-500,P-502A,bottoms pump A,pump,P2,TECO,OPS+INST,pressure_control_fault,low disch press,HYD_LOSS,FOUL,N,11.4,15014.21,"P-502A low disch press again, prod upset","B shift called for P-502A bottoms pump A, pv not movng seen during pressure control fault. Foud low disch press; strainer dirty or impeller wear. cleaned and put back online. no leak at handover. notif made by ops, maint attended same shift."
10450982,40870982,2025-05-03,2025-05-04,2025-05-04,U400-DEETHANIZER-500,LV-501,reflux drum level valve,control_valve,P3,CLSD,VALVE,valve_stiction,not stroking,NO_TRAVEL,ACT,N,16.7,3489.4,LV-501 not ok after vavle stiction,"night called for LV-501 reflux drum level valve, op jumps seen during valve stiction. Foud not stroking; actuator weak. Line was hot so job done slow and with ops standing by. cleaned and put back online. unit stable now. notif made by ops, maint attended same shift."
10450983,40870983,2025-05-05,2025-05-05,2025-05-06,U400-DEETHANIZER-500,AIT-501,overhead C2 analyzer,analyzer,P4,COMP,OPS+INST,pressure_control_fault,sample plugged,PLUG,SAMPLE,N,9.7,6537.1,AIT-501 sample plugged ops req,"B shift called for AIT-501 overhead C2 analyzer, pshh close call seen during pressure control fault. Foud sample plugged; fast loop low flow. No spare in store at first, used refurb one from shop. swapped to standby and repaired. need watch next feed swing. notif made by ops, maint attended same shift."
10450984,40870984,2025-05-06,2025-05-07,2025-05-07,U400-DEETHANIZER-500,E-503,feed bottoms exchanger,exchanger,P4,COMP,INST,feed_composition_shift,temp approach bad,PERF,FOUL,N,8.3,8061.63,"E-503 temp approach bad again, prod upset","days called for E-503 feed bottoms exchanger, btm heavy seen during feed composition shift. Foud temp approach bad; heat transfer loss. History shows same complain last mnth. replaced positioner tubing and retuned small. no leak at handover. notif made by ops, maint attended same shift."
10450985,40870985,2025-05-09,2025-05-11,2025-05-16,U400-DEETHANIZER-500,FT-502,reflux flow transmitter,instrument,P3,COMP,ANLYZR,feed_flow_step,no signal,NO_SIGNAL,ELEC,N,1.7,338.54,FT-502 no signal noisy,"A shift called for FT-502 reflux flow tx, feed jump seen during feed flow step. Foud no signal; 24v or card issue. changed gasket and boxed up. still little hunting but acceptable. notif made by ops, maint attended same shift."
10450986,40870986,2025-05-10,2025-05-12,2025-05-12,U400-DEETHANIZER-500,XV-501,feed shutdown valve,shutdown_valve,P3,TECO,INST,feed_temperature_ramp,partial stroke fail,PST_FAIL,ACT,N,4.7,2371.64,XV-501 not ok after feed temperature ramp,"B shift called for XV-501 feed shutdown valve, rb duty up seen during feed temperature ramp. Foud partial stroke fail; slow close/open. reset trip and monitored for 2 hrs. need watch next feed swing. notif made by ops, maint attended same shift."
10450987,40870987,2025-05-15,2025-05-15,2025-05-16,U400-DEETHANIZER-500,PT-501,column overhead pressure tx,instrument,P3,COMP,OPS+INST,pressure_control_fault,loose wire,SIGNAL,ELEC,N,4.8,543.97,PT-501 not ok after press ctrl fault,"C shift called for PT-501 column overhead pressure tx, pshh close call seen during pressure control fault. Foud loose wire; term loose. No spare in store at first, used refurb one from shop. calibrated, loop checked with CCR. unit stable now. notif made by ops, maint attended same shift."
10450988,40870988,2025-05-16,2025-05-16,2025-05-16,U400-DEETHANIZER-500,FT-502,reflux flow transmitter,instrument,P2,CLSD,ANLYZR,reflux_pump_degradation,impulse plugged,PLUG,PROCESS,N,15.8,1537.35,"FT-502 impulse plugged again, prod upset","night called for FT-502 reflux flow transmitter, low reflux seen during reflux pump degradation. Foud impulse plugged; tap/line dirty. opened strainer, cleaned black sludge. unit stable now. notif made by ops, maint attended same shift."
10450989,40870989,2025-05-18,2025-05-19,2025-05-20,U400-DEETHANIZER-500,E-503,feed bottoms exchanger,exchanger,P2,TECO,E&I,feed_flow_step,temp approach bad,PERF,FOUL,N,13.3,12329.01,"E-503 lvl swing, temp approach bad","days called for E-503 feed bottoms exchanger, c2 recov down seen during feed flow step. Foud temp approach bad; heat transfer loss. History shows same complain last mnth. swapped to standby and repaired. ops says ok for now. notif made by ops, maint attended same shift."
10450990,40870990,2025-05-16,2025-05-16,2025-05-16,U400-DEETHANIZER-500,FV-502,reflux flow control valve,control_valve,P4,COMP,MECH,reflux_pump_degradation,stiction,STICK,PACKING,N,13.2,5023.04,FV-502 not ok after reflux pump degradation,"night called for FV-502 reflux flow ctrl vavle, min flow hot seen during reflux pump degradation. Foud stiction; stem sticky and pos err. No spare in store at first, used refurb one from shop. opened strainer, cleaned black sludge. unit stable now. notif made by ops, maint attended same shift."
10450991,40870991,2025-05-19,2025-05-19,2025-05-22,U400-DEETHANIZER-500,FV-501,feed flow control valve,control_valve,P2,TECO,E&I,feed_flow_step,passing,LEAK_BY,SEAT,N,17.9,1654.42,chk FV-501 - passing frm ops,"A shift called for FV-501 feed flow control valve, feed jump seen during feed flow step. Foud passing; seat leak by. Could not get permit first time waiting area gas test. calibrated, loop checked with CCR. no leak at handover. notif made by ops, maint attended same shift."
10450992,40870992,2025-05-20,2025-05-21,2025-05-22,U400-DEETHANIZER-500,FV-502,reflux flow control valve,control_valve,P3,TECO,MECH,reflux_pump_degradation,hunting loop,CTRL_OSC,TUNE,N,7.4,2449.25,"FV-502 hunting loop again, prod upset","days called for FV-502 reflux flow control valve, low reflux seen during reflux pump degradation. Foud hunting loop; bad response after upset. flushed impulse/sample line. ops says ok for now. notif made by ops, maint attended same shift."
10450993,40870993,2025-05-20,2025-05-20,2025-05-21,U400-DEETHANIZER-500,XV-501,feed shutdown valve,shutdown_valve,P3,COMP,E&I,valve_stiction,partial stroke fail,PST_FAIL,ACT,N,9.6,1568.46,chk XV-501 - partial stroke fail frm ops,"A shift called for XV-501 feed shutdown valve, op jumps seen during valve stiction. Foud partial stroke fail; slow close/open. swapped to standby and repaired. still little hunting but acceptable. notif made by ops, maint attended same shift."
10450994,40870994,2025-05-24,2025-05-25,2025-05-25,U400-DEETHANIZER-500,TV-502,condenser cooling valve,control_valve,P4,CLSD,OPS+INST,condenser_fouling,not stroking,NO_TRAVEL,ACT,N,17.2,3342.18,TV-502 not ok after condenser fouling,"days called for TV-502 condenser cooling valve, cond not pullng seen during condenser fouling. Foud not stroking; actuator weak. changed gasket and boxed up. no leak at handover. notif made by ops, maint attended same shift."
10450995,40870995,2025-05-26,2025-05-26,2025-05-27,U400-DEETHANIZER-500,E-502,deethanizer overhead condenser,condenser,P3,CLSD,E&I,condenser_fouling,cw fouling,FOULING,UTILITY,N,15.6,6280.16,"E-502 cw fouling again, prod upset","days called for E-502 deethanizer overhead condnsr, high ovhd press seen during condnsr fouling. Foud cw fouling; cw side scaled. History shows same complain last mnth. opened strainer, cleaned black sludge. readng close to dcs after job. notif made by ops, maint attended same shift."
10450996,40870996,2025-05-27,2025-05-27,2025-05-28,U400-DEETHANIZER-500,FV-502,reflux flow control valve,control_valve,P4,COMP,ROT,valve_stiction,air leak,AIR_LEAK,TUBING,N,16.8,925.1,"FV-502 op jumps, air leak","B shift called for FV-502 reflux flow control vavle, air leak seen during vavle stiction. Foud air leak; positioner supply drop. Line was hot so job done slow and with ops standing by. changed gasket and boxed up. temp repair only, plan shutdown job. notif made by ops, maint attended same shift."
10450997,40870997,2025-05-29,2025-05-29,2025-05-31,U400-DEETHANIZER-500,P-501B,reflux pump B,pump,P2,TECO,OPS+INST,reflux_pump_degradation,vib high,VIB,ALIGN,N,14.8,13025.4,P-501B vib high temp fix,"night called for P-501B reflux pump B, seal weep seen during reflux pump degradation. Foud vib high; coupling align or cavitation. History shows same complain last mnth. swapped to standby and repaired. still little hunting but acceptable. notif made by ops, maint attended same shift."
10450998,40870998,2025-05-28,2025-05-28,2025-06-02,U400-DEETHANIZER-500,P-501B,reflux pump B,pump,P2,TECO,VALVE,reflux_pump_degradation,motor trip,MOTOR,ELEC,Y,12.5,7576.38,P-501B motor trip after upset,"night called for P-501B reflux pump B, min flow hot seen during reflux pump degradation. Foud motor trip; overload trip after upset. swapped to standby and repaired. ops says ok for now. notif made by ops, maint attended same shift."
10450999,40870999,2025-05-29,2025-05-29,2025-05-31,U400-DEETHANIZER-500,FV-501,feed flow control valve,control_valve,P4,TECO,OPS+MECH,feed_flow_step,stiction,STICK,PACKING,N,14.6,4705.83,FV-501 not ok after feed flow step,"A shift called for FV-501 feed flow control vavle, colmn dp high seen during feed flow step. Foud stiction; stem sticky and pos err. No spare in store at first, used refurb one from shop. flushed impulse/sample line. unit stable now. notif made by ops, maint attended same shift."
10451000,40871000,2025-06-03,2025-06-04,2025-06-07,U400-DEETHANIZER-500,E-503,feed bottoms exchanger,exchanger,P2,COMP,MECH,feed_temperature_ramp,plugged pass,PLUG,FOUL,N,1.8,4635.55,"E-503 plugged pass again, prod upset","night called for E-503 feed bottoms exchanger, tray temp drift seen during feed temperature ramp. Foud plugged pass; flow restricted. swapped to standby and repaired. unit stable now. notif made by ops, maint attended same shift."
10451001,40871001,2025-06-01,2025-06-01,2025-06-03,U400-DEETHANIZER-500,LV-502,bottoms level valve,control_valve,P4,CLSD,VALVE,valve_stiction,hunting loop,CTRL_OSC,TUNE,N,15.7,3539.83,LV-502 hunting loop pls chk,"A shift called for LV-502 bottoms level valve, loop cycling seen during valve stiction. Foud hunting loop; bad response after upset. No spare in store at first, used refurb one from shop. calibrated, loop chekd with CCR. unit stable now. notif made by ops, maint attended same shift."
10451002,40871002,2025-06-04,2025-06-05,2025-06-05,U400-DEETHANIZER-500,AIT-501,overhead C2 analyzer,analyzer,P3,COMP,INST,feed_composition_shift,condensate in sample,LIQ_CARRY,SAMPLE,N,15.2,4699.92,"AIT-501 quality bad, condensate in sample","days called for AIT-501 overhead C2 analyzer, anlyzr off seen during feed composition shift. Foud condensate in sample; knockout pot full. Could not get permit first time waiting area gas test. calibrated, loop checked with CCR. no leak at handover. notif made by ops, maint attended same shift."
10451003,40871003,2025-06-03,2025-06-04,2025-06-05,U400-DEETHANIZER-500,LT-501,reflux drum level tx,instrument,P3,CLSD,E&I,valve_stiction,loose wire,SIGNAL,ELEC,N,11.0,4496.47,"LT-501 valve sticking, loose wire","days called for LT-501 rflx drum level tx, loop cycling seen during vavle stiction. Foud loose wire; term loose. stroke tested, response better. need watch next feed swing. notif made by ops, maint attended same shift."
10451004,40871004,2025-06-09,2025-06-09,2025-06-10,U400-DEETHANIZER-500,P-501B,reflux pump B,pump,P1,TECO,INST,pressure_control_fault,bearing hot,BRG,WEAR,N,10.6,9144.54,"P-501B flare valve checked, bearing hot","night called for P-501B rflx pump B, pv not movng seen during pressure ctrl fault. Foud bearing hot; brg rough, lube dark. swapped to standby and repaired. temp repair only, plan shutdown job. notif made by ops, maint attended same shift."
10451005,40871005,2025-06-08,2025-06-08,2025-06-11,U400-DEETHANIZER-500,P-501A,reflux pump A,pump,P3,CLSD,OPS+MECH,reflux_pump_degradation,motor trip,MOTOR,ELEC,N,4.5,15371.28,P-501A motor trip pls chk,"A shift called for P-501A reflux pump A, pump vib seen during reflux pump degradation. Foud motor trip; overload trip after upset. cleaned and put back online. ops says ok for now. notif made by ops, maint attended same shift."
10451006,40871006,2025-06-12,2025-06-14,2025-06-15,U400-DEETHANIZER-500,FV-502,reflux flow control valve,control_valve,P3,COMP,OPS+INST,reflux_pump_degradation,stiction,STICK,PACKING,N,12.0,4747.17,chk FV-502 - stiction frm ops,"C shift called for FV-502 reflux flow control valve, min flow hot seen during reflux pump degradation. Foud stiction; stem sticky and pos err. Line was hot so job done slow and with ops standing by. flushed impulse/sample line. temp repair only, plan shutdown job. notif made by ops, maint attended same shift."
10451007,40871007,2025-06-09,2025-06-11,2025-06-12,U400-DEETHANIZER-500,E-503,feed bottoms exchanger,exchanger,P3,CLSD,INST,feed_temperature_ramp,gasket weep,LEAK,GASKET,N,10.0,3249.6,chk E-503 - gasket weep frm ops,"C shift called for E-503 feed bottoms exchanger, feed temp high seen during feed temperature ramp. Foud gasket weep; flange sweating. reset trip and monitored for 2 hrs. need watch next feed swing. notif made by ops, maint attended same shift."
10451008,40871008,2025-06-14,2025-06-14,2025-06-16,U400-DEETHANIZER-500,PV-501,column pressure control valve,control_valve,P3,TECO,E&I,valve_stiction,not stroking,NO_TRAVEL,ACT,N,6.3,4064.57,"PV-501 valve sticking, not stroking","A shift called for PV-501 column pressure control valve, op jumps seen during valve stiction. Foud not stroking; actuator weak. Tag plate dirty, confirmd by line up with panel. flushed impulse/sample line. readng close to dcs after job. notif made by ops, maint attended same shift."
10451009,40871009,2025-06-11,2025-06-11,2025-06-16,U400-DEETHANIZER-500,P-502A,bottoms pump A,pump,P2,TECO,VALVE,reflux_pump_degradation,seal leak,MECH_SEAL,SEAL,N,5.1,2577.71,P-502A not ok after reflux pump degradation,"days called for P-502A bottoms pump A, min flow hot seen during rflx pump degradation. Foud seal leak; seal face worn / dry run signs. cleaned and put back online. unit stable now. notif made by ops, maint attended same shift."
10451010,40871010,2025-06-16,2025-06-16,2025-06-17,U400-DEETHANIZER-500,AIT-502,bottoms C3+ analyzer,analyzer,P4,TECO,ANLYZR,feed_composition_shift,anlyzr drift,DRIFT,CAL_GAS,N,3.6,6059.9,"AIT-502 anlyzr off, anlyzr drift","A shift called for AIT-502 bottoms C3+ analyzer, ovhd c3 slip seen during feed composition shift. Foud anlyzr drift; cal gas failed. History shows same complain last mnth. reset trip and monitored for 2 hrs. ops says ok for now. notif made by ops, maint attended same shift."
10451011,40871011,2025-06-14,2025-06-16,2025-06-23,U400-DEETHANIZER-500,E-501,deethanizer reboiler,reboiler,P3,TECO,E&I,reboiler_duty_loss,rb leak,LEAK,GASKET,N,14.6,3511.76,"E-501 rb leak again, prod upset","A shift called for E-501 deethanizer reboiler, rb circ cold seen during reboiler duty loss. Foud rb leak; channel flange weep. Could not get permit first time waiting area gas test. stroke tested, response better. ops says ok for now. notif made by ops, maint attended same shift."
10451012,40871012,2025-06-19,2025-06-20,2025-06-20,U400-DEETHANIZER-500,FT-502,reflux flow transmitter,instrument,P2,COMP,INST,reboiler_duty_loss,no signal,NO_SIGNAL,ELEC,N,6.8,4318.56,FT-502 no signal asap,"C shift called for FT-502 reflux flow tx, rb circ cold seen during reboiler duty loss. Foud no signal; 24v or card issue. calibrated, loop checked with CCR. ops says ok for now. notif made by ops, maint attended same shift."
10451013,40871013,2025-06-21,2025-06-22,2025-06-22,U400-DEETHANIZER-500,FV-502,reflux flow control valve,control_valve,P3,CLSD,ANLYZR,reflux_pump_degradation,not stroking,NO_TRAVEL,ACT,N,17.5,4209.62,chk FV-502 - not stroking frm ops,"A shift called for FV-502 reflux flow control valve, low reflux seen during reflux pump degradation. Foud not stroking; actuator weak. No spare in store at first, used refurb one from shop. cleaned and put back online. unit stable now. notif made by ops, maint attended same shift."
10451014,40871014,2025-06-23,2025-06-24,2025-06-25,U400-DEETHANIZER-500,E-503,feed bottoms exchanger,exchanger,P2,CLSD,INST,feed_composition_shift,temp approach bad,PERF,FOUL,N,6.1,13906.32,"E-503 temp approach bad again, prod upset","days called for E-503 feed bottoms exchanger, quality bad seen during feed composition shift. Foud temp approach bad; heat transfer loss. No spare in store at first, used refurb one from shop. changed gasket and boxed up. no leak at handover. notif made by ops, maint attended same shift."
10451015,40871015,2025-06-22,2025-06-23,2025-06-25,U400-DEETHANIZER-500,TV-502,condenser cooling valve,control_valve,P2,COMP,OPS+MECH,condenser_fouling,passing,LEAK_BY,SEAT,N,12.4,1612.93,"TV-502 drum temp hi, passing","night called for TV-502 condenser cooling valve, cond not pullng seen during condenser fouling. Foud passing; seat leak by. Tag plate dirty, confirmd by line up with panel. replaced positioner tubing and retuned small. unit stable now. notif made by ops, maint attended same shift."
10451016,40871016,2025-06-26,2025-06-26,2025-07-10,U400-DEETHANIZER-500,E-502,deethanizer overhead condenser,condenser,P3,CLSD,E&I,feed_flow_step,high press,PERF,FOUL,N,14.4,14593.41,E-502 not ok after feed flow step,"B shift called for E-502 deethanizer overhead condenser, fic hunting seen during feed flow step. Foud high press; condensing duty poor. Line was hot so job done slow and with ops standing by. swapped to standby and repaired. temp repair only, plan shutdown job. notif made by ops, maint attended same shift."
10451017,40871017,2025-06-26,2025-06-26,2025-06-27,U400-DEETHANIZER-500,PV-501,column pressure control valve,control_valve,P2,CLSD,VALVE,reboiler_duty_loss,hunting loop,CTRL_OSC,TUNE,Y,22.9,5113.98,PV-501 not ok after reboiler duty loss,"night called for PV-501 column pressure control valve, rb circ cold seen during reboiler duty loss. Foud hunting loop; bad response after upset. tightened fittings, leak test ok. need watch next feed swing. notif made by ops, maint attended same shift."
10451018,40871018,2025-06-26,2025-06-26,2025-06-28,U400-DEETHANIZER-500,PT-501,column overhead pressure tx,instrument,P2,CLSD,ANLYZR,condenser_fouling,loose wire,SIGNAL,ELEC,N,2.2,4488.21,"PT-501 cw dt low, loose wire","days called for PT-501 column overhead pressure tx, cw dt low seen during condenser fouling. Foud loose wire; term loose. Tag plate dirty, confirmd by line up with panel. replaced positioner tubing and retuned small. still little hunting but acceptable. notif made by ops, maint attended same shift."
10451019,40871019,2025-06-26,2025-06-26,2025-06-29,U400-DEETHANIZER-500,AIT-502,bottoms C3+ analyzer,analyzer,P4,TECO,E&I,feed_composition_shift,condensate in sample,LIQ_CARRY,SAMPLE,N,2.4,6253.06,"AIT-502 condensate in sample again, prod upset","A shift called for AIT-502 bottoms C3+ analyzer, ovhd c3 slip seen during feed composition shift. Foud condensate in sample; knockout pot full. flushed impulse/sample line. ops says ok for now. notif made by ops, maint attended same shift."
10451020,40871020,2025-07-01,2025-07-01,2025-07-02,U400-DEETHANIZER-500,PSV-501A,column relief valve A,relief,P4,CLSD,VALVE,valve_stiction,car seal broken,CSO,HUMAN,N,4.7,3049.85,PSV-501A car seal broken asap,"days called for PSV-501A column relief valve A, air leak seen during valve stiction. Foud car seal broken; seal missing found. Line was hot so job done slow and with ops standing by. tightened fittings, leak test ok. no leak at handover. notif made by ops, maint attended same shift."
10451021,40871021,2025-06-30,2025-07-02,2025-07-03,U400-DEETHANIZER-500,PV-501,column pressure control valve,control_valve,P3,CLSD,E&I,feed_composition_shift,air leak,AIR_LEAK,TUBING,N,16.9,2948.55,"PV-501 air leak again, prod upset","C shift called for PV-501 column pressure control vavle, btm heavy seen during feed composition shift. Foud air leak; positioner supply drop. cleaned and put back online. need watch next feed swing. notif made by ops, maint attended same shift."
10451022,40871022,2025-07-01,2025-07-01,2025-07-01,U400-DEETHANIZER-500,TT-501B,sensitive tray temperature tx,instrument,P2,CLSD,INST,normal_wear,bad reading,DRIFT,CAL,Y,20.7,6198.98,TT-501B bad reading asap,"C shift called for TT-501B sensitive tray temp tx, leak seen during normal wear. Foud bad reading; needs calib. Tag plate dirty, confirmd by line up with panel. calibrated, loop checked with CCR. ops says ok for now. notif made by ops, maint attended same shift."
10451023,40871023,2025-07-04,2025-07-04,2025-07-05,U400-DEETHANIZER-500,E-503,feed bottoms exchanger,exchanger,P3,CLSD,ROT,feed_composition_shift,plugged pass,PLUG,FOUL,N,9.6,16138.2,E-503 not ok after feed composition shift,"A shift called for E-503 feed bottoms exchanger, ovhd c3 slip seen during feed composition shift. Foud plugged pass; flow restricted. stroke tested, response better. still little hunting but acceptable. notif made by ops, maint attended same shift."
10451024,40871024,2025-07-04,2025-07-06,2025-07-06,U400-DEETHANIZER-500,PV-501,column pressure control valve,control_valve,P1,TECO,VALVE,pressure_control_fault,stiction,STICK,PACKING,N,3.0,2695.03,PV-501 not ok after pressure ctrl fault,"C shift called for PV-501 column pressure control vavle, flare vavle checked seen during pressure control fault. Foud stiction; stem sticky and pos err. tightened fittings, leak test ok. temp repair only, plan shutdown job. notif made by ops, maint attended same shift."
10451025,40871025,2025-07-07,2025-07-09,2025-07-14,U400-DEETHANIZER-500,TV-501,reboiler hot medium valve,control_valve,P2,COMP,ANLYZR,reboiler_duty_loss,hunting loop,CTRL_OSC,TUNE,N,11.0,5743.01,"TV-501 hunting loop again, prod upset","A shift called for TV-501 reboiler hot medium valve, steam/hm valve no resp seen during reboiler duty loss. Foud hunting loop; bad response after upset. tightened fittings, leak test ok. unit stable now. notif made by ops, maint attended same shift."
10451026,40871026,2025-07-10,2025-07-10,2025-07-15,U400-DEETHANIZER-500,TV-501,reboiler hot medium valve,control_valve,P4,CLSD,E&I,reboiler_duty_loss,not stroking,NO_TRAVEL,ACT,N,13.0,1214.95,chk TV-501 - not stroking frm ops,"days called for TV-501 reboiler hot medium valve, steam/hm valve no resp seen during reboiler duty loss. Foud not stroking; actuator weak. calibrated, loop checked with CCR. readng close to dcs after job. notif made by ops, maint attended same shift."
10451027,40871027,2025-07-10,2025-07-10,2025-07-10,U400-DEETHANIZER-500,PV-501,column pressure control valve,control_valve,P2,COMP,OPS+MECH,pressure_control_fault,air leak,AIR_LEAK,TUBING,N,13.6,3250.43,PV-501 air leak temp fix,"A shift called for PV-501 column press ctrl valve, pic unstable seen during press ctrl fault. Foud air leak; positioner supply drop. History shows same complain last mnth. swapped to standby and repaired. no leak at handover. notif made by ops, maint attended same shift."
10451028,40871028,2025-07-13,2025-07-13,2025-07-18,U400-DEETHANIZER-500,E-503,feed bottoms exchanger,exchanger,P3,COMP,VALVE,feed_composition_shift,gasket weep,LEAK,GASKET,N,4.5,4574.56,"E-503 gasket weep again, prod upset","night called for E-503 feed bottoms exchanger, ovhd c3 slip seen during feed composition shift. Foud gasket weep; flange sweating. Line was hot so job done slow and with ops standing by. opened strainer, cleaned black sludge. readng close to dcs after job. notif made by ops, maint attended same shift."
10451029,40871029,2025-07-15,2025-07-15,2025-07-16,U400-DEETHANIZER-500,LV-502,bottoms level valve,control_valve,P2,CLSD,INST,feed_flow_step,not stroking,NO_TRAVEL,ACT,N,4.7,2629.18,LV-502 not stroking noisy,"A shift called for LV-502 bottoms level valve, feed jump seen during feed flow step. Foud not stroking; actuator weak. tightened fittings, leak test ok. temp repair only, plan shutdown job. notif made by ops, maint attended same shift."
10451030,40871030,2025-07-14,2025-07-14,2025-07-15,U400-DEETHANIZER-500,PV-501,column pressure control valve,control_valve,P2,CLSD,ANLYZR,reflux_pump_degradation,passing,LEAK_BY,SEAT,Y,8.0,858.14,"PV-501 disch press low, passing","A shift called for PV-501 column pressure control valve, min flow hot seen during reflux pump degradation. Foud passing; seat leak by. reset trip and monitored for 2 hrs. need watch next feed swing. notif made by ops, maint attended same shift."
10451031,40871031,2025-07-16,2025-07-16,2025-07-19,U400-DEETHANIZER-500,P-501A,reflux pump A,pump,P2,COMP,OPS+MECH,feed_flow_step,vib high,VIB,ALIGN,N,16.3,912.61,P-501A not ok after feed flow step,"B shift called for P-501A rflx pump A, column dp high seen during feed flow step. Foud vib high; coupling align or cavitation. Could not get permit first time waiting area gas test. cleaned and put back online. still little hunting but acceptable. notif made by ops, maint attended same shift."
10451032,40871032,2025-07-19,2025-07-20,2025-07-25,U400-DEETHANIZER-500,P-502A,bottoms pump A,pump,P2,TECO,OPS+INST,normal_wear,low disch press,HYD_LOSS,FOUL,Y,21.4,3796.35,chk P-502A - low disch press frm ops,"night called for P-502A bottoms pump A, bad reading seen during normal wear. Foud low disch press; strainer dirty or impeller wear. flushed impulse/sample line. no leak at handover. notif made by ops, maint attended same shift."
10451033,40871033,2025-07-18,2025-07-19,2025-07-20,U400-DEETHANIZER-500,E-501,deethanizer reboiler,reboiler,P3,COMP,ROT,reboiler_duty_loss,circ poor,NO_FLOW,PLUG,N,12.3,7892.97,E-501 not ok after reboiler duty loss,"days called for E-501 deethanizer reboiler, low heat seen during reboiler duty loss. Foud circ poor; blocked inlet screen. History shows same complain last mnth. changed gasket and boxed up. readng close to dcs after job. notif made by ops, maint attended same shift."
10451034,40871034,2025-07-18,2025-07-18,2025-07-20,U400-DEETHANIZER-500,E-503,feed bottoms exchanger,exchanger,P2,CLSD,VALVE,feed_composition_shift,temp approach bad,PERF,FOUL,N,10.4,6682.68,E-503 temp approach bad asap,"A shift called for E-503 feed bottoms exchanger, btm heavy seen during feed composition shift. Foud temp approach bad; heat transfer loss. Tag plate dirty, confirmd by line up with panel. replaced positioner tubing and retuned small. need watch next feed swing. notif made by ops, maint attended same shift."
10451035,40871035,2025-07-21,2025-07-21,2025-07-22,U400-DEETHANIZER-500,AIT-501,overhead C2 analyzer,analyzer,P2,COMP,E&I,feed_composition_shift,sample plugged,PLUG,SAMPLE,N,10.9,3370.52,AIT-501 not ok after feed composition shift,"night called for AIT-501 overhead C2 analyzer, quality bad seen during feed composition shift. Foud sample plugged; fast loop low flow. swapped to standby and repaired. still little hunting but acceptable. notif made by ops, maint attended same shift."
10451036,40871036,2025-07-22,2025-07-22,2025-07-22,U400-DEETHANIZER-500,AIT-502,bottoms C3+ analyzer,analyzer,P2,COMP,ANLYZR,feed_flow_step,sample plugged,PLUG,SAMPLE,Y,16.6,6287.89,"AIT-502 sample plugged again, prod upset","B shift called for AIT-502 bottoms C3+ analyzer, feed jump seen during feed flow step. Foud sample plugged; fast loop low flow. tightened fittings, leak test ok. readng close to dcs after job. notif made by ops, maint attended same shift."
10451037,40871037,2025-07-27,2025-07-28,2025-07-29,U400-DEETHANIZER-500,TV-502,condenser cooling valve,control_valve,P4,TECO,OPS+INST,valve_stiction,not stroking,NO_TRAVEL,ACT,N,14.2,623.04,chk TV-502 - not stroking frm ops,"days called for TV-502 condnsr cooling vavle, position bad seen during vavle stiction. Foud not stroking; actuator weak. Could not get permit first time waiting area gas test. flushed impulse/sample line. need watch next feed swing. notif made by ops, maint attended same shift."
10451038,40871038,2025-07-27,2025-07-27,2025-07-28,U400-DEETHANIZER-500,FV-502,reflux flow control valve,control_valve,P2,TECO,ANLYZR,normal_wear,hunting loop,CTRL_OSC,TUNE,N,12.1,2502.44,FV-502 hunting loop bad,"days called for FV-502 reflux flow control valve, noise seen during normal wear. Foud hunting loop; bad response after upset. Line was hot so job done slow and with ops standing by. changed gasket and boxed up. temp repair only, plan shutdown job. notif made by ops, maint attended same shift."
10451039,40871039,2025-07-25,2025-07-25,2025-07-27,U400-DEETHANIZER-500,E-502,deethanizer overhead condenser,condenser,P3,CLSD,OPS+INST,feed_composition_shift,tv no travel,VALVE,STICK,N,11.4,7035.63,E-502 tv no travel pls chk,"B shift called for E-502 deethanizer overhead condenser, quality bad seen during feed composition shift. Foud tv no travel; cooling valve stuck. flushed impulse/sample line. ops says ok for now. notif made by ops, maint attended same shift."
10451040,40871040,2025-07-29,2025-07-29,2025-07-30,U400-DEETHANIZER-500,TV-502,condenser cooling valve,control_valve,P3,CLSD,ROT,condenser_fouling,not stroking,NO_TRAVEL,ACT,N,12.5,4891.01,TV-502 not ok after condenser fouling,"A shift called for TV-502 condenser cooling vavle, pic wide open seen during condenser fouling. Foud not stroking; actuator weak. No spare in store at first, used refurb one from shop. opened strainer, cleaned black sludge. temp repair only, plan shutdown job. notif made by ops, maint attended same shift."
10451041,40871041,2025-07-30,2025-08-01,2025-08-03,U400-DEETHANIZER-500,P-502A,bottoms pump A,pump,P3,TECO,ROT,normal_wear,bearing hot,BRG,WEAR,N,7.8,12453.65,chk P-502A - bearing hot frm ops,"C shift called for P-502A bottoms pump A, noise seen during normal wear. Foud bearing hot; brg rough, lube dark. flushed impulse/sample line. still little hunting but acceptable. notif made by ops, maint attended same shift."
10451042,40871042,2025-07-30,2025-08-01,2025-08-01,U400-DEETHANIZER-500,E-501,deethanizer reboiler,reboiler,P2,TECO,VALVE,reboiler_duty_loss,low duty,DUTY_LOSS,UTILITY,N,2.6,2858.04,"E-501 low duty again, prod upset","B shift called for E-501 deethanizer reboiler, c2 in btm seen during reboiler duty loss. Foud low duty; hm vavle/strainer issue. opened strainer, cleaned black sludge. need watch next feed swing. notif made by ops, maint attended same shift."
10451043,40871043,2025-08-04,2025-08-04,2025-08-09,U400-DEETHANIZER-500,TV-501,reboiler hot medium valve,control_valve,P2,TECO,VALVE,feed_temperature_ramp,not stroking,NO_TRAVEL,ACT,N,3.7,6593.81,"TV-501 not stroking again, prod upset","A shift called for TV-501 reboiler hot medium valve, spec off seen during feed temperature ramp. Foud not stroking; actuator weak. Tag plate dirty, confirmd by line up with panel. opened strainer, cleaned black sludge. need watch next feed swing. notif made by ops, maint attended same shift."
10451044,40871044,2025-08-04,2025-08-04,2025-08-11,U400-DEETHANIZER-500,E-503,feed bottoms exchanger,exchanger,P2,CLSD,MECH,feed_composition_shift,plugged pass,PLUG,FOUL,N,14.6,9401.15,chk E-503 - plugged pass frm ops,"B shift called for E-503 feed bottoms exchanger, btm heavy seen during feed composition shift. Foud plugged pass; flow restricted. Tag plate dirty, confirmd by line up with panel. calibrated, loop checked with CCR. no leak at handover. notif made by ops, maint attended same shift."
10451045,40871045,2025-08-06,2025-08-08,2025-08-13,U400-DEETHANIZER-500,FV-501,feed flow control valve,control_valve,P3,CLSD,INST,reboiler_duty_loss,stiction,STICK,PACKING,N,13.0,1902.04,"FV-501 stiction again, prod upset","night called for FV-501 feed flow ctrl valve, low heat seen during reboiler duty loss. Foud stiction; stem sticky and pos err. replaced positioner tubing and retuned small. readng close to dcs after job. notif made by ops, maint attended same shift."
10451046,40871046,2025-08-05,2025-08-05,2025-08-05,U400-DEETHANIZER-500,DPT-501,column diff pressure tx,instrument,P2,TECO,E&I,reboiler_duty_loss,bad reading,DRIFT,CAL,N,7.6,3910.83,"DPT-501 low heat, bad reading","night called for DPT-501 column diff pressure tx, steam/hm valve no resp seen during reboiler duty loss. Foud bad reading; needs calib. replaced positioner tubing and retuned small. temp repair only, plan shutdown job. notif made by ops, maint attended same shift."
10451047,40871047,2025-08-06,2025-08-07,2025-08-10,U400-DEETHANIZER-500,LV-501,reflux drum level valve,control_valve,P3,TECO,OPS+MECH,feed_temperature_ramp,hunting loop,CTRL_OSC,TUNE,N,11.9,4709.2,chk LV-501 - hunting loop frm ops,"night called for LV-501 reflux drum level vavle, ovhd press moving seen during feed temperature ramp. Foud hunting loop; bad response after upset. Line was hot so job done slow and with ops standing by. flushed impulse/sample line. temp repair only, plan shutdown job. notif made by ops, maint attended same shift."
10451048,40871048,2025-08-12,2025-08-13,2025-08-14,U400-DEETHANIZER-500,TT-501B,sensitive tray temperature tx,instrument,P4,COMP,INST,reboiler_duty_loss,impulse plugged,PLUG,PROCESS,N,1.6,1155.01,"TT-501B impulse plugged again, prod upset","night called for TT-501B sensitive tray temperature tx, low heat seen during reboiler duty loss. Foud impulse plugged; tap/line dirty. Line was hot so job done slow and with ops standing by. tightened fittings, leak test ok. unit stable now. notif made by ops, maint attended same shift."
10451049,40871049,2025-08-10,2025-08-12,2025-08-14,U400-DEETHANIZER-500,T-501,deethanizer column,column,P3,COMP,OPS+MECH,feed_flow_step,weeping flange,LEAK,GASKET,N,14.5,970.98,chk T-501 - weeping flange frm ops,"C shift called for T-501 deethanizer column, lvl swing seen during feed flow step. Foud weeping flange; manway/flange seep. History shows same complain last mnth. flushed impulse/sample line. ops says ok for now. notif made by ops, maint attended same shift."
10451050,40871050,2025-08-10,2025-08-12,2025-08-13,U400-DEETHANIZER-500,TV-501,reboiler hot medium valve,control_valve,P2,COMP,ANLYZR,normal_wear,not stroking,NO_TRAVEL,ACT,N,17.4,2505.19,"TV-501 plugged impulse, not stroking","B shift called for TV-501 reboiler hot medium vavle, bad reading seen during normal wear. Foud not stroking; actuator weak. opened strainer, cleaned black sludge. temp repair only, plan shutdown job. notif made by ops, maint attended same shift."
10451051,40871051,2025-08-16,2025-08-16,2025-08-17,U400-DEETHANIZER-500,XV-501,feed shutdown valve,shutdown_valve,P2,COMP,E&I,feed_composition_shift,solenoid fault,SOL,ELEC,N,6.2,724.2,chk XV-501 - solenoid fault frm ops,"days called for XV-501 feed shutdown valve, c3 in feed hi seen during feed composition shift. Foud solenoid fault; coil hot/no shift. swapped to standby and repaired. unit stable now. notif made by ops, maint attended same shift."
10451052,40871052,2025-08-14,2025-08-16,2025-08-17,U400-DEETHANIZER-500,TT-503,reboiler outlet temperature tx,instrument,P4,TECO,OPS+INST,reboiler_duty_loss,impulse plugged,PLUG,PROCESS,N,12.4,4032.03,"TT-503 impulse plugged again, prod upset","A shift called for TT-503 reboiler outlet temperature tx, c2 in btm seen during reboiler duty loss. Foud impulse plugged; tap/line dirty. Tag plate dirty, confirmd by line up with panel. stroke tested, response better. need watch next feed swing. notif made by ops, maint attended same shift."
10451053,40871053,2025-08-18,2025-08-19,2025-08-26,U400-DEETHANIZER-500,T-501,deethanizer column,column,P3,TECO,MECH,feed_flow_step,level unstable,LVL_SWING,CTRL,N,6.7,474.48,chk T-501 - level unstable frm ops,"days called for T-501 deethanizer column, c2 recov down seen during feed flow step. Foud level unstable; sump level swing. opened strainer, cleaned black sludge. readng close to dcs after job. notif made by ops, maint attended same shift."
10451054,40871054,2025-08-20,2025-08-22,2025-08-23,U400-DEETHANIZER-500,FV-502,reflux flow control valve,control_valve,P1,CLSD,INST,feed_temperature_ramp,not stroking,NO_TRAVEL,ACT,Y,11.0,6269.7,"FV-502 spec off, not stroking","C shift called for FV-502 reflux flow ctrl valve, feed temp high seen during feed temperature ramp. Foud not stroking; actuator weak. Tag plate dirty, confirmd by line up with panel. calibrated, loop chekd with CCR. readng close to dcs after job. notif made by ops, maint attended same shift."
10451055,40871055,2025-08-19,2025-08-19,2025-08-19,U400-DEETHANIZER-500,E-502,deethanizer overhead condenser,condenser,P3,COMP,E&I,condenser_fouling,cw fouling,FOULING,UTILITY,N,15.3,5398.92,chk E-502 - cw fouling frm ops,"night called for E-502 deethanizer overhead condenser, high ovhd press seen during condenser fouling. Foud cw fouling; cw side scaled. cleaned and put back online. readng close to dcs after job. notif made by ops, maint attended same shift."
10451056,40871056,2025-08-19,2025-08-20,2025-08-20,U400-DEETHANIZER-500,TV-501,reboiler hot medium valve,control_valve,P2,CLSD,ANLYZR,feed_temperature_ramp,hunting loop,CTRL_OSC,TUNE,N,5.9,2230.65,"TV-501 feed temp high, hunting loop","C shift called for TV-501 reboiler hot medium valve, ovhd press moving seen during feed temperature ramp. Foud hunting loop; bad response after upset. replaced positioner tubing and retuned small. need watch next feed swing. notif made by ops, maint attended same shift."
10451057,40871057,2025-08-23,2025-08-24,2025-08-26,U400-DEETHANIZER-500,TV-502,condenser cooling valve,control_valve,P3,TECO,OPS+MECH,condenser_fouling,not stroking,NO_TRAVEL,ACT,N,1.0,245.27,"TV-502 not stroking again, prod upset","days called for TV-502 condenser cooling valve, pic wide open seen during condenser fouling. Foud not stroking; actuator weak. calibrated, loop checked with CCR. need watch next feed swing. notif made by ops, maint attended same shift."
10451058,40871058,2025-08-24,2025-08-24,2025-08-27,U400-DEETHANIZER-500,PV-501,column pressure control valve,control_valve,P2,CLSD,OPS+INST,condenser_fouling,air leak,AIR_LEAK,TUBING,N,11.2,1097.31,"PV-501 air leak again, prod upset","A shift called for PV-501 column pressure control vavle, high ovhd press seen during condenser fouling. Foud air leak; positioner supply drop. Line was hot so job done slow and with ops standing by. flushed impulse/sample line. need watch next feed swing. notif made by ops, maint attended same shift."
10451059,40871059,2025-08-23,2025-08-23,2025-08-25,U400-DEETHANIZER-500,P-501B,reflux pump B,pump,P3,CLSD,E&I,reflux_pump_degradation,vib high,VIB,ALIGN,N,6.3,16209.31,P-501B not ok after reflux pump degradation,"B shift called for P-501B reflux pump B, pump vib seen during reflux pump degradation. Foud vib high; coupling align or cavitation. cleaned and put back online. unit stable now. notif made by ops, maint attended same shift."
10451060,40871060,2025-08-29,2025-08-30,2025-08-30,U400-DEETHANIZER-500,FV-502,reflux flow control valve,control_valve,P2,TECO,OPS+MECH,valve_stiction,stiction,STICK,PACKING,N,5.9,1398.51,FV-502 stiction temp fix,"days called for FV-502 rflx flow control valve, position bad seen during valve stiction. Foud stiction; stem sticky and pos err. tightened fittings, leak test ok. unit stable now. notif made by ops, maint attended same shift."
10451061,40871061,2025-08-26,2025-08-26,2025-08-27,U400-DEETHANIZER-500,P-501B,reflux pump B,pump,P2,COMP,MECH,feed_temperature_ramp,vib high,VIB,ALIGN,N,16.8,3747.6,P-501B vib high chk & revert,"night called for P-501B reflux pump B, tray temp drift seen during feed temperature ramp. Foud vib high; coupling align or cavitation. calibrated, loop checked with CCR. no leak at handover. notif made by ops, maint attended same shift."
10451062,40871062,2025-08-28,2025-08-28,2025-08-28,U400-DEETHANIZER-500,FT-502,reflux flow transmitter,instrument,P2,CLSD,INST,reflux_pump_degradation,bad reading,DRIFT,CAL,N,9.4,3769.6,"FT-502 pump vib, bad reading","B shift called for FT-502 reflux flow transmitter, seal weep seen during reflux pump degradation. Foud bad reading; needs calib. reset trip and monitored for 2 hrs. still little hunting but acceptable. notif made by ops, maint attended same shift."
10451063,40871063,2025-08-31,2025-09-01,2025-09-01,U400-DEETHANIZER-500,E-503,feed bottoms exchanger,exchanger,P4,TECO,OPS+INST,feed_flow_step,temp approach bad,PERF,FOUL,N,16.6,12427.05,"E-503 temp approach bad again, prod upset","night called for E-503 feed bottoms exchanger, feed jump seen during feed flow step. Foud temp approach bad; heat transfer loss. opened strainer, cleaned black sludge. no leak at handover. notif made by ops, maint attended same shift."
10451064,40871064,2025-09-04,2025-09-05,2025-09-07,U400-DEETHANIZER-500,E-501,deethanizer reboiler,reboiler,P3,COMP,OPS+MECH,reboiler_duty_loss,fouled bundle,FOULING,PROCESS,N,2.6,12409.09,"E-501 c2 in btm, fouled bundle","C shift called for E-501 deethanizer reboiler, c2 in btm seen during reboiler duty loss. Foud fouled bundle; bottoms side dirty. tightened fittings, leak test ok. still little hunting but acceptable. notif made by ops, maint attended same shift."
10451065,40871065,2025-09-06,2025-09-06,2025-09-07,U400-DEETHANIZER-500,LT-502,column bottom level tx,instrument,P3,COMP,E&I,normal_wear,loose wire,SIGNAL,ELEC,N,13.3,22.63,LT-502 loose wire after upset,"B shift called for LT-502 column bottom level tx, bad reading seen during normal wear. Foud loose wire; term loose. stroke tested, response better. still little hunting but acceptable. notif made by ops, maint attended same shift."
10451066,40871066,2025-09-07,2025-09-08,2025-09-08,U400-DEETHANIZER-500,P-501B,reflux pump B,pump,P4,CLSD,OPS+MECH,reflux_pump_degradation,seal leak,MECH_SEAL,SEAL,N,14.2,13640.76,P-501B seal leak asap,"C shift called for P-501B reflux pump B, seal weep seen during reflux pump degradation. Foud seal leak; seal face worn / dry run signs. opened strainer, cleaned black sludge. need watch next feed swing. notif made by ops, maint attended same shift."
10451067,40871067,2025-09-09,2025-09-11,2025-09-11,U400-DEETHANIZER-500,LV-502,bottoms level valve,control_valve,P3,TECO,INST,valve_stiction,air leak,AIR_LEAK,TUBING,N,15.8,340.06,"LV-502 vavle sticking, air leak","A shift called for LV-502 bottoms level valve, op jumps seen during valve stiction. Foud air leak; positioner supply drop. flushed impulse/sample line. ops says ok for now. notif made by ops, maint attended same shift."
10451068,40871068,2025-09-08,2025-09-08,2025-09-11,U400-DEETHANIZER-500,PSV-501B,column relief valve B,relief,P3,CLSD,VALVE,pressure_control_fault,seat passing,LEAK_BY,SEAT,N,7.3,2472.16,PSV-501B seat passing bad,"night called for PSV-501B column relief valve B, press spike seen during pressure control fault. Foud seat passing; tail pipe warm. stroke tested, response better. unit stable now. notif made by ops, maint attended same shift."
10451069,40871069,2025-09-12,2025-09-13,2025-09-15,U400-DEETHANIZER-500,TT-503,reboiler outlet temperature tx,instrument,P3,CLSD,E&I,feed_composition_shift,bad reading,DRIFT,CAL,N,5.4,4037.19,TT-503 bad reading temp fix,"days called for TT-503 reboiler outlet temperature tx, quality bad seen during feed composition shift. Foud bad reading; needs calib. opened strainer, cleaned black sludge. need watch next feed swing. notif made by ops, maint attended same shift."
10451070,40871070,2025-09-08,2025-09-08,2025-09-10,U400-DEETHANIZER-500,TV-502,condenser cooling valve,control_valve,P2,TECO,OPS+INST,condenser_fouling,stiction,STICK,PACKING,N,10.5,577.97,"TV-502 cond not pullng, stiction","night called for TV-502 condenser cooling valve, high ovhd press seen during condenser fouling. Foud stiction; stem sticky and pos err. stroke tested, response better. ops says ok for now. notif made by ops, maint attended same shift."
10451071,40871071,2025-09-14,2025-09-15,2025-09-18,U400-DEETHANIZER-500,LV-502,bottoms level valve,control_valve,P2,CLSD,VALVE,valve_stiction,air leak,AIR_LEAK,TUBING,Y,17.1,5020.47,LV-502 not ok after valve stiction,"C shift called for LV-502 bottoms level valve, valve sticking seen during valve stiction. Foud air leak; positioner supply drop. History shows same complain last mnth. cleaned and put back online. temp repair only, plan shutdown job. notif made by ops, maint attended same shift."
10451072,40871072,2025-09-11,2025-09-12,2025-09-13,U400-DEETHANIZER-500,FV-502,reflux flow control valve,control_valve,P3,COMP,MECH,reflux_pump_degradation,hunting loop,CTRL_OSC,TUNE,N,7.7,6224.83,FV-502 hunting loop pls chk,"C shift called for FV-502 reflux flow control valve, seal weep seen during reflux pump degradation. Foud hunting loop; bad response after upset. replaced positioner tubing and retuned small. still little hunting but acceptable. notif made by ops, maint attended same shift."
10451073,40871073,2025-09-15,2025-09-17,2025-09-17,U400-DEETHANIZER-500,TT-501B,sensitive tray temperature tx,instrument,P3,COMP,OPS+INST,reboiler_duty_loss,no signal,NO_SIGNAL,ELEC,N,5.0,2495.02,TT-501B not ok after reboiler duty loss,"night called for TT-501B sensitive tray temperature tx, rb circ cold seen during reboiler duty loss. Foud no signal; 24v or card issue. tightened fittings, leak test ok. unit stable now. notif made by ops, maint attended same shift."
10451074,40871074,2025-09-16,2025-09-17,2025-09-19,U400-DEETHANIZER-500,P-501A,reflux pump A,pump,P3,TECO,MECH,reflux_pump_degradation,motor trip,MOTOR,ELEC,N,12.5,8362.03,P-501A not ok after reflux pump degradation,"B shift called for P-501A reflux pump A, min flow hot seen during reflux pump degradation. Foud motor trip; overload trip after upset. Could not get permit first time waiting area gas test. cleaned and put back online. still little hunting but acceptable. notif made by ops, maint attended same shift."
10451075,40871075,2025-09-17,2025-09-17,2025-09-17,U400-DEETHANIZER-500,E-501,deethanizer reboiler,reboiler,P2,TECO,ANLYZR,valve_stiction,low duty,DUTY_LOSS,UTILITY,Y,16.6,11222.92,E-501 not ok after valve stiction,"night called for E-501 deethanizer reboiler, valve sticking seen during valve stiction. Foud low duty; hm valve/strainer issue. swapped to standby and repaired. still little hunting but acceptable. notif made by ops, maint attended same shift."
10451076,40871076,2025-09-18,2025-09-19,2025-09-20,U400-DEETHANIZER-500,TT-501B,sensitive tray temperature tx,instrument,P2,TECO,ANLYZR,reboiler_duty_loss,range err,SPAN,CAL,N,14.8,4231.46,"TT-501B rb circ cold, range err","B shift called for TT-501B sensitive tray temp tx, tray temp low seen during reboiler duty loss. Foud range err; span shifted. calibrated, loop checked with CCR. no leak at handover. notif made by ops, maint attended same shift."
10451077,40871077,2025-09-19,2025-09-19,2025-09-22,U400-DEETHANIZER-500,PSV-501A,column relief valve A,relief,P3,CLSD,ANLYZR,reflux_pump_degradation,car seal broken,CSO,HUMAN,N,2.5,3058.36,PSV-501A not ok after reflux pump degradation,"days called for PSV-501A column relief valve A, disch press low seen during reflux pump degradation. Foud car seal broken; seal missing found. Tag plate dirty, confirmd by line up with panel. tightened fittings, leak test ok. need watch next feed swing. notif made by ops, maint attended same shift."
10451078,40871078,2025-09-24,2025-09-24,2025-09-25,U400-DEETHANIZER-500,T-501,deethanizer column,column,P3,TECO,OPS+MECH,feed_composition_shift,tray temp bad,TEMP_DEV,PROCESS,N,6.3,5664.03,T-501 tray temp bad noisy,"C shift called for T-501 deethanizer column, ovhd c3 slip seen during feed composition shift. Foud tray temp bad; profile not normal. History shows same complain last mnth. calibrated, loop chekd with CCR. ops says ok for now. notif made by ops, maint attended same shift."
10451079,40871079,2025-09-22,2025-09-22,2025-09-24,U400-DEETHANIZER-500,E-502,deethanizer overhead condenser,condenser,P2,CLSD,INST,condenser_fouling,high press,PERF,FOUL,N,1.9,16171.96,"E-502 cond not pullng, high press","night called for E-502 deethanizer overhead condenser, cond not pullng seen during condenser fouling. Foud high press; condensing duty poor. No spare in store at first, used refurb one from shop. calibrated, loop chekd with CCR. still little hunting but acceptable. notif made by ops, maint attended same shift."
10451080,40871080,2025-09-24,2025-09-26,2025-09-29,U400-DEETHANIZER-500,TV-501,reboiler hot medium valve,control_valve,P3,CLSD,VALVE,feed_flow_step,passing,LEAK_BY,SEAT,N,17.3,4241.58,"TV-501 passing again, prod upset","C shift called for TV-501 rebiler hot medium valve, column dp high seen during feed flow step. Foud passing; seat leak by. flushed impulse/sample line. no leak at handover. notif made by ops, maint attended same shift."
10451081,40871081,2025-09-25,2025-09-25,2025-09-25,U400-DEETHANIZER-500,TV-501,reboiler hot medium valve,control_valve,P2,COMP,MECH,reboiler_duty_loss,stiction,STICK,PACKING,N,9.3,1915.25,"TV-501 low heat, stiction","night called for TV-501 reboiler hot medium valve, steam/hm valve no resp seen during reboiler duty loss. Foud stiction; stem sticky and pos err. Tag plate dirty, confirmd by line up with panel. cleaned and put back online. no leak at handover. notif made by ops, maint attended same shift."
10451082,40871082,2025-09-30,2025-10-02,2025-10-03,U400-DEETHANIZER-500,V-501,deethanizer reflux drum,vessel,P3,COMP,OPS+MECH,feed_flow_step,boot drain leak,LEAK,VALVE,N,2.5,3062.75,chk V-501 - boot drain leak frm ops,"C shift called for V-501 deethanizer reflux drum, c2 recov down seen during feed flow step. Foud boot drain leak; closed drain valve passing. tightened fittings, leak test ok. no leak at handover. notif made by ops, maint attended same shift."
10451083,40871083,2025-09-28,2025-09-29,2025-10-02,U400-DEETHANIZER-500,PV-501,column pressure control valve,control_valve,P3,TECO,ROT,valve_stiction,not stroking,NO_TRAVEL,ACT,N,16.4,6556.11,PV-501 not stroking after upset,"A shift called for PV-501 column pressure ctrl vavle, loop cycling seen during vavle stiction. Foud not stroking; actuator weak. opened strainer, cleaned black sludge. ops says ok for now. notif made by ops, maint attended same shift."
10451084,40871084,2025-09-29,2025-09-30,2025-10-01,U400-DEETHANIZER-500,E-501,deethanizer reboiler,reboiler,P4,COMP,ROT,reboiler_duty_loss,rb leak,LEAK,GASKET,N,8.1,4599.56,"E-501 rb leak again, prod upset","B shift called for E-501 deethanizer reboiler, steam/hm valve no resp seen during reboiler duty loss. Foud rb leak; channel flange weep. No spare in store at first, used refurb one from shop. replaced positioner tubing and retuned small. no leak at handover. notif made by ops, maint attended same shift."
10451085,40871085,2025-10-05,2025-10-06,2025-10-07,U400-DEETHANIZER-500,TT-503,reboiler outlet temperature tx,instrument,P3,COMP,ANLYZR,reboiler_duty_loss,no signal,NO_SIGNAL,ELEC,N,9.0,6517.12,"TT-503 rb circ cold, no signal","C shift called for TT-503 reboiler outlet temperature tx, c2 in btm seen during reboiler duty loss. Foud no signal; 24v or card issue. replaced positioner tubing and retuned small. need watch next feed swing. notif made by ops, maint attended same shift."
10451086,40871086,2025-10-02,2025-10-03,2025-10-03,U400-DEETHANIZER-500,AIT-502,bottoms C3+ analyzer,analyzer,P3,TECO,OPS+INST,feed_composition_shift,bad gc cycle,NO_ANALYSIS,ELEC,N,7.9,5161.35,"AIT-502 anlyzr off, bad gc cycle","C shift called for AIT-502 bottoms C3+ analyzer, anlyzr off seen during feed composition shift. Foud bad gc cycle; cycle abort. replaced positioner tubing and retuned small. no leak at handover. notif made by ops, maint attended same shift."
10451087,40871087,2025-10-06,2025-10-08,2025-10-09,U400-DEETHANIZER-500,V-501,deethanizer reflux drum,vessel,P3,TECO,OPS+INST,pressure_control_fault,pressure erratic,PRESS_SWING,CTRL,N,17.7,5873.41,V-501 not ok after pressure control fault,"B shift called for V-501 deethanizer reflux drum, pv not movng seen during pressure control fault. Foud pressure erratic; pv/pic issue. reset trip and monitored for 2 hrs. need watch next feed swing. notif made by ops, maint attended same shift."
10451088,40871088,2025-10-09,2025-10-09,2025-10-10,U400-DEETHANIZER-500,PSV-501A,column relief valve A,relief,P2,COMP,ANLYZR,pressure_control_fault,seat passing,LEAK_BY,SEAT,N,15.4,1720.34,chk PSV-501A - seat passing frm ops,"days called for PSV-501A column relief vavle A, pshh close call seen during pressure control fault. Foud seat passing; tail pipe warm. History shows same complain last mnth. tightened fittings, leak test ok. ops says ok for now. notif made by ops, maint attended same shift."
10451089,40871089,2025-10-08,2025-10-10,2025-10-12,U400-DEETHANIZER-500,E-503,feed bottoms exchanger,exchanger,P4,CLSD,OPS+MECH,feed_flow_step,gasket weep,LEAK,GASKET,N,10.8,6061.41,"E-503 fic hunting, gasket weep","days called for E-503 feed bottoms exchanger, lvl swing seen during feed flow step. Foud gasket weep; flange sweating. History shows same complain last mnth. calibrated, loop checked with CCR. temp repair only, plan shutdown job. notif made by ops, maint attended same shift."
10451090,40871090,2025-10-08,2025-10-08,2025-10-08,U400-DEETHANIZER-500,E-502,deethanizer overhead condenser,condenser,P3,CLSD,ROT,pressure_control_fault,tv no travel,VALVE,STICK,N,15.9,7847.93,E-502 tv no travel bad,"A shift called for E-502 deethanizer overhead condenser, press spike seen during press control fault. Foud tv no travel; cooling valve stuck. replaced positioner tubing and retuned small. temp repair only, plan shutdown job. notif made by ops, maint attended same shift."
10451091,40871091,2025-10-10,2025-10-10,2025-10-10,U400-DEETHANIZER-500,PSV-501A,column relief valve A,relief,P3,COMP,MECH,pressure_control_fault,due to lift chk,LIFT_EVENT,PROCESS,N,14.4,223.91,PSV-501A due to lift chk ops req,"B shift called for PSV-501A column relief valve A, pshh close call seen during press control fault. Foud due to lift chk; after press excursion. Tag plate dirty, confirmd by line up with panel. calibrated, loop checked with CCR. need watch next feed swing. notif made by ops, maint attended same shift."
10451092,40871092,2025-10-10,2025-10-10,2025-10-11,U400-DEETHANIZER-500,P-501A,reflux pump A,pump,P2,COMP,ANLYZR,reflux_pump_degradation,motor trip,MOTOR,ELEC,N,9.7,7879.16,P-501A not ok after reflux pump degradation,"days called for P-501A reflux pump A, disch press low seen during reflux pump degradation. Foud motor trip; overload trip after upset. Could not get permit first time waiting area gas test. calibrated, loop checked with CCR. readng close to dcs after job. notif made by ops, maint attended same shift."
10451093,40871093,2025-10-15,2025-10-16,2025-10-19,U400-DEETHANIZER-500,TV-502,condenser cooling valve,control_valve,P4,CLSD,OPS+INST,reflux_pump_degradation,hunting loop,CTRL_OSC,TUNE,N,10.0,930.31,TV-502 not ok after rflx pump degradation,"B shift called for TV-502 condenser cooling vavle, seal weep seen during rflx pump degradation. Foud hunting loop; bad response after upset. Line was hot so job done slow and with ops standing by. tightened fittings, leak test ok. unit stable now. notif made by ops, maint attended same shift."
10451094,40871094,2025-10-18,2025-10-18,2025-10-19,U400-DEETHANIZER-500,FT-501,feed flow transmitter,instrument,P2,COMP,ANLYZR,reboiler_duty_loss,no signal,NO_SIGNAL,ELEC,N,1.7,3038.65,"FT-501 no signal again, prod upset","C shift called for FT-501 feed flow transmitter, steam/hm valve no resp seen during reboiler duty loss. Foud no signal; 24v or card issue. Could not get permit first time waiting area gas test. stroke tested, response better. temp repair only, plan shutdown job. notif made by ops, maint attended same shift."
10451095,40871095,2025-10-17,2025-10-17,2025-10-18,U400-DEETHANIZER-500,PV-501,column pressure control valve,control_valve,P2,TECO,MECH,valve_stiction,air leak,AIR_LEAK,TUBING,Y,10.6,4758.86,"PV-501 air leak again, prod upset","C shift called for PV-501 colmn pressure control valve, loop cycling seen during valve stiction. Foud air leak; positioner supply drop. Tag plate dirty, confirmd by line up with panel. changed gasket and boxed up. need watch next feed swing. notif made by ops, maint attended same shift."
10451096,40871096,2025-10-20,2025-10-20,2025-11-03,U400-DEETHANIZER-500,FV-502,reflux flow control valve,control_valve,P3,CLSD,ANLYZR,reflux_pump_degradation,hunting loop,CTRL_OSC,TUNE,N,7.6,3468.35,"FV-502 seal weep, hunting loop","B shift called for FV-502 reflux flow control vavle, seal weep seen during reflux pump degradation. Foud hunting loop; bad response after upset. reset trip and monitored for 2 hrs. unit stable now. notif made by ops, maint attended same shift."
10451097,40871097,2025-10-22,2025-10-23,2025-10-25,U400-DEETHANIZER-500,PV-501,column pressure control valve,control_valve,P2,COMP,INST,condenser_fouling,hunting loop,CTRL_OSC,TUNE,N,3.8,1313.12,PV-501 hunting loop pls chk,"B shift called for PV-501 column press control valve, high ovhd press seen during condenser fouling. Foud hunting loop; bad response after upset. opened strainer, cleaned black sludge. no leak at handover. notif made by ops, maint attended same shift."
10451098,40871098,2025-10-24,2025-10-24,2025-10-31,U400-DEETHANIZER-500,P-502A,bottoms pump A,pump,P3,CLSD,E&I,feed_composition_shift,seal leak,MECH_SEAL,SEAL,N,12.1,2024.01,P-502A not ok after feed composition shift,"C shift called for P-502A bottoms pump A, anlyzr off seen during feed composition shift. Foud seal leak; seal face worn / dry run signs. History shows same complain last mnth. opened strainer, cleaned black sludge. no leak at handover. notif made by ops, maint attended same shift."
10451099,40871099,2025-10-22,2025-10-24,2025-10-24,U400-DEETHANIZER-500,XV-501,feed shutdown valve,shutdown_valve,P2,COMP,INST,normal_wear,solenoid fault,SOL,ELEC,N,1.3,5243.2,"XV-501 leak, solenoid fault","night called for XV-501 feed shutdown valve, bad reading seen during normal wear. Foud solenoid fault; coil hot/no shift. No spare in store at first, used refurb one from shop. opened strainer, cleaned black sludge. need watch next feed swing. notif made by ops, maint attended same shift."
10451100,40871100,2025-10-23,2025-10-23,2025-10-23,U400-DEETHANIZER-500,LV-501,reflux drum level valve,control_valve,P3,TECO,ANLYZR,reflux_pump_degradation,not stroking,NO_TRAVEL,ACT,N,10.8,5740.43,"LV-501 low reflux, not stroking","days called for LV-501 reflux drum level valve, min flow hot seen during reflux pump degradation. Foud not stroking; actuator weak. Tag plate dirty, confirmd by line up with panel. tightened fittings, leak test ok. temp repair only, plan shutdown job. notif made by ops, maint attended same shift."
10451101,40871101,2025-10-28,2025-10-29,2025-10-29,U400-DEETHANIZER-500,TT-501B,sensitive tray temperature tx,instrument,P3,TECO,ANLYZR,reboiler_duty_loss,loose wire,SIGNAL,ELEC,N,16.2,901.07,chk TT-501B - loose wire frm ops,"night called for TT-501B sensitive tray temperature tx, rb circ cold seen during reboiler duty loss. Foud loose wire; term loose. changed gasket and boxed up. need watch next feed swing. notif made by ops, maint attended same shift."
10451102,40871102,2025-10-25,2025-10-25,2025-10-26,U400-DEETHANIZER-500,LV-502,bottoms level valve,control_valve,P2,TECO,ROT,valve_stiction,not stroking,NO_TRAVEL,ACT,N,3.6,354.32,chk LV-502 - not stroking frm ops,"B shift called for LV-502 bottoms level valve, valve sticking seen during valve stiction. Foud not stroking; actuator weak. flushed impulse/sample line. still little hunting but acceptable. notif made by ops, maint attended same shift."
10451103,40871103,2025-10-29,2025-10-31,2025-11-02,U400-DEETHANIZER-500,E-503,feed bottoms exchanger,exchanger,P2,COMP,VALVE,feed_temperature_ramp,tube fouling,FOULING,PROCESS,N,8.3,596.08,chk E-503 - tube fouling frm ops,"C shift called for E-503 feed bottoms exchanger, rb duty up seen during feed temperature ramp. Foud tube fouling; duty low, delta t poor. replaced positioner tubing and retuned small. ops says ok for now. notif made by ops, maint attended same shift."
10451104,40871104,2025-10-29,2025-10-29,2025-10-29,U400-DEETHANIZER-500,AIT-502,bottoms C3+ analyzer,analyzer,P3,COMP,E&I,feed_composition_shift,anlyzr drift,DRIFT,CAL_GAS,N,5.7,863.98,"AIT-502 anlyzr drift again, prod upset","night called for AIT-502 bottoms C3+ analyzer, c3 in feed hi seen during feed composition shift. Foud anlyzr drift; cal gas failed. swapped to standby and repaired. temp repair only, plan shutdown job. notif made by ops, maint attended same shift."
10451105,40871105,2025-11-02,2025-11-03,2025-11-03,U400-DEETHANIZER-500,TT-503,reboiler outlet temperature tx,instrument,P4,CLSD,OPS+INST,reboiler_duty_loss,loose wire,SIGNAL,ELEC,N,15.9,6535.8,TT-503 not ok after reboiler duty loss,"night called for TT-503 reboiler outlet temperature tx, steam/hm valve no resp seen during reboiler duty loss. Foud loose wire; term loose. opened strainer, cleaned black sludge. temp repair only, plan shutdown job. notif made by ops, maint attended same shift."
10451106,40871106,2025-11-05,2025-11-05,2025-11-12,U400-DEETHANIZER-500,T-501,deethanizer column,column,P4,COMP,ROT,feed_composition_shift,weeping flange,LEAK,GASKET,N,6.5,6194.68,T-501 not ok after feed composition shift,"night called for T-501 deethanizer column, btm heavy seen during feed composition shift. Foud weeping flange; manway/flange seep. Could not get permit first time waiting area gas test. opened strainer, cleaned black sludge. unit stable now. notif made by ops, maint attended same shift."
10451107,40871107,2025-11-06,2025-11-07,2025-11-07,U400-DEETHANIZER-500,FV-502,reflux flow control valve,control_valve,P2,TECO,VALVE,reboiler_duty_loss,not stroking,NO_TRAVEL,ACT,N,6.7,4517.23,FV-502 not stroking noisy,"days called for FV-502 reflux flow ctrl valve, c2 in btm seen during reboiler duty loss. Foud not stroking; actuator weak. cleaned and put back online. still little hunting but acceptable. notif made by ops, maint attended same shift."
10451108,40871108,2025-11-03,2025-11-03,2025-11-04,U400-DEETHANIZER-500,FT-501,feed flow transmitter,instrument,P3,CLSD,OPS+INST,pressure_control_fault,loose wire,SIGNAL,ELEC,N,5.7,2041.74,FT-501 not ok after press control fault,"B shift called for FT-501 feed flow transmitter, pv not movng seen during press control fault. Foud loose wire; term loose. reset trip and monitored for 2 hrs. readng close to dcs after job. notif made by ops, maint attended same shift."
10451109,40871109,2025-11-05,2025-11-07,2025-11-08,U400-DEETHANIZER-500,TT-501B,sensitive tray temperature tx,instrument,P2,TECO,ANLYZR,feed_temperature_ramp,loose wire,SIGNAL,ELEC,N,3.6,4391.8,"TT-501B ovhd press moving, loose wire","A shift called for TT-501B sensitive tray temperature tx, ovhd press moving seen during feed temperature ramp. Foud loose wire; term loose. replaced positioner tubing and retuned small. still little hunting but acceptable. notif made by ops, maint attended same shift."
10451110,40871110,2025-11-08,2025-11-09,2025-11-11,U400-DEETHANIZER-500,P-501B,reflux pump B,pump,P2,CLSD,OPS+INST,reflux_pump_degradation,low disch press,HYD_LOSS,FOUL,Y,19.0,6808.87,P-501B not ok after reflux pump degradation,"A shift called for P-501B reflux pump B, pump vib seen during reflux pump degradation. Foud low disch press; strainer dirty or impeller wear. Tag plate dirty, confirmd by line up with panel. tightened fittings, leak test ok. no leak at handover. notif made by ops, maint attended same shift."
10451111,40871111,2025-11-10,2025-11-10,2025-11-10,U400-DEETHANIZER-500,PSV-501A,column relief valve A,relief,P3,COMP,MECH,pressure_control_fault,due to lift chk,LIFT_EVENT,PROCESS,N,8.0,3095.61,chk PSV-501A - due to lift chk frm ops,"night called for PSV-501A column relief valve A, pv not movng seen during pressure control fault. Foud due to lift chk; after pressure excursion. No spare in store at first, used refurb one from shop. flushed impulse/sample line. unit stable now. notif made by ops, maint attended same shift."
10451112,40871112,2025-11-13,2025-11-13,2025-11-14,U400-DEETHANIZER-500,FV-502,reflux flow control valve,control_valve,P3,COMP,ANLYZR,reflux_pump_degradation,passing,LEAK_BY,SEAT,N,4.4,594.06,FV-502 passing asap,"C shift called for FV-502 reflux flow control valve, pump vib seen during reflux pump degradation. Foud passing; seat leak by. History shows same complain last mnth. calibrated, loop checked with CCR. readng close to dcs after job. notif made by ops, maint attended same shift."
10451113,40871113,2025-11-14,2025-11-15,2025-11-16,U400-DEETHANIZER-500,E-501,deethanizer reboiler,reboiler,P2,TECO,OPS+INST,valve_stiction,low duty,DUTY_LOSS,UTILITY,N,16.1,2063.24,chk E-501 - low duty frm ops,"C shift called for E-501 deethanizer reboiler, position bad seen during valve stiction. Foud low duty; hm valve/strainer issue. flushed impulse/sample line. temp repair only, plan shutdown job. notif made by ops, maint attended same shift."
10451114,40871114,2025-11-13,2025-11-13,2025-11-14,U400-DEETHANIZER-500,TV-501,reboiler hot medium valve,control_valve,P2,COMP,OPS+MECH,reboiler_duty_loss,not stroking,NO_TRAVEL,ACT,N,4.7,1213.22,chk TV-501 - not stroking frm ops,"C shift called for TV-501 rebiler hot medium valve, steam/hm valve no resp seen during rebiler duty loss. Foud not stroking; actuator weak. flushed impulse/sample line. need watch next feed swing. notif made by ops, maint attended same shift."
10451115,40871115,2025-11-14,2025-11-15,2025-11-16,U400-DEETHANIZER-500,PSV-501B,column relief valve B,relief,P2,TECO,OPS+MECH,pressure_control_fault,car seal broken,CSO,HUMAN,N,8.6,6175.34,"PSV-501B flare valve chekd, car seal broken","A shift called for PSV-501B column relief vavle B, pv not movng seen during pressure control fault. Foud car seal broken; seal missing found. flushed impulse/sample line. need watch next feed swing. notif made by ops, maint attended same shift."
10451116,40871116,2025-11-18,2025-11-18,2025-11-18,U400-DEETHANIZER-500,TV-501,reboiler hot medium valve,control_valve,P2,TECO,MECH,feed_temperature_ramp,air leak,AIR_LEAK,TUBING,Y,11.3,3521.84,TV-501 not ok after feed temperature ramp,"B shift called for TV-501 reboiler hot medium valve, rb duty up seen during feed temperature ramp. Foud air leak; positioner supply drop. replaced positioner tubing and retuned small. temp repair only, plan shutdown job. notif made by ops, maint attended same shift."
10451117,40871117,2025-11-16,2025-11-17,2025-11-20,U400-DEETHANIZER-500,P-502A,bottoms pump A,pump,P2,TECO,OPS+MECH,pressure_control_fault,seal leak,MECH_SEAL,SEAL,Y,8.9,2273.67,P-502A not ok after pressure control fault,"A shift called for P-502A bottoms pump A, pshh close call seen during pressure control fault. Foud seal leak; seal face worn / dry run signs. No spare in store at first, used refurb one from shop. swapped to standby and repaired. temp repair only, plan shutdown job. notif made by ops, maint attended same shift."
10451118,40871118,2025-11-21,2025-11-21,2025-11-23,U400-DEETHANIZER-500,PV-501,column pressure control valve,control_valve,P3,CLSD,E&I,pressure_control_fault,not stroking,NO_TRAVEL,ACT,N,6.7,1361.96,PV-501 not ok after pressure control fault,"B shift called for PV-501 column pressure control valve, flare valve chekd seen during pressure control fault. Foud not stroking; actuator weak. reset trip and monitored for 2 hrs. need watch next feed swing. notif made by ops, maint attended same shift."
10451119,40871119,2025-11-20,2025-11-22,2025-11-22,U400-DEETHANIZER-500,P-501B,reflux pump B,pump,P3,TECO,E&I,normal_wear,vib high,VIB,ALIGN,N,3.1,16214.53,P-501B vib high after upset,"night called for P-501B reflux pump B, leak seen during normal wear. Foud vib high; coupling align or cavitation. stroke tested, response better. no leak at handover. notif made by ops, maint attended same shift."
10451120,40871120,2025-11-20,2025-11-21,2025-11-21,U400-DEETHANIZER-500,P-501A,reflux pump A,pump,P2,CLSD,OPS+MECH,normal_wear,low disch press,HYD_LOSS,FOUL,Y,20.6,14312.4,chk P-501A - low disch press frm ops,"B shift called for P-501A reflux pump A, plugged impulse seen during normal wear. Foud low disch press; strainer dirty or impeller wear. opened strainer, cleaned black sludge. ops says ok for now. notif made by ops, maint attended same shift."
10451121,40871121,2025-11-27,2025-11-29,2025-11-30,U400-DEETHANIZER-500,TV-501,reboiler hot medium valve,control_valve,P2,CLSD,INST,feed_temperature_ramp,air leak,AIR_LEAK,TUBING,N,7.7,2619.69,TV-501 not ok after feed temperature ramp,"night called for TV-501 rebiler hot medium valve, tray temp drift seen during feed temperature ramp. Foud air leak; positioner supply drop. Tag plate dirty, confirmd by line up with panel. stroke tested, response better. ops says ok for now. notif made by ops, maint attended same shift."
10451122,40871122,2025-11-23,2025-11-23,2025-11-24,U400-DEETHANIZER-500,TV-502,condenser cooling valve,control_valve,P4,COMP,ROT,condenser_fouling,air leak,AIR_LEAK,TUBING,N,17.6,5625.44,"TV-502 cw dt low, air leak","A shift called for TV-502 condenser cooling valve, high ovhd press seen during condenser fouling. Foud air leak; positioner supply drop. calibrated, loop chekd with CCR. need watch next feed swing. notif made by ops, maint attended same shift."
10451123,40871123,2025-11-27,2025-11-29,2025-12-02,U400-DEETHANIZER-500,P-501B,reflux pump B,pump,P3,CLSD,INST,reflux_pump_degradation,bearing hot,BRG,WEAR,N,14.4,448.72,"P-501B bearing hot again, prod upset","days called for P-501B rflx pump B, seal weep seen during rflx pump degradation. Foud bearing hot; brg rough, lube dark. Tag plate dirty, confirmd by line up with panel. cleaned and put back online. temp repair only, plan shutdown job. notif made by ops, maint attended same shift."
10451124,40871124,2025-11-28,2025-11-28,2025-11-28,U400-DEETHANIZER-500,E-501,deethanizer reboiler,reboiler,P3,COMP,E&I,reflux_pump_degradation,rb leak,LEAK,GASKET,N,1.4,13844.19,"E-501 rb leak again, prod upset","night called for E-501 deethanizer reboiler, pump vib seen during reflux pump degradation. Foud rb leak; channel flange weep. Tag plate dirty, confirmd by line up with panel. swapped to standby and repaired. still little hunting but acceptable. notif made by ops, maint attended same shift."
10451125,40871125,2025-11-30,2025-12-01,2025-12-01,U400-DEETHANIZER-500,E-502,deethanizer overhead condenser,condenser,P1,CLSD,E&I,pressure_control_fault,high press,PERF,FOUL,Y,10.2,5025.89,E-502 high press ops req,"B shift called for E-502 deethanizer overhead condenser, press spike seen during pressure control fault. Foud high press; condensing duty poor. replaced positioner tubing and retuned small. temp repair only, plan shutdown job. notif made by ops, maint attended same shift."
10451126,40871126,2025-11-29,2025-12-01,2025-12-03,U400-DEETHANIZER-500,E-503,feed bottoms exchanger,exchanger,P3,COMP,ANLYZR,feed_temperature_ramp,plugged pass,PLUG,FOUL,N,7.3,11476.48,E-503 not ok after feed temperature ramp,"A shift called for E-503 feed bottoms exchanger, tray temp drift seen during feed temperature ramp. Foud plugged pass; flow restricted. No spare in store at first, used refurb one from shop. stroke tested, response better. need watch next feed swing. notif made by ops, maint attended same shift."
10451127,40871127,2025-12-04,2025-12-06,2025-12-08,U400-DEETHANIZER-500,TV-501,reboiler hot medium valve,control_valve,P3,TECO,OPS+MECH,reboiler_duty_loss,hunting loop,CTRL_OSC,TUNE,N,11.5,340.42,"TV-501 hunting loop again, prod upset","B shift called for TV-501 reboiler hot medium vavle, c2 in btm seen during reboiler duty loss. Foud hunting loop; bad response after upset. swapped to standby and repaired. need watch next feed swing. notif made by ops, maint attended same shift."
10451128,40871128,2025-12-03,2025-12-03,2025-12-06,U400-DEETHANIZER-500,LV-502,bottoms level valve,control_valve,P3,COMP,ROT,valve_stiction,passing,LEAK_BY,SEAT,N,7.5,5018.82,"LV-502 passing again, prod upset","night called for LV-502 bottoms level valve, air leak seen during valve stiction. Foud passing; seat leak by. Line was hot so job done slow and with ops standing by. tightened fittings, leak test ok. readng close to dcs after job. notif made by ops, maint attended same shift."
10451129,40871129,2025-12-06,2025-12-07,2025-12-08,U400-DEETHANIZER-500,PT-501,column overhead pressure tx,instrument,P3,TECO,E&I,normal_wear,bad reading,DRIFT,CAL,N,3.5,945.41,PT-501 not ok after normal wear,"days called for PT-501 column overhead pressure tx, noise seen during normal wear. Foud bad reading; needs calib. Tag plate dirty, confirmd by line up with panel. calibrated, loop chekd with CCR. still little hunting but acceptable. notif made by ops, maint attended same shift."
10451130,40871130,2025-12-08,2025-12-08,2025-12-08,U400-DEETHANIZER-500,TT-501B,sensitive tray temperature tx,instrument,P4,CLSD,OPS+INST,condenser_fouling,no signal,NO_SIGNAL,ELEC,N,12.6,4172.41,"TT-501B no signal again, prod upset","night called for TT-501B sensitive tray temperature tx, drum temp hi seen during condenser fouling. Foud no signal; 24v or card issue. History shows same complain last mnth. cleaned and put back online. still little hunting but acceptable. notif made by ops, maint attended same shift."
10451131,40871131,2025-12-09,2025-12-09,2025-12-10,U400-DEETHANIZER-500,P-501A,reflux pump A,pump,P3,COMP,OPS+MECH,reflux_pump_degradation,bearing hot,BRG,WEAR,N,12.3,10648.4,P-501A not ok after reflux pump degradation,"A shift called for P-501A reflux pump A, pump vib seen during reflux pump degradation. Foud bearing hot; brg rough, lube dark. changed gasket and boxed up. no leak at handover. notif made by ops, maint attended same shift."
10451132,40871132,2025-12-11,2025-12-12,2025-12-17,U400-DEETHANIZER-500,E-502,deethanizer overhead condenser,condenser,P3,COMP,MECH,condenser_fouling,tv no travel,VALVE,STICK,N,17.1,16003.49,"E-502 tv no travel again, prod upset","days called for E-502 deethanizer overhead condenser, high ovhd press seen during condenser fouling. Foud tv no travel; cooling vavle stuck. cleaned and put back online. readng close to dcs after job. notif made by ops, maint attended same shift."
10451133,40871133,2025-12-10,2025-12-10,2025-12-10,U400-DEETHANIZER-500,E-502,deethanizer overhead condenser,condenser,P3,CLSD,INST,pressure_control_fault,tv no travel,VALVE,STICK,N,17.4,10667.48,chk E-502 - tv no travel frm ops,"days called for E-502 deethanizer overhead condenser, pv not movng seen during pressure control fault. Foud tv no travel; cooling vavle stuck. No spare in store at first, used refurb one from shop. calibrated, loop checked with CCR. readng close to dcs after job. notif made by ops, maint attended same shift."
10451134,40871134,2025-12-12,2025-12-12,2025-12-19,U400-DEETHANIZER-500,P-501A,reflux pump A,pump,P3,CLSD,ANLYZR,normal_wear,vib high,VIB,ALIGN,N,12.0,5038.56,"P-501A noise, vib high","C shift called for P-501A reflux pump A, plugged impulse seen during normal wear. Foud vib high; coupling align or cavitation. reset trip and monitored for 2 hrs. still little hunting but acceptable. notif made by ops, maint attended same shift."
10451135,40871135,2025-12-12,2025-12-13,2025-12-13,U400-DEETHANIZER-500,E-502,deethanizer overhead condenser,condenser,P4,COMP,ANLYZR,normal_wear,high press,PERF,FOUL,N,2.6,12950.24,E-502 not ok after normal wear,"night called for E-502 deethanizer overhead condenser, loose term seen during normal wear. Foud high press; condensing duty poor. swapped to standby and repaired. unit stable now. notif made by ops, maint attended same shift."
10451136,40871136,2025-12-18,2025-12-18,2025-12-19,U400-DEETHANIZER-500,E-502,deethanizer overhead condenser,condenser,P1,CLSD,MECH,pressure_control_fault,cw fouling,FOULING,UTILITY,Y,9.6,13833.16,E-502 not ok after pressure ctrl fault,"A shift called for E-502 deethanizer overhead condnsr, press spike seen during pressure ctrl fault. Foud cw fouling; cw side scaled. opened strainer, cleaned black sludge. temp repair only, plan shutdown job. notif made by ops, maint attended same shift."
10451137,40871137,2025-12-17,2025-12-17,2025-12-20,U400-DEETHANIZER-500,E-502,deethanizer overhead condenser,condenser,P3,CLSD,INST,condenser_fouling,tv no travel,VALVE,STICK,N,10.1,4552.0,E-502 tv no travel chk & revert,"C shift called for E-502 deethanizer overhead condnsr, high ovhd press seen during condnsr fouling. Foud tv no travel; cooling valve stuck. stroke tested, response better. readng close to dcs after job. notif made by ops, maint attended same shift."
10451138,40871138,2025-12-18,2025-12-18,2025-12-18,U400-DEETHANIZER-500,AIT-502,bottoms C3+ analyzer,analyzer,P3,TECO,E&I,feed_composition_shift,anlyzr drift,DRIFT,CAL_GAS,N,9.6,4826.99,chk AIT-502 - anlyzr drift frm ops,"days called for AIT-502 bottoms C3+ analyzer, ovhd c3 slip seen during feed composition shift. Foud anlyzr drift; cal gas failed. stroke tested, response better. temp repair only, plan shutdown job. notif made by ops, maint attended same shift."
10451139,40871139,2025-12-23,2025-12-23,2025-12-25,U400-DEETHANIZER-500,E-503,feed bottoms exchanger,exchanger,P2,TECO,INST,feed_flow_step,plugged pass,PLUG,FOUL,Y,13.0,7505.79,chk E-503 - plugged pass frm ops,"A shift called for E-503 feed bottoms exchanger, fic hunting seen during feed flow step. Foud plugged pass; flow restricted. No spare in store at first, used refurb one from shop. calibrated, loop checked with CCR. no leak at handover. notif made by ops, maint attended same shift."
10451140,40871140,2025-12-24,2025-12-24,2025-12-24,U400-DEETHANIZER-500,PSV-501A,column relief valve A,relief,P4,COMP,MECH,reboiler_duty_loss,car seal broken,CSO,HUMAN,N,16.4,4740.04,PSV-501A car seal broken bad,"A shift called for PSV-501A column relief valve A, c2 in btm seen during reboiler duty loss. Foud car seal broken; seal missing found. No spare in store at first, used refurb one from shop. flushed impulse/sample line. need watch next feed swing. notif made by ops, maint attended same shift."
10451141,40871141,2025-12-25,2025-12-26,2025-12-29,U400-DEETHANIZER-500,E-501,deethanizer reboiler,reboiler,P3,COMP,MECH,reboiler_duty_loss,fouled bundle,FOULING,PROCESS,N,7.0,14308.92,E-501 fouled bundle noisy,"night called for E-501 deethanizer reboiler, tray temp low seen during reboiler duty loss. Foud fouled bundle; bottoms side dirty. opened strainer, cleaned black sludge. still little hunting but acceptable. notif made by ops, maint attended same shift."
10451142,40871142,2025-12-26,2025-12-26,2025-12-26,U400-DEETHANIZER-500,LT-501,reflux drum level tx,instrument,P2,CLSD,E&I,reboiler_duty_loss,bad reading,DRIFT,CAL,N,8.9,4702.27,"LT-501 bad reading again, prod upset","A shift called for LT-501 reflux drum level tx, c2 in btm seen during reboiler duty loss. Foud bad reading; needs calib. No spare in store at first, used refurb one from shop. cleaned and put back online. temp repair only, plan shutdown job. notif made by ops, maint attended same shift."
10451143,40871143,2025-12-26,2025-12-27,2025-12-28,U400-DEETHANIZER-500,E-502,deethanizer overhead condenser,condenser,P2,CLSD,ROT,feed_composition_shift,tube leak sus,LEAK,TUBE,N,4.8,7859.65,"E-502 tube leak sus again, prod upset","A shift called for E-502 deethanizer overhead condnsr, btm heavy seen during feed composition shift. Foud tube leak sus; hydrotest reqd. opened strainer, cleaned black sludge. temp repair only, plan shutdown job. notif made by ops, maint attended same shift."
10451144,40871144,2025-12-27,2025-12-28,2025-12-29,U400-DEETHANIZER-500,P-501A,reflux pump A,pump,P2,COMP,INST,reflux_pump_degradation,motor trip,MOTOR,ELEC,N,7.7,7783.74,"P-501A motor trip again, prod upset","A shift called for P-501A reflux pump A, seal weep seen during reflux pump degradation. Foud motor trip; overload trip after upset. History shows same complain last mnth. swapped to standby and repaired. readng close to dcs after job. notif made by ops, maint attended same shift."
10451145,40871145,2025-12-30,2025-12-31,2025-12-31,U400-DEETHANIZER-500,V-501,deethanizer reflux drum,vessel,P3,TECO,OPS+INST,reboiler_duty_loss,boot drain leak,LEAK,VALVE,N,4.9,1460.39,V-501 not ok after reboiler duty loss,"A shift called for V-501 deethanizer rflx drum, steam/hm vavle no resp seen during reboiler duty loss. Foud boot drain leak; closed drain vavle passing. No spare in store at first, used refurb one from shop. opened strainer, cleaned black sludge. ops says ok for now. notif made by ops, maint attended same shift."
10451146,40871146,2025-12-31,2026-01-01,2026-01-15,U400-DEETHANIZER-500,E-502,deethanizer overhead condenser,condenser,P1,COMP,ANLYZR,reflux_pump_degradation,cw fouling,FOULING,UTILITY,N,6.7,11503.68,E-502 not ok after reflux pump degradation,"night called for E-502 deethanizer overhead condenser, disch press low seen during reflux pump degradation. Foud cw fouling; cw side scaled. No spare in store at first, used refurb one from shop. tightened fittings, leak test ok. need watch next feed swing. notif made by ops, maint attended same shift."
10451147,40871147,2026-01-04,2026-01-06,2026-01-09,U400-DEETHANIZER-500,TT-503,reboiler outlet temperature tx,instrument,P2,TECO,INST,reboiler_duty_loss,loose wire,SIGNAL,ELEC,Y,19.3,3837.19,"TT-503 c2 in btm, loose wire","days called for TT-503 reboiler outlet temp tx, low heat seen during reboiler duty loss. Foud loose wire; term loose. reset trip and monitored for 2 hrs. still little hunting but acceptable. notif made by ops, maint attended same shift."
10451148,40871148,2026-01-03,2026-01-04,2026-01-09,U400-DEETHANIZER-500,E-502,deethanizer overhead condenser,condenser,P2,COMP,E&I,valve_stiction,tube leak sus,LEAK,TUBE,N,2.3,389.57,"E-502 position bad, tube leak sus","A shift called for E-502 deethanizer overhead condenser, position bad seen during vavle stiction. Foud tube leak sus; hydrotest reqd. Line was hot so job done slow and with ops standing by. replaced positioner tubing and retuned small. still little hunting but acceptable. notif made by ops, maint attended same shift."
10451149,40871149,2026-01-06,2026-01-06,2026-01-08,U400-DEETHANIZER-500,TV-502,condenser cooling valve,control_valve,P4,COMP,OPS+INST,valve_stiction,hunting loop,CTRL_OSC,TUNE,N,6.3,5722.82,"TV-502 hunting loop again, prod upset","night called for TV-502 condenser cooling valve, loop cycling seen during valve stiction. Foud hunting loop; bad response after upset. Line was hot so job done slow and with ops standing by. cleaned and put back online. readng close to dcs after job. notif made by ops, maint attended same shift."
10451150,40871150,2026-01-06,2026-01-07,2026-01-14,U400-DEETHANIZER-500,E-501,deethanizer reboiler,reboiler,P2,COMP,ANLYZR,feed_temperature_ramp,low duty,DUTY_LOSS,UTILITY,N,10.7,3604.66,E-501 not ok after feed temperature ramp,"C shift called for E-501 deethanizer reboiler, spec off seen during feed temp ramp. Foud low duty; hm valve/strainer issue. History shows same complain last mnth. flushed impulse/sample line. temp repair only, plan shutdown job. notif made by ops, maint attended same shift."
10451151,40871151,2026-01-07,2026-01-08,2026-01-10,U400-DEETHANIZER-500,P-502A,bottoms pump A,pump,P3,COMP,INST,normal_wear,bearing hot,BRG,WEAR,N,17.9,2650.43,"P-502A bearing hot again, prod upset","days called for P-502A bottoms pump A, loose term seen during normal wear. Foud bearing hot; brg rough, lube dark. Tag plate dirty, confirmd by line up with panel. changed gasket and boxed up. unit stable now. notif made by ops, maint attended same shift."
10451152,40871152,2026-01-10,2026-01-10,2026-01-12,U400-DEETHANIZER-500,P-501B,reflux pump B,pump,P2,CLSD,MECH,feed_flow_step,bearing hot,BRG,WEAR,N,6.2,5351.14,P-501B not ok after feed flow step,"days called for P-501B reflux pump B, c2 recov down seen during feed flow step. Foud bearing hot; brg rough, lube dark. Tag plate dirty, confirmd by line up with panel. swapped to standby and repaired. unit stable now. notif made by ops, maint attended same shift."
10451153,40871153,2026-01-07,2026-01-07,2026-01-07,U400-DEETHANIZER-500,P-502B,bottoms pump B,pump,P3,CLSD,ROT,reboiler_duty_loss,low disch press,HYD_LOSS,FOUL,N,12.4,14375.2,P-502B low disch press pls chk,"A shift called for P-502B bottoms pump B, c2 in btm seen during reboiler duty loss. Foud low disch press; strainer dirty or impeller wear. Tag plate dirty, confirmd by line up with panel. stroke tested, response better. readng close to dcs after job. notif made by ops, maint attended same shift."
10451154,40871154,2026-01-11,2026-01-12,2026-01-12,U400-DEETHANIZER-500,TV-501,reboiler hot medium valve,control_valve,P1,CLSD,MECH,valve_stiction,air leak,AIR_LEAK,TUBING,N,13.8,208.59,"TV-501 valve sticking, air leak","night called for TV-501 reboiler hot medium valve, op jumps seen during valve stiction. Foud air leak; positioner supply drop. cleaned and put back online. unit stable now. notif made by ops, maint attended same shift."
10451155,40871155,2026-01-12,2026-01-12,2026-01-12,U400-DEETHANIZER-500,FT-502,reflux flow transmitter,instrument,P3,CLSD,OPS+INST,feed_temperature_ramp,loose wire,SIGNAL,ELEC,N,1.4,6612.23,"FT-502 loose wire again, prod upset","C shift called for FT-502 reflux flow transmitter, feed temp high seen during feed temperature ramp. Foud loose wire; term loose. stroke tested, response better. ops says ok for now. notif made by ops, maint attended same shift."
10451156,40871156,2026-01-14,2026-01-16,2026-01-21,U400-DEETHANIZER-500,PV-501,column pressure control valve,control_valve,P2,TECO,ROT,valve_stiction,not stroking,NO_TRAVEL,ACT,N,16.2,671.64,"PV-501 not stroking again, prod upset","C shift called for PV-501 column pressure control valve, valve sticking seen during valve stiction. Foud not stroking; actuator weak. calibrated, loop checked with CCR. ops says ok for now. notif made by ops, maint attended same shift."
10451157,40871157,2026-01-14,2026-01-15,2026-01-15,U400-DEETHANIZER-500,TT-503,reboiler outlet temperature tx,instrument,P4,CLSD,INST,reboiler_duty_loss,impulse plugged,PLUG,PROCESS,N,3.0,1942.61,TT-503 not ok after reboiler duty loss,"B shift called for TT-503 reboiler outlet temp tx, tray temp low seen during reboiler duty loss. Foud impulse plugged; tap/line dirty. reset trip and monitored for 2 hrs. still little hunting but acceptable. notif made by ops, maint attended same shift."
10451158,40871158,2026-01-20,2026-01-20,2026-01-22,U400-DEETHANIZER-500,E-503,feed bottoms exchanger,exchanger,P4,COMP,INST,feed_composition_shift,tube fouling,FOULING,PROCESS,N,11.9,17025.49,chk E-503 - tube fouling frm ops,"night called for E-503 feed bottoms exchanger, ovhd c3 slip seen during feed composition shift. Foud tube fouling; duty low, delta t poor. stroke tested, response better. temp repair only, plan shutdown job. notif made by ops, maint attended same shift."
10451159,40871159,2026-01-16,2026-01-17,2026-01-18,U400-DEETHANIZER-500,TV-502,condenser cooling valve,control_valve,P3,TECO,MECH,valve_stiction,hunting loop,CTRL_OSC,TUNE,N,11.2,1541.59,chk TV-502 - hunting loop frm ops,"C shift called for TV-502 condenser cooling valve, air leak seen during valve stiction. Foud hunting loop; bad response after upset. Could not get permit first time waiting area gas test. cleaned and put back online. need watch next feed swing. notif made by ops, maint attended same shift."
10451160,40871160,2026-01-21,2026-01-21,2026-01-26,U400-DEETHANIZER-500,FV-502,reflux flow control valve,control_valve,P3,CLSD,INST,valve_stiction,not stroking,NO_TRAVEL,ACT,N,2.3,5743.99,FV-502 not ok after valve stiction,"C shift called for FV-502 reflux flow control valve, loop cycling seen during valve stiction. Foud not stroking; actuator weak. swapped to standby and repaired. unit stable now. notif made by ops, maint attended same shift."
10451161,40871161,2026-01-24,2026-01-25,2026-01-27,U400-DEETHANIZER-500,TV-502,condenser cooling valve,control_valve,P2,COMP,ANLYZR,condenser_fouling,air leak,AIR_LEAK,TUBING,N,14.1,726.96,TV-502 not ok after condenser fouling,"night called for TV-502 condnsr cooling valve, cw dt low seen during condnsr fouling. Foud air leak; positioner supply drop. changed gasket and boxed up. ops says ok for now. notif made by ops, maint attended same shift."
10451162,40871162,2026-01-21,2026-01-21,2026-01-21,U400-DEETHANIZER-500,P-501A,reflux pump A,pump,P3,CLSD,VALVE,reflux_pump_degradation,low disch press,HYD_LOSS,FOUL,N,14.3,9157.32,chk P-501A - low disch press frm ops,"C shift called for P-501A reflux pump A, pump vib seen during reflux pump degradation. Foud low disch press; strainer dirty or impeller wear. History shows same complain last mnth. cleaned and put back online. readng close to dcs after job. notif made by ops, maint attended same shift."
10451163,40871163,2026-01-25,2026-01-26,2026-01-27,U400-DEETHANIZER-500,E-503,feed bottoms exchanger,exchanger,P3,COMP,E&I,feed_flow_step,tube fouling,FOULING,PROCESS,N,12.5,8081.61,"E-503 fic hunting, tube fouling","C shift called for E-503 feed bottoms exchanger, lvl swing seen during feed flow step. Foud tube fouling; duty low, delta t poor. opened strainer, cleaned black sludge. readng close to dcs after job. notif made by ops, maint attended same shift."
10451164,40871164,2026-01-28,2026-01-30,2026-01-31,U400-DEETHANIZER-500,FT-502,reflux flow transmitter,instrument,P3,CLSD,E&I,reflux_pump_degradation,no signal,NO_SIGNAL,ELEC,N,14.4,1129.99,"FT-502 seal weep, no signal","B shift called for FT-502 reflux flow transmitter, disch press low seen during reflux pump degradation. Foud no signal; 24v or card issue. Line was hot so job done slow and with ops standing by. tightened fittings, leak test ok. temp repair only, plan shutdown job. notif made by ops, maint attended same shift."
10451165,40871165,2026-01-29,2026-01-29,2026-01-31,U400-DEETHANIZER-500,TT-503,reboiler outlet temperature tx,instrument,P2,COMP,E&I,reboiler_duty_loss,loose wire,SIGNAL,ELEC,N,14.1,2394.11,TT-503 not ok after reboiler duty loss,"B shift called for TT-503 reboiler outlet temp tx, steam/hm valve no resp seen during reboiler duty loss. Foud loose wire; term loose. replaced positioner tubing and retuned small. readng close to dcs after job. notif made by ops, maint attended same shift."
10451166,40871166,2026-01-30,2026-01-30,2026-01-30,U400-DEETHANIZER-500,E-502,deethanizer overhead condenser,condenser,P3,TECO,ANLYZR,condenser_fouling,high press,PERF,FOUL,N,7.2,7162.72,"E-502 high press again, prod upset","night called for E-502 deethanizer overhead condenser, cw dt low seen during condenser fouling. Foud high press; condensing duty poor. No spare in store at first, used refurb one from shop. reset trip and monitored for 2 hrs. readng close to dcs after job. notif made by ops, maint attended same shift."
10451167,40871167,2026-01-30,2026-01-31,2026-02-01,U400-DEETHANIZER-500,FT-502,reflux flow transmitter,instrument,P3,TECO,ANLYZR,feed_flow_step,loose wire,SIGNAL,ELEC,N,5.7,5028.68,FT-502 not ok after feed flow step,"C shift called for FT-502 reflux flow transmitter, fic hunting seen during feed flow step. Foud loose wire; term loose. No spare in store at first, used refurb one from shop. reset trip and monitored for 2 hrs. no leak at handover. notif made by ops, maint attended same shift."
10451168,40871168,2026-02-03,2026-02-03,2026-02-04,U400-DEETHANIZER-500,LV-501,reflux drum level valve,control_valve,P1,CLSD,OPS+MECH,valve_stiction,hunting loop,CTRL_OSC,TUNE,N,13.5,4915.38,LV-501 not ok after valve stiction,"days called for LV-501 reflux drum level valve, loop cycling seen during valve stiction. Foud hunting loop; bad response after upset. replaced positioner tubing and retuned small. unit stable now. notif made by ops, maint attended same shift."
10451169,40871169,2026-01-31,2026-02-01,2026-02-06,U400-DEETHANIZER-500,FV-502,reflux flow control valve,control_valve,P2,TECO,E&I,valve_stiction,not stroking,NO_TRAVEL,ACT,N,16.8,6616.12,"FV-502 valve sticking, not stroking","C shift called for FV-502 rflx flow ctrl valve, air leak seen during valve stiction. Foud not stroking; actuator weak. opened strainer, cleaned black sludge. unit stable now. notif made by ops, maint attended same shift."
10451170,40871170,2026-02-03,2026-02-05,2026-02-06,U400-DEETHANIZER-500,V-501,deethanizer reflux drum,vessel,P2,CLSD,MECH,reflux_pump_degradation,pressure erratic,PRESS_SWING,CTRL,Y,9.1,975.32,"V-501 pressure erratic again, prod upset","B shift called for V-501 deethanizer reflux drum, disch press low seen during reflux pump degradation. Foud pressure erratic; pv/pic issue. replaced positioner tubing and retuned small. no leak at handover. notif made by ops, maint attended same shift."
10451171,40871171,2026-02-03,2026-02-04,2026-02-05,U400-DEETHANIZER-500,E-503,feed bottoms exchanger,exchanger,P2,COMP,ANLYZR,feed_composition_shift,gasket weep,LEAK,GASKET,N,9.5,1029.99,chk E-503 - gasket weep frm ops,"days called for E-503 feed bottoms exchanger, c3 in feed hi seen during feed composition shift. Foud gasket weep; flange sweating. changed gasket and boxed up. ops says ok for now. notif made by ops, maint attended same shift."
10451172,40871172,2026-02-04,2026-02-05,2026-02-05,U400-DEETHANIZER-500,FT-502,reflux flow transmitter,instrument,P3,CLSD,INST,reflux_pump_degradation,no signal,NO_SIGNAL,ELEC,N,3.0,2530.61,"FT-502 low rflx, no signal","B shift called for FT-502 reflux flow tx, low reflux seen during reflux pump degradation. Foud no signal; 24v or card issue. opened strainer, cleaned black sludge. no leak at handover. notif made by ops, maint attended same shift."
10451173,40871173,2026-02-06,2026-02-06,2026-02-08,U400-DEETHANIZER-500,P-501A,reflux pump A,pump,P2,COMP,OPS+MECH,reflux_pump_degradation,vib high,VIB,ALIGN,N,10.0,3908.38,chk P-501A - vib high frm ops,"days called for P-501A rflx pump A, min flow hot seen during rflx pump degradation. Foud vib high; coupling align or cavitation. reset trip and monitored for 2 hrs. still little hunting but acceptable. notif made by ops, maint attended same shift."
10451174,40871174,2026-02-08,2026-02-10,2026-02-11,U400-DEETHANIZER-500,LT-502,column bottom level tx,instrument,P3,CLSD,ANLYZR,normal_wear,loose wire,SIGNAL,ELEC,N,12.2,3556.61,LT-502 loose wire pls chk,"A shift called for LT-502 column bottom level tx, loose term seen during normal wear. Foud loose wire; term loose. Line was hot so job done slow and with ops standing by. reset trip and monitored for 2 hrs. need watch next feed swing. notif made by ops, maint attended same shift."
10451175,40871175,2026-02-13,2026-02-14,2026-02-14,U400-DEETHANIZER-500,P-502A,bottoms pump A,pump,P1,COMP,E&I,condenser_fouling,bearing hot,BRG,WEAR,N,2.3,7276.46,P-502A bearing hot bad,"A shift called for P-502A bottoms pump A, cw dt low seen during condenser fouling. Foud bearing hot; brg rough, lube dark. flushed impulse/sample line. temp repair only, plan shutdown job. notif made by ops, maint attended same shift."
10451176,40871176,2026-02-12,2026-02-12,2026-02-15,U400-DEETHANIZER-500,E-503,feed bottoms exchanger,exchanger,P3,CLSD,E&I,feed_temperature_ramp,tube fouling,FOULING,PROCESS,N,17.0,12992.34,E-503 not ok after feed temperature ramp,"days called for E-503 feed bottoms exchanger, feed temp high seen during feed temp ramp. Foud tube fouling; duty low, delta t poor. replaced positioner tubing and retuned small. unit stable now. notif made by ops, maint attended same shift."
10451177,40871177,2026-02-13,2026-02-15,2026-02-18,U400-DEETHANIZER-500,FT-501,feed flow transmitter,instrument,P2,CLSD,E&I,feed_flow_step,impulse plugged,PLUG,PROCESS,N,9.8,5196.26,chk FT-501 - impulse plugged frm ops,"A shift called for FT-501 feed flow tx, column dp high seen during feed flow step. Foud impulse plugged; tap/line dirty. cleaned and put back online. temp repair only, plan shutdown job. notif made by ops, maint attended same shift."
10451178,40871178,2026-02-14,2026-02-15,2026-02-17,U400-DEETHANIZER-500,E-501,deethanizer reboiler,reboiler,P2,CLSD,ROT,feed_flow_step,rb leak,LEAK,GASKET,N,14.0,11623.98,chk E-501 - rb leak frm ops,"days called for E-501 deethanizer reboiler, c2 recov down seen during feed flow step. Foud rb leak; channel flange weep. Line was hot so job done slow and with ops standing by. swapped to standby and repaired. need watch next feed swing. notif made by ops, maint attended same shift."
10451179,40871179,2026-02-18,2026-02-20,2026-02-21,U400-DEETHANIZER-500,P-501B,reflux pump B,pump,P2,TECO,E&I,reboiler_duty_loss,vib high,VIB,ALIGN,N,12.9,2380.51,"P-501B steam/hm valve no resp, vib high","A shift called for P-501B reflux pump B, c2 in btm seen during rebiler duty loss. Foud vib high; coupling align or cavitation. cleaned and put back online. no leak at handover. notif made by ops, maint attended same shift."
10451180,40871180,2026-02-17,2026-02-19,2026-02-20,U400-DEETHANIZER-500,TT-501B,sensitive tray temperature tx,instrument,P2,TECO,ANLYZR,feed_temperature_ramp,bad reading,DRIFT,CAL,N,9.6,327.27,TT-501B not ok after feed temp ramp,"A shift called for TT-501B sensitive tray temperature tx, tray temp drift seen during feed temperature ramp. Foud bad reading; needs calib. changed gasket and boxed up. ops says ok for now. notif made by ops, maint attended same shift."
10451181,40871181,2026-02-20,2026-02-20,2026-02-20,U400-DEETHANIZER-500,LT-501,reflux drum level tx,instrument,P3,TECO,ANLYZR,reflux_pump_degradation,no signal,NO_SIGNAL,ELEC,N,3.3,3802.32,LT-501 not ok after reflux pump degradation,"A shift called for LT-501 reflux drum level tx, pump vib seen during reflux pump degradation. Foud no signal; 24v or card issue. flushed impulse/sample line. no leak at handover. notif made by ops, maint attended same shift."
10451182,40871182,2026-02-22,2026-02-23,2026-02-24,U400-DEETHANIZER-500,AIT-501,overhead C2 analyzer,analyzer,P2,CLSD,OPS+INST,feed_composition_shift,condensate in sample,LIQ_CARRY,SAMPLE,N,6.8,3087.12,"AIT-501 c3 in feed hi, condensate in sample","days called for AIT-501 overhead C2 analyzer, btm heavy seen during feed composition shift. Foud condensate in sample; knockout pot full. opened strainer, cleaned black sludge. need watch next feed swing. notif made by ops, maint attended same shift."
10451183,40871183,2026-02-24,2026-02-24,2026-02-25,U400-DEETHANIZER-500,TV-501,reboiler hot medium valve,control_valve,P2,COMP,ANLYZR,reboiler_duty_loss,passing,LEAK_BY,SEAT,N,13.5,1952.28,chk TV-501 - passing frm ops,"B shift called for TV-501 reboiler hot medium valve, tray temp low seen during reboiler duty loss. Foud passing; seat leak by. Tag plate dirty, confirmd by line up with panel. changed gasket and boxed up. ops says ok for now. notif made by ops, maint attended same shift."
10451184,40871184,2026-02-26,2026-02-26,2026-02-28,U400-DEETHANIZER-500,T-501,deethanizer column,column,P3,CLSD,VALVE,feed_flow_step,dp high,DP_HIGH,FOAM,N,11.8,2546.7,T-501 dp high again,"A shift called for T-501 deethanizer column, c2 recov down seen during feed flow step. Foud dp high; trays loading or foaming. Line was hot so job done slow and with ops standing by. flushed impulse/sample line. still little hunting but acceptable. notif made by ops, maint attended same shift."
10451185,40871185,2026-02-25,2026-02-27,2026-02-27,U400-DEETHANIZER-500,E-503,feed bottoms exchanger,exchanger,P4,CLSD,E&I,feed_temperature_ramp,tube fouling,FOULING,PROCESS,N,13.2,11232.37,"E-503 tube fouling again, prod upset","night called for E-503 feed bottoms exchanger, feed temp high seen during feed temperature ramp. Foud tube fouling; duty low, delta t poor. Tag plate dirty, confirmd by line up with panel. cleaned and put back online. temp repair only, plan shutdown job. notif made by ops, maint attended same shift."
10451186,40871186,2026-02-27,2026-02-28,2026-03-02,U400-DEETHANIZER-500,TV-502,condenser cooling valve,control_valve,P3,TECO,INST,reflux_pump_degradation,stiction,STICK,PACKING,N,1.8,2262.87,"TV-502 stiction again, prod upset","A shift called for TV-502 condenser cooling vavle, low reflux seen during reflux pump degradation. Foud stiction; stem sticky and pos err. No spare in store at first, used refurb one from shop. stroke tested, response better. unit stable now. notif made by ops, maint attended same shift."
10451187,40871187,2026-03-03,2026-03-04,2026-03-05,U400-DEETHANIZER-500,P-502A,bottoms pump A,pump,P2,TECO,MECH,reboiler_duty_loss,seal leak,MECH_SEAL,SEAL,N,7.1,7264.31,P-502A seal leak chk & revert,"A shift called for P-502A bottoms pump A, tray temp low seen during reboiler duty loss. Foud seal leak; seal face worn / dry run signs. Line was hot so job done slow and with ops standing by. replaced positioner tubing and retuned small. ops says ok for now. notif made by ops, maint attended same shift."
10451188,40871188,2026-03-02,2026-03-02,2026-03-03,U400-DEETHANIZER-500,P-502B,bottoms pump B,pump,P2,CLSD,ROT,valve_stiction,seal leak,MECH_SEAL,SEAL,Y,11.1,6761.03,P-502B seal leak ops req,"C shift called for P-502B bottoms pump B, position bad seen during valve stiction. Foud seal leak; seal face worn / dry run signs. flushed impulse/sample line. temp repair only, plan shutdown job. notif made by ops, maint attended same shift."
10451189,40871189,2026-03-02,2026-03-02,2026-03-03,U400-DEETHANIZER-500,E-501,deethanizer reboiler,reboiler,P3,TECO,ROT,feed_temperature_ramp,low duty,DUTY_LOSS,UTILITY,N,13.9,14588.73,E-501 not ok after feed temp ramp,"B shift called for E-501 deethanizer reboiler, spec off seen during feed temperature ramp. Foud low duty; hm valve/strainer issue. swapped to standby and repaired. ops says ok for now. notif made by ops, maint attended same shift."
10451190,40871190,2026-03-04,2026-03-06,2026-03-08,U400-DEETHANIZER-500,TT-503,reboiler outlet temperature tx,instrument,P3,COMP,ANLYZR,reboiler_duty_loss,no signal,NO_SIGNAL,ELEC,N,4.3,2927.62,"TT-503 no signal again, prod upset","days called for TT-503 reboiler outlet temperature tx, low heat seen during reboiler duty loss. Foud no signal; 24v or card issue. Tag plate dirty, confirmd by line up with panel. cleaned and put back online. need watch next feed swing. notif made by ops, maint attended same shift."
10451191,40871191,2026-03-08,2026-03-08,2026-03-09,U400-DEETHANIZER-500,PT-501,column overhead pressure tx,instrument,P4,CLSD,ANLYZR,condenser_fouling,range err,SPAN,CAL,N,1.9,6564.52,"PT-501 range err again, prod upset","C shift called for PT-501 colmn overhead pressure tx, pic wide open seen during condnsr fouling. Foud range err; span shifted. stroke tested, response better. unit stable now. notif made by ops, maint attended same shift."
10451192,40871192,2026-03-06,2026-03-07,2026-03-09,U400-DEETHANIZER-500,FT-501,feed flow transmitter,instrument,P4,COMP,INST,feed_flow_step,no signal,NO_SIGNAL,ELEC,N,14.4,2915.58,FT-501 no signal ops req,"days called for FT-501 feed flow transmitter, fic hunting seen during feed flow step. Foud no signal; 24v or card issue. opened strainer, cleaned black sludge. ops says ok for now. notif made by ops, maint attended same shift."
10451193,40871193,2026-03-08,2026-03-09,2026-03-09,U400-DEETHANIZER-500,TV-501,reboiler hot medium valve,control_valve,P3,COMP,OPS+INST,feed_flow_step,air leak,AIR_LEAK,TUBING,N,9.6,2801.43,"TV-501 fic hunting, air leak","night called for TV-501 reboiler hot medium valve, fic hunting seen during feed flow step. Foud air leak; positioner supply drop. opened strainer, cleaned black sludge. need watch next feed swing. notif made by ops, maint attended same shift."
10451194,40871194,2026-03-12,2026-03-12,2026-03-13,U400-DEETHANIZER-500,E-502,deethanizer overhead condenser,condenser,P2,TECO,ANLYZR,condenser_fouling,cw fouling,FOULING,UTILITY,N,13.8,8349.04,E-502 not ok after condnsr fouling,"A shift called for E-502 deethanizer overhead condenser, drum temp hi seen during condenser fouling. Foud cw fouling; cw side scaled. Line was hot so job done slow and with ops standing by. stroke tested, response better. need watch next feed swing. notif made by ops, maint attended same shift."
10451195,40871195,2026-03-11,2026-03-11,2026-03-18,U400-DEETHANIZER-500,P-501B,reflux pump B,pump,P4,CLSD,E&I,reflux_pump_degradation,bearing hot,BRG,WEAR,N,16.8,2430.76,chk P-501B - bearing hot frm ops,"night called for P-501B reflux pump B, seal weep seen during reflux pump degradation. Foud bearing hot; brg rough, lube dark. changed gasket and boxed up. readng close to dcs after job. notif made by ops, maint attended same shift."
10451196,40871196,2026-03-13,2026-03-13,2026-03-15,U400-DEETHANIZER-500,FV-501,feed flow control valve,control_valve,P3,TECO,VALVE,feed_flow_step,passing,LEAK_BY,SEAT,N,15.6,72.56,chk FV-501 - passing frm ops,"A shift called for FV-501 feed flow control valve, c2 recov down seen during feed flow step. Foud passing; seat leak by. Tag plate dirty, confirmd by line up with panel. stroke tested, response better. still little hunting but acceptable. notif made by ops, maint attended same shift."
10451197,40871197,2026-03-18,2026-03-18,2026-03-19,U400-DEETHANIZER-500,FV-501,feed flow control valve,control_valve,P1,TECO,VALVE,valve_stiction,hunting loop,CTRL_OSC,TUNE,N,13.3,5090.6,FV-501 not ok after valve stiction,"C shift called for FV-501 feed flow control valve, air leak seen during valve stiction. Foud hunting loop; bad response after upset. replaced positioner tubing and retuned small. readng close to dcs after job. notif made by ops, maint attended same shift."
10451198,40871198,2026-03-19,2026-03-19,2026-03-22,U400-DEETHANIZER-500,PV-501,column pressure control valve,control_valve,P1,COMP,OPS+MECH,reflux_pump_degradation,hunting loop,CTRL_OSC,TUNE,N,3.1,6136.2,"PV-501 disch press low, hunting loop","A shift called for PV-501 column press control valve, low reflux seen during reflux pump degradation. Foud hunting loop; bad response after upset. calibrated, loop checked with CCR. no leak at handover. notif made by ops, maint attended same shift."
10451199,40871199,2026-03-16,2026-03-17,2026-03-19,U400-DEETHANIZER-500,FV-502,reflux flow control valve,control_valve,P3,CLSD,ROT,valve_stiction,air leak,AIR_LEAK,TUBING,N,8.0,5831.01,chk FV-502 - air leak frm ops,"B shift called for FV-502 reflux flow control valve, position bad seen during valve stiction. Foud air leak; positioner supply drop. replaced positioner tubing and retuned small. need watch next feed swing. notif made by ops, maint attended same shift."
10451200,40871200,2026-03-17,2026-03-17,2026-03-20,U400-DEETHANIZER-500,TV-502,condenser cooling valve,control_valve,P2,COMP,OPS+MECH,valve_stiction,stiction,STICK,PACKING,N,6.1,713.85,"TV-502 valve sticking, stiction","days called for TV-502 condenser cooling valve, loop cycling seen during valve stiction. Foud stiction; stem sticky and pos err. History shows same complain last mnth. reset trip and monitored for 2 hrs. still little hunting but acceptable. notif made by ops, maint attended same shift."
10451201,40871201,2026-03-23,2026-03-23,2026-03-24,U400-DEETHANIZER-500,TT-501B,sensitive tray temperature tx,instrument,P3,TECO,OPS+INST,reboiler_duty_loss,bad reading,DRIFT,CAL,N,17.7,5143.71,TT-501B not ok after reboiler duty loss,"days called for TT-501B sensitive tray temperature tx, rb circ cold seen during reboiler duty loss. Foud bad reading; needs calib. stroke tested, response better. temp repair only, plan shutdown job. notif made by ops, maint attended same shift."
10451202,40871202,2026-03-23,2026-03-23,2026-03-24,U400-DEETHANIZER-500,E-502,deethanizer overhead condenser,condenser,P2,CLSD,OPS+INST,condenser_fouling,tube leak sus,LEAK,TUBE,N,9.6,3088.14,E-502 not ok after condenser fouling,"A shift called for E-502 deethanizer overhead condenser, pic wide open seen during condenser fouling. Foud tube leak sus; hydrotest reqd. calibrated, loop chekd with CCR. still little hunting but acceptable. notif made by ops, maint attended same shift."
10451203,40871203,2026-03-25,2026-03-27,2026-03-27,U400-DEETHANIZER-500,E-503,feed bottoms exchanger,exchanger,P2,COMP,E&I,feed_flow_step,plugged pass,PLUG,FOUL,N,14.8,2184.35,chk E-503 - plugged pass frm ops,"A shift called for E-503 feed bottoms exchanger, c2 recov down seen during feed flow step. Foud plugged pass; flow restricted. flushed impulse/sample line. temp repair only, plan shutdown job. notif made by ops, maint attended same shift."
10451204,40871204,2026-03-27,2026-03-27,2026-04-03,U400-DEETHANIZER-500,PSV-501B,column relief valve B,relief,P3,TECO,MECH,pressure_control_fault,seat passing,LEAK_BY,SEAT,N,4.7,131.55,PSV-501B not ok after pressure control fault,"days called for PSV-501B column relief valve B, flare valve checked seen during pressure control fault. Foud seat passing; tail pipe warm. History shows same complain last mnth. replaced positioner tubing and retuned small. temp repair only, plan shutdown job. notif made by ops, maint attended same shift."
10451205,40871205,2026-03-29,2026-03-31,2026-03-31,U400-DEETHANIZER-500,T-501,deethanizer column,column,P3,CLSD,E&I,feed_composition_shift,tray temp bad,TEMP_DEV,PROCESS,N,17.4,4144.31,"T-501 tray temp bad again, prod upset","days called for T-501 deethanizer column, btm heavy seen during feed composition shift. Foud tray temp bad; profile not normal. Line was hot so job done slow and with ops standing by. opened strainer, cleaned black sludge. still little hunting but acceptable. notif made by ops, maint attended same shift."
10451206,40871206,2026-03-27,2026-03-28,2026-03-29,U400-DEETHANIZER-500,PV-501,column pressure control valve,control_valve,P2,COMP,E&I,condenser_fouling,hunting loop,CTRL_OSC,TUNE,N,13.5,3970.37,"PV-501 hunting loop again, prod upset","days called for PV-501 column pressure control valve, high ovhd press seen during condenser fouling. Foud hunting loop; bad response after upset. calibrated, loop checked with CCR. still little hunting but acceptable. notif made by ops, maint attended same shift."
10451207,40871207,2026-03-31,2026-03-31,2026-04-05,U400-DEETHANIZER-500,LV-502,bottoms level valve,control_valve,P3,COMP,INST,valve_stiction,air leak,AIR_LEAK,TUBING,N,9.6,6153.47,LV-502 not ok after valve stiction,"days called for LV-502 bottoms level valve, position bad seen during valve stiction. Foud air leak; positioner supply drop. Line was hot so job done slow and with ops standing by. calibrated, loop checked with CCR. ops says ok for now. notif made by ops, maint attended same shift."
10451208,40871208,2026-04-03,2026-04-05,2026-04-05,U400-DEETHANIZER-500,TT-501B,sensitive tray temperature tx,instrument,P3,COMP,OPS+INST,feed_temperature_ramp,no signal,NO_SIGNAL,ELEC,N,13.8,2316.5,"TT-501B ovhd press moving, no signal","B shift called for TT-501B sensitive tray temperature tx, tray temp drift seen during feed temperature ramp. Foud no signal; 24v or card issue. reset trip and monitored for 2 hrs. no leak at handover. notif made by ops, maint attended same shift."
10451209,40871209,2026-04-03,2026-04-03,2026-04-04,U400-DEETHANIZER-500,FT-501,feed flow transmitter,instrument,P1,TECO,E&I,feed_flow_step,impulse plugged,PLUG,PROCESS,N,15.8,6543.35,chk FT-501 - impulse plugged frm ops,"C shift called for FT-501 feed flow transmitter, lvl swing seen during feed flow step. Foud impulse plugged; tap/line dirty. changed gasket and boxed up. unit stable now. notif made by ops, maint attended same shift."
10451210,40871210,2026-04-01,2026-04-01,2026-04-01,U400-DEETHANIZER-500,LV-502,bottoms level valve,control_valve,P1,COMP,OPS+MECH,feed_temperature_ramp,stiction,STICK,PACKING,N,7.5,1748.62,LV-502 not ok after feed temp ramp,"B shift called for LV-502 bottoms level valve, tray temp drift seen during feed temperature ramp. Foud stiction; stem sticky and pos err. History shows same complain last mnth. tightened fittings, leak test ok. readng close to dcs after job. notif made by ops, maint attended same shift."
10451211,40871211,2026-04-03,2026-04-05,2026-04-08,U400-DEETHANIZER-500,P-501A,reflux pump A,pump,P2,COMP,OPS+MECH,reflux_pump_degradation,seal leak,MECH_SEAL,SEAL,N,14.5,1241.62,"P-501A min flow hot, seal leak","B shift called for P-501A reflux pump A, low reflux seen during reflux pump degradation. Foud seal leak; seal face worn / dry run signs. opened strainer, cleaned black sludge. ops says ok for now. notif made by ops, maint attended same shift."
10451212,40871212,2026-04-08,2026-04-08,2026-04-08,U400-DEETHANIZER-500,FV-501,feed flow control valve,control_valve,P3,COMP,OPS+MECH,feed_temperature_ramp,stiction,STICK,PACKING,N,17.1,1480.57,FV-501 stiction asap,"A shift called for FV-501 feed flow control vavle, feed temp high seen during feed temperature ramp. Foud stiction; stem sticky and pos err. Could not get permit first time waiting area gas test. cleaned and put back online. ops says ok for now. notif made by ops, maint attended same shift."
10451213,40871213,2026-04-06,2026-04-07,2026-04-12,U400-DEETHANIZER-500,P-501A,reflux pump A,pump,P2,TECO,VALVE,reflux_pump_degradation,motor trip,MOTOR,ELEC,N,8.1,4409.51,"P-501A pump vib, motor trip","days called for P-501A reflux pump A, low reflux seen during reflux pump degradation. Foud motor trip; overload trip after upset. swapped to standby and repaired. temp repair only, plan shutdown job. notif made by ops, maint attended same shift."
10451214,40871214,2026-04-07,2026-04-07,2026-04-08,U400-DEETHANIZER-500,FT-501,feed flow transmitter,instrument,P2,CLSD,E&I,feed_flow_step,range err,SPAN,CAL,N,13.7,6057.54,chk FT-501 - range err frm ops,"A shift called for FT-501 feed flow transmitter, fic hunting seen during feed flow step. Foud range err; span shifted. Could not get permit first time waiting area gas test. calibrated, loop checked with CCR. readng close to dcs after job. notif made by ops, maint attended same shift."
10451215,40871215,2026-04-08,2026-04-09,2026-04-09,U400-DEETHANIZER-500,FT-501,feed flow transmitter,instrument,P3,COMP,INST,reboiler_duty_loss,range err,SPAN,CAL,N,13.6,1813.6,FT-501 range err pls chk,"C shift called for FT-501 feed flow transmitter, steam/hm vavle no resp seen during reboiler duty loss. Foud range err; span shifted. cleaned and put back online. no leak at handover. notif made by ops, maint attended same shift."
10451216,40871216,2026-04-09,2026-04-10,2026-04-10,U400-DEETHANIZER-500,LV-502,bottoms level valve,control_valve,P2,COMP,ANLYZR,valve_stiction,hunting loop,CTRL_OSC,TUNE,N,17.6,6182.1,"LV-502 air leak, hunting loop","C shift called for LV-502 bottoms level valve, position bad seen during valve stiction. Foud hunting loop; bad response after upset. flushed impulse/sample line. ops says ok for now. notif made by ops, maint attended same shift."
10451217,40871217,2026-04-12,2026-04-14,2026-04-19,U400-DEETHANIZER-500,TT-503,reboiler outlet temperature tx,instrument,P4,TECO,E&I,pressure_control_fault,no signal,NO_SIGNAL,ELEC,N,2.3,5227.95,TT-503 no signal after upset,"A shift called for TT-503 reboiler outlet temperature tx, flare valve checked seen during pressure control fault. Foud no signal; 24v or card issue. reset trip and monitored for 2 hrs. need watch next feed swing. notif made by ops, maint attended same shift."
10451218,40871218,2026-04-14,2026-04-15,2026-04-15,U400-DEETHANIZER-500,FT-501,feed flow transmitter,instrument,P3,CLSD,E&I,feed_flow_step,no signal,NO_SIGNAL,ELEC,N,3.2,1159.69,"FT-501 c2 recov down, no signal","A shift called for FT-501 feed flow transmitter, column dp high seen during feed flow step. Foud no signal; 24v or card issue. swapped to standby and repaired. readng close to dcs after job. notif made by ops, maint attended same shift."
10451219,40871219,2026-04-16,2026-04-18,2026-04-25,U400-DEETHANIZER-500,E-503,feed bottoms exchanger,exchanger,P3,TECO,ROT,reboiler_duty_loss,plugged pass,PLUG,FOUL,N,15.7,153.34,"E-503 steam/hm vavle no resp, plugged pass","night called for E-503 feed bottoms exchanger, tray temp low seen during reboiler duty loss. Foud plugged pass; flow restricted. Tag plate dirty, confirmd by line up with panel. stroke tested, response better. no leak at handover. notif made by ops, maint attended same shift."
10451220,40871220,2026-04-15,2026-04-15,2026-04-16,U400-DEETHANIZER-500,TT-501B,sensitive tray temperature tx,instrument,P3,COMP,E&I,reboiler_duty_loss,impulse plugged,PLUG,PROCESS,N,4.2,5619.43,"TT-501B impulse plugged again, prod upset","C shift called for TT-501B sensitive tray temperature tx, steam/hm valve no resp seen during reboiler duty loss. Foud impulse plugged; tap/line dirty. History shows same complain last mnth. replaced positioner tubing and retuned small. need watch next feed swing. notif made by ops, maint attended same shift."
10451221,40871221,2026-04-18,2026-04-19,2026-04-21,U400-DEETHANIZER-500,E-503,feed bottoms exchanger,exchanger,P4,COMP,OPS+MECH,feed_flow_step,temp approach bad,PERF,FOUL,N,6.6,8396.11,"E-503 temp approach bad again, prod upset","C shift called for E-503 feed bottoms exchanger, fic hunting seen during feed flow step. Foud temp approach bad; heat transfer loss. Tag plate dirty, confirmd by line up with panel. swapped to standby and repaired. ops says ok for now. notif made by ops, maint attended same shift."
10451222,40871222,2026-04-18,2026-04-19,2026-04-19,U400-DEETHANIZER-500,TT-503,reboiler outlet temperature tx,instrument,P4,CLSD,OPS+INST,reboiler_duty_loss,loose wire,SIGNAL,ELEC,N,10.2,5144.87,"TT-503 loose wire again, prod upset","C shift called for TT-503 reboiler outlet temperature tx, steam/hm valve no resp seen during reboiler duty loss. Foud loose wire; term loose. tightened fittings, leak test ok. unit stable now. notif made by ops, maint attended same shift."
10451223,40871223,2026-04-23,2026-04-24,2026-04-25,U400-DEETHANIZER-500,PV-501,column pressure control valve,control_valve,P3,TECO,MECH,condenser_fouling,stiction,STICK,PACKING,N,14.3,4449.14,"PV-501 stiction again, prod upset","A shift called for PV-501 column pressure control vavle, drum temp hi seen during condnsr fouling. Foud stiction; stem sticky and pos err. Could not get permit first time waiting area gas test. swapped to standby and repaired. still little hunting but acceptable. notif made by ops, maint attended same shift."
10451224,40871224,2026-04-25,2026-04-25,2026-04-28,U400-DEETHANIZER-500,TV-501,reboiler hot medium valve,control_valve,P3,CLSD,MECH,valve_stiction,hunting loop,CTRL_OSC,TUNE,N,11.0,1502.19,"TV-501 hunting loop again, prod upset","days called for TV-501 rebiler hot medium valve, loop cycling seen during valve stiction. Foud hunting loop; bad response after upset. Line was hot so job done slow and with ops standing by. cleaned and put back online. unit stable now. notif made by ops, maint attended same shift."
10451225,40871225,2026-04-23,2026-04-24,2026-04-25,U400-DEETHANIZER-500,LV-501,reflux drum level valve,control_valve,P3,CLSD,E&I,valve_stiction,hunting loop,CTRL_OSC,TUNE,N,9.9,364.88,"LV-501 op jumps, hunting loop","C shift called for LV-501 reflux drum level valve, air leak seen during valve stiction. Foud hunting loop; bad response after upset. History shows same complain last mnth. cleaned and put back online. need watch next feed swing. notif made by ops, maint attended same shift."
10451226,40871226,2026-04-26,2026-04-28,2026-04-29,U400-DEETHANIZER-500,FV-501,feed flow control valve,control_valve,P1,COMP,ANLYZR,valve_stiction,not stroking,NO_TRAVEL,ACT,Y,23.1,2731.38,chk FV-501 - not stroking frm ops,"night called for FV-501 feed flow control vavle, op jumps seen during vavle stiction. Foud not stroking; actuator weak. Line was hot so job done slow and with ops standing by. opened strainer, cleaned black sludge. no leak at handover. notif made by ops, maint attended same shift."
10451227,40871227,2026-04-28,2026-04-28,2026-04-30,U400-DEETHANIZER-500,FV-501,feed flow control valve,control_valve,P2,TECO,OPS+INST,valve_stiction,passing,LEAK_BY,SEAT,Y,14.2,4479.56,FV-501 passing bad,"A shift called for FV-501 feed flow control valve, position bad seen during valve stiction. Foud passing; seat leak by. replaced positioner tubing and retuned small. need watch next feed swing. notif made by ops, maint attended same shift."
10451228,40871228,2026-04-29,2026-05-01,2026-05-01,U400-DEETHANIZER-500,PSV-502,reflux drum relief valve,relief,P3,CLSD,ROT,normal_wear,seat passing,LEAK_BY,SEAT,N,13.8,23.72,PSV-502 seat passing chk & revert,"days called for PSV-502 reflux drum relief valve, plugged impulse seen during normal wear. Foud seat passing; tail pipe warm. calibrated, loop checked with CCR. ops says ok for now. notif made by ops, maint attended same shift."
10451229,40871229,2026-04-30,2026-04-30,2026-05-02,U400-DEETHANIZER-500,E-501,deethanizer reboiler,reboiler,P3,CLSD,ROT,feed_composition_shift,circ poor,NO_FLOW,PLUG,N,10.6,16638.62,"E-501 c3 in feed hi, circ poor","A shift called for E-501 deethanizer reboiler, anlyzr off seen during feed composition shift. Foud circ poor; blocked inlet screen. flushed impulse/sample line. no leak at handover. notif made by ops, maint attended same shift."
10451230,40871230,2026-05-04,2026-05-04,2026-05-07,U400-DEETHANIZER-500,E-501,deethanizer reboiler,reboiler,P4,CLSD,ANLYZR,valve_stiction,fouled bundle,FOULING,PROCESS,N,6.7,6609.5,"E-501 position bad, fouled bundle","days called for E-501 deethanizer reboiler, loop cycling seen during valve stiction. Foud fouled bundle; bottoms side dirty. stroke tested, response better. readng close to dcs after job. notif made by ops, maint attended same shift."
10451231,40871231,2026-05-06,2026-05-08,2026-05-08,U400-DEETHANIZER-500,E-503,feed bottoms exchanger,exchanger,P3,CLSD,ANLYZR,feed_temperature_ramp,tube fouling,FOULING,PROCESS,N,17.9,12670.93,E-503 tube fouling noisy,"days called for E-503 feed bottoms exchanger, ovhd press moving seen during feed temperature ramp. Foud tube fouling; duty low, delta t poor. replaced positioner tubing and retuned small. readng close to dcs after job. notif made by ops, maint attended same shift."
10451232,40871232,2026-05-04,2026-05-04,2026-05-04,U400-DEETHANIZER-500,E-502,deethanizer overhead condenser,condenser,P1,CLSD,OPS+MECH,condenser_fouling,tube leak sus,LEAK,TUBE,N,3.1,11499.61,"E-502 drum temp hi, tube leak sus","night called for E-502 deethanizer overhead condenser, cond not pullng seen during condenser fouling. Foud tube leak sus; hydrotest reqd. Could not get permit first time waiting area gas test. opened strainer, cleaned black sludge. temp repair only, plan shutdown job. notif made by ops, maint attended same shift."
10451233,40871233,2026-05-06,2026-05-06,2026-05-09,U400-DEETHANIZER-500,PV-501,column pressure control valve,control_valve,P4,TECO,ANLYZR,valve_stiction,stiction,STICK,PACKING,N,10.2,2264.71,PV-501 stiction temp fix,"A shift called for PV-501 colmn press control valve, loop cycling seen during valve stiction. Foud stiction; stem sticky and pos err. opened strainer, cleaned black sludge. no leak at handover. notif made by ops, maint attended same shift."
10451234,40871234,2026-05-09,2026-05-10,2026-05-15,U400-DEETHANIZER-500,P-501A,reflux pump A,pump,P2,COMP,OPS+INST,reflux_pump_degradation,seal leak,MECH_SEAL,SEAL,N,6.4,13460.63,chk P-501A - seal leak frm ops,"B shift called for P-501A reflux pump A, disch press low seen during reflux pump degradation. Foud seal leak; seal face worn / dry run signs. History shows same complain last mnth. opened strainer, cleaned black sludge. no leak at handover. notif made by ops, maint attended same shift."
10451235,40871235,2026-05-12,2026-05-12,2026-05-13,U400-DEETHANIZER-500,P-501B,reflux pump B,pump,P2,COMP,INST,feed_flow_step,bearing hot,BRG,WEAR,N,10.7,16133.0,"P-501B bearing hot again, prod upset","C shift called for P-501B reflux pump B, c2 recov down seen during feed flow step. Foud bearing hot; brg rough, lube dark. Could not get permit first time waiting area gas test. opened strainer, cleaned black sludge. readng close to dcs after job. notif made by ops, maint attended same shift."
10451236,40871236,2026-05-09,2026-05-11,2026-05-12,U400-DEETHANIZER-500,FT-502,reflux flow transmitter,instrument,P2,CLSD,E&I,reflux_pump_degradation,bad reading,DRIFT,CAL,N,14.2,5218.72,FT-502 not ok after reflux pump degradation,"A shift called for FT-502 reflux flow tx, min flow hot seen during reflux pump degradation. Foud bad reading; needs calib. cleaned and put back online. unit stable now. notif made by ops, maint attended same shift."
10451237,40871237,2026-05-13,2026-05-14,2026-05-14,U400-DEETHANIZER-500,TT-501B,sensitive tray temperature tx,instrument,P3,COMP,ANLYZR,valve_stiction,bad reading,DRIFT,CAL,N,8.0,2808.17,TT-501B not ok after valve stiction,"days called for TT-501B sensitive tray temperature tx, op jumps seen during valve stiction. Foud bad reading; needs calib. stroke tested, response better. unit stable now. notif made by ops, maint attended same shift."
10451238,40871238,2026-05-17,2026-05-19,2026-05-20,U400-DEETHANIZER-500,TT-501B,sensitive tray temperature tx,instrument,P2,CLSD,OPS+INST,feed_temperature_ramp,no signal,NO_SIGNAL,ELEC,N,17.3,3037.14,"TT-501B spec off, no signal","A shift called for TT-501B sensitive tray temperature tx, ovhd press moving seen during feed temperature ramp. Foud no signal; 24v or card issue. changed gasket and boxed up. need watch next feed swing. notif made by ops, maint attended same shift."
10451239,40871239,2026-05-18,2026-05-18,2026-05-20,U400-DEETHANIZER-500,XV-501,feed shutdown valve,shutdown_valve,P3,COMP,ANLYZR,condenser_fouling,limit sw bad,ZSO_ZSC,ELEC,N,17.1,5948.38,chk XV-501 - limit sw bad frm ops,"A shift called for XV-501 feed shutdown valve, cw dt low seen during condenser fouling. Foud limit sw bad; feedback mismatch. flushed impulse/sample line. readng close to dcs after job. notif made by ops, maint attended same shift."
10451240,40871240,2026-05-15,2026-05-15,2026-05-16,U400-DEETHANIZER-500,TV-501,reboiler hot medium valve,control_valve,P3,COMP,ANLYZR,feed_temperature_ramp,air leak,AIR_LEAK,TUBING,N,16.2,5294.16,"TV-501 tray temp drift, air leak","B shift called for TV-501 reboiler hot medium valve, tray temp drift seen during feed temperature ramp. Foud air leak; positioner supply drop. Could not get permit first time waiting area gas test. cleaned and put back online. need watch next feed swing. notif made by ops, maint attended same shift."
10451241,40871241,2026-05-20,2026-05-21,2026-05-23,U400-DEETHANIZER-500,TT-501B,sensitive tray temperature tx,instrument,P4,COMP,E&I,reboiler_duty_loss,impulse plugged,PLUG,PROCESS,N,16.5,4310.35,"TT-501B tray temp low, impulse plugged","B shift called for TT-501B sensitive tray temperature tx, c2 in btm seen during rebiler duty loss. Foud impulse plugged; tap/line dirty. cleaned and put back online. temp repair only, plan shutdown job. notif made by ops, maint attended same shift."
10451242,40871242,2026-05-17,2026-05-18,2026-05-19,U400-DEETHANIZER-500,FV-501,feed flow control valve,control_valve,P2,CLSD,ANLYZR,valve_stiction,stiction,STICK,PACKING,N,11.0,2419.36,chk FV-501 - stiction frm ops,"C shift called for FV-501 feed flow control valve, air leak seen during valve stiction. Foud stiction; stem sticky and pos err. Tag plate dirty, confirmd by line up with panel. tightened fittings, leak test ok. unit stable now. notif made by ops, maint attended same shift."
10451243,40871243,2026-05-21,2026-05-21,2026-05-22,U400-DEETHANIZER-500,TT-503,reboiler outlet temperature tx,instrument,P3,COMP,OPS+INST,reboiler_duty_loss,loose wire,SIGNAL,ELEC,N,10.0,646.62,TT-503 loose wire after upset,"C shift called for TT-503 reboiler outlet temperature tx, rb circ cold seen during reboiler duty loss. Foud loose wire; term loose. tightened fittings, leak test ok. ops says ok for now. notif made by ops, maint attended same shift."
10451244,40871244,2026-05-23,2026-05-24,2026-05-26,U400-DEETHANIZER-500,E-501,deethanizer reboiler,reboiler,P2,CLSD,VALVE,condenser_fouling,rb leak,LEAK,GASKET,N,15.9,3743.1,"E-501 cw dt low, rb leak","C shift called for E-501 deethanizer reboiler, pic wide open seen during condenser fouling. Foud rb leak; channel flange weep. swapped to standby and repaired. temp repair only, plan shutdown job. notif made by ops, maint attended same shift."
10451245,40871245,2026-05-22,2026-05-22,2026-05-22,U400-DEETHANIZER-500,PT-501,column overhead pressure tx,instrument,P3,TECO,E&I,pressure_control_fault,loose wire,SIGNAL,ELEC,N,10.1,3551.06,chk PT-501 - loose wire frm ops,"C shift called for PT-501 column overhead pressure tx, flare valve checked seen during pressure control fault. Foud loose wire; term loose. changed gasket and boxed up. still little hunting but acceptable. notif made by ops, maint attended same shift."
10451246,40871246,2026-05-24,2026-05-26,2026-05-27,U400-DEETHANIZER-500,FV-501,feed flow control valve,control_valve,P2,CLSD,ROT,feed_flow_step,passing,LEAK_BY,SEAT,Y,10.3,5115.66,FV-501 passing temp fix,"B shift called for FV-501 feed flow control vavle, column dp high seen during feed flow step. Foud passing; seat leak by. tightened fittings, leak test ok. ops says ok for now. notif made by ops, maint attended same shift."
10451247,40871247,2026-05-30,2026-05-31,2026-05-31,U400-DEETHANIZER-500,TV-501,reboiler hot medium valve,control_valve,P1,COMP,VALVE,valve_stiction,stiction,STICK,PACKING,Y,21.4,2745.95,"TV-501 stiction again, prod upset","A shift called for TV-501 reboiler hot medium valve, air leak seen during valve stiction. Foud stiction; stem sticky and pos err. changed gasket and boxed up. temp repair only, plan shutdown job. notif made by ops, maint attended same shift."
10451248,40871248,2026-05-31,2026-06-01,2026-05-31,U400-DEETHANIZER-500,P-501B,reflux pump B,pump,P3,COMP,ANLYZR,reflux_pump_degradation,bearing hot,BRG,WEAR,N,7.6,16570.28,chk P-501B - bearing hot frm ops,"days called for P-501B reflux pump B, seal weep seen during reflux pump degradation. Foud bearing hot; brg rough, lube dark. flushed impulse/sample line. ops says ok for now. notif made by ops, maint attended same shift."
10451249,40871249,2026-05-28,2026-05-28,2026-05-29,U400-DEETHANIZER-500,E-502,deethanizer overhead condenser,condenser,P3,TECO,INST,feed_composition_shift,tv no travel,VALVE,STICK,N,17.9,6434.41,chk E-502 - tv no travel frm ops,"B shift called for E-502 deethanizer overhead condenser, btm heavy seen during feed composition shift. Foud tv no travel; cooling valve stuck. Line was hot so job done slow and with ops standing by. opened strainer, cleaned black sludge. temp repair only, plan shutdown job. notif made by ops, maint attended same shift."
10451250,40871250,2026-05-31,2026-06-01,2026-05-31,U400-DEETHANIZER-500,P-501B,reflux pump B,pump,P2,COMP,E&I,pressure_control_fault,vib high,VIB,ALIGN,N,8.6,13930.86,chk P-501B - vib high frm ops,"C shift called for P-501B rflx pump B, pic unstable seen during pressure control fault. Foud vib high; coupling align or cavitation. tightened fittings, leak test ok. readng close to dcs after job. notif made by ops, maint attended same shift."
