  0
SECTION
  2
HEADER
  9
$ACADVER
  1
AC1024
  9
$ACADMAINTVER
 70
6
  9
$DWGCODEPAGE
  3
ANSI_1252
  9
$LASTSAVEDBY
  1
ezdxf
  9
$INSBASE
 10
0.0
 20
0.0
 30
0.0
  9
$EXTMIN
 10
1e+20
 20
1e+20
 30
1e+20
  9
$EXTMAX
 10
-1e+20
 20
-1e+20
 30
-1e+20
  9
$LIMMIN
 10
0.0
 20
0.0
  9
$LIMMAX
 10
420.0
 20
297.0
  9
$ORTHOMODE
 70
0
  9
$REGENMODE
 70
1
  9
$FILLMODE
 70
1
  9
$QTEXTMODE
 70
0
  9
$MIRRTEXT
 70
1
  9
$LTSCALE
 40
1.0
  9
$ATTMODE
 70
1
  9
$TEXTSIZE
 40
2.5
  9
$TRACEWID
 40
1.0
  9
$TEXTSTYLE
  7
OpenSans
  9
$CLAYER
  8
0
  9
$CELTYPE
  6
ByLayer
  9
$CECOLOR
 62
256
  9
$CELTSCALE
 40
1.0
  9
$DISPSILH
 70
0
  9
$DIMSCALE
 40
1.0
  9
$DIMASZ
 40
0.175
  9
$DIMEXO
 40
0.125
  9
$DIMDLI
 40
3.75
  9
$DIMRND
 40
0.0
  9
$DIMDLE
 40
0.0
  9
$DIMEXE
 40
0.375
  9
$DIMTP
 40
0.0
  9
$DIMTM
 40
0.0
  9
$DIMTXT
 40
0.25
  9
$DIMCEN
 40
2.5
  9
$DIMTSZ
 40
0.0
  9
$DIMTOL
 70
0
  9
$DIMLIM
 70
0
  9
$DIMTIH
 70
0
  9
$DIMTOH
 70
0
  9
$DIMSE1
 70
0
  9
$DIMSE2
 70
0
  9
$DIMTAD
 70
1
  9
$DIMZIN
 70
12
  9
$DIMBLK
  1
ARCHTICK
  9
$DIMASO
 70
1
  9
$DIMSHO
 70
1
  9
$DIMPOST
  1

  9
$DIMAPOST
  1

  9
$DIMALT
 70
0
  9
$DIMALTD
 70
3
  9
$DIMALTF
 40
0.03937007874
  9
$DIMLFAC
 40
100.0
  9
$DIMTOFL
 70
1
  9
$DIMTVP
 40
0.0
  9
$DIMTIX
 70
0
  9
$DIMSOXD
 70
0
  9
$DIMSAH
 70
0
  9
$DIMBLK1
  1

  9
$DIMBLK2
  1

  9
$DIMSTYLE
  2
EZDXF
  9
$DIMCLRD
 70
0
  9
$DIMCLRE
 70
0
  9
$DIMCLRT
 70
0
  9
$DIMTFAC
 40
0.5
  9
$DIMGAP
 40
0.1
  9
$DIMJUST
 70
0
  9
$DIMSD1
 70
0
  9
$DIMSD2
 70
0
  9
$DIMTOLJ
 70
0
  9
$DIMTZIN
 70
8
  9
$DIMALTZ
 70
0
  9
$DIMALTTZ
 70
0
  9
$DIMUPT
 70
1
  9
$DIMDEC
 70
2
  9
$DIMTDEC
 70
2
  9
$DIMALTU
 70
2
  9
$DIMALTTD
 70
3
  9
$DIMTXSTY
  7
OpenSansCondensed-Light
  9
$DIMAUNIT
 70
0
  9
$DIMADEC
 70
2
  9
$DIMALTRND
 40
0.0
  9
$DIMAZIN
 70
3
  9
$DIMDSEP
 70
46
  9
$DIMATFIT
 70
3
  9
$DIMFRAC
 70
0
  9
$DIMLDRBLK
  1

  9
$DIMLUNIT
 70
2
  9
$DIMLWD
 70
-2
  9
$DIMLWE
 70
-2
  9
$DIMTMOVE
 70
2
  9
$DIMFXL
 40
1.0
  9
$DIMFXLON
 70
0
  9
$DIMJOGANG
 40
0.785398163397
  9
$DIMTFILL
 70
0
  9
$DIMTFILLCLR
 70
0
  9
$DIMARCSYM
 70
0
  9
$DIMLTYPE
  6

  9
$DIMLTEX1
  6

  9
$DIMLTEX2
  6

  9
$DIMTXTDIRECTION
 70
0
  9
$LUNITS
 70
2
  9
$LUPREC
 70
4
  9
$SKETCHINC
 40
1.0
  9
$FILLETRAD
 40
10.0
  9
$AUNITS
 70
0
  9
$AUPREC
 70
2
  9
$MENU
  1
.
  9
$ELEVATION
 40
0.0
  9
$PELEVATION
 40
0.0
  9
$THICKNESS
 40
0.0
  9
$LIMCHECK
 70
0
  9
$CHAMFERA
 40
0.0
  9
$CHAMFERB
 40
0.0
  9
$CHAMFERC
 40
0.0
  9
$CHAMFERD
 40
0.0
  9
$SKPOLY
 70
0
  9
$TDCREATE
 40
2461197.8003935185
  9
$TDUCREATE
 40
2458532.153996898
  9
$TDUPDATE
 40
2461197.8003935185
  9
$TDUUPDATE
 40
2458532.1544311
  9
$TDINDWG
 40
0.0
  9
$TDUSRTIMER
 40
0.0
  9
$USRTIMER
 70
1
  9
$ANGBASE
 50
0.0
  9
$ANGDIR
 70
0
  9
$PDMODE
 70
0
  9
$PDSIZE
 40
0.0
  9
$PLINEWID
 40
0.0
  9
$SPLFRAME
 70
0
  9
$SPLINETYPE
 70
6
  9
$SPLINESEGS
 70
8
  9
$HANDSEED
  5
60E
  9
$SURFTAB1
 70
6
  9
$SURFTAB2
 70
6
  9
$SURFTYPE
 70
6
  9
$SURFU
 70
6
  9
$SURFV
 70
6
  9
$UCSBASE
  2

  9
$UCSNAME
  2

  9
$UCSORG
 10
0.0
 20
0.0
 30
0.0
  9
$UCSXDIR
 10
1.0
 20
0.0
 30
0.0
  9
$UCSYDIR
 10
0.0
 20
1.0
 30
0.0
  9
$UCSORTHOREF
  2

  9
$UCSORTHOVIEW
 70
0
  9
$UCSORGTOP
 10
0.0
 20
0.0
 30
0.0
  9
$UCSORGBOTTOM
 10
0.0
 20
0.0
 30
0.0
  9
$UCSORGLEFT
 10
0.0
 20
0.0
 30
0.0
  9
$UCSORGRIGHT
 10
0.0
 20
0.0
 30
0.0
  9
$UCSORGFRONT
 10
0.0
 20
0.0
 30
0.0
  9
$UCSORGBACK
 10
0.0
 20
0.0
 30
0.0
  9
$PUCSBASE
  2

  9
$PUCSNAME
  2

  9
$PUCSORG
 10
0.0
 20
0.0
 30
0.0
  9
$PUCSXDIR
 10
1.0
 20
0.0
 30
0.0
  9
$PUCSYDIR
 10
0.0
 20
1.0
 30
0.0
  9
$PUCSORTHOREF
  2

  9
$PUCSORTHOVIEW
 70
0
  9
$PUCSORGTOP
 10
0.0
 20
0.0
 30
0.0
  9
$PUCSORGBOTTOM
 10
0.0
 20
0.0
 30
0.0
  9
$PUCSORGLEFT
 10
0.0
 20
0.0
 30
0.0
  9
$PUCSORGRIGHT
 10
0.0
 20
0.0
 30
0.0
  9
$PUCSORGFRONT
 10
0.0
 20
0.0
 30
0.0
  9
$PUCSORGBACK
 10
0.0
 20
0.0
 30
0.0
  9
$USERI1
 70
0
  9
$USERI2
 70
0
  9
$USERI3
 70
0
  9
$USERI4
 70
0
  9
$USERI5
 70
0
  9
$USERR1
 40
0.0
  9
$USERR2
 40
0.0
  9
$USERR3
 40
0.0
  9
$USERR4
 40
0.0
  9
$USERR5
 40
0.0
  9
$WORLDVIEW
 70
1
  9
$SHADEDGE
 70
3
  9
$SHADEDIF
 70
70
  9
$TILEMODE
 70
1
  9
$MAXACTVP
 70
64
  9
$PINSBASE
 10
0.0
 20
0.0
 30
0.0
  9
$PLIMCHECK
 70
0
  9
$PEXTMIN
 10
1e+20
 20
1e+20
 30
1e+20
  9
$PEXTMAX
 10
-1e+20
 20
-1e+20
 30
-1e+20
  9
$PLIMMIN
 10
0.0
 20
0.0
  9
$PLIMMAX
 10
420.0
 20
297.0
  9
$UNITMODE
 70
0
  9
$VISRETAIN
 70
1
  9
$PLINEGEN
 70
0
  9
$PSLTSCALE
 70
1
  9
$TREEDEPTH
 70
3020
  9
$CMLSTYLE
  2
Standard
  9
$CMLJUST
 70
0
  9
$CMLSCALE
 40
20.0
  9
$PROXYGRAPHICS
 70
1
  9
$MEASUREMENT
 70
1
  9
$CELWEIGHT
370
-1
  9
$ENDCAPS
280
0
  9
$JOINSTYLE
280
0
  9
$LWDISPLAY
290
0
  9
$INSUNITS
 70
6
  9
$HYPERLINKBASE
  1

  9
$STYLESHEET
  1

  9
$XEDIT
290
1
  9
$CEPSNTYPE
380
0
  9
$PSTYLEMODE
290
1
  9
$FINGERPRINTGUID
  2
{4207B612-F76D-4A38-B8B7-6A87B6CD16C4}
  9
$VERSIONGUID
  2
{6A8A8AED-8C53-42A2-BC10-AC06C8A02543}
  9
$EXTNAMES
290
1
  9
$PSVPSCALE
 40
0.0
  9
$OLESTARTUP
290
0
  9
$SORTENTS
280
127
  9
$INDEXCTL
280
0
  9
$HIDETEXT
280
1
  9
$XCLIPFRAME
280
1
  9
$HALOGAP
280
0
  9
$OBSCOLOR
 70
257
  9
$OBSLTYPE
280
0
  9
$INTERSECTIONDISPLAY
280
0
  9
$INTERSECTIONCOLOR
 70
257
  9
$DIMASSOC
280
2
  9
$PROJECTNAME
  1

  9
$CAMERADISPLAY
290
0
  9
$LENSLENGTH
 40
50.0
  9
$CAMERAHEIGHT
 40
0.0
  9
$STEPSPERSEC
 40
24.0
  9
$STEPSIZE
 40
100.0
  9
$3DDWFPREC
 40
2.0
  9
$PSOLWIDTH
 40
0.005
  9
$PSOLHEIGHT
 40
0.08
  9
$LOFTANG1
 40
1.570796326795
  9
$LOFTANG2
 40
1.570796326795
  9
$LOFTMAG1
 40
0.0
  9
$LOFTMAG2
 40
0.0
  9
$LOFTPARAM
 70
7
  9
$LOFTNORMALS
280
1
  9
$LATITUDE
 40
37.795
  9
$LONGITUDE
 40
-122.394
  9
$NORTHDIRECTION
 40
0.0
  9
$TIMEZONE
 70
-8000
  9
$LIGHTGLYPHDISPLAY
280
1
  9
$TILEMODELIGHTSYNCH
280
1
  9
$CMATERIAL
347
20
  9
$SOLIDHIST
280
0
  9
$SHOWHIST
280
1
  9
$DWFFRAME
280
2
  9
$DGNFRAME
280
2
  9
$REALWORLDSCALE
290
1
  9
$INTERFERECOLOR
 62
256
  9
$CSHADOW
280
0
  9
$SHADOWPLANELOCATION
 40
0.0
  0
ENDSEC
  0
SECTION
  2
CLASSES
  0
CLASS
  1
ACDBDICTIONARYWDFLT
  2
AcDbDictionaryWithDefault
  3
ObjectDBX Classes
 90
0
 91
0
280
0
281
0
  0
CLASS
  1
SUN
  2
AcDbSun
  3
SCENEOE
 90
1153
 91
0
280
0
281
0
  0
CLASS
  1
VISUALSTYLE
  2
AcDbVisualStyle
  3
ObjectDBX Classes
 90
4095
 91
0
280
0
281
0
  0
CLASS
  1
MATERIAL
  2
AcDbMaterial
  3
ObjectDBX Classes
 90
1153
 91
0
280
0
281
0
  0
CLASS
  1
SCALE
  2
AcDbScale
  3
ObjectDBX Classes
 90
1153
 91
0
280
0
281
0
  0
CLASS
  1
TABLESTYLE
  2
AcDbTableStyle
  3
ObjectDBX Classes
 90
4095
 91
0
280
0
281
0
  0
CLASS
  1
MLEADERSTYLE
  2
AcDbMLeaderStyle
  3
ACDB_MLEADERSTYLE_CLASS
 90
4095
 91
0
280
0
281
0
  0
CLASS
  1
DICTIONARYVAR
  2
AcDbDictionaryVar
  3
ObjectDBX Classes
 90
0
 91
0
280
0
281
0
  0
CLASS
  1
CELLSTYLEMAP
  2
AcDbCellStyleMap
  3
ObjectDBX Classes
 90
1152
 91
0
280
0
281
0
  0
CLASS
  1
MENTALRAYRENDERSETTINGS
  2
AcDbMentalRayRenderSettings
  3
SCENEOE
 90
1024
 91
0
280
0
281
0
  0
CLASS
  1
ACDBDETAILVIEWSTYLE
  2
AcDbDetailViewStyle
  3
ObjectDBX Classes
 90
1025
 91
0
280
0
281
0
  0
CLASS
  1
ACDBSECTIONVIEWSTYLE
  2
AcDbSectionViewStyle
  3
ObjectDBX Classes
 90
1025
 91
0
280
0
281
0
  0
CLASS
  1
RASTERVARIABLES
  2
AcDbRasterVariables
  3
ISM
 90
0
 91
0
280
0
281
0
  0
CLASS
  1
LAYOUT
  2
AcDbLayout
  3
ObjectDBX Classes
 90
0
 91
0
280
0
281
0
  0
CLASS
  1
ACDBPLACEHOLDER
  2
AcDbPlaceHolder
  3
ObjectDBX Classes
 90
0
 91
0
280
0
281
0
  0
ENDSEC
  0
SECTION
  2
TABLES
  0
TABLE
  2
VPORT
  5
8
330
0
100
AcDbSymbolTable
 70
1
  0
VPORT
  5
23
330
8
100
AcDbSymbolTableRecord
100
AcDbViewportTableRecord
  2
*Active
 70
0
 10
0.0
 20
0.0
 11
1.0
 21
1.0
 12
0.0
 22
0.0
 13
0.0
 23
0.0
 14
0.5
 24
0.5
 15
0.5
 25
0.5
 16
0.0
 26
0.0
 36
1.0
 17
0.0
 27
0.0
 37
0.0
 40
1000.0
 41
1.34
 42
50.0
 43
0.0
 44
0.0
 50
0.0
 51
0.0
 71
0
 72
1000
 73
1
 74
3
 75
0
 76
0
 77
0
 78
0
281
0
 65
0
146
0.0
  0
ENDTAB
  0
TABLE
  2
LTYPE
  5
2
330
0
100
AcDbSymbolTable
 70
23
  0
LTYPE
  5
24
330
2
100
AcDbSymbolTableRecord
100
AcDbLinetypeTableRecord
  2
ByBlock
 70
0
  3

 72
65
 73
0
 40
0.0
  0
LTYPE
  5
25
330
2
100
AcDbSymbolTableRecord
100
AcDbLinetypeTableRecord
  2
ByLayer
 70
0
  3

 72
65
 73
0
 40
0.0
  0
LTYPE
  5
26
330
2
100
AcDbSymbolTableRecord
100
AcDbLinetypeTableRecord
  2
Continuous
 70
0
  3

 72
65
 73
0
 40
0.0
  0
LTYPE
  5
2F
330
2
100
AcDbSymbolTableRecord
100
AcDbLinetypeTableRecord
  2
CENTER
 70
0
  3
Center ____ _ ____ _ ____ _ ____ _ ____ _ ____
 72
65
 73
4
 40
5.08
 49
3.175
 74
0
 49
-0.635
 74
0
 49
0.635
 74
0
 49
-0.635
 74
0
  0
LTYPE
  5
30
330
2
100
AcDbSymbolTableRecord
100
AcDbLinetypeTableRecord
  2
CENTERX2
 70
0
  3
Center (2x) ________  __  ________  __  ________
 72
65
 73
4
 40
8.89
 49
6.35
 74
0
 49
-0.635
 74
0
 49
1.27
 74
0
 49
-0.635
 74
0
  0
LTYPE
  5
31
330
2
100
AcDbSymbolTableRecord
100
AcDbLinetypeTableRecord
  2
CENTER2
 70
0
  3
Center (.5x) ____ _ ____ _ ____ _ ____ _ ____
 72
65
 73
4
 40
2.54
 49
1.587
 74
0
 49
-0.318
 74
0
 49
0.318
 74
0
 49
-0.318
 74
0
  0
LTYPE
  5
32
330
2
100
AcDbSymbolTableRecord
100
AcDbLinetypeTableRecord
  2
DASHED
 70
0
  3
Dashed __ __ __ __ __ __ __ __ __ __ __ __ __ _
 72
65
 73
2
 40
1.524
 49
1.27
 74
0
 49
-0.254
 74
0
  0
LTYPE
  5
33
330
2
100
AcDbSymbolTableRecord
100
AcDbLinetypeTableRecord
  2
DASHEDX2
 70
0
  3
Dashed (2x) ____  ____  ____  ____  ____  ____
 72
65
 73
2
 40
3.048
 49
2.54
 74
0
 49
-0.508
 74
0
  0
LTYPE
  5
34
330
2
100
AcDbSymbolTableRecord
100
AcDbLinetypeTableRecord
  2
DASHED2
 70
0
  3
Dashed (.5x) _ _ _ _ _ _ _ _ _ _ _ _ _ _
 72
65
 73
2
 40
0.762
 49
0.635
 74
0
 49
-0.127
 74
0
  0
LTYPE
  5
35
330
2
100
AcDbSymbolTableRecord
100
AcDbLinetypeTableRecord
  2
PHANTOM
 70
0
  3
Phantom ______  __  __  ______  __  __  ______
 72
65
 73
6
 40
6.35
 49
3.175
 74
0
 49
-0.635
 74
0
 49
0.635
 74
0
 49
-0.635
 74
0
 49
0.635
 74
0
 49
-0.635
 74
0
  0
LTYPE
  5
36
330
2
100
AcDbSymbolTableRecord
100
AcDbLinetypeTableRecord
  2
PHANTOMX2
 70
0
  3
Phantom (2x)____________    ____    ____    ____________
 72
65
 73
6
 40
10.795
 49
6.35
 74
0
 49
-0.635
 74
0
 49
1.27
 74
0
 49
-0.635
 74
0
 49
1.27
 74
0
 49
-0.635
 74
0
  0
LTYPE
  5
37
330
2
100
AcDbSymbolTableRecord
100
AcDbLinetypeTableRecord
  2
PHANTOM2
 70
0
  3
Phantom (.5x) ___ _ _ ___ _ _ ___ _ _ ___ _ _ ___
 72
65
 73
6
 40
3.175
 49
1.587
 74
0
 49
-0.318
 74
0
 49
0.318
 74
0
 49
-0.318
 74
0
 49
0.318
 74
0
 49
-0.318
 74
0
  0
LTYPE
  5
38
330
2
100
AcDbSymbolTableRecord
100
AcDbLinetypeTableRecord
  2
DASHDOT
 70
0
  3
Dash dot __ . __ . __ . __ . __ . __ . __ . __
 72
65
 73
4
 40
3.556
 49
2.54
 74
0
 49
-0.508
 74
0
 49
0.0
 74
0
 49
-0.508
 74
0
  0
LTYPE
  5
39
330
2
100
AcDbSymbolTableRecord
100
AcDbLinetypeTableRecord
  2
DASHDOTX2
 70
0
  3
Dash dot (2x) ____  .  ____  .  ____  .  ____
 72
65
 73
4
 40
6.096
 49
5.08
 74
0
 49
-0.508
 74
0
 49
0.0
 74
0
 49
-0.508
 74
0
  0
LTYPE
  5
3A
330
2
100
AcDbSymbolTableRecord
100
AcDbLinetypeTableRecord
  2
DASHDOT2
 70
0
  3
Dash dot (.5x) _ . _ . _ . _ . _ . _ . _ . _
 72
65
 73
4
 40
1.778
 49
1.27
 74
0
 49
-0.254
 74
0
 49
0.0
 74
0
 49
-0.254
 74
0
  0
LTYPE
  5
3B
330
2
100
AcDbSymbolTableRecord
100
AcDbLinetypeTableRecord
  2
DOT
 70
0
  3
Dot .  .  .  .  .  .  .  .  .  .  .  .  .  .  .  .
 72
65
 73
2
 40
0.508
 49
0.0
 74
0
 49
-0.508
 74
0
  0
LTYPE
  5
3C
330
2
100
AcDbSymbolTableRecord
100
AcDbLinetypeTableRecord
  2
DOTX2
 70
0
  3
Dot (2x) .    .    .    .    .    .    .    . 
 72
65
 73
2
 40
1.016
 49
0.0
 74
0
 49
-1.016
 74
0
  0
LTYPE
  5
3D
330
2
100
AcDbSymbolTableRecord
100
AcDbLinetypeTableRecord
  2
DOT2
 70
0
  3
Dot (.5) . . . . . . . . . . . . . . . . . . . 
 72
65
 73
2
 40
0.254
 49
0.0
 74
0
 49
-0.254
 74
0
  0
LTYPE
  5
3E
330
2
100
AcDbSymbolTableRecord
100
AcDbLinetypeTableRecord
  2
DIVIDE
 70
0
  3
Divide __ . . __ . . __ . . __ . . __ . . __
 72
65
 73
6
 40
4.064
 49
2.54
 74
0
 49
-0.508
 74
0
 49
0.0
 74
0
 49
-0.508
 74
0
 49
0.0
 74
0
 49
-0.508
 74
0
  0
LTYPE
  5
3F
330
2
100
AcDbSymbolTableRecord
100
AcDbLinetypeTableRecord
  2
DIVIDEX2
 70
0
  3
Divide (2x) ____  . .  ____  . .  ____  . .  ____
 72
65
 73
6
 40
6.604
 49
5.08
 74
0
 49
-0.508
 74
0
 49
0.0
 74
0
 49
-0.508
 74
0
 49
0.0
 74
0
 49
-0.508
 74
0
  0
LTYPE
  5
40
330
2
100
AcDbSymbolTableRecord
100
AcDbLinetypeTableRecord
  2
DIVIDE2
 70
0
  3
Divide(.5x) _ . _ . _ . _ . _ . _ . _ . _
 72
65
 73
6
 40
2.032
 49
1.27
 74
0
 49
-0.254
 74
0
 49
0.0
 74
0
 49
-0.254
 74
0
 49
0.0
 74
0
 49
-0.254
 74
0
  0
LTYPE
  5
9D
330
2
100
AcDbSymbolTableRecord
100
AcDbLinetypeTableRecord
  2
DOTTED
 70
0
  3

 72
65
 73
2
 40
0.1
 49
0.01
 74
0
 49
-0.05
 74
0
  0
LTYPE
  5
9E
330
2
100
AcDbSymbolTableRecord
100
AcDbLinetypeTableRecord
  2
SHORT_DASH
 70
0
  3

 72
65
 73
2
 40
1.5
 49
1.0
 74
0
 49
-0.5
 74
0
  0
ENDTAB
  0
TABLE
  2
LAYER
  5
1
330
0
100
AcDbSymbolTable
 70
21
  0
LAYER
  5
27
330
1
100
AcDbSymbolTableRecord
100
AcDbLayerTableRecord
  2
0
 70
0
 62
7
  6
Continuous
370
-3
390
13
347
21
  0
LAYER
  5
28
330
1
100
AcDbSymbolTableRecord
100
AcDbLayerTableRecord
  2
Defpoints
 70
0
 62
7
  6
Continuous
290
0
370
-3
390
13
347
21
  0
LAYER
  5
8A
330
1
100
AcDbSymbolTableRecord
100
AcDbLayerTableRecord
  2
BORDER
 70
0
 62
7
  6
Continuous
370
-3
390
13
347
21
  0
LAYER
  5
8B
330
1
100
AcDbSymbolTableRecord
100
AcDbLayerTableRecord
  2
TABLE
 70
0
 62
8
  6
Continuous
370
-3
390
13
347
21
  0
LAYER
  5
8C
330
1
100
AcDbSymbolTableRecord
100
AcDbLayerTableRecord
  2
TEXT
 70
0
 62
7
  6
Continuous
370
-3
390
13
347
21
  0
LAYER
  5
8D
330
1
100
AcDbSymbolTableRecord
100
AcDbLayerTableRecord
  2
EQUIPMENT
 70
0
 62
7
  6
Continuous
370
-3
390
13
347
21
  0
LAYER
  5
8E
330
1
100
AcDbSymbolTableRecord
100
AcDbLayerTableRecord
  2
SYMBOLS
 70
0
 62
7
  6
Continuous
370
-3
390
13
347
21
  0
LAYER
  5
8F
330
1
100
AcDbSymbolTableRecord
100
AcDbLayerTableRecord
  2
NOZZLES
 70
0
 62
7
  6
Continuous
370
-3
390
13
347
21
  0
LAYER
  5
90
330
1
100
AcDbSymbolTableRecord
100
AcDbLayerTableRecord
  2
PROCESS
 70
0
 62
7
  6
Continuous
370
-3
390
13
347
21
  0
LAYER
  5
91
330
1
100
AcDbSymbolTableRecord
100
AcDbLayerTableRecord
  2
UTILITY
 70
0
 62
8
  6
Continuous
370
-3
390
13
347
21
  0
LAYER
  5
92
330
1
100
AcDbSymbolTableRecord
100
AcDbLayerTableRecord
  2
FLARE
 70
0
 62
7
  6
Continuous
370
-3
390
13
347
21
  0
LAYER
  5
93
330
1
100
AcDbSymbolTableRecord
100
AcDbLayerTableRecord
  2
DRAIN
 70
0
 62
8
  6
Continuous
370
-3
390
13
347
21
  0
LAYER
  5
94
330
1
100
AcDbSymbolTableRecord
100
AcDbLayerTableRecord
  2
VALVES
 70
0
 62
7
  6
Continuous
370
-3
390
13
347
21
  0
LAYER
  5
95
330
1
100
AcDbSymbolTableRecord
100
AcDbLayerTableRecord
  2
INSTRUMENT
 70
0
 62
7
  6
Continuous
370
-3
390
13
347
21
  0
LAYER
  5
96
330
1
100
AcDbSymbolTableRecord
100
AcDbLayerTableRecord
  2
SIGNAL_ELECTRIC
 70
0
 62
8
  6
Continuous
370
-3
390
13
347
21
  0
LAYER
  5
97
330
1
100
AcDbSymbolTableRecord
100
AcDbLayerTableRecord
  2
SIGNAL_PNEUMATIC
 70
0
 62
8
  6
Continuous
370
-3
390
13
347
21
  0
LAYER
  5
98
330
1
100
AcDbSymbolTableRecord
100
AcDbLayerTableRecord
  2
SIGNAL_SOFTWARE
 70
0
 62
8
  6
Continuous
370
-3
390
13
347
21
  0
LAYER
  5
99
330
1
100
AcDbSymbolTableRecord
100
AcDbLayerTableRecord
  2
SIGNAL_SIS
 70
0
 62
8
  6
Continuous
370
-3
390
13
347
21
  0
LAYER
  5
9A
330
1
100
AcDbSymbolTableRecord
100
AcDbLayerTableRecord
  2
IMPULSE_LINE
 70
0
 62
8
  6
Continuous
370
-3
390
13
347
21
  0
LAYER
  5
9B
330
1
100
AcDbSymbolTableRecord
100
AcDbLayerTableRecord
  2
OFFPAGE
 70
0
 62
7
  6
Continuous
370
-3
390
13
347
21
  0
LAYER
  5
9C
330
1
100
AcDbSymbolTableRecord
100
AcDbLayerTableRecord
  2
QA_OVERLAY
 70
0
 62
2
  6
Continuous
370
-3
390
13
347
21
  0
ENDTAB
  0
TABLE
  2
STYLE
  5
5
330
0
100
AcDbSymbolTable
 70
26
  0
STYLE
  5
29
330
5
100
AcDbSymbolTableRecord
100
AcDbTextStyleTableRecord
  2
Standard
 70
0
 40
0.0
 41
1.0
 50
0.0
 71
0
 42
2.5
  3
txt
  4

  0
STYLE
  5
41
330
5
100
AcDbSymbolTableRecord
100
AcDbTextStyleTableRecord
  2
OpenSans-Light
 70
0
 40
0.0
 41
1.0
 50
0.0
 71
0
 42
2.5
  3
OpenSans-Light.ttf
  4

  0
STYLE
  5
42
330
5
100
AcDbSymbolTableRecord
100
AcDbTextStyleTableRecord
  2
OpenSans-Light-Italic
 70
0
 40
0.0
 41
1.0
 50
0.0
 71
0
 42
2.5
  3
OpenSans-LightItalic.ttf
  4

  0
STYLE
  5
43
330
5
100
AcDbSymbolTableRecord
100
AcDbTextStyleTableRecord
  2
OpenSans
 70
0
 40
0.0
 41
1.0
 50
0.0
 71
0
 42
2.5
  3
OpenSans-Regular.ttf
  4

  0
STYLE
  5
44
330
5
100
AcDbSymbolTableRecord
100
AcDbTextStyleTableRecord
  2
OpenSans-Italic
 70
0
 40
0.0
 41
1.0
 50
0.0
 71
0
 42
2.5
  3
OpenSans-Italic.ttf
  4

  0
STYLE
  5
45
330
5
100
AcDbSymbolTableRecord
100
AcDbTextStyleTableRecord
  2
OpenSans-SemiBold
 70
0
 40
0.0
 41
1.0
 50
0.0
 71
0
 42
2.5
  3
OpenSans-SemiBold.ttf
  4

  0
STYLE
  5
46
330
5
100
AcDbSymbolTableRecord
100
AcDbTextStyleTableRecord
  2
OpenSans-SemiBoldItalic
 70
0
 40
0.0
 41
1.0
 50
0.0
 71
0
 42
2.5
  3
OpenSans-SemiBoldItalic.ttf
  4

  0
STYLE
  5
47
330
5
100
AcDbSymbolTableRecord
100
AcDbTextStyleTableRecord
  2
OpenSans-Bold
 70
0
 40
0.0
 41
1.0
 50
0.0
 71
0
 42
2.5
  3
OpenSans-Bold.ttf
  4

  0
STYLE
  5
48
330
5
100
AcDbSymbolTableRecord
100
AcDbTextStyleTableRecord
  2
OpenSans-BoldItalic
 70
0
 40
0.0
 41
1.0
 50
0.0
 71
0
 42
2.5
  3
OpenSans-BoldItalic.ttf
  4

  0
STYLE
  5
49
330
5
100
AcDbSymbolTableRecord
100
AcDbTextStyleTableRecord
  2
OpenSans-ExtraBold
 70
0
 40
0.0
 41
1.0
 50
0.0
 71
0
 42
2.5
  3
OpenSans-ExtraBold.ttf
  4

  0
STYLE
  5
4A
330
5
100
AcDbSymbolTableRecord
100
AcDbTextStyleTableRecord
  2
OpenSans-ExtraBoldItalic
 70
0
 40
0.0
 41
1.0
 50
0.0
 71
0
 42
2.5
  3
OpenSans-ExtraBoldItalic.ttf
  4

  0
STYLE
  5
4B
330
5
100
AcDbSymbolTableRecord
100
AcDbTextStyleTableRecord
  2
OpenSansCondensed-Bold
 70
0
 40
0.0
 41
1.0
 50
0.0
 71
0
 42
2.5
  3
OpenSansCondensed-Bold.ttf
  4

  0
STYLE
  5
4C
330
5
100
AcDbSymbolTableRecord
100
AcDbTextStyleTableRecord
  2
OpenSansCondensed-Light
 70
0
 40
0.0
 41
1.0
 50
0.0
 71
0
 42
2.5
  3
OpenSansCondensed-Light.ttf
  4

  0
STYLE
  5
4D
330
5
100
AcDbSymbolTableRecord
100
AcDbTextStyleTableRecord
  2
OpenSansCondensed-Italic
 70
0
 40
0.0
 41
1.0
 50
0.0
 71
0
 42
2.5
  3
OpenSansCondensed-LightItalic.ttf
  4

  0
STYLE
  5
4E
330
5
100
AcDbSymbolTableRecord
100
AcDbTextStyleTableRecord
  2
LiberationSans
 70
0
 40
0.0
 41
1.0
 50
0.0
 71
0
 42
2.5
  3
LiberationSans-Regular.ttf
  4

  0
STYLE
  5
4F
330
5
100
AcDbSymbolTableRecord
100
AcDbTextStyleTableRecord
  2
LiberationSans-Bold
 70
0
 40
0.0
 41
1.0
 50
0.0
 71
0
 42
2.5
  3
LiberationSans-Bold.ttf
  4

  0
STYLE
  5
50
330
5
100
AcDbSymbolTableRecord
100
AcDbTextStyleTableRecord
  2
LiberationSans-BoldItalic
 70
0
 40
0.0
 41
1.0
 50
0.0
 71
0
 42
2.5
  3
LiberationSans-BoldItalic.ttf
  4

  0
STYLE
  5
51
330
5
100
AcDbSymbolTableRecord
100
AcDbTextStyleTableRecord
  2
LiberationSans-Italic
 70
0
 40
0.0
 41
1.0
 50
0.0
 71
0
 42
2.5
  3
LiberationSans-Italic.ttf
  4

  0
STYLE
  5
52
330
5
100
AcDbSymbolTableRecord
100
AcDbTextStyleTableRecord
  2
LiberationSerif
 70
0
 40
0.0
 41
1.0
 50
0.0
 71
0
 42
2.5
  3
LiberationSerif-Regular.ttf
  4

  0
STYLE
  5
53
330
5
100
AcDbSymbolTableRecord
100
AcDbTextStyleTableRecord
  2
LiberationSerif-Bold
 70
0
 40
0.0
 41
1.0
 50
0.0
 71
0
 42
2.5
  3
LiberationSerif-Bold.ttf
  4

  0
STYLE
  5
54
330
5
100
AcDbSymbolTableRecord
100
AcDbTextStyleTableRecord
  2
LiberationSerif-BoldItalic
 70
0
 40
0.0
 41
1.0
 50
0.0
 71
0
 42
2.5
  3
LiberationSerif-BoldItalic.ttf
  4

  0
STYLE
  5
55
330
5
100
AcDbSymbolTableRecord
100
AcDbTextStyleTableRecord
  2
LiberationSerif-Italic
 70
0
 40
0.0
 41
1.0
 50
0.0
 71
0
 42
2.5
  3
LiberationSerif-Italic.ttf
  4

  0
STYLE
  5
56
330
5
100
AcDbSymbolTableRecord
100
AcDbTextStyleTableRecord
  2
LiberationMono
 70
0
 40
0.0
 41
1.0
 50
0.0
 71
0
 42
2.5
  3
LiberationMono-Regular.ttf
  4

  0
STYLE
  5
57
330
5
100
AcDbSymbolTableRecord
100
AcDbTextStyleTableRecord
  2
LiberationMono-Bold
 70
0
 40
0.0
 41
1.0
 50
0.0
 71
0
 42
2.5
  3
LiberationMono-Bold.ttf
  4

  0
STYLE
  5
58
330
5
100
AcDbSymbolTableRecord
100
AcDbTextStyleTableRecord
  2
LiberationMono-BoldItalic
 70
0
 40
0.0
 41
1.0
 50
0.0
 71
0
 42
2.5
  3
LiberationMono-BoldItalic.ttf
  4

  0
STYLE
  5
59
330
5
100
AcDbSymbolTableRecord
100
AcDbTextStyleTableRecord
  2
LiberationMono-Italic
 70
0
 40
0.0
 41
1.0
 50
0.0
 71
0
 42
2.5
  3
LiberationMono-Italic.ttf
  4

  0
ENDTAB
  0
TABLE
  2
VIEW
  5
7
330
0
100
AcDbSymbolTable
 70
0
  0
ENDTAB
  0
TABLE
  2
UCS
  5
6
330
0
100
AcDbSymbolTable
 70
0
  0
ENDTAB
  0
TABLE
  2
APPID
  5
3
330
0
100
AcDbSymbolTable
 70
3
  0
APPID
  5
2A
330
3
100
AcDbSymbolTableRecord
100
AcDbRegAppTableRecord
  2
ACAD
 70
0
  0
APPID
  5
60B
330
3
100
AcDbSymbolTableRecord
100
AcDbRegAppTableRecord
  2
HATCHBACKGROUNDCOLOR
 70
0
  0
APPID
  5
60C
330
3
100
AcDbSymbolTableRecord
100
AcDbRegAppTableRecord
  2
EZDXF
 70
0
  0
ENDTAB
  0
TABLE
  2
DIMSTYLE
  5
4
330
0
100
AcDbSymbolTable
 70
12
100
AcDbDimStyleTable
  0
DIMSTYLE
105
2B
330
4
100
AcDbSymbolTableRecord
100
AcDbDimStyleTableRecord
  2
Standard
 70
0
 40
1.0
 41
2.5
 42
0.625
 43
3.75
 44
1.25
 45
0.0
 46
0.0
 47
0.0
 48
0.0
 49
2.5
140
2.5
141
2.5
142
0.0
143
0.03937007874
144
1.0
145
0.0
146
1.0
147
0.625
148
0.0
 69
0
 70
0
 71
0
 72
0
 73
0
 74
0
 75
0
 76
0
 77
1
 78
8
 79
3
170
0
171
3
172
1
173
0
174
0
175
0
176
0
177
0
178
0
179
2
271
2
272
2
273
2
274
3
275
0
276
0
277
2
278
44
279
0
280
0
281
0
282
0
283
0
284
8
285
0
286
0
288
0
289
3
290
0
371
-2
372
-2
  0
DIMSTYLE
105
73
330
4
100
AcDbSymbolTableRecord
100
AcDbDimStyleTableRecord
  2
EZDXF
 70
0
 40
1.0
 41
0.175
 42
0.125
 43
3.75
 44
0.375
 45
0.0
 46
0.0
 47
0.0
 48
0.0
 49
2.5
140
0.25
141
2.5
142
0.0
143
0.03937007874
144
100.0
145
0.0
146
0.5
147
0.1
148
0.0
 69
0
 70
0
 71
0
 72
0
 73
0
 74
0
 75
0
 76
0
 77
1
 78
12
 79
3
170
0
171
3
172
1
173
0
174
0
175
0
176
0
177
0
178
0
179
2
271
2
272
2
273
2
274
3
275
0
276
0
277
2
278
46
279
2
280
0
281
0
282
0
283
0
284
8
285
0
286
0
288
1
289
3
290
0
340
4C
342
74
371
-2
372
-2
  0
DIMSTYLE
105
7C
330
4
100
AcDbSymbolTableRecord
100
AcDbDimStyleTableRecord
  2
EZ_M_100_H25_CM
 70
0
 40
1.0
 41
0.25
 42
0.125
 43
3.75
 44
0.375
 45
0.0
 46
0.0
 47
0.0
 48
0.0
 49
2.5
140
0.25
141
2.5
142
0.125
143
0.03937007874
144
100.0
145
0.0
146
0.5
147
0.1
148
0.0
 69
0
 70
0
 71
0
 72
0
 73
0
 74
0
 75
0
 76
0
 77
1
 78
12
 79
3
170
0
171
3
172
1
173
0
174
0
175
0
176
0
177
0
178
0
179
2
271
2
272
2
273
2
274
3
275
0
276
0
277
2
278
46
279
2
280
0
281
0
282
0
283
0
284
8
285
0
286
0
288
1
289
3
290
0
340
4C
371
-2
372
-2
  0
DIMSTYLE
105
7D
330
4
100
AcDbSymbolTableRecord
100
AcDbDimStyleTableRecord
  2
EZ_M_50_H25_CM
 70
0
 40
1.0
 41
0.125
 42
0.0625
 43
3.75
 44
0.1875
 45
0.0
 46
0.0
 47
0.0
 48
0.0
 49
2.5
140
0.125
141
2.5
142
0.0625
143
0.03937007874
144
100.0
145
0.0
146
0.5
147
0.05
148
0.0
 69
0
 70
0
 71
0
 72
0
 73
0
 74
0
 75
0
 76
0
 77
1
 78
12
 79
3
170
0
171
3
172
1
173
0
174
0
175
0
176
0
177
0
178
0
179
2
271
2
272
2
273
2
274
3
275
0
276
0
277
2
278
46
279
2
280
0
281
0
282
0
283
0
284
8
285
0
286
0
288
1
289
3
290
0
340
4C
371
-2
372
-2
  0
DIMSTYLE
105
7E
330
4
100
AcDbSymbolTableRecord
100
AcDbDimStyleTableRecord
  2
EZ_M_25_H25_CM
 70
0
 40
1.0
 41
0.0625
 42
0.03125
 43
3.75
 44
0.09375
 45
0.0
 46
0.0
 47
0.0
 48
0.0
 49
2.5
140
0.0625
141
2.5
142
0.03125
143
0.03937007874
144
100.0
145
0.0
146
0.5
147
0.025
148
0.0
 69
0
 70
0
 71
0
 72
0
 73
0
 74
0
 75
0
 76
0
 77
1
 78
12
 79
3
170
0
171
3
172
1
173
0
174
0
175
0
176
0
177
0
178
0
179
2
271
2
272
2
273
2
274
3
275
0
276
0
277
2
278
46
279
2
280
0
281
0
282
0
283
0
284
8
285
0
286
0
288
1
289
3
290
0
340
4C
371
-2
372
-2
  0
DIMSTYLE
105
7F
330
4
100
AcDbSymbolTableRecord
100
AcDbDimStyleTableRecord
  2
EZ_M_20_H25_CM
 70
0
 40
1.0
 41
0.05
 42
0.025
 43
3.75
 44
0.07500000000000001
 45
0.0
 46
0.0
 47
0.0
 48
0.0
 49
2.5
140
0.05
141
2.5
142
0.025
143
0.03937007874
144
100.0
145
0.0
146
0.5
147
0.020000000000000004
148
0.0
 69
0
 70
0
 71
0
 72
0
 73
0
 74
0
 75
0
 76
0
 77
1
 78
12
 79
3
170
0
171
3
172
1
173
0
174
0
175
0
176
0
177
0
178
0
179
2
271
2
272
2
273
2
274
3
275
0
276
0
277
2
278
46
279
2
280
0
281
0
282
0
283
0
284
8
285
0
286
0
288
1
289
3
290
0
340
4C
371
-2
372
-2
  0
DIMSTYLE
105
80
330
4
100
AcDbSymbolTableRecord
100
AcDbDimStyleTableRecord
  2
EZ_M_10_H25_CM
 70
0
 40
1.0
 41
0.025
 42
0.0125
 43
3.75
 44
0.037500000000000006
 45
0.0
 46
0.0
 47
0.0
 48
0.0
 49
2.5
140
0.025
141
2.5
142
0.0125
143
0.03937007874
144
100.0
145
0.0
146
0.5
147
0.010000000000000002
148
0.0
 69
0
 70
0
 71
0
 72
0
 73
0
 74
0
 75
0
 76
0
 77
1
 78
12
 79
3
170
0
171
3
172
1
173
0
174
0
175
0
176
0
177
0
178
0
179
2
271
2
272
2
273
2
274
3
275
0
276
0
277
2
278
46
279
2
280
0
281
0
282
0
283
0
284
8
285
0
286
0
288
1
289
3
290
0
340
4C
371
-2
372
-2
  0
DIMSTYLE
105
81
330
4
100
AcDbSymbolTableRecord
100
AcDbDimStyleTableRecord
  2
EZ_M_5_H25_CM
 70
0
 40
1.0
 41
0.0125
 42
0.00625
 43
3.75
 44
0.018750000000000003
 45
0.0
 46
0.0
 47
0.0
 48
0.0
 49
2.5
140
0.0125
141
2.5
142
0.00625
143
0.03937007874
144
100.0
145
0.0
146
0.5
147
0.005000000000000001
148
0.0
 69
0
 70
0
 71
0
 72
0
 73
0
 74
0
 75
0
 76
0
 77
1
 78
12
 79
3
170
0
171
3
172
1
173
0
174
0
175
0
176
0
177
0
178
0
179
2
271
2
272
2
273
2
274
3
275
0
276
0
277
2
278
46
279
2
280
0
281
0
282
0
283
0
284
8
285
0
286
0
288
1
289
3
290
0
340
4C
371
-2
372
-2
  0
DIMSTYLE
105
82
330
4
100
AcDbSymbolTableRecord
100
AcDbDimStyleTableRecord
  2
EZ_M_1_H25_CM
 70
0
 40
1.0
 41
0.0025
 42
0.00125
 43
3.75
 44
0.00375
 45
0.0
 46
0.0
 47
0.0
 48
0.0
 49
2.5
140
0.0025
141
2.5
142
0.00125
143
0.03937007874
144
100.0
145
0.0
146
0.5
147
0.001
148
0.0
 69
0
 70
0
 71
0
 72
0
 73
0
 74
0
 75
0
 76
0
 77
1
 78
12
 79
3
170
0
171
3
172
1
173
0
174
0
175
0
176
0
177
0
178
0
179
2
271
2
272
2
273
2
274
3
275
0
276
0
277
2
278
46
279
2
280
0
281
0
282
0
283
0
284
8
285
0
286
0
288
1
289
3
290
0
340
4C
371
-2
372
-2
  0
DIMSTYLE
105
83
330
4
100
AcDbSymbolTableRecord
100
AcDbDimStyleTableRecord
  2
EZ_RADIUS
 70
0
 40
1.0
 41
0.25
 42
0.125
 43
3.75
 44
0.375
 45
0.0
 46
0.0
 47
0.0
 48
0.0
 49
2.5
140
0.25
141
0.0
142
0.0
143
0.03937007874
144
100.0
145
0.0
146
0.5
147
0.1
148
0.0
 69
0
 70
0
 71
0
 72
0
 73
0
 74
0
 75
0
 76
0
 77
1
 78
12
 79
3
170
0
171
3
172
0
173
0
174
0
175
0
176
0
177
0
178
0
179
2
271
2
272
2
273
2
274
3
275
0
276
0
277
2
278
46
279
1
280
0
281
0
282
0
283
0
284
8
285
0
286
0
288
1
289
3
290
0
340
4C
342
84
371
-2
372
-2
  0
DIMSTYLE
105
88
330
4
100
AcDbSymbolTableRecord
100
AcDbDimStyleTableRecord
  2
EZ_RADIUS_INSIDE
 70
0
 40
1.0
 41
0.25
 42
0.125
 43
3.75
 44
0.375
 45
0.0
 46
0.0
 47
0.0
 48
0.0
 49
2.5
140
0.25
141
0.0
142
0.0
143
0.03937007874
144
100.0
145
0.0
146
0.5
147
0.1
148
0.0
 69
0
 70
0
 71
0
 72
0
 73
0
 74
0
 75
0
 76
0
 77
0
 78
12
 79
3
170
0
171
3
172
0
173
0
174
1
175
0
176
0
177
0
178
0
179
2
271
2
272
2
273
2
274
3
275
0
276
0
277
2
278
46
279
0
280
0
281
0
282
0
283
0
284
8
285
0
286
0
288
1
289
0
290
0
340
4C
342
84
371
-2
372
-2
  0
DIMSTYLE
105
89
330
4
100
AcDbSymbolTableRecord
100
AcDbDimStyleTableRecord
  2
EZ_CURVED
 70
0
 40
1.0
 41
0.25
 42
0.125
 43
3.75
 44
0.375
 45
0.0
 46
0.0
 47
0.0
 48
0.0
 49
2.5
140
0.25
141
2.5
142
0.0
143
0.03937007874
144
100.0
145
0.0
146
0.5
147
0.1
148
0.0
 69
0
 70
0
 71
0
 72
0
 73
0
 74
0
 75
0
 76
0
 77
1
 78
12
 79
2
 90
2
170
0
171
3
172
1
173
0
174
0
175
0
176
0
177
0
178
0
179
2
271
2
272
2
273
2
274
3
275
0
276
0
277
2
278
46
279
2
280
0
281
0
282
0
283
0
284
8
285
0
286
0
288
1
289
3
290
0
340
4C
371
-2
372
-2
  0
ENDTAB
  0
TABLE
  2
BLOCK_RECORD
  5
9
330
0
100
AcDbSymbolTable
 70
24
  0
BLOCK_RECORD
  5
17
330
9
100
AcDbSymbolTableRecord
100
AcDbBlockTableRecord
  2
*Model_Space
340
1A
 70
0
280
1
281
0
  0
BLOCK_RECORD
  5
1B
330
9
100
AcDbSymbolTableRecord
100
AcDbBlockTableRecord
  2
*Paper_Space
340
1E
 70
0
280
1
281
0
  0
BLOCK_RECORD
  5
74
330
9
100
AcDbSymbolTableRecord
100
AcDbBlockTableRecord
  2
_ARCHTICK
340
0
 70
0
280
1
281
0
  0
BLOCK_RECORD
  5
78
330
9
100
AcDbSymbolTableRecord
100
AcDbBlockTableRecord
  2
_CLOSEDFILLED
340
0
 70
0
280
1
281
0
  0
BLOCK_RECORD
  5
84
330
9
100
AcDbSymbolTableRecord
100
AcDbBlockTableRecord
  2
_CLOSEDBLANK
340
0
 70
0
280
1
281
0
  0
BLOCK_RECORD
  5
9F
330
9
100
AcDbSymbolTableRecord
100
AcDbBlockTableRecord
  2
YAML_PID_ANALYZER
340
0
 70
0
280
1
281
0
  0
BLOCK_RECORD
  5
DE
330
9
100
AcDbSymbolTableRecord
100
AcDbBlockTableRecord
  2
YAML_PID_CENTRIFUGAL_PUMP
340
0
 70
0
280
1
281
0
  0
BLOCK_RECORD
  5
E8
330
9
100
AcDbSymbolTableRecord
100
AcDbBlockTableRecord
  2
YAML_PID_CHECK_VALVE
340
0
 70
0
280
1
281
0
  0
BLOCK_RECORD
  5
F6
330
9
100
AcDbSymbolTableRecord
100
AcDbBlockTableRecord
  2
YAML_PID_COLUMN_TRAYS
340
0
 70
0
280
1
281
0
  0
BLOCK_RECORD
  5
100
330
9
100
AcDbSymbolTableRecord
100
AcDbBlockTableRecord
  2
YAML_PID_CONTROL_VALVE
340
0
 70
0
280
1
281
0
  0
BLOCK_RECORD
  5
116
330
9
100
AcDbSymbolTableRecord
100
AcDbBlockTableRecord
  2
YAML_PID_DCS_CONTROLLER
340
0
 70
0
280
1
281
0
  0
BLOCK_RECORD
  5
129
330
9
100
AcDbSymbolTableRecord
100
AcDbBlockTableRecord
  2
YAML_PID_DEETHANIZER_COLUMN
340
0
 70
0
280
1
281
0
  0
BLOCK_RECORD
  5
12F
330
9
100
AcDbSymbolTableRecord
100
AcDbBlockTableRecord
  2
YAML_PID_FEED_BOTTOMS_EXCHANGER
340
0
 70
0
280
1
281
0
  0
BLOCK_RECORD
  5
13D
330
9
100
AcDbSymbolTableRecord
100
AcDbBlockTableRecord
  2
YAML_PID_FIELD_INSTRUMENT
340
0
 70
0
280
1
281
0
  0
BLOCK_RECORD
  5
148
330
9
100
AcDbSymbolTableRecord
100
AcDbBlockTableRecord
  2
YAML_PID_MANUAL_BLOCK_VALVE
340
0
 70
0
280
1
281
0
  0
BLOCK_RECORD
  5
14C
330
9
100
AcDbSymbolTableRecord
100
AcDbBlockTableRecord
  2
YAML_PID_NOZZLE
340
0
 70
0
280
1
281
0
  0
BLOCK_RECORD
  5
153
330
9
100
AcDbSymbolTableRecord
100
AcDbBlockTableRecord
  2
YAML_PID_OFFPAGE_CONNECTOR
340
0
 70
0
280
1
281
0
  0
BLOCK_RECORD
  5
15D
330
9
100
AcDbSymbolTableRecord
100
AcDbBlockTableRecord
  2
YAML_PID_OVERHEAD_CONDENSER
340
0
 70
0
280
1
281
0
  0
BLOCK_RECORD
  5
170
330
9
100
AcDbSymbolTableRecord
100
AcDbBlockTableRecord
  2
YAML_PID_REBOILER
340
0
 70
0
280
1
281
0
  0
BLOCK_RECORD
  5
17E
330
9
100
AcDbSymbolTableRecord
100
AcDbBlockTableRecord
  2
YAML_PID_REFLUX_DRUM
340
0
 70
0
280
1
281
0
  0
BLOCK_RECORD
  5
184
330
9
100
AcDbSymbolTableRecord
100
AcDbBlockTableRecord
  2
YAML_PID_RELIEF_VALVE
340
0
 70
0
280
1
281
0
  0
BLOCK_RECORD
  5
18D
330
9
100
AcDbSymbolTableRecord
100
AcDbBlockTableRecord
  2
YAML_PID_RESTRICTION_ORIFICE
340
0
 70
0
280
1
281
0
  0
BLOCK_RECORD
  5
193
330
9
100
AcDbSymbolTableRecord
100
AcDbBlockTableRecord
  2
YAML_PID_SAMPLE_POINT
340
0
 70
0
280
1
281
0
  0
BLOCK_RECORD
  5
1A7
330
9
100
AcDbSymbolTableRecord
100
AcDbBlockTableRecord
  2
YAML_PID_SHUTDOWN_VALVE
340
0
 70
0
280
1
281
0
  0
ENDTAB
  0
ENDSEC
  0
SECTION
  2
BLOCKS
  0
BLOCK
  5
18
330
17
100
AcDbEntity
  8
0
100
AcDbBlockBegin
  2
*Model_Space
 70
0
 10
0.0
 20
0.0
 30
0.0
  3
*Model_Space
  1

  0
ENDBLK
  5
19
330
17
100
AcDbEntity
  8
0
100
AcDbBlockEnd
  0
BLOCK
  5
1C
330
1B
100
AcDbEntity
  8
0
100
AcDbBlockBegin
  2
*Paper_Space
 70
0
 10
0.0
 20
0.0
 30
0.0
  3
*Paper_Space
  1

  0
ENDBLK
  5
1D
330
1B
100
AcDbEntity
  8
0
100
AcDbBlockEnd
  0
BLOCK
  5
75
330
74
100
AcDbEntity
  8
0
100
AcDbBlockBegin
  2
_ARCHTICK
 70
0
 10
0.0
 20
0.0
 30
0.0
  3
_ARCHTICK
  1

  0
LWPOLYLINE
  5
77
330
74
100
AcDbEntity
  8
0
  6
BYBLOCK
 62
0
100
AcDbPolyline
 90
2
 70
0
 43
0.15
 10
-0.5
 20
-0.5
 10
0.5
 20
0.5
  0
ENDBLK
  5
76
330
74
100
AcDbEntity
  8
0
100
AcDbBlockEnd
  0
BLOCK
  5
79
330
78
100
AcDbEntity
  8
0
100
AcDbBlockBegin
  2
_CLOSEDFILLED
 70
0
 10
0.0
 20
0.0
 30
0.0
  3
_CLOSEDFILLED
  1

  0
SOLID
  5
7B
330
78
100
AcDbEntity
  8
0
  6
BYBLOCK
 62
0
100
AcDbTrace
 10
-1.0
 20
0.16439898372402537
 30
0.0
 11
0.0
 21
0.0
 31
0.0
 12
-1.0
 22
-0.16439898372402537
 32
0.0
 13
-1.0
 23
-0.16439898372402537
 33
0.0
  0
ENDBLK
  5
7A
330
78
100
AcDbEntity
  8
0
100
AcDbBlockEnd
  0
BLOCK
  5
85
330
84
100
AcDbEntity
  8
0
100
AcDbBlockBegin
  2
_CLOSEDBLANK
 70
0
 10
0.0
 20
0.0
 30
0.0
  3
_CLOSEDBLANK
  1

  0
LWPOLYLINE
  5
87
330
84
100
AcDbEntity
  8
0
  6
BYBLOCK
 62
0
100
AcDbPolyline
 90
3
 70
1
 10
-1.0
 20
0.16439898372402537
 10
0.0
 20
0.0
 10
-1.0
 20
-0.16439898372402537
  0
ENDBLK
  5
86
330
84
100
AcDbEntity
  8
0
100
AcDbBlockEnd
  0
BLOCK
  5
A0
330
9F
100
AcDbEntity
  8
0
100
AcDbBlockBegin
  2
YAML_PID_ANALYZER
 70
0
 10
0.0
 20
0.0
 30
0.0
  3
YAML_PID_ANALYZER
  1

  0
ARC
  5
A2
330
9F
100
AcDbEntity
  8
DEFAULT_255_2_778
100
AcDbCircle
 10
0.0787313499999982
 20
0.004117649999999973
 30
0.0
 40
6.6933326
100
AcDbArc
 50
168.541472
 51
180.0352475
  0
ARC
  5
A3
330
9F
100
AcDbEntity
  8
DEFAULT_255_2_778
100
AcDbCircle
 10
-0.0390592500000011
 20
0.026003250000000033
 30
0.0
 40
6.5735422
100
AcDbArc
 50
153.0463229
 51
168.5244689
  0
ARC
  5
A4
330
9F
100
AcDbEntity
  8
DEFAULT_255_2_778
100
AcDbCircle
 10
-0.010484050000000522
 20
0.009723950000000148
 30
0.0
 40
6.6063925
100
AcDbArc
 50
109.7078398
 51
153.0328055
  0
ARC
  5
A5
330
9F
100
AcDbEntity
  8
DEFAULT_255_2_778
100
AcDbCircle
 10
-0.0186452500000005
 20
0.013322250000000313
 30
0.0
 40
6.6002561
100
AcDbArc
 50
96.3164082
 51
109.6516769
  0
ARC
  5
A6
330
9F
100
AcDbEntity
  8
DEFAULT_255_2_778
100
AcDbCircle
 10
-0.0014761500000002314
 20
-0.12957074999999962
 30
0.0
 40
6.7441708
100
AcDbArc
 50
89.9874593
 51
96.3278261
  0
ARC
  5
A7
330
9F
100
AcDbEntity
  8
DEFAULT_255_2_778
100
AcDbCircle
 10
0.004117649999999529
 20
-0.07873134999999998
 30
0.0
 40
6.6933326
100
AcDbArc
 50
78.541472
 51
90.0352475
  0
ARC
  5
A8
330
9F
100
AcDbEntity
  8
DEFAULT_255_2_778
100
AcDbCircle
 10
0.0260032499999987
 20
0.03905925000000021
 30
0.0
 40
6.5735422
100
AcDbArc
 50
63.0463229
 51
78.5244689
  0
ARC
  5
A9
330
9F
100
AcDbEntity
  8
DEFAULT_255_2_778
100
AcDbCircle
 10
0.009723949999999704
 20
0.010484050000000078
 30
0.0
 40
6.6063925
100
AcDbArc
 50
19.7078398
 51
63.0328055
  0
ARC
  5
AA
330
9F
100
AcDbEntity
  8
DEFAULT_255_2_778
100
AcDbCircle
 10
0.013322249999998093
 20
0.018645250000000058
 30
0.0
 40
6.6002561
100
AcDbArc
 50
6.3164082
 51
19.6516769
  0
ARC
  5
AB
330
9F
100
AcDbEntity
  8
DEFAULT_255_2_778
100
AcDbCircle
 10
-0.12957075000000096
 20
0.0014761500000002314
 30
0.0
 40
6.7441708
100
AcDbArc
 50
359.9874593
 51
6.3278261
  0
ARC
  5
AC
330
9F
100
AcDbEntity
  8
DEFAULT_255_2_778
100
AcDbCircle
 10
-0.07873135000000175
 20
-0.004117649999999973
 30
0.0
 40
6.6933326
100
AcDbArc
 50
348.541472
 51
0.0352475
  0
ARC
  5
AD
330
9F
100
AcDbEntity
  8
DEFAULT_255_2_778
100
AcDbCircle
 10
0.039059249999999324
 20
-0.026003250000000033
 30
0.0
 40
6.5735422
100
AcDbArc
 50
333.0463229
 51
348.5244689
  0
ARC
  5
AE
330
9F
100
AcDbEntity
  8
DEFAULT_255_2_778
100
AcDbCircle
 10
0.010484049999998746
 20
-0.009723949999999704
 30
0.0
 40
6.6063925
100
AcDbArc
 50
289.7078398
 51
333.0328055
  0
ARC
  5
AF
330
9F
100
AcDbEntity
  8
DEFAULT_255_2_778
100
AcDbCircle
 10
0.018645249999998725
 20
-0.013322249999999869
 30
0.0
 40
6.6002561
100
AcDbArc
 50
276.3164082
 51
289.6516769
  0
ARC
  5
B0
330
9F
100
AcDbEntity
  8
DEFAULT_255_2_778
100
AcDbCircle
 10
0.001476149999998455
 20
0.12957075000000007
 30
0.0
 40
6.7441708
100
AcDbArc
 50
269.9874593
 51
276.3278261
  0
ARC
  5
B1
330
9F
100
AcDbEntity
  8
DEFAULT_255_2_778
100
AcDbCircle
 10
-0.004117650000001305
 20
0.07873134999999998
 30
0.0
 40
6.6933326
100
AcDbArc
 50
258.541472
 51
270.0352475
  0
ARC
  5
B2
330
9F
100
AcDbEntity
  8
DEFAULT_255_2_778
100
AcDbCircle
 10
-0.026003250000000477
 20
-0.03905924999999977
 30
0.0
 40
6.5735422
100
AcDbArc
 50
243.0463229
 51
258.5244689
  0
ARC
  5
B3
330
9F
100
AcDbEntity
  8
DEFAULT_255_2_778
100
AcDbCircle
 10
-0.00972395000000148
 20
-0.010484049999999634
 30
0.0
 40
6.6063925
100
AcDbArc
 50
199.7078398
 51
243.0328055
  0
ARC
  5
B4
330
9F
100
AcDbEntity
  8
DEFAULT_255_2_778
100
AcDbCircle
 10
-0.013322250000001645
 20
-0.018645250000000058
 30
0.0
 40
6.6002561
100
AcDbArc
 50
186.3164082
 51
199.6516769
  0
ARC
  5
B5
330
9F
100
AcDbEntity
  8
DEFAULT_255_2_778
100
AcDbCircle
 10
0.12957074999999918
 20
-0.0014761499999997874
 30
0.0
 40
6.7441708
100
AcDbArc
 50
179.9874593
 51
186.3278261
  0
LINE
  5
B6
330
9F
100
AcDbEntity
  8
DEFAULT_255_2_778
100
AcDbLine
 10
-6.614599950000001
 20
-4.999999969612645e-08
 30
0.0
 11
-6.614599950000001
 21
-4.999999969612645e-08
 31
0.0
  0
LINE
  5
B7
330
9F
100
AcDbEntity
  8
DEFAULT_255_1_542
100
AcDbLine
 10
-0.9088545500000009
 20
2.06261685
 30
0.0
 11
-1.313448450000001
 21
2.06261685
 31
0.0
  0
LINE
  5
B8
330
9F
100
AcDbEntity
  8
DEFAULT_255_1_542
100
AcDbLine
 10
-1.313448450000001
 20
2.06261685
 30
0.0
 11
-1.313448450000001
 21
3.5243754500000004
 31
0.0
  0
LINE
  5
B9
330
9F
100
AcDbEntity
  8
DEFAULT_255_1_542
100
AcDbLine
 10
-1.313448450000001
 20
3.5243754500000004
 30
0.0
 11
-0.9008229500000002
 21
3.5243754500000004
 31
0.0
  0
LINE
  5
BA
330
9F
100
AcDbEntity
  8
DEFAULT_255_1_542
100
AcDbLine
 10
-0.2562837500000015
 20
2.84268995
 30
0.0
 11
-0.2562837500000015
 21
2.74932215
 31
0.0
  0
LINE
  5
BB
330
9F
100
AcDbEntity
  8
DEFAULT_255_1_542
100
AcDbLine
 10
-0.8958031500000008
 20
3.36575055
 30
0.0
 11
-1.120689050000001
 21
3.36575055
 31
0.0
  0
LINE
  5
BC
330
9F
100
AcDbEntity
  8
DEFAULT_255_1_542
100
AcDbLine
 10
-1.120689050000001
 20
3.36575055
 30
0.0
 11
-1.120689050000001
 21
2.2202377500000003
 31
0.0
  0
LINE
  5
BD
330
9F
100
AcDbEntity
  8
DEFAULT_255_1_542
100
AcDbLine
 10
-1.120689050000001
 20
2.2202377500000003
 30
0.0
 11
-0.9178901500000016
 21
2.2202377500000003
 31
0.0
  0
LINE
  5
BE
330
9F
100
AcDbEntity
  8
DEFAULT_255_1_542
100
AcDbLine
 10
-0.4470352500000008
 20
2.75333795
 30
0.0
 11
-0.4470352500000008
 21
2.8386741500000006
 31
0.0
  0
ARC
  5
BF
330
9F
100
AcDbEntity
  8
DEFAULT_255_1_542
100
AcDbCircle
 10
-0.895956850000001
 20
2.79121335
 30
0.0
 40
0.7331782
100
AcDbArc
 50
75.4101014
 51
90.3802694
  0
ARC
  5
C0
330
9F
100
AcDbEntity
  8
DEFAULT_255_1_542
100
AcDbCircle
 10
-0.867262150000002
 20
2.9108010500000003
 30
0.0
 40
0.6102233
100
AcDbArc
 50
60.1455537
 51
75.1890284
  0
ARC
  5
C1
330
9F
100
AcDbEntity
  8
DEFAULT_255_1_542
100
AcDbCircle
 10
-0.847420050000002
 20
2.9453801500000005
 30
0.0
 40
0.5703556
100
AcDbArc
 50
26.5254113
 51
60.1450941
  0
ARC
  5
C2
330
9F
100
AcDbEntity
  8
DEFAULT_255_1_542
100
AcDbCircle
 10
-0.987446450000002
 20
2.87112755
 30
0.0
 40
0.7288136
100
AcDbArc
 50
7.4030186
 51
26.832131
  0
ARC
  5
C3
330
9F
100
AcDbEntity
  8
DEFAULT_255_1_542
100
AcDbCircle
 10
-1.1867383500000006
 20
2.84008205
 30
0.0
 40
0.9304584
100
AcDbArc
 50
0.160588
 51
7.7175801
  0
ARC
  5
C4
330
9F
100
AcDbEntity
  8
DEFAULT_255_1_542
100
AcDbCircle
 10
-1.1662431500000014
 20
2.74453755
 30
0.0
 40
0.909972
100
AcDbArc
 50
348.729
 51
0.3012613
  0
ARC
  5
C5
330
9F
100
AcDbEntity
  8
DEFAULT_255_1_542
100
AcDbCircle
 10
-0.9591942500000012
 20
2.70340945
 30
0.0
 40
0.6988779
100
AcDbArc
 50
333.0707277
 51
348.7181154
  0
ARC
  5
C6
330
9F
100
AcDbEntity
  8
DEFAULT_255_1_542
100
AcDbCircle
 10
-0.8383440500000017
 20
2.6377743500000004
 30
0.0
 40
0.5614194
100
AcDbArc
 50
299.2531153
 51
333.4571273
  0
ARC
  5
C7
330
9F
100
AcDbEntity
  8
DEFAULT_255_1_542
100
AcDbCircle
 10
-0.8834535500000005
 20
2.72346525
 30
0.0
 40
0.6582306
100
AcDbArc
 50
278.1072906
 51
299.0339478
  0
ARC
  5
C8
330
9F
100
AcDbEntity
  8
DEFAULT_255_1_542
100
AcDbCircle
 10
-0.9154441500000008
 20
2.9119143500000004
 30
0.0
 40
0.849323
100
AcDbArc
 50
270.4445459
 51
278.4509706
  0
ARC
  5
C9
330
9F
100
AcDbEntity
  8
DEFAULT_255_1_542
100
AcDbCircle
 10
-0.9128388500000018
 20
2.7957673499999998
 30
0.0
 40
0.5755517
100
AcDbArc
 50
269.4971374
 51
284.0204007
  0
ARC
  5
CA
330
9F
100
AcDbEntity
  8
DEFAULT_255_1_542
100
AcDbCircle
 10
-0.8684249500000014
 20
2.62510585
 30
0.0
 40
0.3992182
100
AcDbArc
 50
283.7699562
 51
318.1556187
  0
ARC
  5
CB
330
9F
100
AcDbEntity
  8
DEFAULT_255_1_542
100
AcDbCircle
 10
-0.9105823500000003
 20
2.6566562499999997
 30
0.0
 40
0.4516949
100
AcDbArc
 50
318.7416444
 51
343.6873402
  0
ARC
  5
CC
330
9F
100
AcDbEntity
  8
DEFAULT_255_1_542
100
AcDbCircle
 10
-1.1360763500000015
 20
2.7270886500000002
 30
0.0
 40
0.6879074
100
AcDbArc
 50
343.3324731
 51
355.8548303
  0
ARC
  5
CD
330
9F
100
AcDbEntity
  8
DEFAULT_255_1_542
100
AcDbCircle
 10
-1.398437350000001
 20
2.75202865
 30
0.0
 40
0.9514032
100
AcDbArc
 50
355.4988934
 51
0.0788461
  0
ARC
  5
CE
330
9F
100
AcDbEntity
  8
DEFAULT_255_1_542
100
AcDbCircle
 10
-1.3005407500000015
 20
2.8439547500000004
 30
0.0
 40
0.8535218
100
AcDbArc
 50
359.6455143
 51
9.8607261
  0
ARC
  5
CF
330
9F
100
AcDbEntity
  8
DEFAULT_255_1_542
100
AcDbCircle
 10
-1.005452850000001
 20
2.89724405
 30
0.0
 40
0.5536709
100
AcDbArc
 50
9.6571622
 51
26.1931971
  0
ARC
  5
D0
330
9F
100
AcDbEntity
  8
DEFAULT_255_1_542
100
AcDbCircle
 10
-0.8894546500000011
 20
2.9511196500000003
 30
0.0
 40
0.4258133
100
AcDbArc
 50
26.5778125
 51
40.1532658
  0
ARC
  5
D1
330
9F
100
AcDbEntity
  8
DEFAULT_255_1_542
100
AcDbCircle
 10
-0.8574878500000018
 20
2.97605885
 30
0.0
 40
0.385302
100
AcDbArc
 50
40.3840107
 51
80.1431587
  0
ARC
  5
D2
330
9F
100
AcDbEntity
  8
DEFAULT_255_1_542
100
AcDbCircle
 10
-0.8983476500000016
 20
2.7949058500000006
 30
0.0
 40
0.5708505
100
AcDbArc
 50
79.2151469
 51
89.744611
  0
LINE
  5
D3
330
9F
100
AcDbEntity
  8
DEFAULT_255_1_542
100
AcDbLine
 10
0.2416779499999997
 20
3.5243754500000004
 30
0.0
 11
0.2416779499999997
 21
2.06261685
 31
0.0
  0
LINE
  5
D4
330
9F
100
AcDbEntity
  8
DEFAULT_255_1_542
100
AcDbLine
 10
0.2416779499999997
 20
2.06261685
 30
0.0
 11
0.04891854999999801
 21
2.06261685
 31
0.0
  0
LINE
  5
D5
330
9F
100
AcDbEntity
  8
DEFAULT_255_1_542
100
AcDbLine
 10
0.04891854999999801
 20
2.06261685
 30
0.0
 11
0.04891854999999801
 21
3.5243754500000004
 31
0.0
  0
LINE
  5
D6
330
9F
100
AcDbEntity
  8
DEFAULT_255_1_542
100
AcDbLine
 10
0.04891854999999801
 20
3.5243754500000004
 30
0.0
 11
0.2416779499999997
 21
3.5243754500000004
 31
0.0
  0
LINE
  5
D7
330
9F
100
AcDbEntity
  8
DEFAULT_255_1_542
100
AcDbLine
 10
-0.37453355000000066
 20
-1.76029685
 30
0.0
 11
-0.37453355000000066
 21
-3.2290831499999997
 31
0.0
  0
LINE
  5
D8
330
9F
100
AcDbEntity
  8
DEFAULT_255_1_542
100
AcDbLine
 10
-0.37453355000000066
 20
-3.2290831499999997
 30
0.0
 11
-0.5612692500000005
 21
-3.2290831499999997
 31
0.0
  0
LINE
  5
D9
330
9F
100
AcDbEntity
  8
DEFAULT_255_1_542
100
AcDbLine
 10
-0.5612692500000005
 20
-3.2290831499999997
 30
0.0
 11
-0.5612692500000005
 21
-1.9912065499999998
 31
0.0
  0
LINE
  5
DA
330
9F
100
AcDbEntity
  8
DEFAULT_255_1_542
100
AcDbLine
 10
-0.5612692500000005
 20
-1.9912065499999998
 30
0.0
 11
-0.9357444500000014
 21
-2.1287483499999995
 31
0.0
  0
LINE
  5
DB
330
9F
100
AcDbEntity
  8
DEFAULT_255_1_542
100
AcDbLine
 10
-0.9357444500000014
 20
-2.1287483499999995
 30
0.0
 11
-0.9357444500000014
 21
-1.9600839499999998
 31
0.0
  0
LINE
  5
DC
330
9F
100
AcDbEntity
  8
DEFAULT_255_1_542
100
AcDbLine
 10
-0.9357444500000014
 20
-1.9600839499999998
 30
0.0
 11
-0.4036482500000016
 21
-1.76029685
 31
0.0
  0
LINE
  5
DD
330
9F
100
AcDbEntity
  8
DEFAULT_255_1_542
100
AcDbLine
 10
-0.4036482500000016
 20
-1.76029685
 30
0.0
 11
-0.37453355000000066
 21
-1.76029685
 31
0.0
  0
ENDBLK
  5
A1
330
9F
100
AcDbEntity
  8
0
100
AcDbBlockEnd
  0
BLOCK
  5
DF
330
DE
100
AcDbEntity
  8
0
100
AcDbBlockBegin
  2
YAML_PID_CENTRIFUGAL_PUMP
 70
0
 10
0.0
 20
0.0
 30
0.0
  3
YAML_PID_CENTRIFUGAL_PUMP
  1

  0
CIRCLE
  5
E1
330
DE
100
AcDbEntity
  8
0
  6
ByLayer
100
AcDbCircle
 10
-0.0625
 20
0.062499999999999944
 30
0.0
 40
0.125
  0
LWPOLYLINE
  5
E2
330
DE
100
AcDbEntity
  8
0
  6
ByLayer
100
AcDbPolyline
 90
2
 70
0
 10
-0.4375
 20
-0.43750000000000006
 10
0.3125
 20
-0.43750000000000006
  0
ARC
  5
E3
330
DE
100
AcDbEntity
  8
0
  6
ByLayer
100
AcDbCircle
 10
-0.0625
 20
0.062499999999999944
 30
0.0
 40
0.375
100
AcDbArc
 50
90.0
 51
19.47122063449074
  0
LWPOLYLINE
  5
E4
330
DE
100
AcDbEntity
  8
0
  6
ByLayer
100
AcDbPolyline
 90
4
 70
0
 10
-0.0625
 20
0.43749999999999994
 10
0.4375
 20
0.43750000000000006
 10
0.4375
 20
0.18749999999999994
 10
0.2910533905932731
 20
0.18749999999999994
  0
LWPOLYLINE
  5
E5
330
DE
100
AcDbEntity
  8
0
  6
ByLayer
100
AcDbPolyline
 90
2
 70
0
 10
-0.4375
 20
-0.43750000000000006
 10
-0.2576941016011038
 20
-0.25769410160110384
  0
POINT
  5
E6
330
DE
100
AcDbEntity
  8
0
  6
ByLayer
100
AcDbPoint
 10
-0.0625
 20
0.062499999999999944
 30
0.0
  0
LWPOLYLINE
  5
E7
330
DE
100
AcDbEntity
  8
0
  6
ByLayer
100
AcDbPolyline
 90
2
 70
0
 10
0.3125
 20
-0.43750000000000006
 10
0.1326941016011038
 20
-0.25769410160110384
  0
ENDBLK
  5
E0
330
DE
100
AcDbEntity
  8
0
100
AcDbBlockEnd
  0
BLOCK
  5
E9
330
E8
100
AcDbEntity
  8
0
100
AcDbBlockBegin
  2
YAML_PID_CHECK_VALVE
 70
0
 10
0.0
 20
0.0
 30
0.0
  3
YAML_PID_CHECK_VALVE
  1

  0
LINE
  5
EB
330
E8
100
AcDbEntity
  8
DEFAULT_255_2_778
100
AcDbLine
 10
2.6458498000000006
 20
-1.45518365
 30
0.0
 11
-2.6458502
 21
1.1906163500000002
 31
0.0
  0
LINE
  5
EC
330
E8
100
AcDbEntity
  8
DEFAULT_255_2_778
100
AcDbLine
 10
-2.6458502
 20
1.1906163500000002
 30
0.0
 11
2.6458498000000006
 21
-1.45518365
 31
0.0
  0
LINE
  5
ED
330
E8
100
AcDbEntity
  8
DEFAULT_255_2_778
100
AcDbLine
 10
2.6458498000000006
 20
-1.45518365
 30
0.0
 11
2.6458498000000006
 21
1.1906163500000002
 31
0.0
  0
LINE
  5
EE
330
E8
100
AcDbEntity
  8
DEFAULT_255_2_778
100
AcDbLine
 10
-2.6458502
 20
1.1906163500000002
 30
0.0
 11
-2.6458502
 21
-1.45518365
 31
0.0
  0
LINE
  5
EF
330
E8
100
AcDbEntity
  8
DEFAULT_255_2_778
100
AcDbLine
 10
2.6457999999999995
 20
-0.13230024999999968
 30
0.0
 11
6.614599999999999
 21
-0.13230024999999968
 31
0.0
  0
LINE
  5
F0
330
E8
100
AcDbEntity
  8
DEFAULT_255_2_778
100
AcDbLine
 10
-2.6459
 20
-0.13230024999999968
 30
0.0
 11
-6.614599999999999
 21
-0.13230024999999968
 31
0.0
  0
ARC
  5
F1
330
E8
100
AcDbEntity
  8
DEFAULT_255_2_778
100
AcDbCircle
 10
-2.6463944999999995
 20
1.1911773500000002
 30
0.0
 40
0.2640063
100
AcDbArc
 50
89.8710178
 51
180.1289822
  0
ARC
  5
F2
330
E8
100
AcDbEntity
  8
DEFAULT_255_2_778
100
AcDbCircle
 10
-2.6452058999999997
 20
1.1911773500000002
 30
0.0
 40
0.2640063
100
AcDbArc
 50
359.8710178
 51
90.1289822
  0
ARC
  5
F3
330
E8
100
AcDbEntity
  8
DEFAULT_255_2_778
100
AcDbCircle
 10
-2.6452058999999997
 20
1.1899887500000002
 30
0.0
 40
0.2640063
100
AcDbArc
 50
269.8710178
 51
0.1289822
  0
ARC
  5
F4
330
E8
100
AcDbEntity
  8
DEFAULT_255_2_778
100
AcDbCircle
 10
-2.6463944999999995
 20
1.1899887500000002
 30
0.0
 40
0.2640063
100
AcDbArc
 50
179.8710178
 51
270.1289822
  0
LINE
  5
F5
330
E8
100
AcDbEntity
  8
DEFAULT_255_2_778
100
AcDbLine
 10
-2.9104001999999998
 20
1.1905830500000003
 30
0.0
 11
-2.9104001999999998
 21
1.1905830500000003
 31
0.0
  0
ENDBLK
  5
EA
330
E8
100
AcDbEntity
  8
0
100
AcDbBlockEnd
  0
BLOCK
  5
F7
330
F6
100
AcDbEntity
  8
0
100
AcDbBlockBegin
  2
YAML_PID_COLUMN_TRAYS
 70
0
 10
0.0
 20
0.0
 30
0.0
  3
YAML_PID_COLUMN_TRAYS
  1

  0
LINE
  5
F9
330
F6
100
AcDbEntity
  8
DEFAULT_255_2_778
100
AcDbLine
 10
-10.58335
 20
23.8125
 30
0.0
 11
10.58335
 21
23.8125
 31
0.0
  0
LINE
  5
FA
330
F6
100
AcDbEntity
  8
DEFAULT_255_2_778
100
AcDbLine
 10
10.58335
 20
23.8125
 30
0.0
 11
10.58335
 21
-23.812499999999996
 31
0.0
  0
LINE
  5
FB
330
F6
100
AcDbEntity
  8
DEFAULT_255_2_778
100
AcDbLine
 10
10.58335
 20
-23.812499999999996
 30
0.0
 11
-10.58335
 21
-23.812499999999996
 31
0.0
  0
LINE
  5
FC
330
F6
100
AcDbEntity
  8
DEFAULT_255_2_778
100
AcDbLine
 10
-10.58335
 20
-23.812499999999996
 30
0.0
 11
-10.58335
 21
23.8125
 31
0.0
  0
LINE
  5
FD
330
F6
100
AcDbEntity
  8
DEFAULT_255_2_778
100
AcDbLine
 10
-10.58335
 20
18.520800700000002
 30
0.0
 11
10.58335
 21
18.520800700000002
 31
0.0
  0
LINE
  5
FE
330
F6
100
AcDbEntity
  8
DEFAULT_255_2_778
100
AcDbLine
 10
-10.58335
 20
-18.520899299999996
 30
0.0
 11
10.58335
 21
-18.520899299999996
 31
0.0
  0
LINE
  5
FF
330
F6
100
AcDbEntity
  8
DEFAULT_255_2_778
100
AcDbLine
 10
-10.58335
 20
7.000000046275545e-07
 30
0.0
 11
10.58335
 21
7.000000046275545e-07
 31
0.0
  0
ENDBLK
  5
F8
330
F6
100
AcDbEntity
  8
0
100
AcDbBlockEnd
  0
BLOCK
  5
101
330
100
100
AcDbEntity
  8
0
100
AcDbBlockBegin
  2
YAML_PID_CONTROL_VALVE
 70
0
 10
0.0
 20
0.0
 30
0.0
  3
YAML_PID_CONTROL_VALVE
  1

  0
LINE
  5
103
330
100
100
AcDbEntity
  8
DEFAULT_255_2_778
100
AcDbLine
 10
-1.3229334999999995
 20
3.3018137499999995
 30
0.0
 11
1.3228665
 21
3.3018137499999995
 31
0.0
  0
LINE
  5
104
330
100
100
AcDbEntity
  8
DEFAULT_255_2_778
100
AcDbLine
 10
-1.6900000000319437e-05
 20
3.30180535
 30
0.0
 11
-1.6900000000319437e-05
 21
-3.31279465
 31
0.0
  0
ARC
  5
105
330
100
100
AcDbEntity
  8
DEFAULT_255_2_778
100
AcDbCircle
 10
-0.11707969999999968
 20
3.0488755499999995
 30
0.0
 40
1.4920431
100
AcDbArc
 50
139.2739899
 51
170.2375423
  0
ARC
  5
106
330
100
100
AcDbEntity
  8
DEFAULT_255_2_778
100
AcDbCircle
 10
0.08397010000000016
 20
2.88308745
 30
0.0
 40
1.7525822
100
AcDbArc
 50
107.8084907
 51
139.4548709
  0
ARC
  5
107
330
100
100
AcDbEntity
  8
DEFAULT_255_2_778
100
AcDbCircle
 10
0.034299700000000044
 20
3.02908105
 30
0.0
 40
1.598395
100
AcDbArc
 50
100.7622479
 51
107.7138497
  0
ARC
  5
108
330
100
100
AcDbEntity
  8
DEFAULT_255_2_778
100
AcDbCircle
 10
0.005881300000000422
 20
3.18433655
 30
0.0
 40
1.4405642
100
AcDbArc
 50
91.8616483
 51
100.8049227
  0
ARC
  5
109
330
100
100
AcDbEntity
  8
DEFAULT_255_2_778
100
AcDbCircle
 10
7.150000000066825e-05
 20
3.29487045
 30
0.0
 40
1.3299016
100
AcDbArc
 50
90.003807
 51
91.7661805
  0
ARC
  5
10A
330
100
100
AcDbEntity
  8
DEFAULT_255_2_778
100
AcDbCircle
 10
-0.0025902999999996013
 20
3.2186507499999997
 30
0.0
 40
1.4061237
100
AcDbArc
 50
80.7831028
 51
89.8951401
  0
ARC
  5
10B
330
100
100
AcDbEntity
  8
DEFAULT_255_2_778
100
AcDbCircle
 10
-0.017613000000000767
 20
3.11050025
 30
0.0
 40
1.5152862
100
AcDbArc
 50
79.2839804
 51
80.8774036
  0
ARC
  5
10C
330
100
100
AcDbEntity
  8
DEFAULT_255_2_778
100
AcDbCircle
 10
-0.06801339999999989
 20
2.91134215
 30
0.0
 40
1.7203881
100
AcDbArc
 50
54.0163483
 51
78.8680198
  0
ARC
  5
10D
330
100
100
AcDbEntity
  8
DEFAULT_255_2_778
100
AcDbCircle
 10
0.028425800000000834
 20
3.00146835
 30
0.0
 40
1.5909938
100
AcDbArc
 50
16.9721382
 51
54.9196919
  0
ARC
  5
10E
330
100
100
AcDbEntity
  8
DEFAULT_255_2_778
100
AcDbCircle
 10
0.17540570000000066
 20
3.06652325
 30
0.0
 40
1.4315558
100
AcDbArc
 50
9.4624224
 51
16.1989732
  0
LINE
  5
10F
330
100
100
AcDbEntity
  8
DEFAULT_255_2_778
100
AcDbLine
 10
1.5874831
 20
3.3018720499999996
 30
0.0
 11
-1.5875168999999998
 21
3.3018720499999996
 31
0.0
  0
LINE
  5
110
330
100
100
AcDbEntity
  8
DEFAULT_255_2_778
100
AcDbLine
 10
1.5874831
 20
3.3018720499999996
 30
0.0
 11
1.5874831
 21
3.3018720499999996
 31
0.0
  0
LINE
  5
111
330
100
100
AcDbEntity
  8
DEFAULT_255_2_778
100
AcDbLine
 10
-6.614599999999999
 20
-3.31278625
 30
0.0
 11
6.614599999999999
 21
-3.31278625
 31
0.0
  0
LINE
  5
112
330
100
100
AcDbEntity
  8
DEFAULT_255_2_778
100
AcDbLine
 10
2.6458498000000006
 20
-4.6356696500000005
 30
0.0
 11
2.6458498000000006
 21
-1.9898696500000002
 31
0.0
  0
LINE
  5
113
330
100
100
AcDbEntity
  8
DEFAULT_255_2_778
100
AcDbLine
 10
2.6458498000000006
 20
-1.9898696500000002
 30
0.0
 11
-2.6458502
 21
-4.6356696500000005
 31
0.0
  0
LINE
  5
114
330
100
100
AcDbEntity
  8
DEFAULT_255_2_778
100
AcDbLine
 10
-2.6458502
 20
-4.6356696500000005
 30
0.0
 11
-2.6458502
 21
-1.9898696500000002
 31
0.0
  0
LINE
  5
115
330
100
100
AcDbEntity
  8
DEFAULT_255_2_778
100
AcDbLine
 10
-2.6458502
 20
-1.9898696500000002
 30
0.0
 11
2.6458498000000006
 21
-4.6356696500000005
 31
0.0
  0
ENDBLK
  5
102
330
100
100
AcDbEntity
  8
0
100
AcDbBlockEnd
  0
BLOCK
  5
117
330
116
100
AcDbEntity
  8
0
100
AcDbBlockBegin
  2
YAML_PID_DCS_CONTROLLER
 70
0
 10
0.0
 20
0.0
 30
0.0
  3
YAML_PID_DCS_CONTROLLER
  1

  0
LWPOLYLINE
  5
119
330
116
100
AcDbEntity
  8
0
  6
ByLayer
100
AcDbPolyline
 90
4
 70
0
 10
0.5
 20
-0.3250000000000002
 10
0.5
 20
-0.5
 10
-0.5
 20
-0.5
 10
-0.5
 20
-0.3250000000000002
  0
ARC
  5
11A
330
116
100
AcDbEntity
  8
0
  6
ByLayer
100
AcDbCircle
 10
0.0
 20
0.0
 30
0.0
 40
0.5
100
AcDbArc
 50
351.3730734413214
 51
8.62692655867864
  0
ARC
  5
11B
330
116
100
AcDbEntity
  8
0
  6
ByLayer
100
AcDbCircle
 10
0.0
 20
0.0
 30
0.0
 40
0.5
100
AcDbArc
 50
220.5416018735045
 51
319.4583981264955
  0
LWPOLYLINE
  5
11C
330
116
100
AcDbEntity
  8
0
  6
ByLayer
100
AcDbPolyline
 90
2
 70
0
 10
-0.5
 20
-0.0750000000000002
 10
-0.5
 20
0.075
  0
LWPOLYLINE
  5
11D
330
116
100
AcDbEntity
  8
0
  6
ByLayer
100
AcDbPolyline
 90
4
 70
0
 10
-0.5
 20
0.3250000000000001
 10
-0.5
 20
0.5
 10
0.5
 20
0.5
 10
0.5
 20
0.3250000000000002
  0
ARC
  5
11E
330
116
100
AcDbEntity
  8
0
  6
ByLayer
100
AcDbCircle
 10
0.0
 20
0.0
 30
0.0
 40
0.5
100
AcDbArc
 50
171.3730734413214
 51
188.6269265586786
  0
ARC
  5
11F
330
116
100
AcDbEntity
  8
0
  6
ByLayer
100
AcDbCircle
 10
0.0
 20
0.0
 30
0.0
 40
0.5
100
AcDbArc
 50
40.54160187350453
 51
139.4583981264955
  0
LWPOLYLINE
  5
120
330
116
100
AcDbEntity
  8
0
  6
ByLayer
100
AcDbPolyline
 90
2
 70
0
 10
0.5
 20
0.075
 10
0.5
 20
-0.0750000000000002
  0
LINE
  5
121
330
116
100
AcDbEntity
  8
0
  6
ByLayer
100
AcDbLine
 10
-0.5
 20
-0.3250000000000002
 30
0.0
 11
-0.5
 21
-0.0750000000000002
 31
0.0
  0
ARC
  5
122
330
116
100
AcDbEntity
  8
0
  6
ByLayer
100
AcDbCircle
 10
0.0
 20
0.0
 30
0.0
 40
0.5
100
AcDbArc
 50
188.6269265586786
 51
220.5416018735045
  0
ARC
  5
123
330
116
100
AcDbEntity
  8
0
  6
ByLayer
100
AcDbCircle
 10
0.0
 20
0.0
 30
0.0
 40
0.5
100
AcDbArc
 50
319.4583981264955
 51
351.3730734413214
  0
LINE
  5
124
330
116
100
AcDbEntity
  8
0
  6
ByLayer
100
AcDbLine
 10
0.5
 20
-0.3250000000000002
 30
0.0
 11
0.5
 21
-0.0750000000000002
 31
0.0
  0
LINE
  5
125
330
116
100
AcDbEntity
  8
0
  6
ByLayer
100
AcDbLine
 10
0.5
 20
0.3250000000000002
 30
0.0
 11
0.5
 21
0.0750000000000002
 31
0.0
  0
ARC
  5
126
330
116
100
AcDbEntity
  8
0
  6
ByLayer
100
AcDbCircle
 10
0.0
 20
0.0
 30
0.0
 40
0.5
100
AcDbArc
 50
8.626926558678623
 51
40.54160187350452
  0
ARC
  5
127
330
116
100
AcDbEntity
  8
0
  6
ByLayer
100
AcDbCircle
 10
0.0
 20
0.0
 30
0.0
 40
0.5
100
AcDbArc
 50
139.4583981264955
 51
171.3730734413214
  0
LINE
  5
128
330
116
100
AcDbEntity
  8
0
  6
ByLayer
100
AcDbLine
 10
-0.5
 20
0.3250000000000002
 30
0.0
 11
-0.5
 21
0.0750000000000002
 31
0.0
  0
ENDBLK
  5
118
330
116
100
AcDbEntity
  8
0
100
AcDbBlockEnd
  0
BLOCK
  5
12A
330
129
100
AcDbEntity
  8
0
100
AcDbBlockBegin
  2
YAML_PID_DEETHANIZER_COLUMN
 70
0
 10
0.0
 20
0.0
 30
0.0
  3
YAML_PID_DEETHANIZER_COLUMN
  1

  0
LWPOLYLINE
  5
12C
330
129
100
AcDbEntity
  8
EQUIPMENT
  6
ByLayer
100
AcDbPolyline
 90
4
 70
1
 10
-0.5
 20
-1.875
 10
0.5
 20
-1.875
 10
0.5
 20
1.875
 10
-0.5
 20
1.875
  0
ELLIPSE
  5
12D
330
129
100
AcDbEntity
  8
EQUIPMENT
  6
ByLayer
100
AcDbEllipse
 10
-5.551115123125783e-17
 20
1.875
 30
0.0
 11
-0.5
 21
0.0
 31
0.0
 40
1.0
 41
3.141592653589793
 42
6.283185307179586
  0
ELLIPSE
  5
12E
330
129
100
AcDbEntity
  8
EQUIPMENT
  6
ByLayer
100
AcDbEllipse
 10
-5.551115123125783e-17
 20
-1.875
 30
0.0
 11
0.0
 21
-0.5
 31
0.0
 40
1.0
 41
4.71238898038469
 42
7.853981633974483
  0
ENDBLK
  5
12B
330
129
100
AcDbEntity
  8
0
100
AcDbBlockEnd
  0
BLOCK
  5
130
330
12F
100
AcDbEntity
  8
0
100
AcDbBlockBegin
  2
YAML_PID_FEED_BOTTOMS_EXCHANGER
 70
0
 10
0.0
 20
0.0
 30
0.0
  3
YAML_PID_FEED_BOTTOMS_EXCHANGER
  1

  0
LWPOLYLINE
  5
132
330
12F
100
AcDbEntity
  8
0
  6
CONTINUOUS
100
AcDbPolyline
 90
2
 70
0
 10
1.625
 20
0.5
 10
-1.625
 20
0.5
  0
LWPOLYLINE
  5
133
330
12F
100
AcDbEntity
  8
0
  6
CONTINUOUS
100
AcDbPolyline
 90
2
 70
0
 10
-1.625
 20
-0.5
 10
1.625
 20
-0.5
  0
LWPOLYLINE
  5
134
330
12F
100
AcDbEntity
  8
0
  6
CONTINUOUS
100
AcDbPolyline
 90
3
 70
0
 10
-1.75
 20
0.5
 10
-2.0
 20
0.5
 10
-2.0
 20
-0.5
  0
LINE
  5
135
330
12F
100
AcDbEntity
  8
0
  6
ByLayer
100
AcDbLine
 10
-1.6875
 20
-0.625
 30
0.0
 11
-1.6875
 21
0.625
 31
0.0
  0
LWPOLYLINE
  5
136
330
12F
100
AcDbEntity
  8
0
  6
ByLayer
100
AcDbPolyline
 90
4
 70
1
 10
-1.75
 20
0.625
 10
-1.625
 20
0.625
 10
-1.625
 20
-0.625
 10
-1.75
 20
-0.625
  0
ELLIPSE
  5
137
330
12F
100
AcDbEntity
  8
0
  6
ByLayer
100
AcDbEllipse
 10
-2.0
 20
0.0
 30
0.0
 11
0.0
 21
-0.5
 31
0.0
 40
0.5
 41
3.141592653589794
 42
6.283185307179586
  0
LWPOLYLINE
  5
138
330
12F
100
AcDbEntity
  8
0
  6
CONTINUOUS
100
AcDbPolyline
 90
2
 70
0
 10
-2.0
 20
-0.5
 10
-1.75
 20
-0.5
  0
LWPOLYLINE
  5
139
330
12F
100
AcDbEntity
  8
0
  6
CONTINUOUS
100
AcDbPolyline
 90
4
 70
0
 10
1.75
 20
-0.5
 10
2.0
 20
-0.5
 10
2.0
 20
0.5
 10
1.75
 20
0.5
  0
LINE
  5
13A
330
12F
100
AcDbEntity
  8
0
  6
ByLayer
100
AcDbLine
 10
1.6875
 20
-0.625
 30
0.0
 11
1.6875
 21
0.625
 31
0.0
  0
LWPOLYLINE
  5
13B
330
12F
100
AcDbEntity
  8
0
  6
ByLayer
100
AcDbPolyline
 90
4
 70
1
 10
1.75
 20
0.625
 10
1.625
 20
0.625
 10
1.625
 20
-0.625
 10
1.75
 20
-0.625
  0
ELLIPSE
  5
13C
330
12F
100
AcDbEntity
  8
0
  6
ByLayer
100
AcDbEllipse
 10
2.0
 20
0.0
 30
0.0
 11
0.0
 21
0.5
 31
0.0
 40
0.5
 41
3.141592653589794
 42
6.283185307179586
  0
ENDBLK
  5
131
330
12F
100
AcDbEntity
  8
0
100
AcDbBlockEnd
  0
BLOCK
  5
13E
330
13D
100
AcDbEntity
  8
0
100
AcDbBlockBegin
  2
YAML_PID_FIELD_INSTRUMENT
 70
0
 10
0.0
 20
0.0
 30
0.0
  3
YAML_PID_FIELD_INSTRUMENT
  1

  0
ARC
  5
140
330
13D
100
AcDbEntity
  8
0
  6
ByLayer
100
AcDbCircle
 10
0.0
 20
0.0
 30
0.0
 40
0.5
100
AcDbArc
 50
220.5416018735046
 51
319.4583981264955
  0
ARC
  5
141
330
13D
100
AcDbEntity
  8
0
  6
ByLayer
100
AcDbCircle
 10
0.0
 20
0.0
 30
0.0
 40
0.5
100
AcDbArc
 50
351.3730734413214
 51
8.626926558678644
  0
ARC
  5
142
330
13D
100
AcDbEntity
  8
0
  6
ByLayer
100
AcDbCircle
 10
0.0
 20
0.0
 30
0.0
 40
0.5
100
AcDbArc
 50
40.54160187350453
 51
139.4583981264955
  0
ARC
  5
143
330
13D
100
AcDbEntity
  8
0
  6
ByLayer
100
AcDbCircle
 10
0.0
 20
0.0
 30
0.0
 40
0.5
100
AcDbArc
 50
171.3730734413214
 51
188.6269265586786
  0
ARC
  5
144
330
13D
100
AcDbEntity
  8
0
  6
ByLayer
100
AcDbCircle
 10
0.0
 20
0.0
 30
0.0
 40
0.5
100
AcDbArc
 50
188.6269265586786
 51
220.5416018735046
  0
ARC
  5
145
330
13D
100
AcDbEntity
  8
0
  6
ByLayer
100
AcDbCircle
 10
0.0
 20
0.0
 30
0.0
 40
0.5
100
AcDbArc
 50
319.4583981264955
 51
351.3730734413214
  0
ARC
  5
146
330
13D
100
AcDbEntity
  8
0
  6
ByLayer
100
AcDbCircle
 10
0.0
 20
0.0
 30
0.0
 40
0.5
100
AcDbArc
 50
8.626926558678623
 51
40.54160187350457
  0
ARC
  5
147
330
13D
100
AcDbEntity
  8
0
  6
ByLayer
100
AcDbCircle
 10
0.0
 20
0.0
 30
0.0
 40
0.5
100
AcDbArc
 50
139.4583981264954
 51
171.3730734413214
  0
ENDBLK
  5
13F
330
13D
100
AcDbEntity
  8
0
100
AcDbBlockEnd
  0
BLOCK
  5
149
330
148
100
AcDbEntity
  8
0
100
AcDbBlockBegin
  2
YAML_PID_MANUAL_BLOCK_VALVE
 70
0
 10
0.0
 20
0.0
 30
0.0
  3
YAML_PID_MANUAL_BLOCK_VALVE
  1

  0
LWPOLYLINE
  5
14B
330
148
100
AcDbEntity
  8
0
  6
ByLayer
100
AcDbPolyline
 90
5
 70
0
 10
-0.5
 20
-0.3
 10
-0.5
 20
0.3
 10
0.5
 20
-0.3
 10
0.5
 20
0.3
 10
-0.5
 20
-0.3
  0
ENDBLK
  5
14A
330
148
100
AcDbEntity
  8
0
100
AcDbBlockEnd
  0
BLOCK
  5
14D
330
14C
100
AcDbEntity
  8
0
100
AcDbBlockBegin
  2
YAML_PID_NOZZLE
 70
0
 10
0.0
 20
0.0
 30
0.0
  3
YAML_PID_NOZZLE
  1

  0
LINE
  5
14F
330
14C
100
AcDbEntity
  8
0
  6
ByLayer
100
AcDbLine
 10
0.2500000000000001
 20
0.2
 30
0.0
 11
-0.5
 21
0.2
 31
0.0
  0
LINE
  5
150
330
14C
100
AcDbEntity
  8
0
  6
ByLayer
100
AcDbLine
 10
0.2500000000000001
 20
-0.2
 30
0.0
 11
-0.5
 21
-0.2
 31
0.0
  0
LINE
  5
151
330
14C
100
AcDbEntity
  8
0
  6
ByLayer
100
AcDbLine
 10
0.25
 20
-0.3
 30
0.0
 11
0.25
 21
0.3
 31
0.0
  0
LINE
  5
152
330
14C
100
AcDbEntity
  8
0
  6
ByLayer
100
AcDbLine
 10
0.5
 20
-0.3
 30
0.0
 11
0.5
 21
0.3
 31
0.0
  0
ENDBLK
  5
14E
330
14C
100
AcDbEntity
  8
0
100
AcDbBlockEnd
  0
BLOCK
  5
154
330
153
100
AcDbEntity
  8
0
100
AcDbBlockBegin
  2
YAML_PID_OFFPAGE_CONNECTOR
 70
0
 10
0.0
 20
0.0
 30
0.0
  3
YAML_PID_OFFPAGE_CONNECTOR
  1

  0
LINE
  5
156
330
153
100
AcDbEntity
  8
DEFAULT_255_2_778
100
AcDbLine
 10
2.4969797000000007
 20
4.999999999988347e-05
 30
0.0
 11
-3.3238203000000004
 21
4.999999999988347e-05
 31
0.0
  0
LINE
  5
157
330
153
100
AcDbEntity
  8
DEFAULT_255_2_778
100
AcDbLine
 10
-3.3238203000000004
 20
4.999999999988347e-05
 30
0.0
 11
-3.3238203000000004
 21
0.7937500000000002
 31
0.0
  0
LINE
  5
158
330
153
100
AcDbEntity
  8
DEFAULT_255_2_778
100
AcDbLine
 10
-3.3238203000000004
 20
0.7937500000000002
 30
0.0
 11
-0.9955202999999999
 21
4.999999999988347e-05
 31
0.0
  0
LINE
  5
159
330
153
100
AcDbEntity
  8
DEFAULT_255_2_778
100
AcDbLine
 10
-0.9955202999999999
 20
4.999999999988347e-05
 30
0.0
 11
-3.3238203000000004
 21
-0.7937500000000002
 31
0.0
  0
LINE
  5
15A
330
153
100
AcDbEntity
  8
DEFAULT_255_2_778
100
AcDbLine
 10
-3.3238203000000004
 20
-0.7937500000000002
 30
0.0
 11
-3.3238203000000004
 21
4.999999999988347e-05
 31
0.0
  0
LINE
  5
15B
330
153
100
AcDbEntity
  8
DEFAULT_1_2_778
100
AcDbLine
 10
2.6488203000000006
 20
0.6718427
 30
0.0
 11
2.6488203000000006
 21
-0.7312573000000002
 31
0.0
  0
LINE
  5
15C
330
153
100
AcDbEntity
  8
DEFAULT_1_2_778
100
AcDbLine
 10
2.6827202999999997
 20
-0.029557300000000453
 30
0.0
 11
3.3238202999999995
 21
-0.029557300000000453
 31
0.0
  0
ENDBLK
  5
155
330
153
100
AcDbEntity
  8
0
100
AcDbBlockEnd
  0
BLOCK
  5
15E
330
15D
100
AcDbEntity
  8
0
100
AcDbBlockBegin
  2
YAML_PID_OVERHEAD_CONDENSER
 70
0
 10
0.0
 20
0.0
 30
0.0
  3
YAML_PID_OVERHEAD_CONDENSER
  1

  0
LWPOLYLINE
  5
160
330
15D
100
AcDbEntity
  8
0
  6
CONTINUOUS
100
AcDbPolyline
 90
2
 70
0
 10
-1.625
 20
-0.625
 10
1.625
 20
-0.625
  0
LINE
  5
161
330
15D
100
AcDbEntity
  8
0
  6
ByLayer
100
AcDbLine
 10
-0.875
 20
0.75
 30
0.0
 11
0.875
 21
0.75
 31
0.0
  0
LWPOLYLINE
  5
162
330
15D
100
AcDbEntity
  8
0
  6
ByLayer
100
AcDbPolyline
 90
4
 70
0
 10
-0.8750000000000001
 20
-0.625
 10
-0.875
 20
0.75
 10
-1.4375
 20
0.375
 10
-1.4375
 20
-0.625
  0
LWPOLYLINE
  5
163
330
15D
100
AcDbEntity
  8
0
  6
CONTINUOUS
100
AcDbPolyline
 90
3
 70
0
 10
-1.75
 20
0.375
 10
-2.0
 20
0.375
 10
-2.0
 20
-0.625
  0
LINE
  5
164
330
15D
100
AcDbEntity
  8
0
  6
ByLayer
100
AcDbLine
 10
-1.6875
 20
-0.75
 30
0.0
 11
-1.6875
 21
0.5
 31
0.0
  0
LWPOLYLINE
  5
165
330
15D
100
AcDbEntity
  8
0
  6
ByLayer
100
AcDbPolyline
 90
4
 70
1
 10
-1.75
 20
0.5
 10
-1.625
 20
0.5
 10
-1.625
 20
-0.75
 10
-1.75
 20
-0.75
  0
ELLIPSE
  5
166
330
15D
100
AcDbEntity
  8
0
  6
ByLayer
100
AcDbEllipse
 10
-2.0
 20
-0.125
 30
0.0
 11
0.0
 21
-0.5
 31
0.0
 40
0.5
 41
3.141592653589794
 42
6.283185307179586
  0
LWPOLYLINE
  5
167
330
15D
100
AcDbEntity
  8
0
  6
CONTINUOUS
100
AcDbPolyline
 90
2
 70
0
 10
-2.0
 20
-0.625
 10
-1.75
 20
-0.625
  0
LWPOLYLINE
  5
168
330
15D
100
AcDbEntity
  8
0
  6
CONTINUOUS
100
AcDbPolyline
 90
2
 70
0
 10
-1.4375
 20
0.375
 10
-1.625
 20
0.375
  0
ELLIPSE
  5
169
330
15D
100
AcDbEntity
  8
0
  6
ByLayer
100
AcDbEllipse
 10
2.0
 20
-0.125
 30
0.0
 11
0.0
 21
-0.5
 31
0.0
 40
0.5
 41
0.0
 42
3.141592653589792
  0
LWPOLYLINE
  5
16A
330
15D
100
AcDbEntity
  8
0
  6
CONTINUOUS
100
AcDbPolyline
 90
3
 70
0
 10
1.75
 20
0.375
 10
2.0
 20
0.375
 10
2.0
 20
-0.625
  0
LWPOLYLINE
  5
16B
330
15D
100
AcDbEntity
  8
0
  6
ByLayer
100
AcDbPolyline
 90
4
 70
0
 10
0.875
 20
-0.625
 10
0.875
 20
0.75
 10
1.4375
 20
0.375
 10
1.4375
 20
-0.625
  0
LINE
  5
16C
330
15D
100
AcDbEntity
  8
0
  6
ByLayer
100
AcDbLine
 10
1.6875
 20
-0.75
 30
0.0
 11
1.6875
 21
0.5
 31
0.0
  0
LWPOLYLINE
  5
16D
330
15D
100
AcDbEntity
  8
0
  6
ByLayer
100
AcDbPolyline
 90
4
 70
1
 10
1.75
 20
0.5
 10
1.625
 20
0.5
 10
1.625
 20
-0.75
 10
1.75
 20
-0.75
  0
LWPOLYLINE
  5
16E
330
15D
100
AcDbEntity
  8
0
  6
CONTINUOUS
100
AcDbPolyline
 90
2
 70
0
 10
2.0
 20
-0.625
 10
1.75
 20
-0.625
  0
LWPOLYLINE
  5
16F
330
15D
100
AcDbEntity
  8
0
  6
CONTINUOUS
100
AcDbPolyline
 90
2
 70
0
 10
1.625
 20
0.375
 10
1.4375
 20
0.375
  0
ENDBLK
  5
15F
330
15D
100
AcDbEntity
  8
0
100
AcDbBlockEnd
  0
BLOCK
  5
171
330
170
100
AcDbEntity
  8
0
100
AcDbBlockBegin
  2
YAML_PID_REBOILER
 70
0
 10
0.0
 20
0.0
 30
0.0
  3
YAML_PID_REBOILER
  1

  0
LWPOLYLINE
  5
173
330
170
100
AcDbEntity
  8
0
  6
CONTINUOUS
100
AcDbPolyline
 90
2
 70
0
 10
1.625
 20
0.5
 10
-1.625
 20
0.5
  0
LWPOLYLINE
  5
174
330
170
100
AcDbEntity
  8
0
  6
CONTINUOUS
100
AcDbPolyline
 90
2
 70
0
 10
-1.625
 20
-0.5
 10
1.625
 20
-0.5
  0
LWPOLYLINE
  5
175
330
170
100
AcDbEntity
  8
0
  6
CONTINUOUS
100
AcDbPolyline
 90
3
 70
0
 10
-1.75
 20
0.5
 10
-2.0
 20
0.5
 10
-2.0
 20
-0.5
  0
LINE
  5
176
330
170
100
AcDbEntity
  8
0
  6
ByLayer
100
AcDbLine
 10
-1.6875
 20
-0.625
 30
0.0
 11
-1.6875
 21
0.625
 31
0.0
  0
LWPOLYLINE
  5
177
330
170
100
AcDbEntity
  8
0
  6
ByLayer
100
AcDbPolyline
 90
4
 70
1
 10
-1.75
 20
0.625
 10
-1.625
 20
0.625
 10
-1.625
 20
-0.625
 10
-1.75
 20
-0.625
  0
ELLIPSE
  5
178
330
170
100
AcDbEntity
  8
0
  6
ByLayer
100
AcDbEllipse
 10
-2.0
 20
0.0
 30
0.0
 11
0.0
 21
-0.5
 31
0.0
 40
0.5
 41
3.141592653589794
 42
6.283185307179586
  0
LWPOLYLINE
  5
179
330
170
100
AcDbEntity
  8
0
  6
CONTINUOUS
100
AcDbPolyline
 90
2
 70
0
 10
-2.0
 20
-0.5
 10
-1.75
 20
-0.5
  0
LWPOLYLINE
  5
17A
330
170
100
AcDbEntity
  8
0
  6
CONTINUOUS
100
AcDbPolyline
 90
4
 70
0
 10
1.75
 20
-0.5
 10
2.0
 20
-0.5
 10
2.0
 20
0.5
 10
1.75
 20
0.5
  0
LINE
  5
17B
330
170
100
AcDbEntity
  8
0
  6
ByLayer
100
AcDbLine
 10
1.6875
 20
-0.625
 30
0.0
 11
1.6875
 21
0.625
 31
0.0
  0
LWPOLYLINE
  5
17C
330
170
100
AcDbEntity
  8
0
  6
ByLayer
100
AcDbPolyline
 90
4
 70
1
 10
1.75
 20
0.625
 10
1.625
 20
0.625
 10
1.625
 20
-0.625
 10
1.75
 20
-0.625
  0
ELLIPSE
  5
17D
330
170
100
AcDbEntity
  8
0
  6
ByLayer
100
AcDbEllipse
 10
2.0
 20
0.0
 30
0.0
 11
0.0
 21
0.5
 31
0.0
 40
0.5
 41
3.141592653589794
 42
6.283185307179586
  0
ENDBLK
  5
172
330
170
100
AcDbEntity
  8
0
100
AcDbBlockEnd
  0
BLOCK
  5
17F
330
17E
100
AcDbEntity
  8
0
100
AcDbBlockBegin
  2
YAML_PID_REFLUX_DRUM
 70
0
 10
0.0
 20
0.0
 30
0.0
  3
YAML_PID_REFLUX_DRUM
  1

  0
LWPOLYLINE
  5
181
330
17E
100
AcDbEntity
  8
EQUIPMENT
  6
ByLayer
100
AcDbPolyline
 90
4
 70
1
 10
-1.875
 20
-0.5
 10
1.875
 20
-0.5
 10
1.875
 20
0.5
 10
-1.875
 20
0.5
  0
ELLIPSE
  5
182
330
17E
100
AcDbEntity
  8
EQUIPMENT
  6
ByLayer
100
AcDbEllipse
 10
1.875
 20
0.0
 30
0.0
 11
0.0
 21
0.5
 31
0.0
 40
0.5
 41
3.141592653589794
 42
6.283185307179586
  0
ELLIPSE
  5
183
330
17E
100
AcDbEntity
  8
EQUIPMENT
  6
ByLayer
100
AcDbEllipse
 10
-1.875
 20
0.0
 30
0.0
 11
0.0
 21
-0.5
 31
0.0
 40
0.5
 41
3.141592653589794
 42
6.283185307179586
  0
ENDBLK
  5
180
330
17E
100
AcDbEntity
  8
0
100
AcDbBlockEnd
  0
BLOCK
  5
185
330
184
100
AcDbEntity
  8
0
100
AcDbBlockBegin
  2
YAML_PID_RELIEF_VALVE
 70
0
 10
0.0
 20
0.0
 30
0.0
  3
YAML_PID_RELIEF_VALVE
  1

  0
LINE
  5
187
330
184
100
AcDbEntity
  8
DEFAULT_255_2_778
100
AcDbLine
 10
-6.614599999999999
 20
-1.6599999999922233e-05
 30
0.0
 11
6.614599999999999
 21
-1.6599999999922233e-05
 31
0.0
  0
LINE
  5
188
330
184
100
AcDbEntity
  8
DEFAULT_255_2_778
100
AcDbLine
 10
2.6458498000000006
 20
-1.3229000000000002
 30
0.0
 11
2.6458498000000006
 21
1.3229000000000002
 31
0.0
  0
LINE
  5
189
330
184
100
AcDbEntity
  8
DEFAULT_255_2_778
100
AcDbLine
 10
2.6458498000000006
 20
1.3229000000000002
 30
0.0
 11
-2.6458502
 21
-1.3229000000000002
 31
0.0
  0
LINE
  5
18A
330
184
100
AcDbEntity
  8
DEFAULT_255_2_778
100
AcDbLine
 10
-2.6458502
 20
-1.3229000000000002
 30
0.0
 11
-2.6458502
 21
1.3229000000000002
 31
0.0
  0
LINE
  5
18B
330
184
100
AcDbEntity
  8
DEFAULT_255_2_778
100
AcDbLine
 10
-2.6458502
 20
1.3229000000000002
 30
0.0
 11
2.6458498000000006
 21
-1.3229000000000002
 31
0.0
  0
LINE
  5
18C
330
184
100
AcDbEntity
  8
DEFAULT_255_2_778
100
AcDbLine
 10
1.3228831000000003
 20
1.3229000000000002
 30
0.0
 11
1.3228831000000003
 21
-1.3229000000000002
 31
0.0
  0
ENDBLK
  5
186
330
184
100
AcDbEntity
  8
0
100
AcDbBlockEnd
  0
BLOCK
  5
18E
330
18D
100
AcDbEntity
  8
0
100
AcDbBlockBegin
  2
YAML_PID_RESTRICTION_ORIFICE
 70
0
 10
0.0
 20
0.0
 30
0.0
  3
YAML_PID_RESTRICTION_ORIFICE
  1

  0
LINE
  5
190
330
18D
100
AcDbEntity
  8
0
  6
ByLayer
100
AcDbLine
 10
0.0
 20
-0.6000000000000001
 30
0.0
 11
0.0
 21
0.6000000000000001
 31
0.0
  0
LINE
  5
191
330
18D
100
AcDbEntity
  8
0
  6
ByLayer
100
AcDbLine
 10
-0.5
 20
-0.6
 30
0.0
 11
-0.5
 21
0.6
 31
0.0
  0
LINE
  5
192
330
18D
100
AcDbEntity
  8
0
  6
ByLayer
100
AcDbLine
 10
0.5
 20
-0.6
 30
0.0
 11
0.5
 21
0.6
 31
0.0
  0
ENDBLK
  5
18F
330
18D
100
AcDbEntity
  8
0
100
AcDbBlockEnd
  0
BLOCK
  5
194
330
193
100
AcDbEntity
  8
0
100
AcDbBlockBegin
  2
YAML_PID_SAMPLE_POINT
 70
0
 10
0.0
 20
0.0
 30
0.0
  3
YAML_PID_SAMPLE_POINT
  1

  0
LINE
  5
196
330
193
100
AcDbEntity
  8
DEFAULT_255_2_778
100
AcDbLine
 10
-5.2580998999999995
 20
2.6458500000000003
 30
0.0
 11
5.325200100000002
 21
2.6458500000000003
 31
0.0
  0
LINE
  5
197
330
193
100
AcDbEntity
  8
DEFAULT_255_2_778
100
AcDbLine
 10
5.325200100000002
 20
2.6458500000000003
 30
0.0
 11
5.325200100000002
 21
-2.6458500000000003
 31
0.0
  0
LINE
  5
198
330
193
100
AcDbEntity
  8
DEFAULT_255_2_778
100
AcDbLine
 10
5.325200100000002
 20
-2.6458500000000003
 30
0.0
 11
-5.2580998999999995
 21
-2.6458500000000003
 31
0.0
  0
LINE
  5
199
330
193
100
AcDbEntity
  8
DEFAULT_255_2_778
100
AcDbLine
 10
-5.2580998999999995
 20
-2.6458500000000003
 30
0.0
 11
-5.2580998999999995
 21
2.6458500000000003
 31
0.0
  0
LINE
  5
19A
330
193
100
AcDbEntity
  8
DEFAULT_255_2_778
100
AcDbLine
 10
-7.970549999999999
 20
1.669999999984184e-05
 30
0.0
 11
-5.32475
 21
1.669999999984184e-05
 31
0.0
  0
LINE
  5
19B
330
193
100
AcDbEntity
  8
DEFAULT_255_2_778
100
AcDbLine
 10
5.32475
 20
1.669999999984184e-05
 30
0.0
 11
7.970550000000001
 21
1.669999999984184e-05
 31
0.0
  0
LINE
  5
19C
330
193
100
AcDbEntity
  8
DEFAULT_255_2_778
100
AcDbLine
 10
3.605470800000001
 20
-0.9259875000000002
 30
0.0
 11
5.3252708
 21
-0.9259875000000002
 31
0.0
  0
LINE
  5
19D
330
193
100
AcDbEntity
  8
DEFAULT_255_2_778
100
AcDbLine
 10
5.3252708
 20
-0.9259875000000002
 30
0.0
 11
5.3252708
 21
-2.6457875
 31
0.0
  0
LINE
  5
19E
330
193
100
AcDbEntity
  8
DEFAULT_255_2_778
100
AcDbLine
 10
5.3252708
 20
-2.6457875
 30
0.0
 11
3.605470800000001
 21
-2.6457875
 31
0.0
  0
LINE
  5
19F
330
193
100
AcDbEntity
  8
DEFAULT_255_2_778
100
AcDbLine
 10
3.605470800000001
 20
-2.6457875
 30
0.0
 11
3.605470800000001
 21
-0.9259875000000002
 31
0.0
  0
LINE
  5
1A0
330
193
100
AcDbEntity
  8
DEFAULT_255_2_778
100
AcDbLine
 10
4.8918374
 20
-2.3811166000000004
 30
0.0
 11
4.530937400000001
 21
-2.3811166000000004
 31
0.0
  0
LINE
  5
1A1
330
193
100
AcDbEntity
  8
DEFAULT_255_2_778
100
AcDbLine
 10
4.530937400000001
 20
-2.3811166000000004
 30
0.0
 11
4.530937400000001
 21
-1.7684166000000001
 31
0.0
  0
LINE
  5
1A2
330
193
100
AcDbEntity
  8
DEFAULT_255_2_778
100
AcDbLine
 10
4.530937400000001
 20
-1.7684166000000001
 30
0.0
 11
4.8918374
 21
-1.7684166000000001
 31
0.0
  0
LINE
  5
1A3
330
193
100
AcDbEntity
  8
DEFAULT_255_2_778
100
AcDbLine
 10
4.8918374
 20
-1.7684166000000001
 30
0.0
 11
4.8918374
 21
-1.3228166000000001
 31
0.0
  0
LINE
  5
1A4
330
193
100
AcDbEntity
  8
DEFAULT_255_2_778
100
AcDbLine
 10
4.8918374
 20
-1.3228166000000001
 30
0.0
 11
5.192437400000001
 21
-1.3228166000000001
 31
0.0
  0
LINE
  5
1A5
330
193
100
AcDbEntity
  8
DEFAULT_255_2_778
100
AcDbLine
 10
5.192437400000001
 20
-1.3228166000000001
 30
0.0
 11
5.192437400000001
 21
-2.3811166000000004
 31
0.0
  0
LINE
  5
1A6
330
193
100
AcDbEntity
  8
DEFAULT_255_2_778
100
AcDbLine
 10
5.192437400000001
 20
-2.3811166000000004
 30
0.0
 11
4.8918374
 21
-2.3811166000000004
 31
0.0
  0
ENDBLK
  5
195
330
193
100
AcDbEntity
  8
0
100
AcDbBlockEnd
  0
BLOCK
  5
1A8
330
1A7
100
AcDbEntity
  8
0
100
AcDbBlockBegin
  2
YAML_PID_SHUTDOWN_VALVE
 70
0
 10
0.0
 20
0.0
 30
0.0
  3
YAML_PID_SHUTDOWN_VALVE
  1

  0
LINE
  5
1AA
330
1A7
100
AcDbEntity
  8
DEFAULT_255_2_778
100
AcDbLine
 10
-6.614599999999999
 20
0.5291292000000001
 30
0.0
 11
6.614599999999999
 21
0.5291292000000001
 31
0.0
  0
LINE
  5
1AB
330
1A7
100
AcDbEntity
  8
DEFAULT_255_2_778
100
AcDbLine
 10
2.6458498000000006
 20
-0.7937542
 30
0.0
 11
2.6458498000000006
 21
1.8520458000000002
 31
0.0
  0
LINE
  5
1AC
330
1A7
100
AcDbEntity
  8
DEFAULT_255_2_778
100
AcDbLine
 10
2.6458498000000006
 20
1.8520458000000002
 30
0.0
 11
-2.6458502
 21
-0.7937542
 31
0.0
  0
LINE
  5
1AD
330
1A7
100
AcDbEntity
  8
DEFAULT_255_2_778
100
AcDbLine
 10
-2.6458502
 20
-0.7937542
 30
0.0
 11
-2.6458502
 21
1.8520458000000002
 31
0.0
  0
LINE
  5
1AE
330
1A7
100
AcDbEntity
  8
DEFAULT_255_2_778
100
AcDbLine
 10
-2.6458502
 20
1.8520458000000002
 30
0.0
 11
2.6458498000000006
 21
-0.7937542
 31
0.0
  0
LINE
  5
1AF
330
1A7
100
AcDbEntity
  8
DEFAULT_255_2_778
100
AcDbLine
 10
-1.5875168999999998
 20
-0.26454579999999983
 30
0.0
 11
-1.6900000000319437e-05
 21
-1.8520458
 31
0.0
  0
LINE
  5
1B0
330
1A7
100
AcDbEntity
  8
DEFAULT_255_2_778
100
AcDbLine
 10
-1.6900000000319437e-05
 20
-1.8520458
 30
0.0
 11
1.5874831
 21
-0.26454579999999983
 31
0.0
  0
LINE
  5
1B1
330
1A7
100
AcDbEntity
  8
DEFAULT_255_2_778
100
AcDbLine
 10
1.5874831
 20
-0.26454579999999983
 30
0.0
 11
-1.6900000000319437e-05
 21
0.5291542000000002
 31
0.0
  0
LINE
  5
1B2
330
1A7
100
AcDbEntity
  8
DEFAULT_255_2_778
100
AcDbLine
 10
-1.6900000000319437e-05
 20
0.5291542000000002
 30
0.0
 11
-1.5875168999999998
 21
-0.26454579999999983
 31
0.0
  0
ENDBLK
  5
1A9
330
1A7
100
AcDbEntity
  8
0
100
AcDbBlockEnd
  0
ENDSEC
  0
SECTION
  2
ENTITIES
  0
LWPOLYLINE
  5
1B3
330
17
100
AcDbEntity
  8
BORDER
100
AcDbPolyline
 90
5
 70
0
 10
10.0
 20
10.0
 10
1179.0
 20
10.0
 10
1179.0
 20
831.0
 10
10.0
 20
831.0
 10
10.0
 20
10.0
  0
LWPOLYLINE
  5
1B4
330
17
100
AcDbEntity
  8
BORDER
100
AcDbPolyline
 90
5
 70
0
 10
25.0
 20
25.0
 10
1164.0
 20
25.0
 10
1164.0
 20
816.0
 10
25.0
 20
816.0
 10
25.0
 20
25.0
  0
LWPOLYLINE
  5
1B5
330
17
100
AcDbEntity
  8
BORDER
100
AcDbPolyline
 90
5
 70
0
 10
838.0
 20
25.0
 10
1168.0
 20
25.0
 10
1168.0
 20
117.0
 10
838.0
 20
117.0
 10
838.0
 20
25.0
  0
LINE
  5
1B6
330
17
100
AcDbEntity
  8
BORDER
100
AcDbLine
 10
838.0
 20
49.0
 30
0.0
 11
1168.0
 21
49.0
 31
0.0
  0
LINE
  5
1B7
330
17
100
AcDbEntity
  8
BORDER
100
AcDbLine
 10
838.0
 20
73.0
 30
0.0
 11
1168.0
 21
73.0
 31
0.0
  0
LINE
  5
1B8
330
17
100
AcDbEntity
  8
BORDER
100
AcDbLine
 10
838.0
 20
95.0
 30
0.0
 11
1168.0
 21
95.0
 31
0.0
  0
TEXT
  5
1B9
330
17
100
AcDbEntity
  8
TEXT
100
AcDbText
 10
845.0
 20
100.0
 30
0.0
 40
5.0
  1
DEETHANIZER COLUMN P&ID
 11
845.0
 21
100.0
 31
0.0
100
AcDbText
  0
TEXT
  5
1BA
330
17
100
AcDbEntity
  8
TEXT
100
AcDbText
 10
845.0
 20
80.0
 30
0.0
 40
2.5
  1
DWG NO: U400-PID-401
 11
845.0
 21
80.0
 31
0.0
100
AcDbText
  0
TEXT
  5
1BB
330
17
100
AcDbEntity
  8
TEXT
100
AcDbText
 10
1050.0
 20
80.0
 30
0.0
 40
2.5
  1
REV: A
 11
1050.0
 21
80.0
 31
0.0
100
AcDbText
  0
TEXT
  5
1BC
330
17
100
AcDbEntity
  8
TEXT
100
AcDbText
 10
845.0
 20
55.0
 30
0.0
 40
2.5
  1
UNIT: 500
 11
845.0
 21
55.0
 31
0.0
100
AcDbText
  0
TEXT
  5
1BD
330
17
100
AcDbEntity
  8
TEXT
100
AcDbText
 10
1050.0
 20
55.0
 30
0.0
 40
2.5
  1
SCALE: NTS
 11
1050.0
 21
55.0
 31
0.0
100
AcDbText
  0
TEXT
  5
1BE
330
17
100
AcDbEntity
  8
TEXT
100
AcDbText
 10
845.0
 20
30.0
 30
0.0
 40
2.0
  1
SERVICE: c2_c3_fractionation
 11
845.0
 21
30.0
 31
0.0
100
AcDbText
  0
TEXT
  5
1BF
330
17
100
AcDbEntity
  8
TEXT
100
AcDbText
 10
1100.0
 20
30.0
 30
0.0
 40
2.5
  1
STUDY
 11
1100.0
 21
30.0
 31
0.0
100
AcDbText
  0
LWPOLYLINE
  5
1C0
330
17
100
AcDbEntity
  8
TABLE
100
AcDbPolyline
 90
5
 70
0
 10
55.0
 20
118.0
 10
615.0
 20
118.0
 10
615.0
 20
36.0
 10
55.0
 20
36.0
 10
55.0
 20
118.0
  0
TEXT
  5
1C1
330
17
100
AcDbEntity
  8
TEXT
100
AcDbText
 10
60.0
 20
105.0
 30
0.0
 40
3.5
  1
NOTES
 11
60.0
 21
105.0
 31
0.0
100
AcDbText
  0
TEXT
  5
1C2
330
17
100
AcDbEntity
  8
TEXT
100
AcDbText
 10
65.0
 20
95.0
 30
0.0
 40
2.0
  1
1. no pipe shall enter equipment body
 11
65.0
 21
95.0
 31
0.0
100
AcDbText
  0
TEXT
  5
1C3
330
17
100
AcDbEntity
  8
TEXT
100
AcDbText
 10
65.0
 20
85.0
 30
0.0
 40
2.0
  1
2. all process connections shall terminate at nozzle connection points
 11
65.0
 21
85.0
 31
0.0
100
AcDbText
  0
TEXT
  5
1C4
330
17
100
AcDbEntity
  8
TEXT
100
AcDbText
 10
65.0
 20
80.0
 30
0.0
 40
2.0
  1
3. signal lines shall use ISA style line types
 11
65.0
 21
80.0
 31
0.0
100
AcDbText
  0
TEXT
  5
1C5
330
17
100
AcDbEntity
  8
TEXT
100
AcDbText
 10
65.0
 20
70.0
 30
0.0
 40
2.0
  1
4. labels shall not overlap symbols lines or forbidden zones
 11
65.0
 21
70.0
 31
0.0
100
AcDbText
  0
TEXT
  5
1C6
330
17
100
AcDbEntity
  8
TEXT
100
AcDbText
 10
650.0
 20
120.0
 30
0.0
 40
3.5
  1
LEGEND
 11
650.0
 21
120.0
 31
0.0
100
AcDbText
  0
TEXT
  5
1C7
330
17
100
AcDbEntity
  8
TEXT
100
AcDbText
 10
650.0
 20
105.0
 30
0.0
 40
2.0
  1
Solid: process / utility piping
 11
650.0
 21
105.0
 31
0.0
100
AcDbText
  0
TEXT
  5
1C8
330
17
100
AcDbEntity
  8
TEXT
100
AcDbText
 10
650.0
 20
95.0
 30
0.0
 40
2.0
  1
Dashed/dotted: instrument signals
 11
650.0
 21
95.0
 31
0.0
100
AcDbText
  0
LWPOLYLINE
  5
1C9
330
17
100
AcDbEntity
  8
TABLE
100
AcDbPolyline
 90
5
 70
0
 10
650.0
 20
75.0
 10
795.0
 20
75.0
 10
795.0
 20
37.0
 10
650.0
 20
37.0
 10
650.0
 20
75.0
  0
TEXT
  5
1CA
330
17
100
AcDbEntity
  8
TEXT
100
AcDbText
 10
655.0
 20
65.0
 30
0.0
 40
2.0
  1
REV  DATE        STATUS
 11
655.0
 21
65.0
 31
0.0
100
AcDbText
  0
TEXT
  5
1CB
330
17
100
AcDbEntity
  8
TEXT
100
AcDbText
 10
655.0
 20
55.0
 30
0.0
 40
2.0
  1
A    2026-05-07  STUDY
 11
655.0
 21
55.0
 31
0.0
100
AcDbText
  0
INSERT
  5
1CC
330
17
100
AcDbEntity
  8
SYMBOLS
100
AcDbBlockReference
  2
YAML_PID_OFFPAGE_CONNECTOR
 10
85.0
 20
465.0
 30
0.0
 41
2.707727610906041
 42
12.59842519685039
  0
TEXT
  5
1CE
330
17
100
AcDbEntity
  8
TEXT
100
AcDbText
 10
115.0
 20
485.0
 30
0.0
 40
2.0
  1
FEED FROM C2/C3 SECTION
 11
115.0
 21
485.0
 31
0.0
100
AcDbText
  0
TEXT
  5
1CF
330
17
100
AcDbEntity
  8
TEXT
100
AcDbText
 10
115.0
 20
445.0
 30
0.0
 40
2.0
  1
FROM PID-400
 11
115.0
 21
445.0
 31
0.0
100
AcDbText
  0
INSERT
  5
1D0
330
17
100
AcDbEntity
  8
SYMBOLS
100
AcDbBlockReference
  2
YAML_PID_OFFPAGE_CONNECTOR
 10
1115.0
 20
650.0
 30
0.0
 41
2.707727610906041
 42
12.59842519685039
 50
180.0
  0
TEXT
  5
1D2
330
17
100
AcDbEntity
  8
TEXT
100
AcDbText
 10
1015.0
 20
670.0
 30
0.0
 40
2.0
  1
C2 OVERHEAD PRODUCT
 11
1015.0
 21
670.0
 31
0.0
100
AcDbText
  0
TEXT
  5
1D3
330
17
100
AcDbEntity
  8
TEXT
100
AcDbText
 10
1015.0
 20
630.0
 30
0.0
 40
2.0
  1
TO PID-520 / PID-600
 11
1015.0
 21
630.0
 31
0.0
100
AcDbText
  0
INSERT
  5
1D4
330
17
100
AcDbEntity
  8
SYMBOLS
100
AcDbBlockReference
  2
YAML_PID_OFFPAGE_CONNECTOR
 10
85.0
 20
290.0
 30
0.0
 41
2.707727610906041
 42
12.59842519685039
  0
TEXT
  5
1D6
330
17
100
AcDbEntity
  8
TEXT
100
AcDbText
 10
115.0
 20
310.0
 30
0.0
 40
2.0
  1
C3+ BOTTOMS EXPORT
 11
115.0
 21
310.0
 31
0.0
100
AcDbText
  0
TEXT
  5
1D7
330
17
100
AcDbEntity
  8
TEXT
100
AcDbText
 10
115.0
 20
270.0
 30
0.0
 40
2.0
  1
TO PID-600 / EXPORT
 11
115.0
 21
270.0
 31
0.0
100
AcDbText
  0
INSERT
  5
1D8
330
17
100
AcDbEntity
  8
SYMBOLS
100
AcDbBlockReference
  2
YAML_PID_OFFPAGE_CONNECTOR
 10
1115.0
 20
760.0
 30
0.0
 41
2.707727610906041
 42
12.59842519685039
 50
180.0
  0
TEXT
  5
1DA
330
17
100
AcDbEntity
  8
TEXT
100
AcDbText
 10
1015.0
 20
780.0
 30
0.0
 40
2.0
  1
TO FLARE HEADER
 11
1015.0
 21
780.0
 31
0.0
100
AcDbText
  0
TEXT
  5
1DB
330
17
100
AcDbEntity
  8
TEXT
100
AcDbText
 10
1015.0
 20
740.0
 30
0.0
 40
2.0
  1
TO PID-700
 11
1015.0
 21
740.0
 31
0.0
100
AcDbText
  0
INSERT
  5
1DC
330
17
100
AcDbEntity
  8
SYMBOLS
100
AcDbBlockReference
  2
YAML_PID_OFFPAGE_CONNECTOR
 10
1115.0
 20
155.0
 30
0.0
 41
2.707727610906041
 42
12.59842519685039
 50
180.0
  0
TEXT
  5
1DE
330
17
100
AcDbEntity
  8
TEXT
100
AcDbText
 10
1015.0
 20
175.0
 30
0.0
 40
2.0
  1
TO CLOSED DRAIN
 11
1015.0
 21
175.0
 31
0.0
100
AcDbText
  0
TEXT
  5
1DF
330
17
100
AcDbEntity
  8
TEXT
100
AcDbText
 10
1015.0
 20
135.0
 30
0.0
 40
2.0
  1
TO PID-700
 11
1015.0
 21
135.0
 31
0.0
100
AcDbText
  0
INSERT
  5
1E0
330
17
100
AcDbEntity
  8
SYMBOLS
100
AcDbBlockReference
  2
YAML_PID_OFFPAGE_CONNECTOR
 10
1115.0
 20
700.0
 30
0.0
 41
2.707727610906041
 42
12.59842519685039
 50
180.0
  0
TEXT
  5
1E2
330
17
100
AcDbEntity
  8
TEXT
100
AcDbText
 10
1015.0
 20
720.0
 30
0.0
 40
2.0
  1
COOLING WATER SUPPLY
 11
1015.0
 21
720.0
 31
0.0
100
AcDbText
  0
TEXT
  5
1E3
330
17
100
AcDbEntity
  8
TEXT
100
AcDbText
 10
1015.0
 20
680.0
 30
0.0
 40
2.0
  1
FROM PID-800
 11
1015.0
 21
680.0
 31
0.0
100
AcDbText
  0
INSERT
  5
1E4
330
17
100
AcDbEntity
  8
SYMBOLS
100
AcDbBlockReference
  2
YAML_PID_OFFPAGE_CONNECTOR
 10
1115.0
 20
610.0
 30
0.0
 41
2.707727610906041
 42
12.59842519685039
 50
180.0
  0
TEXT
  5
1E6
330
17
100
AcDbEntity
  8
TEXT
100
AcDbText
 10
1015.0
 20
630.0
 30
0.0
 40
2.0
  1
COOLING WATER RETURN
 11
1015.0
 21
630.0
 31
0.0
100
AcDbText
  0
TEXT
  5
1E7
330
17
100
AcDbEntity
  8
TEXT
100
AcDbText
 10
1015.0
 20
590.0
 30
0.0
 40
2.0
  1
TO PID-800
 11
1015.0
 21
590.0
 31
0.0
100
AcDbText
  0
INSERT
  5
1E8
330
17
100
AcDbEntity
  8
SYMBOLS
100
AcDbBlockReference
  2
YAML_PID_OFFPAGE_CONNECTOR
 10
1115.0
 20
330.0
 30
0.0
 41
2.707727610906041
 42
12.59842519685039
 50
180.0
  0
TEXT
  5
1EA
330
17
100
AcDbEntity
  8
TEXT
100
AcDbText
 10
1015.0
 20
350.0
 30
0.0
 40
2.0
  1
HEATING MEDIUM SUPPLY
 11
1015.0
 21
350.0
 31
0.0
100
AcDbText
  0
TEXT
  5
1EB
330
17
100
AcDbEntity
  8
TEXT
100
AcDbText
 10
1015.0
 20
310.0
 30
0.0
 40
2.0
  1
FROM PID-810
 11
1015.0
 21
310.0
 31
0.0
100
AcDbText
  0
INSERT
  5
1EC
330
17
100
AcDbEntity
  8
SYMBOLS
100
AcDbBlockReference
  2
YAML_PID_OFFPAGE_CONNECTOR
 10
1115.0
 20
300.0
 30
0.0
 41
2.707727610906041
 42
12.59842519685039
 50
180.0
  0
TEXT
  5
1EE
330
17
100
AcDbEntity
  8
TEXT
100
AcDbText
 10
1015.0
 20
320.0
 30
0.0
 40
2.0
  1
HEATING MEDIUM RETURN
 11
1015.0
 21
320.0
 31
0.0
100
AcDbText
  0
TEXT
  5
1EF
330
17
100
AcDbEntity
  8
TEXT
100
AcDbText
 10
1015.0
 20
280.0
 30
0.0
 40
2.0
  1
TO PID-810
 11
1015.0
 21
280.0
 31
0.0
100
AcDbText
  0
INSERT
  5
1F0
330
17
100
AcDbEntity
  8
SYMBOLS
100
AcDbBlockReference
  2
YAML_PID_DEETHANIZER_COLUMN
 10
500.0
 20
430.0
 30
0.0
 41
56.0
 42
48.421052631578945
  0
LINE
  5
1F2
330
17
100
AcDbEntity
  8
EQUIPMENT
100
AcDbLine
 10
477.0
 20
353.0
 30
0.0
 11
523.0
 21
353.0
 31
0.0
  0
LINE
  5
1F3
330
17
100
AcDbEntity
  8
EQUIPMENT
100
AcDbLine
 10
477.0
 20
370.0
 30
0.0
 11
523.0
 21
370.0
 31
0.0
  0
LINE
  5
1F4
330
17
100
AcDbEntity
  8
EQUIPMENT
100
AcDbLine
 10
477.0
 20
387.0
 30
0.0
 11
523.0
 21
387.0
 31
0.0
  0
LINE
  5
1F5
330
17
100
AcDbEntity
  8
EQUIPMENT
100
AcDbLine
 10
477.0
 20
404.0
 30
0.0
 11
523.0
 21
404.0
 31
0.0
  0
LINE
  5
1F6
330
17
100
AcDbEntity
  8
EQUIPMENT
100
AcDbLine
 10
477.0
 20
421.0
 30
0.0
 11
523.0
 21
421.0
 31
0.0
  0
LINE
  5
1F7
330
17
100
AcDbEntity
  8
EQUIPMENT
100
AcDbLine
 10
477.0
 20
438.0
 30
0.0
 11
523.0
 21
438.0
 31
0.0
  0
LINE
  5
1F8
330
17
100
AcDbEntity
  8
EQUIPMENT
100
AcDbLine
 10
477.0
 20
455.0
 30
0.0
 11
523.0
 21
455.0
 31
0.0
  0
LINE
  5
1F9
330
17
100
AcDbEntity
  8
EQUIPMENT
100
AcDbLine
 10
477.0
 20
472.0
 30
0.0
 11
523.0
 21
472.0
 31
0.0
  0
LINE
  5
1FA
330
17
100
AcDbEntity
  8
EQUIPMENT
100
AcDbLine
 10
477.0
 20
489.0
 30
0.0
 11
523.0
 21
489.0
 31
0.0
  0
TEXT
  5
1FB
330
17
100
AcDbEntity
  8
TEXT
100
AcDbText
 10
450.0
 20
305.0
 30
0.0
 40
3.5
  1
T-501
 11
450.0
 21
305.0
 31
0.0
100
AcDbText
  0
INSERT
  5
1FC
330
17
100
AcDbEntity
  8
SYMBOLS
100
AcDbBlockReference
  2
YAML_PID_REBOILER
 10
420.0
 20
280.0
 30
0.0
 41
17.2
 42
33.6
  0
TEXT
  5
1FE
330
17
100
AcDbEntity
  8
TEXT
100
AcDbText
 10
415.0
 20
250.0
 30
0.0
 40
3.5
  1
E-501
 11
415.0
 21
250.0
 31
0.0
100
AcDbText
  0
INSERT
  5
1FF
330
17
100
AcDbEntity
  8
SYMBOLS
100
AcDbBlockReference
  2
YAML_PID_OVERHEAD_CONDENSER
 10
640.0
 20
650.0
 30
0.0
 41
15.2
 42
22.666666666666668
  0
TEXT
  5
201
330
17
100
AcDbEntity
  8
TEXT
100
AcDbText
 10
635.0
 20
620.0
 30
0.0
 40
3.5
  1
E-502
 11
635.0
 21
620.0
 31
0.0
100
AcDbText
  0
INSERT
  5
202
330
17
100
AcDbEntity
  8
SYMBOLS
100
AcDbBlockReference
  2
YAML_PID_REFLUX_DRUM
 10
840.0
 20
650.0
 30
0.0
 41
19.36842105263158
 42
38.0
  0
TEXT
  5
204
330
17
100
AcDbEntity
  8
TEXT
100
AcDbText
 10
835.0
 20
620.0
 30
0.0
 40
3.5
  1
V-501
 11
835.0
 21
620.0
 31
0.0
100
AcDbText
  0
INSERT
  5
205
330
17
100
AcDbEntity
  8
SYMBOLS
100
AcDbBlockReference
  2
YAML_PID_CENTRIFUGAL_PUMP
 10
815.0
 20
545.0
 30
0.0
 41
34.0
 42
24.0
  0
TEXT
  5
207
330
17
100
AcDbEntity
  8
TEXT
100
AcDbText
 10
810.0
 20
525.0
 30
0.0
 40
3.5
  1
P-501A
 11
810.0
 21
525.0
 31
0.0
100
AcDbText
  0
INSERT
  5
208
330
17
100
AcDbEntity
  8
SYMBOLS
100
AcDbBlockReference
  2
YAML_PID_CENTRIFUGAL_PUMP
 10
815.0
 20
500.0
 30
0.0
 41
34.0
 42
24.0
  0
TEXT
  5
20A
330
17
100
AcDbEntity
  8
TEXT
100
AcDbText
 10
810.0
 20
480.0
 30
0.0
 40
3.5
  1
P-501B
 11
810.0
 21
480.0
 31
0.0
100
AcDbText
  0
INSERT
  5
20B
330
17
100
AcDbEntity
  8
SYMBOLS
100
AcDbBlockReference
  2
YAML_PID_FEED_BOTTOMS_EXCHANGER
 10
305.0
 20
475.0
 30
0.0
 41
15.2
 42
27.2
  0
TEXT
  5
20D
330
17
100
AcDbEntity
  8
TEXT
100
AcDbText
 10
300.0
 20
445.0
 30
0.0
 40
3.5
  1
E-503
 11
300.0
 21
445.0
 31
0.0
100
AcDbText
  0
INSERT
  5
20E
330
17
100
AcDbEntity
  8
SYMBOLS
100
AcDbBlockReference
  2
YAML_PID_CENTRIFUGAL_PUMP
 10
620.0
 20
240.0
 30
0.0
 41
34.0
 42
24.0
  0
TEXT
  5
210
330
17
100
AcDbEntity
  8
TEXT
100
AcDbText
 10
615.0
 20
220.0
 30
0.0
 40
3.5
  1
P-502A
 11
615.0
 21
220.0
 31
0.0
100
AcDbText
  0
INSERT
  5
211
330
17
100
AcDbEntity
  8
SYMBOLS
100
AcDbBlockReference
  2
YAML_PID_CENTRIFUGAL_PUMP
 10
620.0
 20
190.0
 30
0.0
 41
34.0
 42
24.0
  0
TEXT
  5
213
330
17
100
AcDbEntity
  8
TEXT
100
AcDbText
 10
615.0
 20
170.0
 30
0.0
 40
3.5
  1
P-502B
 11
615.0
 21
170.0
 31
0.0
100
AcDbText
  0
LINE
  5
214
330
17
100
AcDbEntity
  8
NOZZLES
370
13
100
AcDbLine
 10
472.0
 20
465.0
 30
0.0
 11
450.0
 21
465.0
 31
0.0
  0
LINE
  5
215
330
17
100
AcDbEntity
  8
NOZZLES
370
13
100
AcDbLine
 10
450.0
 20
466.3
 30
0.0
 11
450.0
 21
463.7
 31
0.0
  0
LINE
  5
216
330
17
100
AcDbEntity
  8
NOZZLES
370
13
100
AcDbLine
 10
449.25
 20
466.3
 30
0.0
 11
449.25
 21
463.7
 31
0.0
  0
LINE
  5
217
330
17
100
AcDbEntity
  8
NOZZLES
370
13
100
AcDbLine
 10
500.0
 20
545.0
 30
0.0
 11
500.0
 21
570.0
 31
0.0
  0
LINE
  5
218
330
17
100
AcDbEntity
  8
NOZZLES
370
13
100
AcDbLine
 10
501.3
 20
565.0
 30
0.0
 11
498.7
 21
565.0
 31
0.0
  0
LINE
  5
219
330
17
100
AcDbEntity
  8
NOZZLES
370
13
100
AcDbLine
 10
501.3
 20
565.75
 30
0.0
 11
498.7
 21
565.75
 31
0.0
  0
LINE
  5
21A
330
17
100
AcDbEntity
  8
NOZZLES
370
13
100
AcDbLine
 10
528.0
 20
510.0
 30
0.0
 11
550.0
 21
510.0
 31
0.0
  0
LINE
  5
21B
330
17
100
AcDbEntity
  8
NOZZLES
370
13
100
AcDbLine
 10
550.0
 20
508.7
 30
0.0
 11
550.0
 21
511.3
 31
0.0
  0
LINE
  5
21C
330
17
100
AcDbEntity
  8
NOZZLES
370
13
100
AcDbLine
 10
550.75
 20
508.7
 30
0.0
 11
550.75
 21
511.3
 31
0.0
  0
LINE
  5
21D
330
17
100
AcDbEntity
  8
NOZZLES
370
13
100
AcDbLine
 10
472.0
 20
350.0
 30
0.0
 11
450.0
 21
350.0
 31
0.0
  0
LINE
  5
21E
330
17
100
AcDbEntity
  8
NOZZLES
370
13
100
AcDbLine
 10
450.0
 20
351.3
 30
0.0
 11
450.0
 21
348.7
 31
0.0
  0
LINE
  5
21F
330
17
100
AcDbEntity
  8
NOZZLES
370
13
100
AcDbLine
 10
449.25
 20
351.3
 30
0.0
 11
449.25
 21
348.7
 31
0.0
  0
LINE
  5
220
330
17
100
AcDbEntity
  8
NOZZLES
370
13
100
AcDbLine
 10
472.0
 20
380.0
 30
0.0
 11
450.0
 21
380.0
 31
0.0
  0
LINE
  5
221
330
17
100
AcDbEntity
  8
NOZZLES
370
13
100
AcDbLine
 10
450.0
 20
381.3
 30
0.0
 11
450.0
 21
378.7
 31
0.0
  0
LINE
  5
222
330
17
100
AcDbEntity
  8
NOZZLES
370
13
100
AcDbLine
 10
449.25
 20
381.3
 30
0.0
 11
449.25
 21
378.7
 31
0.0
  0
LINE
  5
223
330
17
100
AcDbEntity
  8
NOZZLES
370
13
100
AcDbLine
 10
500.0
 20
315.0
 30
0.0
 11
500.0
 21
290.0
 31
0.0
  0
LINE
  5
224
330
17
100
AcDbEntity
  8
NOZZLES
370
13
100
AcDbLine
 10
498.7
 20
295.0
 30
0.0
 11
501.3
 21
295.0
 31
0.0
  0
LINE
  5
225
330
17
100
AcDbEntity
  8
NOZZLES
370
13
100
AcDbLine
 10
498.7
 20
294.25
 30
0.0
 11
501.3
 21
294.25
 31
0.0
  0
LINE
  5
226
330
17
100
AcDbEntity
  8
NOZZLES
370
13
100
AcDbLine
 10
510.0
 20
545.0
 30
0.0
 11
510.0
 21
570.0
 31
0.0
  0
LINE
  5
227
330
17
100
AcDbEntity
  8
NOZZLES
370
13
100
AcDbLine
 10
511.3
 20
570.0
 30
0.0
 11
508.7
 21
570.0
 31
0.0
  0
LINE
  5
228
330
17
100
AcDbEntity
  8
NOZZLES
370
13
100
AcDbLine
 10
511.3
 20
570.75
 30
0.0
 11
508.7
 21
570.75
 31
0.0
  0
LINE
  5
229
330
17
100
AcDbEntity
  8
NOZZLES
370
13
100
AcDbLine
 10
510.0
 20
315.0
 30
0.0
 11
510.0
 21
290.0
 31
0.0
  0
LINE
  5
22A
330
17
100
AcDbEntity
  8
NOZZLES
370
13
100
AcDbLine
 10
508.7
 20
290.0
 30
0.0
 11
511.3
 21
290.0
 31
0.0
  0
LINE
  5
22B
330
17
100
AcDbEntity
  8
NOZZLES
370
13
100
AcDbLine
 10
508.7
 20
289.25
 30
0.0
 11
511.3
 21
289.25
 31
0.0
  0
LINE
  5
22C
330
17
100
AcDbEntity
  8
NOZZLES
370
13
100
AcDbLine
 10
490.0
 20
545.0
 30
0.0
 11
490.0
 21
570.0
 31
0.0
  0
LINE
  5
22D
330
17
100
AcDbEntity
  8
NOZZLES
370
13
100
AcDbLine
 10
491.3
 20
570.0
 30
0.0
 11
488.7
 21
570.0
 31
0.0
  0
LINE
  5
22E
330
17
100
AcDbEntity
  8
NOZZLES
370
13
100
AcDbLine
 10
491.3
 20
570.75
 30
0.0
 11
488.7
 21
570.75
 31
0.0
  0
LINE
  5
22F
330
17
100
AcDbEntity
  8
NOZZLES
370
13
100
AcDbLine
 10
472.0
 20
520.0
 30
0.0
 11
450.0
 21
520.0
 31
0.0
  0
LINE
  5
230
330
17
100
AcDbEntity
  8
NOZZLES
370
13
100
AcDbLine
 10
455.0
 20
521.3
 30
0.0
 11
455.0
 21
518.7
 31
0.0
  0
LINE
  5
231
330
17
100
AcDbEntity
  8
NOZZLES
370
13
100
AcDbLine
 10
454.25
 20
521.3
 30
0.0
 11
454.25
 21
518.7
 31
0.0
  0
LINE
  5
232
330
17
100
AcDbEntity
  8
NOZZLES
370
13
100
AcDbLine
 10
472.0
 20
500.0
 30
0.0
 11
450.0
 21
500.0
 31
0.0
  0
LINE
  5
233
330
17
100
AcDbEntity
  8
NOZZLES
370
13
100
AcDbLine
 10
455.0
 20
501.3
 30
0.0
 11
455.0
 21
498.7
 31
0.0
  0
LINE
  5
234
330
17
100
AcDbEntity
  8
NOZZLES
370
13
100
AcDbLine
 10
454.25
 20
501.3
 30
0.0
 11
454.25
 21
498.7
 31
0.0
  0
LINE
  5
235
330
17
100
AcDbEntity
  8
NOZZLES
370
13
100
AcDbLine
 10
472.0
 20
360.0
 30
0.0
 11
450.0
 21
360.0
 31
0.0
  0
LINE
  5
236
330
17
100
AcDbEntity
  8
NOZZLES
370
13
100
AcDbLine
 10
455.0
 20
361.3
 30
0.0
 11
455.0
 21
358.7
 31
0.0
  0
LINE
  5
237
330
17
100
AcDbEntity
  8
NOZZLES
370
13
100
AcDbLine
 10
454.25
 20
361.3
 30
0.0
 11
454.25
 21
358.7
 31
0.0
  0
LINE
  5
238
330
17
100
AcDbEntity
  8
NOZZLES
370
13
100
AcDbLine
 10
528.0
 20
480.0
 30
0.0
 11
550.0
 21
480.0
 31
0.0
  0
LINE
  5
239
330
17
100
AcDbEntity
  8
NOZZLES
370
13
100
AcDbLine
 10
545.0
 20
478.7
 30
0.0
 11
545.0
 21
481.3
 31
0.0
  0
LINE
  5
23A
330
17
100
AcDbEntity
  8
NOZZLES
370
13
100
AcDbLine
 10
545.75
 20
478.7
 30
0.0
 11
545.75
 21
481.3
 31
0.0
  0
LINE
  5
23B
330
17
100
AcDbEntity
  8
NOZZLES
370
13
100
AcDbLine
 10
528.0
 20
430.0
 30
0.0
 11
550.0
 21
430.0
 31
0.0
  0
LINE
  5
23C
330
17
100
AcDbEntity
  8
NOZZLES
370
13
100
AcDbLine
 10
545.0
 20
428.7
 30
0.0
 11
545.0
 21
431.3
 31
0.0
  0
LINE
  5
23D
330
17
100
AcDbEntity
  8
NOZZLES
370
13
100
AcDbLine
 10
545.75
 20
428.7
 30
0.0
 11
545.75
 21
431.3
 31
0.0
  0
LINE
  5
23E
330
17
100
AcDbEntity
  8
NOZZLES
370
13
100
AcDbLine
 10
528.0
 20
390.0
 30
0.0
 11
550.0
 21
390.0
 31
0.0
  0
LINE
  5
23F
330
17
100
AcDbEntity
  8
NOZZLES
370
13
100
AcDbLine
 10
545.0
 20
388.7
 30
0.0
 11
545.0
 21
391.3
 31
0.0
  0
LINE
  5
240
330
17
100
AcDbEntity
  8
NOZZLES
370
13
100
AcDbLine
 10
545.75
 20
388.7
 30
0.0
 11
545.75
 21
391.3
 31
0.0
  0
LINE
  5
241
330
17
100
AcDbEntity
  8
NOZZLES
370
13
100
AcDbLine
 10
472.0
 20
350.0
 30
0.0
 11
450.0
 21
350.0
 31
0.0
  0
LINE
  5
242
330
17
100
AcDbEntity
  8
NOZZLES
370
13
100
AcDbLine
 10
455.0
 20
351.3
 30
0.0
 11
455.0
 21
348.7
 31
0.0
  0
LINE
  5
243
330
17
100
AcDbEntity
  8
NOZZLES
370
13
100
AcDbLine
 10
454.25
 20
351.3
 30
0.0
 11
454.25
 21
348.7
 31
0.0
  0
LINE
  5
244
330
17
100
AcDbEntity
  8
NOZZLES
370
13
100
AcDbLine
 10
472.0
 20
325.0
 30
0.0
 11
450.0
 21
325.0
 31
0.0
  0
LINE
  5
245
330
17
100
AcDbEntity
  8
NOZZLES
370
13
100
AcDbLine
 10
455.0
 20
326.3
 30
0.0
 11
455.0
 21
323.7
 31
0.0
  0
LINE
  5
246
330
17
100
AcDbEntity
  8
NOZZLES
370
13
100
AcDbLine
 10
454.25
 20
326.3
 30
0.0
 11
454.25
 21
323.7
 31
0.0
  0
LINE
  5
247
330
17
100
AcDbEntity
  8
NOZZLES
370
13
100
AcDbLine
 10
381.3
 20
270.0
 30
0.0
 11
360.0
 21
270.0
 31
0.0
  0
LINE
  5
248
330
17
100
AcDbEntity
  8
NOZZLES
370
13
100
AcDbLine
 10
365.0
 20
271.3
 30
0.0
 11
365.0
 21
268.7
 31
0.0
  0
LINE
  5
249
330
17
100
AcDbEntity
  8
NOZZLES
370
13
100
AcDbLine
 10
364.25
 20
271.3
 30
0.0
 11
364.25
 21
268.7
 31
0.0
  0
LINE
  5
24A
330
17
100
AcDbEntity
  8
NOZZLES
370
13
100
AcDbLine
 10
381.3
 20
290.0
 30
0.0
 11
360.0
 21
290.0
 31
0.0
  0
LINE
  5
24B
330
17
100
AcDbEntity
  8
NOZZLES
370
13
100
AcDbLine
 10
365.0
 20
291.3
 30
0.0
 11
365.0
 21
288.7
 31
0.0
  0
LINE
  5
24C
330
17
100
AcDbEntity
  8
NOZZLES
370
13
100
AcDbLine
 10
364.25
 20
291.3
 30
0.0
 11
364.25
 21
288.7
 31
0.0
  0
LINE
  5
24D
330
17
100
AcDbEntity
  8
NOZZLES
370
13
100
AcDbLine
 10
458.7
 20
270.0
 30
0.0
 11
480.0
 21
270.0
 31
0.0
  0
LINE
  5
24E
330
17
100
AcDbEntity
  8
NOZZLES
370
13
100
AcDbLine
 10
475.0
 20
268.7
 30
0.0
 11
475.0
 21
271.3
 31
0.0
  0
LINE
  5
24F
330
17
100
AcDbEntity
  8
NOZZLES
370
13
100
AcDbLine
 10
475.75
 20
268.7
 30
0.0
 11
475.75
 21
271.3
 31
0.0
  0
LINE
  5
250
330
17
100
AcDbEntity
  8
NOZZLES
370
13
100
AcDbLine
 10
440.0
 20
301.0
 30
0.0
 11
440.0
 21
320.0
 31
0.0
  0
LINE
  5
251
330
17
100
AcDbEntity
  8
NOZZLES
370
13
100
AcDbLine
 10
441.3
 20
315.0
 30
0.0
 11
438.7
 21
315.0
 31
0.0
  0
LINE
  5
252
330
17
100
AcDbEntity
  8
NOZZLES
370
13
100
AcDbLine
 10
441.3
 20
315.75
 30
0.0
 11
438.7
 21
315.75
 31
0.0
  0
LINE
  5
253
330
17
100
AcDbEntity
  8
NOZZLES
370
13
100
AcDbLine
 10
400.0
 20
301.0
 30
0.0
 11
400.0
 21
320.0
 31
0.0
  0
LINE
  5
254
330
17
100
AcDbEntity
  8
NOZZLES
370
13
100
AcDbLine
 10
401.3
 20
315.0
 30
0.0
 11
398.7
 21
315.0
 31
0.0
  0
LINE
  5
255
330
17
100
AcDbEntity
  8
NOZZLES
370
13
100
AcDbLine
 10
401.3
 20
315.75
 30
0.0
 11
398.7
 21
315.75
 31
0.0
  0
LINE
  5
256
330
17
100
AcDbEntity
  8
NOZZLES
370
13
100
AcDbLine
 10
455.0
 20
301.0
 30
0.0
 11
455.0
 21
320.0
 31
0.0
  0
LINE
  5
257
330
17
100
AcDbEntity
  8
NOZZLES
370
13
100
AcDbLine
 10
456.3
 20
315.0
 30
0.0
 11
453.7
 21
315.0
 31
0.0
  0
LINE
  5
258
330
17
100
AcDbEntity
  8
NOZZLES
370
13
100
AcDbLine
 10
456.3
 20
315.75
 30
0.0
 11
453.7
 21
315.75
 31
0.0
  0
LINE
  5
259
330
17
100
AcDbEntity
  8
NOZZLES
370
13
100
AcDbLine
 10
605.8000000000001
 20
650.0
 30
0.0
 11
585.0
 21
650.0
 31
0.0
  0
LINE
  5
25A
330
17
100
AcDbEntity
  8
NOZZLES
370
13
100
AcDbLine
 10
590.0
 20
651.3
 30
0.0
 11
590.0
 21
648.7
 31
0.0
  0
LINE
  5
25B
330
17
100
AcDbEntity
  8
NOZZLES
370
13
100
AcDbLine
 10
589.25
 20
651.3
 30
0.0
 11
589.25
 21
648.7
 31
0.0
  0
LINE
  5
25C
330
17
100
AcDbEntity
  8
NOZZLES
370
13
100
AcDbLine
 10
674.1999999999999
 20
650.0
 30
0.0
 11
695.0
 21
650.0
 31
0.0
  0
LINE
  5
25D
330
17
100
AcDbEntity
  8
NOZZLES
370
13
100
AcDbLine
 10
690.0
 20
648.7
 30
0.0
 11
690.0
 21
651.3
 31
0.0
  0
LINE
  5
25E
330
17
100
AcDbEntity
  8
NOZZLES
370
13
100
AcDbLine
 10
690.75
 20
648.7
 30
0.0
 11
690.75
 21
651.3
 31
0.0
  0
LINE
  5
25F
330
17
100
AcDbEntity
  8
NOZZLES
370
13
100
AcDbLine
 10
660.0
 20
633.0
 30
0.0
 11
660.0
 21
620.0
 31
0.0
  0
LINE
  5
260
330
17
100
AcDbEntity
  8
NOZZLES
370
13
100
AcDbLine
 10
658.7
 20
620.0
 30
0.0
 11
661.3
 21
620.0
 31
0.0
  0
LINE
  5
261
330
17
100
AcDbEntity
  8
NOZZLES
370
13
100
AcDbLine
 10
658.7
 20
619.25
 30
0.0
 11
661.3
 21
619.25
 31
0.0
  0
LINE
  5
262
330
17
100
AcDbEntity
  8
NOZZLES
370
13
100
AcDbLine
 10
620.0
 20
633.0
 30
0.0
 11
620.0
 21
620.0
 31
0.0
  0
LINE
  5
263
330
17
100
AcDbEntity
  8
NOZZLES
370
13
100
AcDbLine
 10
618.7
 20
620.0
 30
0.0
 11
621.3
 21
620.0
 31
0.0
  0
LINE
  5
264
330
17
100
AcDbEntity
  8
NOZZLES
370
13
100
AcDbLine
 10
618.7
 20
619.25
 30
0.0
 11
621.3
 21
619.25
 31
0.0
  0
LINE
  5
265
330
17
100
AcDbEntity
  8
NOZZLES
370
13
100
AcDbLine
 10
670.0
 20
667.0
 30
0.0
 11
670.0
 21
680.0
 31
0.0
  0
LINE
  5
266
330
17
100
AcDbEntity
  8
NOZZLES
370
13
100
AcDbLine
 10
671.3
 20
675.0
 30
0.0
 11
668.7
 21
675.0
 31
0.0
  0
LINE
  5
267
330
17
100
AcDbEntity
  8
NOZZLES
370
13
100
AcDbLine
 10
671.3
 20
675.75
 30
0.0
 11
668.7
 21
675.75
 31
0.0
  0
LINE
  5
268
330
17
100
AcDbEntity
  8
NOZZLES
370
13
100
AcDbLine
 10
670.0
 20
633.0
 30
0.0
 11
670.0
 21
620.0
 31
0.0
  0
LINE
  5
269
330
17
100
AcDbEntity
  8
NOZZLES
370
13
100
AcDbLine
 10
668.7
 20
625.0
 30
0.0
 11
671.3
 21
625.0
 31
0.0
  0
LINE
  5
26A
330
17
100
AcDbEntity
  8
NOZZLES
370
13
100
AcDbLine
 10
668.7
 20
624.25
 30
0.0
 11
671.3
 21
624.25
 31
0.0
  0
LINE
  5
26B
330
17
100
AcDbEntity
  8
NOZZLES
370
13
100
AcDbLine
 10
798.8421052631579
 20
650.0
 30
0.0
 11
775.0
 21
650.0
 31
0.0
  0
LINE
  5
26C
330
17
100
AcDbEntity
  8
NOZZLES
370
13
100
AcDbLine
 10
780.0
 20
651.3
 30
0.0
 11
780.0
 21
648.7
 31
0.0
  0
LINE
  5
26D
330
17
100
AcDbEntity
  8
NOZZLES
370
13
100
AcDbLine
 10
779.25
 20
651.3
 30
0.0
 11
779.25
 21
648.7
 31
0.0
  0
LINE
  5
26E
330
17
100
AcDbEntity
  8
NOZZLES
370
13
100
AcDbLine
 10
840.0
 20
669.0
 30
0.0
 11
840.0
 21
690.0
 31
0.0
  0
LINE
  5
26F
330
17
100
AcDbEntity
  8
NOZZLES
370
13
100
AcDbLine
 10
841.3
 20
685.0
 30
0.0
 11
838.7
 21
685.0
 31
0.0
  0
LINE
  5
270
330
17
100
AcDbEntity
  8
NOZZLES
370
13
100
AcDbLine
 10
841.3
 20
685.75
 30
0.0
 11
838.7
 21
685.75
 31
0.0
  0
LINE
  5
271
330
17
100
AcDbEntity
  8
NOZZLES
370
13
100
AcDbLine
 10
881.1578947368421
 20
650.0
 30
0.0
 11
905.0
 21
650.0
 31
0.0
  0
LINE
  5
272
330
17
100
AcDbEntity
  8
NOZZLES
370
13
100
AcDbLine
 10
900.0
 20
648.7
 30
0.0
 11
900.0
 21
651.3
 31
0.0
  0
LINE
  5
273
330
17
100
AcDbEntity
  8
NOZZLES
370
13
100
AcDbLine
 10
900.75
 20
648.7
 30
0.0
 11
900.75
 21
651.3
 31
0.0
  0
LINE
  5
274
330
17
100
AcDbEntity
  8
NOZZLES
370
13
100
AcDbLine
 10
860.0
 20
631.0
 30
0.0
 11
860.0
 21
610.0
 31
0.0
  0
LINE
  5
275
330
17
100
AcDbEntity
  8
NOZZLES
370
13
100
AcDbLine
 10
858.7
 20
615.0
 30
0.0
 11
861.3
 21
615.0
 31
0.0
  0
LINE
  5
276
330
17
100
AcDbEntity
  8
NOZZLES
370
13
100
AcDbLine
 10
858.7
 20
614.25
 30
0.0
 11
861.3
 21
614.25
 31
0.0
  0
LINE
  5
277
330
17
100
AcDbEntity
  8
NOZZLES
370
13
100
AcDbLine
 10
820.0
 20
631.0
 30
0.0
 11
820.0
 21
610.0
 31
0.0
  0
LINE
  5
278
330
17
100
AcDbEntity
  8
NOZZLES
370
13
100
AcDbLine
 10
818.7
 20
615.0
 30
0.0
 11
821.3
 21
615.0
 31
0.0
  0
LINE
  5
279
330
17
100
AcDbEntity
  8
NOZZLES
370
13
100
AcDbLine
 10
818.7
 20
614.25
 30
0.0
 11
821.3
 21
614.25
 31
0.0
  0
LINE
  5
27A
330
17
100
AcDbEntity
  8
NOZZLES
370
13
100
AcDbLine
 10
815.0
 20
669.0
 30
0.0
 11
815.0
 21
690.0
 31
0.0
  0
LINE
  5
27B
330
17
100
AcDbEntity
  8
NOZZLES
370
13
100
AcDbLine
 10
816.3
 20
685.0
 30
0.0
 11
813.7
 21
685.0
 31
0.0
  0
LINE
  5
27C
330
17
100
AcDbEntity
  8
NOZZLES
370
13
100
AcDbLine
 10
816.3
 20
685.75
 30
0.0
 11
813.7
 21
685.75
 31
0.0
  0
LINE
  5
27D
330
17
100
AcDbEntity
  8
NOZZLES
370
13
100
AcDbLine
 10
798.8421052631579
 20
660.0
 30
0.0
 11
775.0
 21
660.0
 31
0.0
  0
LINE
  5
27E
330
17
100
AcDbEntity
  8
NOZZLES
370
13
100
AcDbLine
 10
780.0
 20
661.3
 30
0.0
 11
780.0
 21
658.7
 31
0.0
  0
LINE
  5
27F
330
17
100
AcDbEntity
  8
NOZZLES
370
13
100
AcDbLine
 10
779.25
 20
661.3
 30
0.0
 11
779.25
 21
658.7
 31
0.0
  0
LINE
  5
280
330
17
100
AcDbEntity
  8
NOZZLES
370
13
100
AcDbLine
 10
798.8421052631579
 20
640.0
 30
0.0
 11
775.0
 21
640.0
 31
0.0
  0
LINE
  5
281
330
17
100
AcDbEntity
  8
NOZZLES
370
13
100
AcDbLine
 10
780.0
 20
641.3
 30
0.0
 11
780.0
 21
638.7
 31
0.0
  0
LINE
  5
282
330
17
100
AcDbEntity
  8
NOZZLES
370
13
100
AcDbLine
 10
779.25
 20
641.3
 30
0.0
 11
779.25
 21
638.7
 31
0.0
  0
LINE
  5
283
330
17
100
AcDbEntity
  8
NOZZLES
370
13
100
AcDbLine
 10
870.0
 20
669.0
 30
0.0
 11
870.0
 21
690.0
 31
0.0
  0
LINE
  5
284
330
17
100
AcDbEntity
  8
NOZZLES
370
13
100
AcDbLine
 10
871.3
 20
685.0
 30
0.0
 11
868.7
 21
685.0
 31
0.0
  0
LINE
  5
285
330
17
100
AcDbEntity
  8
NOZZLES
370
13
100
AcDbLine
 10
871.3
 20
685.75
 30
0.0
 11
868.7
 21
685.75
 31
0.0
  0
LINE
  5
286
330
17
100
AcDbEntity
  8
NOZZLES
370
13
100
AcDbLine
 10
270.8
 20
465.0
 30
0.0
 11
250.0
 21
465.0
 31
0.0
  0
LINE
  5
287
330
17
100
AcDbEntity
  8
NOZZLES
370
13
100
AcDbLine
 10
255.0
 20
466.3
 30
0.0
 11
255.0
 21
463.7
 31
0.0
  0
LINE
  5
288
330
17
100
AcDbEntity
  8
NOZZLES
370
13
100
AcDbLine
 10
254.25
 20
466.3
 30
0.0
 11
254.25
 21
463.7
 31
0.0
  0
LINE
  5
289
330
17
100
AcDbEntity
  8
NOZZLES
370
13
100
AcDbLine
 10
339.2
 20
465.0
 30
0.0
 11
360.0
 21
465.0
 31
0.0
  0
LINE
  5
28A
330
17
100
AcDbEntity
  8
NOZZLES
370
13
100
AcDbLine
 10
355.0
 20
463.7
 30
0.0
 11
355.0
 21
466.3
 31
0.0
  0
LINE
  5
28B
330
17
100
AcDbEntity
  8
NOZZLES
370
13
100
AcDbLine
 10
355.75
 20
463.7
 30
0.0
 11
355.75
 21
466.3
 31
0.0
  0
LINE
  5
28C
330
17
100
AcDbEntity
  8
NOZZLES
370
13
100
AcDbLine
 10
339.2
 20
485.0
 30
0.0
 11
360.0
 21
485.0
 31
0.0
  0
LINE
  5
28D
330
17
100
AcDbEntity
  8
NOZZLES
370
13
100
AcDbLine
 10
355.0
 20
483.7
 30
0.0
 11
355.0
 21
486.3
 31
0.0
  0
LINE
  5
28E
330
17
100
AcDbEntity
  8
NOZZLES
370
13
100
AcDbLine
 10
355.75
 20
483.7
 30
0.0
 11
355.75
 21
486.3
 31
0.0
  0
LINE
  5
28F
330
17
100
AcDbEntity
  8
NOZZLES
370
13
100
AcDbLine
 10
270.8
 20
485.0
 30
0.0
 11
250.0
 21
485.0
 31
0.0
  0
LINE
  5
290
330
17
100
AcDbEntity
  8
NOZZLES
370
13
100
AcDbLine
 10
255.0
 20
486.3
 30
0.0
 11
255.0
 21
483.7
 31
0.0
  0
LINE
  5
291
330
17
100
AcDbEntity
  8
NOZZLES
370
13
100
AcDbLine
 10
254.25
 20
486.3
 30
0.0
 11
254.25
 21
483.7
 31
0.0
  0
LINE
  5
292
330
17
100
AcDbEntity
  8
NOZZLES
370
13
100
AcDbLine
 10
800.1240903158003
 20
545.0
 30
0.0
 11
785.0
 21
545.0
 31
0.0
  0
LINE
  5
293
330
17
100
AcDbEntity
  8
NOZZLES
370
13
100
AcDbLine
 10
785.0
 20
546.3
 30
0.0
 11
785.0
 21
543.7
 31
0.0
  0
LINE
  5
294
330
17
100
AcDbEntity
  8
NOZZLES
370
13
100
AcDbLine
 10
784.25
 20
546.3
 30
0.0
 11
784.25
 21
543.7
 31
0.0
  0
LINE
  5
295
330
17
100
AcDbEntity
  8
NOZZLES
370
13
100
AcDbLine
 10
829.875
 20
555.0
 30
0.0
 11
845.0
 21
555.0
 31
0.0
  0
LINE
  5
296
330
17
100
AcDbEntity
  8
NOZZLES
370
13
100
AcDbLine
 10
845.0
 20
553.7
 30
0.0
 11
845.0
 21
556.3
 31
0.0
  0
LINE
  5
297
330
17
100
AcDbEntity
  8
NOZZLES
370
13
100
AcDbLine
 10
845.75
 20
553.7
 30
0.0
 11
845.75
 21
556.3
 31
0.0
  0
LINE
  5
298
330
17
100
AcDbEntity
  8
NOZZLES
370
13
100
AcDbLine
 10
815.0
 20
534.5
 30
0.0
 11
815.0
 21
520.0
 31
0.0
  0
LINE
  5
299
330
17
100
AcDbEntity
  8
NOZZLES
370
13
100
AcDbLine
 10
813.7
 20
525.0
 30
0.0
 11
816.3
 21
525.0
 31
0.0
  0
LINE
  5
29A
330
17
100
AcDbEntity
  8
NOZZLES
370
13
100
AcDbLine
 10
813.7
 20
524.25
 30
0.0
 11
816.3
 21
524.25
 31
0.0
  0
LINE
  5
29B
330
17
100
AcDbEntity
  8
NOZZLES
370
13
100
AcDbLine
 10
800.1240903158003
 20
500.0
 30
0.0
 11
785.0
 21
500.0
 31
0.0
  0
LINE
  5
29C
330
17
100
AcDbEntity
  8
NOZZLES
370
13
100
AcDbLine
 10
785.0
 20
501.3
 30
0.0
 11
785.0
 21
498.7
 31
0.0
  0
LINE
  5
29D
330
17
100
AcDbEntity
  8
NOZZLES
370
13
100
AcDbLine
 10
784.25
 20
501.3
 30
0.0
 11
784.25
 21
498.7
 31
0.0
  0
LINE
  5
29E
330
17
100
AcDbEntity
  8
NOZZLES
370
13
100
AcDbLine
 10
829.875
 20
510.0
 30
0.0
 11
845.0
 21
510.0
 31
0.0
  0
LINE
  5
29F
330
17
100
AcDbEntity
  8
NOZZLES
370
13
100
AcDbLine
 10
845.0
 20
508.7
 30
0.0
 11
845.0
 21
511.3
 31
0.0
  0
LINE
  5
2A0
330
17
100
AcDbEntity
  8
NOZZLES
370
13
100
AcDbLine
 10
845.75
 20
508.7
 30
0.0
 11
845.75
 21
511.3
 31
0.0
  0
LINE
  5
2A1
330
17
100
AcDbEntity
  8
NOZZLES
370
13
100
AcDbLine
 10
815.0
 20
489.5
 30
0.0
 11
815.0
 21
475.0
 31
0.0
  0
LINE
  5
2A2
330
17
100
AcDbEntity
  8
NOZZLES
370
13
100
AcDbLine
 10
813.7
 20
480.0
 30
0.0
 11
816.3
 21
480.0
 31
0.0
  0
LINE
  5
2A3
330
17
100
AcDbEntity
  8
NOZZLES
370
13
100
AcDbLine
 10
813.7
 20
479.25
 30
0.0
 11
816.3
 21
479.25
 31
0.0
  0
LINE
  5
2A4
330
17
100
AcDbEntity
  8
NOZZLES
370
13
100
AcDbLine
 10
605.1240903158003
 20
240.0
 30
0.0
 11
590.0
 21
240.0
 31
0.0
  0
LINE
  5
2A5
330
17
100
AcDbEntity
  8
NOZZLES
370
13
100
AcDbLine
 10
590.0
 20
241.3
 30
0.0
 11
590.0
 21
238.7
 31
0.0
  0
LINE
  5
2A6
330
17
100
AcDbEntity
  8
NOZZLES
370
13
100
AcDbLine
 10
589.25
 20
241.3
 30
0.0
 11
589.25
 21
238.7
 31
0.0
  0
LINE
  5
2A7
330
17
100
AcDbEntity
  8
NOZZLES
370
13
100
AcDbLine
 10
634.875
 20
250.0
 30
0.0
 11
650.0
 21
250.0
 31
0.0
  0
LINE
  5
2A8
330
17
100
AcDbEntity
  8
NOZZLES
370
13
100
AcDbLine
 10
650.0
 20
248.7
 30
0.0
 11
650.0
 21
251.3
 31
0.0
  0
LINE
  5
2A9
330
17
100
AcDbEntity
  8
NOZZLES
370
13
100
AcDbLine
 10
650.75
 20
248.7
 30
0.0
 11
650.75
 21
251.3
 31
0.0
  0
LINE
  5
2AA
330
17
100
AcDbEntity
  8
NOZZLES
370
13
100
AcDbLine
 10
620.0
 20
229.5
 30
0.0
 11
620.0
 21
215.0
 31
0.0
  0
LINE
  5
2AB
330
17
100
AcDbEntity
  8
NOZZLES
370
13
100
AcDbLine
 10
618.7
 20
220.0
 30
0.0
 11
621.3
 21
220.0
 31
0.0
  0
LINE
  5
2AC
330
17
100
AcDbEntity
  8
NOZZLES
370
13
100
AcDbLine
 10
618.7
 20
219.25
 30
0.0
 11
621.3
 21
219.25
 31
0.0
  0
LINE
  5
2AD
330
17
100
AcDbEntity
  8
NOZZLES
370
13
100
AcDbLine
 10
605.1240903158003
 20
190.0
 30
0.0
 11
590.0
 21
190.0
 31
0.0
  0
LINE
  5
2AE
330
17
100
AcDbEntity
  8
NOZZLES
370
13
100
AcDbLine
 10
590.0
 20
191.3
 30
0.0
 11
590.0
 21
188.7
 31
0.0
  0
LINE
  5
2AF
330
17
100
AcDbEntity
  8
NOZZLES
370
13
100
AcDbLine
 10
589.25
 20
191.3
 30
0.0
 11
589.25
 21
188.7
 31
0.0
  0
LINE
  5
2B0
330
17
100
AcDbEntity
  8
NOZZLES
370
13
100
AcDbLine
 10
634.875
 20
200.0
 30
0.0
 11
650.0
 21
200.0
 31
0.0
  0
LINE
  5
2B1
330
17
100
AcDbEntity
  8
NOZZLES
370
13
100
AcDbLine
 10
650.0
 20
198.7
 30
0.0
 11
650.0
 21
201.3
 31
0.0
  0
LINE
  5
2B2
330
17
100
AcDbEntity
  8
NOZZLES
370
13
100
AcDbLine
 10
650.75
 20
198.7
 30
0.0
 11
650.75
 21
201.3
 31
0.0
  0
LINE
  5
2B3
330
17
100
AcDbEntity
  8
NOZZLES
370
13
100
AcDbLine
 10
620.0
 20
179.5
 30
0.0
 11
620.0
 21
165.0
 31
0.0
  0
LINE
  5
2B4
330
17
100
AcDbEntity
  8
NOZZLES
370
13
100
AcDbLine
 10
618.7
 20
170.0
 30
0.0
 11
621.3
 21
170.0
 31
0.0
  0
LINE
  5
2B5
330
17
100
AcDbEntity
  8
NOZZLES
370
13
100
AcDbLine
 10
618.7
 20
169.25
 30
0.0
 11
621.3
 21
169.25
 31
0.0
  0
LWPOLYLINE
  5
2B6
330
17
100
AcDbEntity
  8
PROCESS
370
35
100
AcDbPolyline
 90
2
 70
0
 10
85.0
 20
465.0
 10
161.0
 20
465.0
  0
LWPOLYLINE
  5
2B7
330
17
100
AcDbEntity
  8
PROCESS
370
35
100
AcDbPolyline
 90
2
 70
0
 10
189.0
 20
465.0
 10
207.0
 20
465.0
  0
LWPOLYLINE
  5
2B8
330
17
100
AcDbEntity
  8
PROCESS
370
35
100
AcDbPolyline
 90
2
 70
0
 10
213.0
 20
465.0
 10
250.0
 20
465.0
  0
LWPOLYLINE
  5
2B9
330
17
100
AcDbEntity
  8
PROCESS
370
35
100
AcDbPolyline
 90
2
 70
0
 10
360.0
 20
465.0
 10
376.0
 20
465.0
  0
LWPOLYLINE
  5
2BA
330
17
100
AcDbEntity
  8
PROCESS
370
35
100
AcDbPolyline
 90
2
 70
0
 10
404.0
 20
465.0
 10
450.0
 20
465.0
  0
LWPOLYLINE
  5
2BB
330
17
100
AcDbEntity
  8
PROCESS
370
35
100
AcDbPolyline
 90
2
 70
0
 10
500.0
 20
570.0
 10
500.0
 20
650.0
  0
LWPOLYLINE
  5
2BC
330
17
100
AcDbEntity
  8
PROCESS
370
35
100
AcDbPolyline
 90
2
 70
0
 10
500.0
 20
650.0
 10
507.0
 20
650.0
  0
LWPOLYLINE
  5
2BD
330
17
100
AcDbEntity
  8
PROCESS
370
35
100
AcDbPolyline
 90
2
 70
0
 10
513.0
 20
650.0
 10
525.0
 20
650.0
  0
LWPOLYLINE
  5
2BE
330
17
100
AcDbEntity
  8
PROCESS
370
35
100
AcDbPolyline
 90
2
 70
0
 10
535.0
 20
650.0
 10
546.0
 20
650.0
  0
LWPOLYLINE
  5
2BF
330
17
100
AcDbEntity
  8
PROCESS
370
35
100
AcDbPolyline
 90
2
 70
0
 10
574.0
 20
650.0
 10
585.0
 20
650.0
  0
LWPOLYLINE
  5
2C0
330
17
100
AcDbEntity
  8
PROCESS
370
35
100
AcDbPolyline
 90
2
 70
0
 10
695.0
 20
650.0
 10
730.0
 20
650.0
  0
LWPOLYLINE
  5
2C1
330
17
100
AcDbEntity
  8
PROCESS
370
35
100
AcDbPolyline
 90
2
 70
0
 10
740.0
 20
650.0
 10
775.0
 20
650.0
  0
LWPOLYLINE
  5
2C2
330
17
100
AcDbEntity
  8
PROCESS
370
35
100
AcDbPolyline
 90
2
 70
0
 10
905.0
 20
650.0
 10
927.0
 20
650.0
  0
LWPOLYLINE
  5
2C3
330
17
100
AcDbEntity
  8
PROCESS
370
35
100
AcDbPolyline
 90
2
 70
0
 10
933.0
 20
650.0
 10
971.0
 20
650.0
  0
LWPOLYLINE
  5
2C4
330
17
100
AcDbEntity
  8
PROCESS
370
35
100
AcDbPolyline
 90
2
 70
0
 10
999.0
 20
650.0
 10
1035.0
 20
650.0
  0
LWPOLYLINE
  5
2C5
330
17
100
AcDbEntity
  8
PROCESS
370
35
100
AcDbPolyline
 90
2
 70
0
 10
1045.0
 20
650.0
 10
1115.0
 20
650.0
  0
LWPOLYLINE
  5
2C6
330
17
100
AcDbEntity
  8
PROCESS
370
35
100
AcDbPolyline
 90
2
 70
0
 10
860.0
 20
610.0
 10
860.0
 20
520.0
  0
LWPOLYLINE
  5
2C7
330
17
100
AcDbEntity
  8
PROCESS
370
25
100
AcDbPolyline
 90
2
 70
0
 10
860.0
 20
520.0
 10
760.0
 20
520.0
  0
LWPOLYLINE
  5
2C8
330
17
100
AcDbEntity
  8
PROCESS
370
25
100
AcDbPolyline
 90
2
 70
0
 10
760.0
 20
520.0
 10
760.0
 20
545.0
  0
LWPOLYLINE
  5
2C9
330
17
100
AcDbEntity
  8
PROCESS
370
25
100
AcDbPolyline
 90
2
 70
0
 10
760.0
 20
545.0
 10
775.0
 20
545.0
  0
LWPOLYLINE
  5
2CA
330
17
100
AcDbEntity
  8
PROCESS
370
25
100
AcDbPolyline
 90
2
 70
0
 10
860.0
 20
520.0
 10
760.0
 20
520.0
  0
LWPOLYLINE
  5
2CB
330
17
100
AcDbEntity
  8
PROCESS
370
25
100
AcDbPolyline
 90
2
 70
0
 10
760.0
 20
520.0
 10
760.0
 20
500.0
  0
LWPOLYLINE
  5
2CC
330
17
100
AcDbEntity
  8
PROCESS
370
25
100
AcDbPolyline
 90
2
 70
0
 10
760.0
 20
500.0
 10
775.0
 20
500.0
  0
LWPOLYLINE
  5
2CD
330
17
100
AcDbEntity
  8
PROCESS
370
25
100
AcDbPolyline
 90
2
 70
0
 10
845.0
 20
555.0
 10
857.0
 20
555.0
  0
LWPOLYLINE
  5
2CE
330
17
100
AcDbEntity
  8
PROCESS
370
25
100
AcDbPolyline
 90
2
 70
0
 10
870.0
 20
555.0
 10
880.0
 20
555.0
  0
LWPOLYLINE
  5
2CF
330
17
100
AcDbEntity
  8
PROCESS
370
25
100
AcDbPolyline
 90
2
 70
0
 10
890.0
 20
555.0
 10
900.0
 20
555.0
  0
LWPOLYLINE
  5
2D0
330
17
100
AcDbEntity
  8
PROCESS
370
25
100
AcDbPolyline
 90
2
 70
0
 10
900.0
 20
555.0
 10
900.0
 20
525.0
  0
LWPOLYLINE
  5
2D1
330
17
100
AcDbEntity
  8
PROCESS
370
25
100
AcDbPolyline
 90
2
 70
0
 10
845.0
 20
510.0
 10
860.0
 20
510.0
  0
LWPOLYLINE
  5
2D2
330
17
100
AcDbEntity
  8
PROCESS
370
25
100
AcDbPolyline
 90
2
 70
0
 10
870.0
 20
510.0
 10
880.0
 20
510.0
  0
LWPOLYLINE
  5
2D3
330
17
100
AcDbEntity
  8
PROCESS
370
25
100
AcDbPolyline
 90
2
 70
0
 10
890.0
 20
510.0
 10
900.0
 20
510.0
  0
LWPOLYLINE
  5
2D4
330
17
100
AcDbEntity
  8
PROCESS
370
25
100
AcDbPolyline
 90
2
 70
0
 10
900.0
 20
510.0
 10
900.0
 20
525.0
  0
LWPOLYLINE
  5
2D5
330
17
100
AcDbEntity
  8
PROCESS
370
35
100
AcDbPolyline
 90
2
 70
0
 10
900.0
 20
525.0
 10
900.0
 20
510.0
  0
LWPOLYLINE
  5
2D6
330
17
100
AcDbEntity
  8
PROCESS
370
35
100
AcDbPolyline
 90
2
 70
0
 10
763.0
 20
510.0
 10
900.0
 20
510.0
  0
LWPOLYLINE
  5
2D7
330
17
100
AcDbEntity
  8
PROCESS
370
35
100
AcDbPolyline
 90
2
 70
0
 10
739.0
 20
510.0
 10
757.0
 20
510.0
  0
LWPOLYLINE
  5
2D8
330
17
100
AcDbEntity
  8
PROCESS
370
35
100
AcDbPolyline
 90
2
 70
0
 10
550.0
 20
510.0
 10
711.0
 20
510.0
  0
LWPOLYLINE
  5
2D9
330
17
100
AcDbEntity
  8
PROCESS
370
25
100
AcDbPolyline
 90
2
 70
0
 10
900.0
 20
525.0
 10
930.0
 20
525.0
  0
LWPOLYLINE
  5
2DA
330
17
100
AcDbEntity
  8
PROCESS
370
25
100
AcDbPolyline
 90
2
 70
0
 10
930.0
 20
525.0
 10
930.0
 20
570.0
  0
LWPOLYLINE
  5
2DB
330
17
100
AcDbEntity
  8
PROCESS
370
25
100
AcDbPolyline
 90
2
 70
0
 10
930.0
 20
580.0
 10
930.0
 20
631.0
  0
LWPOLYLINE
  5
2DC
330
17
100
AcDbEntity
  8
PROCESS
370
25
100
AcDbPolyline
 90
2
 70
0
 10
930.0
 20
639.0
 10
930.0
 20
690.0
  0
LWPOLYLINE
  5
2DD
330
17
100
AcDbEntity
  8
PROCESS
370
25
100
AcDbPolyline
 90
2
 70
0
 10
930.0
 20
690.0
 10
795.0
 20
690.0
  0
LWPOLYLINE
  5
2DE
330
17
100
AcDbEntity
  8
PROCESS
370
25
100
AcDbPolyline
 90
2
 70
0
 10
795.0
 20
690.0
 10
795.0
 20
650.0
  0
LWPOLYLINE
  5
2DF
330
17
100
AcDbEntity
  8
PROCESS
370
25
100
AcDbPolyline
 90
2
 70
0
 10
795.0
 20
650.0
 10
775.0
 20
650.0
  0
LWPOLYLINE
  5
2E0
330
17
100
AcDbEntity
  8
PROCESS
370
35
100
AcDbPolyline
 90
2
 70
0
 10
435.0
 20
350.0
 10
450.0
 20
350.0
  0
LWPOLYLINE
  5
2E1
330
17
100
AcDbEntity
  8
PROCESS
370
35
100
AcDbPolyline
 90
2
 70
0
 10
430.0
 20
270.0
 10
430.0
 20
345.0
  0
LWPOLYLINE
  5
2E2
330
17
100
AcDbEntity
  8
PROCESS
370
35
100
AcDbPolyline
 90
2
 70
0
 10
430.0
 20
270.0
 10
360.0
 20
270.0
  0
LWPOLYLINE
  5
2E3
330
17
100
AcDbEntity
  8
PROCESS
370
35
100
AcDbPolyline
 90
2
 70
0
 10
360.0
 20
290.0
 10
430.0
 20
290.0
  0
LWPOLYLINE
  5
2E4
330
17
100
AcDbEntity
  8
PROCESS
370
35
100
AcDbPolyline
 90
2
 70
0
 10
430.0
 20
290.0
 10
430.0
 20
380.0
  0
LWPOLYLINE
  5
2E5
330
17
100
AcDbEntity
  8
PROCESS
370
35
100
AcDbPolyline
 90
2
 70
0
 10
430.0
 20
380.0
 10
435.0
 20
380.0
  0
LWPOLYLINE
  5
2E6
330
17
100
AcDbEntity
  8
PROCESS
370
35
100
AcDbPolyline
 90
2
 70
0
 10
445.0
 20
380.0
 10
450.0
 20
380.0
  0
LWPOLYLINE
  5
2E7
330
17
100
AcDbEntity
  8
PROCESS
370
35
100
AcDbPolyline
 90
2
 70
0
 10
500.0
 20
290.0
 10
500.0
 20
215.0
  0
LWPOLYLINE
  5
2E8
330
17
100
AcDbEntity
  8
PROCESS
370
35
100
AcDbPolyline
 90
2
 70
0
 10
500.0
 20
215.0
 10
507.0
 20
215.0
  0
LWPOLYLINE
  5
2E9
330
17
100
AcDbEntity
  8
PROCESS
370
35
100
AcDbPolyline
 90
2
 70
0
 10
513.0
 20
215.0
 10
555.0
 20
215.0
  0
LWPOLYLINE
  5
2EA
330
17
100
AcDbEntity
  8
PROCESS
370
25
100
AcDbPolyline
 90
2
 70
0
 10
555.0
 20
215.0
 10
560.0
 20
215.0
  0
LWPOLYLINE
  5
2EB
330
17
100
AcDbEntity
  8
PROCESS
370
25
100
AcDbPolyline
 90
2
 70
0
 10
560.0
 20
215.0
 10
560.0
 20
240.0
  0
LWPOLYLINE
  5
2EC
330
17
100
AcDbEntity
  8
PROCESS
370
25
100
AcDbPolyline
 90
2
 70
0
 10
560.0
 20
240.0
 10
575.0
 20
240.0
  0
LWPOLYLINE
  5
2ED
330
17
100
AcDbEntity
  8
PROCESS
370
25
100
AcDbPolyline
 90
2
 70
0
 10
585.0
 20
240.0
 10
590.0
 20
240.0
  0
LWPOLYLINE
  5
2EE
330
17
100
AcDbEntity
  8
PROCESS
370
25
100
AcDbPolyline
 90
2
 70
0
 10
555.0
 20
215.0
 10
560.0
 20
215.0
  0
LWPOLYLINE
  5
2EF
330
17
100
AcDbEntity
  8
PROCESS
370
25
100
AcDbPolyline
 90
2
 70
0
 10
560.0
 20
215.0
 10
560.0
 20
190.0
  0
LWPOLYLINE
  5
2F0
330
17
100
AcDbEntity
  8
PROCESS
370
25
100
AcDbPolyline
 90
2
 70
0
 10
560.0
 20
190.0
 10
575.0
 20
190.0
  0
LWPOLYLINE
  5
2F1
330
17
100
AcDbEntity
  8
PROCESS
370
25
100
AcDbPolyline
 90
2
 70
0
 10
585.0
 20
190.0
 10
590.0
 20
190.0
  0
LWPOLYLINE
  5
2F2
330
17
100
AcDbEntity
  8
PROCESS
370
25
100
AcDbPolyline
 90
2
 70
0
 10
650.0
 20
250.0
 10
665.0
 20
250.0
  0
LWPOLYLINE
  5
2F3
330
17
100
AcDbEntity
  8
PROCESS
370
25
100
AcDbPolyline
 90
2
 70
0
 10
675.0
 20
250.0
 10
680.0
 20
250.0
  0
LWPOLYLINE
  5
2F4
330
17
100
AcDbEntity
  8
PROCESS
370
25
100
AcDbPolyline
 90
2
 70
0
 10
690.0
 20
250.0
 10
700.0
 20
250.0
  0
LWPOLYLINE
  5
2F5
330
17
100
AcDbEntity
  8
PROCESS
370
25
100
AcDbPolyline
 90
2
 70
0
 10
700.0
 20
250.0
 10
700.0
 20
225.0
  0
LWPOLYLINE
  5
2F6
330
17
100
AcDbEntity
  8
PROCESS
370
25
100
AcDbPolyline
 90
2
 70
0
 10
650.0
 20
200.0
 10
665.0
 20
200.0
  0
LWPOLYLINE
  5
2F7
330
17
100
AcDbEntity
  8
PROCESS
370
25
100
AcDbPolyline
 90
2
 70
0
 10
675.0
 20
200.0
 10
680.0
 20
200.0
  0
LWPOLYLINE
  5
2F8
330
17
100
AcDbEntity
  8
PROCESS
370
25
100
AcDbPolyline
 90
2
 70
0
 10
690.0
 20
200.0
 10
700.0
 20
200.0
  0
LWPOLYLINE
  5
2F9
330
17
100
AcDbEntity
  8
PROCESS
370
25
100
AcDbPolyline
 90
2
 70
0
 10
700.0
 20
200.0
 10
700.0
 20
225.0
  0
LWPOLYLINE
  5
2FA
330
17
100
AcDbEntity
  8
PROCESS
370
35
100
AcDbPolyline
 90
2
 70
0
 10
700.0
 20
225.0
 10
700.0
 20
140.0
  0
LWPOLYLINE
  5
2FB
330
17
100
AcDbEntity
  8
PROCESS
370
35
100
AcDbPolyline
 90
2
 70
0
 10
700.0
 20
140.0
 10
250.0
 20
140.0
  0
LWPOLYLINE
  5
2FC
330
17
100
AcDbEntity
  8
PROCESS
370
35
100
AcDbPolyline
 90
2
 70
0
 10
250.0
 20
140.0
 10
250.0
 20
500.0
  0
LWPOLYLINE
  5
2FD
330
17
100
AcDbEntity
  8
PROCESS
370
35
100
AcDbPolyline
 90
2
 70
0
 10
250.0
 20
500.0
 10
390.0
 20
500.0
  0
LWPOLYLINE
  5
2FE
330
17
100
AcDbEntity
  8
PROCESS
370
35
100
AcDbPolyline
 90
2
 70
0
 10
390.0
 20
500.0
 10
390.0
 20
480.0
  0
LWPOLYLINE
  5
2FF
330
17
100
AcDbEntity
  8
PROCESS
370
35
100
AcDbPolyline
 90
2
 70
0
 10
390.0
 20
480.0
 10
390.0
 20
485.0
  0
LWPOLYLINE
  5
300
330
17
100
AcDbEntity
  8
PROCESS
370
35
100
AcDbPolyline
 90
2
 70
0
 10
390.0
 20
485.0
 10
360.0
 20
485.0
  0
LWPOLYLINE
  5
301
330
17
100
AcDbEntity
  8
PROCESS
370
35
100
AcDbPolyline
 90
2
 70
0
 10
250.0
 20
485.0
 10
210.0
 20
485.0
  0
LWPOLYLINE
  5
302
330
17
100
AcDbEntity
  8
PROCESS
370
35
100
AcDbPolyline
 90
2
 70
0
 10
210.0
 20
485.0
 10
210.0
 20
480.0
  0
LWPOLYLINE
  5
303
330
17
100
AcDbEntity
  8
PROCESS
370
35
100
AcDbPolyline
 90
2
 70
0
 10
210.0
 20
480.0
 10
210.0
 20
290.0
  0
LWPOLYLINE
  5
304
330
17
100
AcDbEntity
  8
PROCESS
370
35
100
AcDbPolyline
 90
2
 70
0
 10
164.0
 20
290.0
 10
210.0
 20
290.0
  0
LWPOLYLINE
  5
305
330
17
100
AcDbEntity
  8
PROCESS
370
35
100
AcDbPolyline
 90
2
 70
0
 10
85.0
 20
290.0
 10
136.0
 20
290.0
  0
LWPOLYLINE
  5
306
330
17
100
AcDbEntity
  8
FLARE
370
25
100
AcDbPolyline
 90
2
 70
0
 10
490.0
 20
570.0
 10
490.0
 20
668.0
  0
LWPOLYLINE
  5
307
330
17
100
AcDbEntity
  8
FLARE
370
25
100
AcDbPolyline
 90
2
 70
0
 10
490.0
 20
682.0
 10
490.0
 20
760.0
  0
LWPOLYLINE
  5
308
330
17
100
AcDbEntity
  8
FLARE
370
25
100
AcDbPolyline
 90
2
 70
0
 10
490.0
 20
760.0
 10
430.0
 20
760.0
  0
LWPOLYLINE
  5
309
330
17
100
AcDbEntity
  8
FLARE
370
25
100
AcDbPolyline
 90
2
 70
0
 10
430.0
 20
760.0
 10
1115.0
 20
760.0
  0
LWPOLYLINE
  5
30A
330
17
100
AcDbEntity
  8
FLARE
370
25
100
AcDbPolyline
 90
2
 70
0
 10
490.0
 20
570.0
 10
490.0
 20
668.0
  0
LWPOLYLINE
  5
30B
330
17
100
AcDbEntity
  8
FLARE
370
25
100
AcDbPolyline
 90
2
 70
0
 10
490.0
 20
682.0
 10
490.0
 20
760.0
  0
LWPOLYLINE
  5
30C
330
17
100
AcDbEntity
  8
FLARE
370
25
100
AcDbPolyline
 90
2
 70
0
 10
490.0
 20
760.0
 10
465.0
 20
760.0
  0
LWPOLYLINE
  5
30D
330
17
100
AcDbEntity
  8
FLARE
370
25
100
AcDbPolyline
 90
2
 70
0
 10
465.0
 20
760.0
 10
1115.0
 20
760.0
  0
LWPOLYLINE
  5
30E
330
17
100
AcDbEntity
  8
FLARE
370
25
100
AcDbPolyline
 90
2
 70
0
 10
815.0
 20
690.0
 10
815.0
 20
760.0
  0
LWPOLYLINE
  5
30F
330
17
100
AcDbEntity
  8
FLARE
370
25
100
AcDbPolyline
 90
2
 70
0
 10
815.0
 20
760.0
 10
805.0
 20
760.0
  0
LWPOLYLINE
  5
310
330
17
100
AcDbEntity
  8
FLARE
370
25
100
AcDbPolyline
 90
2
 70
0
 10
805.0
 20
760.0
 10
1115.0
 20
760.0
  0
LWPOLYLINE
  5
311
330
17
100
AcDbEntity
  8
FLARE
370
25
100
AcDbPolyline
 90
2
 70
0
 10
510.0
 20
570.0
 10
510.0
 20
760.0
  0
LWPOLYLINE
  5
312
330
17
100
AcDbEntity
  8
FLARE
370
25
100
AcDbPolyline
 90
2
 70
0
 10
510.0
 20
760.0
 10
600.0
 20
760.0
  0
LWPOLYLINE
  5
313
330
17
100
AcDbEntity
  8
FLARE
370
25
100
AcDbPolyline
 90
2
 70
0
 10
600.0
 20
760.0
 10
1115.0
 20
760.0
  0
LWPOLYLINE
  5
314
330
17
100
AcDbEntity
  8
FLARE
370
25
100
AcDbPolyline
 90
2
 70
0
 10
840.0
 20
690.0
 10
840.0
 20
740.0
  0
LWPOLYLINE
  5
315
330
17
100
AcDbEntity
  8
FLARE
370
25
100
AcDbPolyline
 90
2
 70
0
 10
840.0
 20
750.0
 10
840.0
 20
760.0
  0
LWPOLYLINE
  5
316
330
17
100
AcDbEntity
  8
FLARE
370
25
100
AcDbPolyline
 90
2
 70
0
 10
840.0
 20
760.0
 10
1115.0
 20
760.0
  0
LWPOLYLINE
  5
317
330
17
100
AcDbEntity
  8
DRAIN
370
25
100
AcDbPolyline
 90
2
 70
0
 10
510.0
 20
290.0
 10
510.0
 20
155.0
  0
LWPOLYLINE
  5
318
330
17
100
AcDbEntity
  8
DRAIN
370
25
100
AcDbPolyline
 90
2
 70
0
 10
510.0
 20
155.0
 10
697.0
 20
155.0
  0
LWPOLYLINE
  5
319
330
17
100
AcDbEntity
  8
DRAIN
370
25
100
AcDbPolyline
 90
2
 70
0
 10
703.0
 20
155.0
 10
720.0
 20
155.0
  0
LWPOLYLINE
  5
31A
330
17
100
AcDbEntity
  8
DRAIN
370
25
100
AcDbPolyline
 90
2
 70
0
 10
720.0
 20
155.0
 10
1115.0
 20
155.0
  0
LWPOLYLINE
  5
31B
330
17
100
AcDbEntity
  8
DRAIN
370
25
100
AcDbPolyline
 90
2
 70
0
 10
820.0
 20
610.0
 10
927.0
 20
610.0
  0
LWPOLYLINE
  5
31C
330
17
100
AcDbEntity
  8
DRAIN
370
25
100
AcDbPolyline
 90
2
 70
0
 10
933.0
 20
610.0
 10
1060.0
 20
610.0
  0
LWPOLYLINE
  5
31D
330
17
100
AcDbEntity
  8
DRAIN
370
25
100
AcDbPolyline
 90
2
 70
0
 10
1060.0
 20
610.0
 10
1060.0
 20
155.0
  0
LWPOLYLINE
  5
31E
330
17
100
AcDbEntity
  8
DRAIN
370
25
100
AcDbPolyline
 90
2
 70
0
 10
1060.0
 20
155.0
 10
1115.0
 20
155.0
  0
LWPOLYLINE
  5
31F
330
17
100
AcDbEntity
  8
DRAIN
370
25
100
AcDbPolyline
 90
2
 70
0
 10
670.0
 20
620.0
 10
670.0
 20
610.0
  0
LWPOLYLINE
  5
320
330
17
100
AcDbEntity
  8
DRAIN
370
25
100
AcDbPolyline
 90
2
 70
0
 10
670.0
 20
610.0
 10
675.0
 20
610.0
  0
LWPOLYLINE
  5
321
330
17
100
AcDbEntity
  8
DRAIN
370
25
100
AcDbPolyline
 90
2
 70
0
 10
685.0
 20
610.0
 10
927.0
 20
610.0
  0
LWPOLYLINE
  5
322
330
17
100
AcDbEntity
  8
DRAIN
370
25
100
AcDbPolyline
 90
2
 70
0
 10
933.0
 20
610.0
 10
1115.0
 20
610.0
  0
LWPOLYLINE
  5
323
330
17
100
AcDbEntity
  8
UTILITY
370
25
100
AcDbPolyline
 90
2
 70
0
 10
843.0
 20
700.0
 10
1115.0
 20
700.0
  0
LWPOLYLINE
  5
324
330
17
100
AcDbEntity
  8
UTILITY
370
25
100
AcDbPolyline
 90
2
 70
0
 10
818.0
 20
700.0
 10
837.0
 20
700.0
  0
LWPOLYLINE
  5
325
330
17
100
AcDbEntity
  8
UTILITY
370
25
100
AcDbPolyline
 90
2
 70
0
 10
780.0
 20
700.0
 10
812.0
 20
700.0
  0
LWPOLYLINE
  5
326
330
17
100
AcDbEntity
  8
UTILITY
370
25
100
AcDbPolyline
 90
2
 70
0
 10
780.0
 20
700.0
 10
660.0
 20
700.0
  0
LWPOLYLINE
  5
327
330
17
100
AcDbEntity
  8
UTILITY
370
25
100
AcDbPolyline
 90
2
 70
0
 10
660.0
 20
700.0
 10
660.0
 20
620.0
  0
LWPOLYLINE
  5
328
330
17
100
AcDbEntity
  8
UTILITY
370
25
100
AcDbPolyline
 90
2
 70
0
 10
620.0
 20
620.0
 10
620.0
 20
610.0
  0
LWPOLYLINE
  5
329
330
17
100
AcDbEntity
  8
UTILITY
370
25
100
AcDbPolyline
 90
2
 70
0
 10
620.0
 20
610.0
 10
865.0
 20
610.0
  0
LWPOLYLINE
  5
32A
330
17
100
AcDbEntity
  8
UTILITY
370
25
100
AcDbPolyline
 90
2
 70
0
 10
875.0
 20
610.0
 10
927.0
 20
610.0
  0
LWPOLYLINE
  5
32B
330
17
100
AcDbEntity
  8
UTILITY
370
25
100
AcDbPolyline
 90
2
 70
0
 10
933.0
 20
610.0
 10
1115.0
 20
610.0
  0
LWPOLYLINE
  5
32C
330
17
100
AcDbEntity
  8
UTILITY
370
25
100
AcDbPolyline
 90
2
 70
0
 10
1063.0
 20
330.0
 10
1115.0
 20
330.0
  0
LWPOLYLINE
  5
32D
330
17
100
AcDbEntity
  8
UTILITY
370
25
100
AcDbPolyline
 90
2
 70
0
 10
944.0
 20
330.0
 10
1057.0
 20
330.0
  0
LWPOLYLINE
  5
32E
330
17
100
AcDbEntity
  8
UTILITY
370
25
100
AcDbPolyline
 90
2
 70
0
 10
750.0
 20
330.0
 10
916.0
 20
330.0
  0
LWPOLYLINE
  5
32F
330
17
100
AcDbEntity
  8
UTILITY
370
25
100
AcDbPolyline
 90
2
 70
0
 10
560.0
 20
330.0
 10
740.0
 20
330.0
  0
LWPOLYLINE
  5
330
330
17
100
AcDbEntity
  8
UTILITY
370
25
100
AcDbPolyline
 90
2
 70
0
 10
560.0
 20
330.0
 10
560.0
 20
250.0
  0
LWPOLYLINE
  5
331
330
17
100
AcDbEntity
  8
UTILITY
370
25
100
AcDbPolyline
 90
2
 70
0
 10
513.0
 20
250.0
 10
560.0
 20
250.0
  0
LWPOLYLINE
  5
332
330
17
100
AcDbEntity
  8
UTILITY
370
25
100
AcDbPolyline
 90
2
 70
0
 10
503.0
 20
250.0
 10
507.0
 20
250.0
  0
LWPOLYLINE
  5
333
330
17
100
AcDbEntity
  8
UTILITY
370
25
100
AcDbPolyline
 90
2
 70
0
 10
440.0
 20
250.0
 10
497.0
 20
250.0
  0
LWPOLYLINE
  5
334
330
17
100
AcDbEntity
  8
UTILITY
370
25
100
AcDbPolyline
 90
2
 70
0
 10
440.0
 20
250.0
 10
440.0
 20
320.0
  0
LWPOLYLINE
  5
335
330
17
100
AcDbEntity
  8
UTILITY
370
25
100
AcDbPolyline
 90
2
 70
0
 10
400.0
 20
320.0
 10
400.0
 20
300.0
  0
LWPOLYLINE
  5
336
330
17
100
AcDbEntity
  8
UTILITY
370
25
100
AcDbPolyline
 90
2
 70
0
 10
400.0
 20
300.0
 10
427.0
 20
300.0
  0
LWPOLYLINE
  5
337
330
17
100
AcDbEntity
  8
UTILITY
370
25
100
AcDbPolyline
 90
2
 70
0
 10
433.0
 20
300.0
 10
557.0
 20
300.0
  0
LWPOLYLINE
  5
338
330
17
100
AcDbEntity
  8
UTILITY
370
25
100
AcDbPolyline
 90
2
 70
0
 10
563.0
 20
300.0
 10
755.0
 20
300.0
  0
LWPOLYLINE
  5
339
330
17
100
AcDbEntity
  8
UTILITY
370
25
100
AcDbPolyline
 90
2
 70
0
 10
765.0
 20
300.0
 10
1057.0
 20
300.0
  0
LWPOLYLINE
  5
33A
330
17
100
AcDbEntity
  8
UTILITY
370
25
100
AcDbPolyline
 90
2
 70
0
 10
1063.0
 20
300.0
 10
1115.0
 20
300.0
  0
INSERT
  5
33B
330
17
100
AcDbEntity
  8
SYMBOLS
100
AcDbBlockReference
  2
YAML_PID_SHUTDOWN_VALVE
 10
175.0
 20
465.0
 30
0.0
 41
2.1165301000816377
 42
3.2396607038551637
  0
LINE
  5
33D
330
17
100
AcDbEntity
  8
INSTRUMENT
100
AcDbLine
 10
175.0
 20
471.0
 30
0.0
 11
175.0
 21
480.0
 31
0.0
  0
TEXT
  5
33E
330
17
100
AcDbEntity
  8
TEXT
100
AcDbText
 10
190.0
 20
495.0
 30
0.0
 40
1.8
  1
XV-501
 11
190.0
 21
495.0
 31
0.0
100
AcDbText
  0
INSERT
  5
33F
330
17
100
AcDbEntity
  8
SYMBOLS
100
AcDbBlockReference
  2
YAML_PID_CONTROL_VALVE
 10
390.0
 20
470.0
 30
0.0
 41
2.1165301000816377
 42
1.294311383901137
  0
LINE
  5
341
330
17
100
AcDbEntity
  8
INSTRUMENT
100
AcDbLine
 10
390.0
 20
471.0
 30
0.0
 11
390.0
 21
480.0
 31
0.0
  0
TEXT
  5
342
330
17
100
AcDbEntity
  8
TEXT
100
AcDbText
 10
380.0
 20
475.0
 30
0.0
 40
1.8
  1
FV-501
 11
380.0
 21
475.0
 31
0.0
100
AcDbText
  0
INSERT
  5
343
330
17
100
AcDbEntity
  8
SYMBOLS
100
AcDbBlockReference
  2
YAML_PID_MANUAL_BLOCK_VALVE
 10
530.0
 20
650.0
 30
0.0
 41
9.0
 42
4.0
  0
TEXT
  5
345
330
17
100
AcDbEntity
  8
TEXT
100
AcDbText
 10
520.0
 20
655.0
 30
0.0
 40
1.8
  1
HV-501
 11
520.0
 21
655.0
 31
0.0
100
AcDbText
  0
INSERT
  5
346
330
17
100
AcDbEntity
  8
SYMBOLS
100
AcDbBlockReference
  2
YAML_PID_CONTROL_VALVE
 10
560.0
 20
655.0
 30
0.0
 41
2.1165301000816377
 42
1.294311383901137
  0
LINE
  5
348
330
17
100
AcDbEntity
  8
INSTRUMENT
100
AcDbLine
 10
560.0
 20
656.0
 30
0.0
 11
560.0
 21
665.0
 31
0.0
  0
TEXT
  5
349
330
17
100
AcDbEntity
  8
TEXT
100
AcDbText
 10
550.0
 20
660.0
 30
0.0
 40
1.8
  1
PV-501
 11
550.0
 21
660.0
 31
0.0
100
AcDbText
  0
INSERT
  5
34A
330
17
100
AcDbEntity
  8
SYMBOLS
100
AcDbBlockReference
  2
YAML_PID_MANUAL_BLOCK_VALVE
 10
735.0
 20
650.0
 30
0.0
 41
9.0
 42
4.0
  0
TEXT
  5
34C
330
17
100
AcDbEntity
  8
TEXT
100
AcDbText
 10
725.0
 20
655.0
 30
0.0
 40
1.8
  1
HV-502
 11
725.0
 21
655.0
 31
0.0
100
AcDbText
  0
INSERT
  5
34D
330
17
100
AcDbEntity
  8
SYMBOLS
100
AcDbBlockReference
  2
YAML_PID_CONTROL_VALVE
 10
985.0
 20
655.0
 30
0.0
 41
2.1165301000816377
 42
1.294311383901137
  0
LINE
  5
34F
330
17
100
AcDbEntity
  8
INSTRUMENT
100
AcDbLine
 10
985.0
 20
656.0
 30
0.0
 11
985.0
 21
665.0
 31
0.0
  0
TEXT
  5
350
330
17
100
AcDbEntity
  8
TEXT
100
AcDbText
 10
975.0
 20
660.0
 30
0.0
 40
1.8
  1
LV-501
 11
975.0
 21
660.0
 31
0.0
100
AcDbText
  0
INSERT
  5
351
330
17
100
AcDbEntity
  8
SYMBOLS
100
AcDbBlockReference
  2
YAML_PID_MANUAL_BLOCK_VALVE
 10
1040.0
 20
650.0
 30
0.0
 41
9.0
 42
4.0
  0
TEXT
  5
353
330
17
100
AcDbEntity
  8
TEXT
100
AcDbText
 10
1030.0
 20
655.0
 30
0.0
 40
1.8
  1
HV-503
 11
1030.0
 21
655.0
 31
0.0
100
AcDbText
  0
INSERT
  5
354
330
17
100
AcDbEntity
  8
SYMBOLS
100
AcDbBlockReference
  2
YAML_PID_MANUAL_BLOCK_VALVE
 10
780.0
 20
545.0
 30
0.0
 41
9.0
 42
4.0
  0
TEXT
  5
356
330
17
100
AcDbEntity
  8
TEXT
100
AcDbText
 10
770.0
 20
550.0
 30
0.0
 40
1.8
  1
HV-504A
 11
770.0
 21
550.0
 31
0.0
100
AcDbText
  0
INSERT
  5
357
330
17
100
AcDbEntity
  8
SYMBOLS
100
AcDbBlockReference
  2
YAML_PID_MANUAL_BLOCK_VALVE
 10
780.0
 20
500.0
 30
0.0
 41
9.0
 42
4.0
  0
TEXT
  5
359
330
17
100
AcDbEntity
  8
TEXT
100
AcDbText
 10
770.0
 20
505.0
 30
0.0
 40
1.8
  1
HV-504B
 11
770.0
 21
505.0
 31
0.0
100
AcDbText
  0
INSERT
  5
35A
330
17
100
AcDbEntity
  8
SYMBOLS
100
AcDbBlockReference
  2
YAML_PID_CHECK_VALVE
 10
865.0
 20
555.0
 30
0.0
 41
0.6803132464548122
 42
1.3743969704442458
  0
TEXT
  5
35C
330
17
100
AcDbEntity
  8
TEXT
100
AcDbText
 10
855.0
 20
575.0
 30
0.0
 40
1.8
  1
NRV-501A
 11
855.0
 21
575.0
 31
0.0
100
AcDbText
  0
INSERT
  5
35D
330
17
100
AcDbEntity
  8
SYMBOLS
100
AcDbBlockReference
  2
YAML_PID_MANUAL_BLOCK_VALVE
 10
885.0
 20
555.0
 30
0.0
 41
9.0
 42
4.0
  0
TEXT
  5
35F
330
17
100
AcDbEntity
  8
TEXT
100
AcDbText
 10
875.0
 20
575.0
 30
0.0
 40
1.8
  1
HV-505A
 11
875.0
 21
575.0
 31
0.0
100
AcDbText
  0
INSERT
  5
360
330
17
100
AcDbEntity
  8
SYMBOLS
100
AcDbBlockReference
  2
YAML_PID_CHECK_VALVE
 10
865.0
 20
510.0
 30
0.0
 41
0.6803132464548122
 42
1.3743969704442458
  0
TEXT
  5
362
330
17
100
AcDbEntity
  8
TEXT
100
AcDbText
 10
855.0
 20
515.0
 30
0.0
 40
1.8
  1
NRV-501B
 11
855.0
 21
515.0
 31
0.0
100
AcDbText
  0
INSERT
  5
363
330
17
100
AcDbEntity
  8
SYMBOLS
100
AcDbBlockReference
  2
YAML_PID_MANUAL_BLOCK_VALVE
 10
885.0
 20
510.0
 30
0.0
 41
9.0
 42
4.0
  0
TEXT
  5
365
330
17
100
AcDbEntity
  8
TEXT
100
AcDbText
 10
875.0
 20
515.0
 30
0.0
 40
1.8
  1
HV-505B
 11
875.0
 21
515.0
 31
0.0
100
AcDbText
  0
INSERT
  5
366
330
17
100
AcDbEntity
  8
SYMBOLS
100
AcDbBlockReference
  2
YAML_PID_CONTROL_VALVE
 10
725.0
 20
515.0
 30
0.0
 41
2.1165301000816377
 42
1.294311383901137
  0
LINE
  5
368
330
17
100
AcDbEntity
  8
INSTRUMENT
100
AcDbLine
 10
725.0
 20
516.0
 30
0.0
 11
725.0
 21
525.0
 31
0.0
  0
TEXT
  5
369
330
17
100
AcDbEntity
  8
TEXT
100
AcDbText
 10
715.0
 20
520.0
 30
0.0
 40
1.8
  1
FV-502
 11
715.0
 21
520.0
 31
0.0
100
AcDbText
  0
INSERT
  5
36A
330
17
100
AcDbEntity
  8
SYMBOLS
100
AcDbBlockReference
  2
YAML_PID_MANUAL_BLOCK_VALVE
 10
930.0
 20
575.0
 30
0.0
 41
9.0
 42
4.0
 50
90.0
  0
TEXT
  5
36C
330
17
100
AcDbEntity
  8
TEXT
100
AcDbText
 10
940.0
 20
575.0
 30
0.0
 40
1.8
  1
HV-506
 11
940.0
 21
575.0
 31
0.0
100
AcDbText
  0
INSERT
  5
36D
330
17
100
AcDbEntity
  8
SYMBOLS
100
AcDbBlockReference
  2
YAML_PID_RESTRICTION_ORIFICE
 10
930.0
 20
635.0
 30
0.0
 41
7.0
 42
3.333333333333333
 50
90.0
  0
TEXT
  5
36F
330
17
100
AcDbEntity
  8
TEXT
100
AcDbText
 10
940.0
 20
635.0
 30
0.0
 40
1.8
  1
RO-501
 11
940.0
 21
635.0
 31
0.0
100
AcDbText
  0
INSERT
  5
370
330
17
100
AcDbEntity
  8
SYMBOLS
100
AcDbBlockReference
  2
YAML_PID_MANUAL_BLOCK_VALVE
 10
430.0
 20
350.0
 30
0.0
 41
9.0
 42
4.0
  0
TEXT
  5
372
330
17
100
AcDbEntity
  8
TEXT
100
AcDbText
 10
420.0
 20
355.0
 30
0.0
 40
1.8
  1
HV-507
 11
420.0
 21
355.0
 31
0.0
100
AcDbText
  0
INSERT
  5
373
330
17
100
AcDbEntity
  8
SYMBOLS
100
AcDbBlockReference
  2
YAML_PID_MANUAL_BLOCK_VALVE
 10
440.0
 20
380.0
 30
0.0
 41
9.0
 42
4.0
  0
TEXT
  5
375
330
17
100
AcDbEntity
  8
TEXT
100
AcDbText
 10
430.0
 20
385.0
 30
0.0
 40
1.8
  1
HV-508
 11
430.0
 21
385.0
 31
0.0
100
AcDbText
  0
INSERT
  5
376
330
17
100
AcDbEntity
  8
SYMBOLS
100
AcDbBlockReference
  2
YAML_PID_CONTROL_VALVE
 10
930.0
 20
335.0
 30
0.0
 41
2.1165301000816377
 42
1.294311383901137
  0
LINE
  5
378
330
17
100
AcDbEntity
  8
INSTRUMENT
100
AcDbLine
 10
930.0
 20
336.0
 30
0.0
 11
930.0
 21
345.0
 31
0.0
  0
TEXT
  5
379
330
17
100
AcDbEntity
  8
TEXT
100
AcDbText
 10
920.0
 20
340.0
 30
0.0
 40
1.8
  1
TV-501
 11
920.0
 21
340.0
 31
0.0
100
AcDbText
  0
INSERT
  5
37A
330
17
100
AcDbEntity
  8
SYMBOLS
100
AcDbBlockReference
  2
YAML_PID_MANUAL_BLOCK_VALVE
 10
745.0
 20
330.0
 30
0.0
 41
9.0
 42
4.0
  0
TEXT
  5
37C
330
17
100
AcDbEntity
  8
TEXT
100
AcDbText
 10
735.0
 20
335.0
 30
0.0
 40
1.8
  1
HV-509
 11
735.0
 21
335.0
 31
0.0
100
AcDbText
  0
INSERT
  5
37D
330
17
100
AcDbEntity
  8
SYMBOLS
100
AcDbBlockReference
  2
YAML_PID_MANUAL_BLOCK_VALVE
 10
760.0
 20
300.0
 30
0.0
 41
9.0
 42
4.0
  0
TEXT
  5
37F
330
17
100
AcDbEntity
  8
TEXT
100
AcDbText
 10
750.0
 20
305.0
 30
0.0
 40
1.8
  1
HV-510
 11
750.0
 21
305.0
 31
0.0
100
AcDbText
  0
INSERT
  5
380
330
17
100
AcDbEntity
  8
SYMBOLS
100
AcDbBlockReference
  2
YAML_PID_MANUAL_BLOCK_VALVE
 10
580.0
 20
240.0
 30
0.0
 41
9.0
 42
4.0
  0
TEXT
  5
382
330
17
100
AcDbEntity
  8
TEXT
100
AcDbText
 10
570.0
 20
245.0
 30
0.0
 40
1.8
  1
HV-511A
 11
570.0
 21
245.0
 31
0.0
100
AcDbText
  0
INSERT
  5
383
330
17
100
AcDbEntity
  8
SYMBOLS
100
AcDbBlockReference
  2
YAML_PID_MANUAL_BLOCK_VALVE
 10
580.0
 20
190.0
 30
0.0
 41
9.0
 42
4.0
  0
TEXT
  5
385
330
17
100
AcDbEntity
  8
TEXT
100
AcDbText
 10
570.0
 20
195.0
 30
0.0
 40
1.8
  1
HV-511B
 11
570.0
 21
195.0
 31
0.0
100
AcDbText
  0
INSERT
  5
386
330
17
100
AcDbEntity
  8
SYMBOLS
100
AcDbBlockReference
  2
YAML_PID_CHECK_VALVE
 10
670.0
 20
250.0
 30
0.0
 41
0.6803132464548122
 42
1.3743969704442458
  0
TEXT
  5
388
330
17
100
AcDbEntity
  8
TEXT
100
AcDbText
 10
660.0
 20
255.0
 30
0.0
 40
1.8
  1
NRV-502A
 11
660.0
 21
255.0
 31
0.0
100
AcDbText
  0
INSERT
  5
389
330
17
100
AcDbEntity
  8
SYMBOLS
100
AcDbBlockReference
  2
YAML_PID_MANUAL_BLOCK_VALVE
 10
685.0
 20
250.0
 30
0.0
 41
9.0
 42
4.0
  0
TEXT
  5
38B
330
17
100
AcDbEntity
  8
TEXT
100
AcDbText
 10
650.0
 20
290.0
 30
0.0
 40
1.8
  1
HV-512A
 11
650.0
 21
290.0
 31
0.0
100
AcDbText
  0
INSERT
  5
38C
330
17
100
AcDbEntity
  8
SYMBOLS
100
AcDbBlockReference
  2
YAML_PID_CHECK_VALVE
 10
670.0
 20
200.0
 30
0.0
 41
0.6803132464548122
 42
1.3743969704442458
  0
TEXT
  5
38E
330
17
100
AcDbEntity
  8
TEXT
100
AcDbText
 10
660.0
 20
205.0
 30
0.0
 40
1.8
  1
NRV-502B
 11
660.0
 21
205.0
 31
0.0
100
AcDbText
  0
INSERT
  5
38F
330
17
100
AcDbEntity
  8
SYMBOLS
100
AcDbBlockReference
  2
YAML_PID_MANUAL_BLOCK_VALVE
 10
685.0
 20
200.0
 30
0.0
 41
9.0
 42
4.0
  0
TEXT
  5
391
330
17
100
AcDbEntity
  8
TEXT
100
AcDbText
 10
650.0
 20
225.0
 30
0.0
 40
1.8
  1
HV-512B
 11
650.0
 21
225.0
 31
0.0
100
AcDbText
  0
INSERT
  5
392
330
17
100
AcDbEntity
  8
SYMBOLS
100
AcDbBlockReference
  2
YAML_PID_CONTROL_VALVE
 10
150.0
 20
295.0
 30
0.0
 41
2.1165301000816377
 42
1.294311383901137
  0
LINE
  5
394
330
17
100
AcDbEntity
  8
INSTRUMENT
100
AcDbLine
 10
150.0
 20
296.0
 30
0.0
 11
150.0
 21
305.0
 31
0.0
  0
TEXT
  5
395
330
17
100
AcDbEntity
  8
TEXT
100
AcDbText
 10
140.0
 20
300.0
 30
0.0
 40
1.8
  1
LV-502
 11
140.0
 21
300.0
 31
0.0
100
AcDbText
  0
INSERT
  5
396
330
17
100
AcDbEntity
  8
SYMBOLS
100
AcDbBlockReference
  2
YAML_PID_CONTROL_VALVE
 10
775.0
 20
655.0
 30
0.0
 41
2.1165301000816377
 42
1.294311383901137
 50
90.0
  0
LINE
  5
398
330
17
100
AcDbEntity
  8
INSTRUMENT
100
AcDbLine
 10
780.0
 20
661.0
 30
0.0
 11
780.0
 21
670.0
 31
0.0
  0
TEXT
  5
399
330
17
100
AcDbEntity
  8
TEXT
100
AcDbText
 10
800.0
 20
655.0
 30
0.0
 40
1.8
  1
TV-502
 11
800.0
 21
655.0
 31
0.0
100
AcDbText
  0
INSERT
  5
39A
330
17
100
AcDbEntity
  8
SYMBOLS
100
AcDbBlockReference
  2
YAML_PID_MANUAL_BLOCK_VALVE
 10
780.0
 20
685.0
 30
0.0
 41
9.0
 42
4.0
 50
90.0
  0
TEXT
  5
39C
330
17
100
AcDbEntity
  8
TEXT
100
AcDbText
 10
805.0
 20
695.0
 30
0.0
 40
1.8
  1
HV-513
 11
805.0
 21
695.0
 31
0.0
100
AcDbText
  0
INSERT
  5
39D
330
17
100
AcDbEntity
  8
SYMBOLS
100
AcDbBlockReference
  2
YAML_PID_MANUAL_BLOCK_VALVE
 10
870.0
 20
610.0
 30
0.0
 41
9.0
 42
4.0
  0
TEXT
  5
39F
330
17
100
AcDbEntity
  8
TEXT
100
AcDbText
 10
860.0
 20
615.0
 30
0.0
 40
1.8
  1
HV-514
 11
860.0
 21
615.0
 31
0.0
100
AcDbText
  0
INSERT
  5
3A0
330
17
100
AcDbEntity
  8
SYMBOLS
100
AcDbBlockReference
  2
YAML_PID_RELIEF_VALVE
 10
490.0
 20
675.0
 30
0.0
 41
1.0582650500408188
 42
2.267745105450147
 50
90.0
  0
LINE
  5
3A2
330
17
100
AcDbEntity
  8
INSTRUMENT
100
AcDbLine
 10
490.0
 20
678.0
 30
0.0
 11
490.0
 21
690.0
 31
0.0
  0
TEXT
  5
3A3
330
17
100
AcDbEntity
  8
TEXT
100
AcDbText
 10
480.0
 20
685.0
 30
0.0
 40
1.8
  1
PSV-501A
 11
480.0
 21
685.0
 31
0.0
100
AcDbText
  0
INSERT
  5
3A4
330
17
100
AcDbEntity
  8
SYMBOLS
100
AcDbBlockReference
  2
YAML_PID_RELIEF_VALVE
 10
490.0
 20
675.0
 30
0.0
 41
1.0582650500408188
 42
2.267745105450147
 50
90.0
  0
LINE
  5
3A6
330
17
100
AcDbEntity
  8
INSTRUMENT
100
AcDbLine
 10
490.0
 20
678.0
 30
0.0
 11
490.0
 21
690.0
 31
0.0
  0
TEXT
  5
3A7
330
17
100
AcDbEntity
  8
TEXT
100
AcDbText
 10
515.0
 20
685.0
 30
0.0
 40
1.8
  1
PSV-501B
 11
515.0
 21
685.0
 31
0.0
100
AcDbText
  0
INSERT
  5
3A8
330
17
100
AcDbEntity
  8
SYMBOLS
100
AcDbBlockReference
  2
YAML_PID_RELIEF_VALVE
 10
805.0
 20
730.0
 30
0.0
 41
1.0582650500408188
 42
2.267745105450147
 50
90.0
  0
LINE
  5
3AA
330
17
100
AcDbEntity
  8
INSTRUMENT
100
AcDbLine
 10
805.0
 20
733.0
 30
0.0
 11
805.0
 21
745.0
 31
0.0
  0
TEXT
  5
3AB
330
17
100
AcDbEntity
  8
TEXT
100
AcDbText
 10
830.0
 20
735.0
 30
0.0
 40
1.8
  1
PSV-502
 11
830.0
 21
735.0
 31
0.0
100
AcDbText
  0
INSERT
  5
3AC
330
17
100
AcDbEntity
  8
SYMBOLS
100
AcDbBlockReference
  2
YAML_PID_MANUAL_BLOCK_VALVE
 10
600.0
 20
745.0
 30
0.0
 41
9.0
 42
4.0
 50
90.0
  0
TEXT
  5
3AE
330
17
100
AcDbEntity
  8
TEXT
100
AcDbText
 10
610.0
 20
745.0
 30
0.0
 40
1.8
  1
HV-515
 11
610.0
 21
745.0
 31
0.0
100
AcDbText
  0
INSERT
  5
3AF
330
17
100
AcDbEntity
  8
SYMBOLS
100
AcDbBlockReference
  2
YAML_PID_MANUAL_BLOCK_VALVE
 10
840.0
 20
745.0
 30
0.0
 41
9.0
 42
4.0
 50
90.0
  0
TEXT
  5
3B1
330
17
100
AcDbEntity
  8
TEXT
100
AcDbText
 10
850.0
 20
745.0
 30
0.0
 40
1.8
  1
HV-516
 11
850.0
 21
745.0
 31
0.0
100
AcDbText
  0
INSERT
  5
3B2
330
17
100
AcDbEntity
  8
SYMBOLS
100
AcDbBlockReference
  2
YAML_PID_MANUAL_BLOCK_VALVE
 10
530.0
 20
165.0
 30
0.0
 41
9.0
 42
4.0
 50
90.0
  0
TEXT
  5
3B4
330
17
100
AcDbEntity
  8
TEXT
100
AcDbText
 10
540.0
 20
165.0
 30
0.0
 40
1.8
  1
HV-517
 11
540.0
 21
165.0
 31
0.0
100
AcDbText
  0
INSERT
  5
3B5
330
17
100
AcDbEntity
  8
SYMBOLS
100
AcDbBlockReference
  2
YAML_PID_MANUAL_BLOCK_VALVE
 10
1080.0
 20
165.0
 30
0.0
 41
9.0
 42
4.0
 50
90.0
  0
TEXT
  5
3B7
330
17
100
AcDbEntity
  8
TEXT
100
AcDbText
 10
1090.0
 20
165.0
 30
0.0
 40
1.8
  1
HV-518
 11
1090.0
 21
165.0
 31
0.0
100
AcDbText
  0
INSERT
  5
3B8
330
17
100
AcDbEntity
  8
SYMBOLS
100
AcDbBlockReference
  2
YAML_PID_MANUAL_BLOCK_VALVE
 10
680.0
 20
610.0
 30
0.0
 41
9.0
 42
4.0
 50
90.0
  0
TEXT
  5
3BA
330
17
100
AcDbEntity
  8
TEXT
100
AcDbText
 10
705.0
 20
620.0
 30
0.0
 40
1.8
  1
HV-520
 11
705.0
 21
620.0
 31
0.0
100
AcDbText
  0
INSERT
  5
3BB
330
17
100
AcDbEntity
  8
SYMBOLS
100
AcDbBlockReference
  2
YAML_PID_FIELD_INSTRUMENT
 10
460.0
 20
520.0
 30
0.0
 41
14.0
 42
14.0
  0
TEXT
  5
3BD
330
17
100
AcDbEntity
  8
TEXT
100
AcDbText
 10
455.0
 20
520.0
 30
0.0
 40
2.0
  1
PT-501
 11
455.0
 21
520.0
 31
0.0
100
AcDbText
  0
INSERT
  5
3BE
330
17
100
AcDbEntity
  8
SYMBOLS
100
AcDbBlockReference
  2
YAML_PID_FIELD_INSTRUMENT
 10
445.0
 20
450.0
 30
0.0
 41
14.0
 42
14.0
  0
TEXT
  5
3C0
330
17
100
AcDbEntity
  8
TEXT
100
AcDbText
 10
440.0
 20
450.0
 30
0.0
 40
2.0
  1
DPI-501
 11
440.0
 21
450.0
 31
0.0
100
AcDbText
  0
TEXT
  5
3C1
330
17
100
AcDbEntity
  8
TEXT
100
AcDbText
 10
455.0
 20
455.0
 30
0.0
 40
2.0
  1
H
 11
455.0
 21
455.0
 31
0.0
100
AcDbText
  0
TEXT
  5
3C2
330
17
100
AcDbEntity
  8
TEXT
100
AcDbText
 10
455.0
 20
445.0
 30
0.0
 40
2.0
  1
L
 11
455.0
 21
445.0
 31
0.0
100
AcDbText
  0
TEXT
  5
3C3
330
17
100
AcDbEntity
  8
TEXT
100
AcDbText
 10
455.0
 20
440.0
 30
0.0
 40
2.0
  1
HH
 11
455.0
 21
440.0
 31
0.0
100
AcDbText
  0
INSERT
  5
3C4
330
17
100
AcDbEntity
  8
SYMBOLS
100
AcDbBlockReference
  2
YAML_PID_FIELD_INSTRUMENT
 10
460.0
 20
430.0
 30
0.0
 41
14.0
 42
14.0
  0
TEXT
  5
3C6
330
17
100
AcDbEntity
  8
TEXT
100
AcDbText
 10
455.0
 20
430.0
 30
0.0
 40
2.0
  1
DPT-501
 11
455.0
 21
430.0
 31
0.0
100
AcDbText
  0
INSERT
  5
3C7
330
17
100
AcDbEntity
  8
SYMBOLS
100
AcDbBlockReference
  2
YAML_PID_FIELD_INSTRUMENT
 10
405.0
 20
355.0
 30
0.0
 41
14.0
 42
14.0
  0
TEXT
  5
3C9
330
17
100
AcDbEntity
  8
TEXT
100
AcDbText
 10
400.0
 20
355.0
 30
0.0
 40
2.0
  1
LT-502
 11
400.0
 21
355.0
 31
0.0
100
AcDbText
  0
INSERT
  5
3CA
330
17
100
AcDbEntity
  8
SYMBOLS
100
AcDbBlockReference
  2
YAML_PID_DCS_CONTROLLER
 10
385.0
 20
310.0
 30
0.0
 41
18.0
 42
18.0
  0
TEXT
  5
3CC
330
17
100
AcDbEntity
  8
TEXT
100
AcDbText
 10
380.0
 20
310.0
 30
0.0
 40
2.0
  1
LIC-502
 11
380.0
 21
310.0
 31
0.0
100
AcDbText
  0
TEXT
  5
3CD
330
17
100
AcDbEntity
  8
TEXT
100
AcDbText
 10
395.0
 20
315.0
 30
0.0
 40
2.0
  1
H
 11
395.0
 21
315.0
 31
0.0
100
AcDbText
  0
TEXT
  5
3CE
330
17
100
AcDbEntity
  8
TEXT
100
AcDbText
 10
395.0
 20
305.0
 30
0.0
 40
2.0
  1
L
 11
395.0
 21
305.0
 31
0.0
100
AcDbText
  0
INSERT
  5
3CF
330
17
100
AcDbEntity
  8
SYMBOLS
100
AcDbBlockReference
  2
YAML_PID_FIELD_INSTRUMENT
 10
605.0
 20
480.0
 30
0.0
 41
14.0
 42
14.0
  0
TEXT
  5
3D1
330
17
100
AcDbEntity
  8
TEXT
100
AcDbText
 10
600.0
 20
480.0
 30
0.0
 40
2.0
  1
TT-501A
 11
600.0
 21
480.0
 31
0.0
100
AcDbText
  0
INSERT
  5
3D2
330
17
100
AcDbEntity
  8
SYMBOLS
100
AcDbBlockReference
  2
YAML_PID_FIELD_INSTRUMENT
 10
625.0
 20
480.0
 30
0.0
 41
14.0
 42
14.0
  0
TEXT
  5
3D4
330
17
100
AcDbEntity
  8
TEXT
100
AcDbText
 10
620.0
 20
480.0
 30
0.0
 40
2.0
  1
TI-501A
 11
620.0
 21
480.0
 31
0.0
100
AcDbText
  0
INSERT
  5
3D5
330
17
100
AcDbEntity
  8
SYMBOLS
100
AcDbBlockReference
  2
YAML_PID_FIELD_INSTRUMENT
 10
605.0
 20
430.0
 30
0.0
 41
14.0
 42
14.0
  0
TEXT
  5
3D7
330
17
100
AcDbEntity
  8
TEXT
100
AcDbText
 10
600.0
 20
430.0
 30
0.0
 40
2.0
  1
TT-501B
 11
600.0
 21
430.0
 31
0.0
100
AcDbText
  0
INSERT
  5
3D8
330
17
100
AcDbEntity
  8
SYMBOLS
100
AcDbBlockReference
  2
YAML_PID_DCS_CONTROLLER
 10
625.0
 20
430.0
 30
0.0
 41
18.0
 42
18.0
  0
TEXT
  5
3DA
330
17
100
AcDbEntity
  8
TEXT
100
AcDbText
 10
620.0
 20
430.0
 30
0.0
 40
2.0
  1
TIC-501
 11
620.0
 21
430.0
 31
0.0
100
AcDbText
  0
TEXT
  5
3DB
330
17
100
AcDbEntity
  8
TEXT
100
AcDbText
 10
635.0
 20
435.0
 30
0.0
 40
2.0
  1
H
 11
635.0
 21
435.0
 31
0.0
100
AcDbText
  0
TEXT
  5
3DC
330
17
100
AcDbEntity
  8
TEXT
100
AcDbText
 10
635.0
 20
425.0
 30
0.0
 40
2.0
  1
L
 11
635.0
 21
425.0
 31
0.0
100
AcDbText
  0
INSERT
  5
3DD
330
17
100
AcDbEntity
  8
SYMBOLS
100
AcDbBlockReference
  2
YAML_PID_FIELD_INSTRUMENT
 10
640.0
 20
400.0
 30
0.0
 41
14.0
 42
14.0
  0
TEXT
  5
3DF
330
17
100
AcDbEntity
  8
TEXT
100
AcDbText
 10
635.0
 20
400.0
 30
0.0
 40
2.0
  1
TT-501C
 11
635.0
 21
400.0
 31
0.0
100
AcDbText
  0
INSERT
  5
3E0
330
17
100
AcDbEntity
  8
SYMBOLS
100
AcDbBlockReference
  2
YAML_PID_FIELD_INSTRUMENT
 10
660.0
 20
400.0
 30
0.0
 41
14.0
 42
14.0
  0
TEXT
  5
3E2
330
17
100
AcDbEntity
  8
TEXT
100
AcDbText
 10
655.0
 20
400.0
 30
0.0
 40
2.0
  1
TI-501C
 11
655.0
 21
400.0
 31
0.0
100
AcDbText
  0
INSERT
  5
3E3
330
17
100
AcDbEntity
  8
SYMBOLS
100
AcDbBlockReference
  2
YAML_PID_FIELD_INSTRUMENT
 10
430.0
 20
510.0
 30
0.0
 41
14.0
 42
14.0
  0
TEXT
  5
3E5
330
17
100
AcDbEntity
  8
TEXT
100
AcDbText
 10
425.0
 20
510.0
 30
0.0
 40
2.0
  1
FT-501
 11
425.0
 21
510.0
 31
0.0
100
AcDbText
  0
LWPOLYLINE
  5
3E6
330
17
100
AcDbEntity
  8
INSTRUMENT
100
AcDbPolyline
 90
5
 70
0
 10
334.0
 20
518.0
 10
356.0
 20
518.0
 10
356.0
 20
532.0
 10
334.0
 20
532.0
 10
334.0
 20
518.0
  0
CIRCLE
  5
3E7
330
17
100
AcDbEntity
  8
INSTRUMENT
100
AcDbCircle
 10
345.0
 20
525.0
 30
0.0
 40
4.62
  0
TEXT
  5
3E8
330
17
100
AcDbEntity
  8
TEXT
100
AcDbText
 10
340.0
 20
525.0
 30
0.0
 40
2.0
  1
FIC-501
 11
340.0
 21
525.0
 31
0.0
100
AcDbText
  0
INSERT
  5
3E9
330
17
100
AcDbEntity
  8
SYMBOLS
100
AcDbBlockReference
  2
YAML_PID_DCS_CONTROLLER
 10
585.0
 20
690.0
 30
0.0
 41
18.0
 42
18.0
  0
TEXT
  5
3EB
330
17
100
AcDbEntity
  8
TEXT
100
AcDbText
 10
580.0
 20
690.0
 30
0.0
 40
2.0
  1
PIC-501
 11
580.0
 21
690.0
 31
0.0
100
AcDbText
  0
TEXT
  5
3EC
330
17
100
AcDbEntity
  8
TEXT
100
AcDbText
 10
595.0
 20
695.0
 30
0.0
 40
2.0
  1
H
 11
595.0
 21
695.0
 31
0.0
100
AcDbText
  0
TEXT
  5
3ED
330
17
100
AcDbEntity
  8
TEXT
100
AcDbText
 10
595.0
 20
685.0
 30
0.0
 40
2.0
  1
L
 11
595.0
 21
685.0
 31
0.0
100
AcDbText
  0
TEXT
  5
3EE
330
17
100
AcDbEntity
  8
TEXT
100
AcDbText
 10
595.0
 20
680.0
 30
0.0
 40
2.0
  1
HH
 11
595.0
 21
680.0
 31
0.0
100
AcDbText
  0
INSERT
  5
3EF
330
17
100
AcDbEntity
  8
SYMBOLS
100
AcDbBlockReference
  2
YAML_PID_FIELD_INSTRUMENT
 10
750.0
 20
585.0
 30
0.0
 41
14.0
 42
14.0
  0
TEXT
  5
3F1
330
17
100
AcDbEntity
  8
TEXT
100
AcDbText
 10
745.0
 20
585.0
 30
0.0
 40
2.0
  1
LT-501
 11
745.0
 21
585.0
 31
0.0
100
AcDbText
  0
INSERT
  5
3F2
330
17
100
AcDbEntity
  8
SYMBOLS
100
AcDbBlockReference
  2
YAML_PID_DCS_CONTROLLER
 10
720.0
 20
585.0
 30
0.0
 41
18.0
 42
18.0
  0
TEXT
  5
3F4
330
17
100
AcDbEntity
  8
TEXT
100
AcDbText
 10
715.0
 20
585.0
 30
0.0
 40
2.0
  1
LIC-501
 11
715.0
 21
585.0
 31
0.0
100
AcDbText
  0
TEXT
  5
3F5
330
17
100
AcDbEntity
  8
TEXT
100
AcDbText
 10
730.0
 20
590.0
 30
0.0
 40
2.0
  1
H
 11
730.0
 21
590.0
 31
0.0
100
AcDbText
  0
TEXT
  5
3F6
330
17
100
AcDbEntity
  8
TEXT
100
AcDbText
 10
730.0
 20
580.0
 30
0.0
 40
2.0
  1
L
 11
730.0
 21
580.0
 31
0.0
100
AcDbText
  0
TEXT
  5
3F7
330
17
100
AcDbEntity
  8
TEXT
100
AcDbText
 10
730.0
 20
575.0
 30
0.0
 40
2.0
  1
HH
 11
730.0
 21
575.0
 31
0.0
100
AcDbText
  0
INSERT
  5
3F8
330
17
100
AcDbEntity
  8
SYMBOLS
100
AcDbBlockReference
  2
YAML_PID_FIELD_INSTRUMENT
 10
960.0
 20
715.0
 30
0.0
 41
14.0
 42
14.0
  0
TEXT
  5
3FA
330
17
100
AcDbEntity
  8
TEXT
100
AcDbText
 10
955.0
 20
715.0
 30
0.0
 40
2.0
  1
PT-502
 11
955.0
 21
715.0
 31
0.0
100
AcDbText
  0
INSERT
  5
3FB
330
17
100
AcDbEntity
  8
SYMBOLS
100
AcDbBlockReference
  2
YAML_PID_FIELD_INSTRUMENT
 10
960.0
 20
740.0
 30
0.0
 41
14.0
 42
14.0
  0
TEXT
  5
3FD
330
17
100
AcDbEntity
  8
TEXT
100
AcDbText
 10
955.0
 20
740.0
 30
0.0
 40
2.0
  1
PI-502
 11
955.0
 21
740.0
 31
0.0
100
AcDbText
  0
INSERT
  5
3FE
330
17
100
AcDbEntity
  8
SYMBOLS
100
AcDbBlockReference
  2
YAML_PID_FIELD_INSTRUMENT
 10
625.0
 20
560.0
 30
0.0
 41
14.0
 42
14.0
  0
TEXT
  5
400
330
17
100
AcDbEntity
  8
TEXT
100
AcDbText
 10
620.0
 20
560.0
 30
0.0
 40
2.0
  1
FT-502
 11
620.0
 21
560.0
 31
0.0
100
AcDbText
  0
LWPOLYLINE
  5
401
330
17
100
AcDbEntity
  8
INSTRUMENT
100
AcDbPolyline
 90
5
 70
0
 10
644.0
 20
553.0
 10
666.0
 20
553.0
 10
666.0
 20
567.0
 10
644.0
 20
567.0
 10
644.0
 20
553.0
  0
CIRCLE
  5
402
330
17
100
AcDbEntity
  8
INSTRUMENT
100
AcDbCircle
 10
655.0
 20
560.0
 30
0.0
 40
4.62
  0
TEXT
  5
403
330
17
100
AcDbEntity
  8
TEXT
100
AcDbText
 10
650.0
 20
560.0
 30
0.0
 40
2.0
  1
FIC-502
 11
650.0
 21
560.0
 31
0.0
100
AcDbText
  0
INSERT
  5
404
330
17
100
AcDbEntity
  8
SYMBOLS
100
AcDbBlockReference
  2
YAML_PID_FIELD_INSTRUMENT
 10
760.0
 20
355.0
 30
0.0
 41
14.0
 42
14.0
  0
TEXT
  5
406
330
17
100
AcDbEntity
  8
TEXT
100
AcDbText
 10
755.0
 20
355.0
 30
0.0
 40
2.0
  1
TT-503
 11
755.0
 21
355.0
 31
0.0
100
AcDbText
  0
INSERT
  5
407
330
17
100
AcDbEntity
  8
SYMBOLS
100
AcDbBlockReference
  2
YAML_PID_FIELD_INSTRUMENT
 10
780.0
 20
355.0
 30
0.0
 41
14.0
 42
14.0
  0
TEXT
  5
409
330
17
100
AcDbEntity
  8
TEXT
100
AcDbText
 10
775.0
 20
355.0
 30
0.0
 40
2.0
  1
TI-503
 11
775.0
 21
355.0
 31
0.0
100
AcDbText
  0
INSERT
  5
40A
330
17
100
AcDbEntity
  8
SYMBOLS
100
AcDbBlockReference
  2
YAML_PID_ANALYZER
 10
1060.0
 20
750.0
 30
0.0
 41
1.1638494030954656
 42
1.1638494030954656
  0
TEXT
  5
40C
330
17
100
AcDbEntity
  8
TEXT
100
AcDbText
 10
1055.0
 20
750.0
 30
0.0
 40
2.0
  1
AIT-501
 11
1055.0
 21
750.0
 31
0.0
100
AcDbText
  0
INSERT
  5
40D
330
17
100
AcDbEntity
  8
SYMBOLS
100
AcDbBlockReference
  2
YAML_PID_DCS_CONTROLLER
 10
1060.0
 20
725.0
 30
0.0
 41
18.0
 42
18.0
  0
TEXT
  5
40F
330
17
100
AcDbEntity
  8
TEXT
100
AcDbText
 10
1055.0
 20
725.0
 30
0.0
 40
2.0
  1
AIC-501
 11
1055.0
 21
725.0
 31
0.0
100
AcDbText
  0
INSERT
  5
410
330
17
100
AcDbEntity
  8
SYMBOLS
100
AcDbBlockReference
  2
YAML_PID_SAMPLE_POINT
 10
1060.0
 20
695.0
 30
0.0
 41
0.8782329952136302
 42
1.8897518755787364
  0
TEXT
  5
412
330
17
100
AcDbEntity
  8
TEXT
100
AcDbText
 10
1055.0
 20
695.0
 30
0.0
 40
2.0
  1
AS-501
 11
1055.0
 21
695.0
 31
0.0
100
AcDbText
  0
INSERT
  5
413
330
17
100
AcDbEntity
  8
SYMBOLS
100
AcDbBlockReference
  2
YAML_PID_ANALYZER
 10
170.0
 20
250.0
 30
0.0
 41
1.1638494030954656
 42
1.1638494030954656
  0
TEXT
  5
415
330
17
100
AcDbEntity
  8
TEXT
100
AcDbText
 10
165.0
 20
250.0
 30
0.0
 40
2.0
  1
AIT-502
 11
165.0
 21
250.0
 31
0.0
100
AcDbText
  0
INSERT
  5
416
330
17
100
AcDbEntity
  8
SYMBOLS
100
AcDbBlockReference
  2
YAML_PID_DCS_CONTROLLER
 10
170.0
 20
225.0
 30
0.0
 41
18.0
 42
18.0
  0
TEXT
  5
418
330
17
100
AcDbEntity
  8
TEXT
100
AcDbText
 10
165.0
 20
225.0
 30
0.0
 40
2.0
  1
AIC-502
 11
165.0
 21
225.0
 31
0.0
100
AcDbText
  0
INSERT
  5
419
330
17
100
AcDbEntity
  8
SYMBOLS
100
AcDbBlockReference
  2
YAML_PID_SAMPLE_POINT
 10
170.0
 20
200.0
 30
0.0
 41
0.8782329952136302
 42
1.8897518755787364
  0
TEXT
  5
41B
330
17
100
AcDbEntity
  8
TEXT
100
AcDbText
 10
165.0
 20
200.0
 30
0.0
 40
2.0
  1
AS-502
 11
165.0
 21
200.0
 31
0.0
100
AcDbText
  0
INSERT
  5
41C
330
17
100
AcDbEntity
  8
SYMBOLS
100
AcDbBlockReference
  2
YAML_PID_FIELD_INSTRUMENT
 10
600.0
 20
125.0
 30
0.0
 41
14.0
 42
14.0
  0
TEXT
  5
41E
330
17
100
AcDbEntity
  8
TEXT
100
AcDbText
 10
595.0
 20
125.0
 30
0.0
 40
2.0
  1
XS-501A
 11
595.0
 21
125.0
 31
0.0
100
AcDbText
  0
INSERT
  5
41F
330
17
100
AcDbEntity
  8
SYMBOLS
100
AcDbBlockReference
  2
YAML_PID_FIELD_INSTRUMENT
 10
630.0
 20
125.0
 30
0.0
 41
14.0
 42
14.0
  0
TEXT
  5
421
330
17
100
AcDbEntity
  8
TEXT
100
AcDbText
 10
625.0
 20
125.0
 30
0.0
 40
2.0
  1
XS-501B
 11
625.0
 21
125.0
 31
0.0
100
AcDbText
  0
INSERT
  5
422
330
17
100
AcDbEntity
  8
SYMBOLS
100
AcDbBlockReference
  2
YAML_PID_FIELD_INSTRUMENT
 10
655.0
 20
125.0
 30
0.0
 41
14.0
 42
14.0
  0
TEXT
  5
424
330
17
100
AcDbEntity
  8
TEXT
100
AcDbText
 10
650.0
 20
125.0
 30
0.0
 40
2.0
  1
XS-502A
 11
650.0
 21
125.0
 31
0.0
100
AcDbText
  0
INSERT
  5
425
330
17
100
AcDbEntity
  8
SYMBOLS
100
AcDbBlockReference
  2
YAML_PID_FIELD_INSTRUMENT
 10
685.0
 20
125.0
 30
0.0
 41
14.0
 42
14.0
  0
TEXT
  5
427
330
17
100
AcDbEntity
  8
TEXT
100
AcDbText
 10
680.0
 20
125.0
 30
0.0
 40
2.0
  1
XS-502B
 11
680.0
 21
125.0
 31
0.0
100
AcDbText
  0
INSERT
  5
428
330
17
100
AcDbEntity
  8
SYMBOLS
100
AcDbBlockReference
  2
YAML_PID_FIELD_INSTRUMENT
 10
160.0
 20
430.0
 30
0.0
 41
14.0
 42
14.0
  0
TEXT
  5
42A
330
17
100
AcDbEntity
  8
TEXT
100
AcDbText
 10
155.0
 20
430.0
 30
0.0
 40
2.0
  1
ZSO-501
 11
155.0
 21
430.0
 31
0.0
100
AcDbText
  0
INSERT
  5
42B
330
17
100
AcDbEntity
  8
SYMBOLS
100
AcDbBlockReference
  2
YAML_PID_FIELD_INSTRUMENT
 10
160.0
 20
410.0
 30
0.0
 41
14.0
 42
14.0
  0
TEXT
  5
42D
330
17
100
AcDbEntity
  8
TEXT
100
AcDbText
 10
155.0
 20
410.0
 30
0.0
 40
2.0
  1
ZSC-501
 11
155.0
 21
410.0
 31
0.0
100
AcDbText
  0
LINE
  5
42E
330
17
100
AcDbEntity
  8
IMPULSE_LINE
370
18
100
AcDbLine
 10
450.0
 20
520.0
 30
0.0
 11
460.0
 21
520.0
 31
0.0
  0
LINE
  5
42F
330
17
100
AcDbEntity
  8
IMPULSE_LINE
370
18
100
AcDbLine
 10
460.0
 20
520.0
 30
0.0
 11
460.0
 21
510.0
 31
0.0
  0
INSERT
  5
430
330
17
100
AcDbEntity
  8
SYMBOLS
100
AcDbBlockReference
  2
YAML_PID_MANUAL_BLOCK_VALVE
 10
455.0
 20
520.0
 30
0.0
 41
0.75
 42
0.75
  0
LINE
  5
432
330
17
100
AcDbEntity
  8
IMPULSE_LINE
370
18
100
AcDbLine
 10
450.0
 20
500.0
 30
0.0
 11
460.0
 21
500.0
 31
0.0
  0
LINE
  5
433
330
17
100
AcDbEntity
  8
IMPULSE_LINE
370
18
100
AcDbLine
 10
460.0
 20
500.0
 30
0.0
 11
460.0
 21
440.0
 31
0.0
  0
INSERT
  5
434
330
17
100
AcDbEntity
  8
SYMBOLS
100
AcDbBlockReference
  2
YAML_PID_MANUAL_BLOCK_VALVE
 10
455.0
 20
500.0
 30
0.0
 41
0.75
 42
0.75
  0
LINE
  5
436
330
17
100
AcDbEntity
  8
IMPULSE_LINE
370
18
100
AcDbLine
 10
450.0
 20
360.0
 30
0.0
 11
460.0
 21
360.0
 31
0.0
  0
LINE
  5
437
330
17
100
AcDbEntity
  8
IMPULSE_LINE
370
18
100
AcDbLine
 10
460.0
 20
360.0
 30
0.0
 11
460.0
 21
420.0
 31
0.0
  0
INSERT
  5
438
330
17
100
AcDbEntity
  8
SYMBOLS
100
AcDbBlockReference
  2
YAML_PID_MANUAL_BLOCK_VALVE
 10
455.0
 20
360.0
 30
0.0
 41
0.75
 42
0.75
  0
LINE
  5
43A
330
17
100
AcDbEntity
  8
IMPULSE_LINE
370
18
100
AcDbLine
 10
450.0
 20
350.0
 30
0.0
 11
395.0
 21
350.0
 31
0.0
  0
LINE
  5
43B
330
17
100
AcDbEntity
  8
IMPULSE_LINE
370
18
100
AcDbLine
 10
395.0
 20
350.0
 30
0.0
 11
395.0
 21
360.0
 31
0.0
  0
INSERT
  5
43C
330
17
100
AcDbEntity
  8
SYMBOLS
100
AcDbBlockReference
  2
YAML_PID_MANUAL_BLOCK_VALVE
 10
425.0
 20
350.0
 30
0.0
 41
0.75
 42
0.75
  0
LINE
  5
43E
330
17
100
AcDbEntity
  8
IMPULSE_LINE
370
18
100
AcDbLine
 10
450.0
 20
325.0
 30
0.0
 11
415.0
 21
325.0
 31
0.0
  0
LINE
  5
43F
330
17
100
AcDbEntity
  8
IMPULSE_LINE
370
18
100
AcDbLine
 10
415.0
 20
325.0
 30
0.0
 11
415.0
 21
350.0
 31
0.0
  0
INSERT
  5
440
330
17
100
AcDbEntity
  8
SYMBOLS
100
AcDbBlockReference
  2
YAML_PID_MANUAL_BLOCK_VALVE
 10
435.0
 20
325.0
 30
0.0
 41
0.75
 42
0.75
  0
INSERT
  5
442
330
17
100
AcDbEntity
  8
SYMBOLS
100
AcDbBlockReference
  2
YAML_PID_FIELD_INSTRUMENT
 10
565.0
 20
480.0
 30
0.0
 41
0.65
 42
0.65
  0
TEXT
  5
444
330
17
100
AcDbEntity
  8
TEXT
100
AcDbText
 10
580.0
 20
500.0
 30
0.0
 40
2.0
  1
TW-501A
 11
580.0
 21
500.0
 31
0.0
100
AcDbText
  0
LINE
  5
445
330
17
100
AcDbEntity
  8
IMPULSE_LINE
370
18
100
AcDbLine
 10
550.0
 20
480.0
 30
0.0
 11
565.0
 21
480.0
 31
0.0
  0
LINE
  5
446
330
17
100
AcDbEntity
  8
IMPULSE_LINE
370
18
100
AcDbLine
 10
565.0
 20
480.0
 30
0.0
 11
605.0
 21
480.0
 31
0.0
  0
LINE
  5
447
330
17
100
AcDbEntity
  8
IMPULSE_LINE
370
18
100
AcDbLine
 10
605.0
 20
480.0
 30
0.0
 11
605.0
 21
470.0
 31
0.0
  0
INSERT
  5
448
330
17
100
AcDbEntity
  8
SYMBOLS
100
AcDbBlockReference
  2
YAML_PID_FIELD_INSTRUMENT
 10
565.0
 20
430.0
 30
0.0
 41
0.65
 42
0.65
  0
TEXT
  5
44A
330
17
100
AcDbEntity
  8
TEXT
100
AcDbText
 10
580.0
 20
450.0
 30
0.0
 40
2.0
  1
TW-501B
 11
580.0
 21
450.0
 31
0.0
100
AcDbText
  0
LINE
  5
44B
330
17
100
AcDbEntity
  8
IMPULSE_LINE
370
18
100
AcDbLine
 10
550.0
 20
430.0
 30
0.0
 11
565.0
 21
430.0
 31
0.0
  0
LINE
  5
44C
330
17
100
AcDbEntity
  8
IMPULSE_LINE
370
18
100
AcDbLine
 10
565.0
 20
430.0
 30
0.0
 11
605.0
 21
430.0
 31
0.0
  0
LINE
  5
44D
330
17
100
AcDbEntity
  8
IMPULSE_LINE
370
18
100
AcDbLine
 10
605.0
 20
430.0
 30
0.0
 11
605.0
 21
420.0
 31
0.0
  0
INSERT
  5
44E
330
17
100
AcDbEntity
  8
SYMBOLS
100
AcDbBlockReference
  2
YAML_PID_FIELD_INSTRUMENT
 10
565.0
 20
390.0
 30
0.0
 41
0.65
 42
0.65
  0
TEXT
  5
450
330
17
100
AcDbEntity
  8
TEXT
100
AcDbText
 10
580.0
 20
410.0
 30
0.0
 40
2.0
  1
TW-501C
 11
580.0
 21
410.0
 31
0.0
100
AcDbText
  0
LINE
  5
451
330
17
100
AcDbEntity
  8
IMPULSE_LINE
370
18
100
AcDbLine
 10
550.0
 20
390.0
 30
0.0
 11
565.0
 21
390.0
 31
0.0
  0
LINE
  5
452
330
17
100
AcDbEntity
  8
IMPULSE_LINE
370
18
100
AcDbLine
 10
565.0
 20
390.0
 30
0.0
 11
640.0
 21
390.0
 31
0.0
  0
LINE
  5
453
330
17
100
AcDbEntity
  8
IMPULSE_LINE
370
18
100
AcDbLine
 10
640.0
 20
390.0
 30
0.0
 11
640.0
 21
390.0
 31
0.0
  0
LINE
  5
454
330
17
100
AcDbEntity
  8
INSTRUMENT
370
18
100
AcDbLine
 10
425.0
 20
460.0
 30
0.0
 11
425.0
 21
470.0
 31
0.0
  0
LINE
  5
455
330
17
100
AcDbEntity
  8
INSTRUMENT
370
18
100
AcDbLine
 10
435.0
 20
460.0
 30
0.0
 11
435.0
 21
470.0
 31
0.0
  0
LINE
  5
456
330
17
100
AcDbEntity
  8
IMPULSE_LINE
370
18
100
AcDbLine
 10
420.0
 20
465.0
 30
0.0
 11
420.0
 21
470.0
 31
0.0
  0
LINE
  5
457
330
17
100
AcDbEntity
  8
IMPULSE_LINE
370
18
100
AcDbLine
 10
440.0
 20
465.0
 30
0.0
 11
440.0
 21
470.0
 31
0.0
  0
TEXT
  5
458
330
17
100
AcDbEntity
  8
TEXT
100
AcDbText
 10
425.0
 20
450.0
 30
0.0
 40
2.0
  1
FE-501
 11
425.0
 21
450.0
 31
0.0
100
AcDbText
  0
LINE
  5
459
330
17
100
AcDbEntity
  8
IMPULSE_LINE
370
18
100
AcDbLine
 10
420.0
 20
470.0
 30
0.0
 11
410.0
 21
480.0
 31
0.0
  0
LINE
  5
45A
330
17
100
AcDbEntity
  8
IMPULSE_LINE
370
18
100
AcDbLine
 10
410.0
 20
480.0
 30
0.0
 11
410.0
 21
495.0
 31
0.0
  0
LINE
  5
45B
330
17
100
AcDbEntity
  8
IMPULSE_LINE
370
18
100
AcDbLine
 10
410.0
 20
495.0
 30
0.0
 11
425.0
 21
510.0
 31
0.0
  0
LINE
  5
45C
330
17
100
AcDbEntity
  8
IMPULSE_LINE
370
18
100
AcDbLine
 10
440.0
 20
470.0
 30
0.0
 11
450.0
 21
480.0
 31
0.0
  0
LINE
  5
45D
330
17
100
AcDbEntity
  8
IMPULSE_LINE
370
18
100
AcDbLine
 10
450.0
 20
480.0
 30
0.0
 11
450.0
 21
495.0
 31
0.0
  0
LINE
  5
45E
330
17
100
AcDbEntity
  8
IMPULSE_LINE
370
18
100
AcDbLine
 10
450.0
 20
495.0
 30
0.0
 11
435.0
 21
510.0
 31
0.0
  0
LWPOLYLINE
  5
45F
330
17
100
AcDbEntity
  8
VALVES
100
AcDbPolyline
 90
4
 70
0
 10
409.0
 20
491.0
 10
410.0
 20
490.0
 10
411.0
 20
491.0
 10
409.0
 20
491.0
  0
LWPOLYLINE
  5
460
330
17
100
AcDbEntity
  8
VALVES
100
AcDbPolyline
 90
4
 70
0
 10
409.0
 20
489.0
 10
410.0
 20
490.0
 10
411.0
 20
489.0
 10
409.0
 20
489.0
  0
LWPOLYLINE
  5
461
330
17
100
AcDbEntity
  8
VALVES
100
AcDbPolyline
 90
4
 70
0
 10
449.0
 20
491.0
 10
450.0
 20
490.0
 10
451.0
 20
491.0
 10
449.0
 20
491.0
  0
LWPOLYLINE
  5
462
330
17
100
AcDbEntity
  8
VALVES
100
AcDbPolyline
 90
4
 70
0
 10
449.0
 20
489.0
 10
450.0
 20
490.0
 10
451.0
 20
489.0
 10
449.0
 20
489.0
  0
LINE
  5
463
330
17
100
AcDbEntity
  8
IMPULSE_LINE
370
18
100
AcDbLine
 10
775.0
 20
660.0
 30
0.0
 11
740.0
 21
660.0
 31
0.0
  0
LINE
  5
464
330
17
100
AcDbEntity
  8
IMPULSE_LINE
370
18
100
AcDbLine
 10
740.0
 20
660.0
 30
0.0
 11
740.0
 21
590.0
 31
0.0
  0
INSERT
  5
465
330
17
100
AcDbEntity
  8
SYMBOLS
100
AcDbBlockReference
  2
YAML_PID_MANUAL_BLOCK_VALVE
 10
760.0
 20
660.0
 30
0.0
 41
0.75
 42
0.75
  0
LINE
  5
467
330
17
100
AcDbEntity
  8
IMPULSE_LINE
370
18
100
AcDbLine
 10
775.0
 20
640.0
 30
0.0
 11
760.0
 21
640.0
 31
0.0
  0
LINE
  5
468
330
17
100
AcDbEntity
  8
IMPULSE_LINE
370
18
100
AcDbLine
 10
760.0
 20
640.0
 30
0.0
 11
760.0
 21
580.0
 31
0.0
  0
INSERT
  5
469
330
17
100
AcDbEntity
  8
SYMBOLS
100
AcDbBlockReference
  2
YAML_PID_MANUAL_BLOCK_VALVE
 10
770.0
 20
640.0
 30
0.0
 41
0.75
 42
0.75
  0
LINE
  5
46B
330
17
100
AcDbEntity
  8
IMPULSE_LINE
370
18
100
AcDbLine
 10
870.0
 20
690.0
 30
0.0
 11
870.0
 21
705.0
 31
0.0
  0
LINE
  5
46C
330
17
100
AcDbEntity
  8
IMPULSE_LINE
370
18
100
AcDbLine
 10
870.0
 20
705.0
 30
0.0
 11
960.0
 21
705.0
 31
0.0
  0
INSERT
  5
46D
330
17
100
AcDbEntity
  8
SYMBOLS
100
AcDbBlockReference
  2
YAML_PID_MANUAL_BLOCK_VALVE
 10
870.0
 20
695.0
 30
0.0
 41
0.75
 42
0.75
 50
90.0
  0
LINE
  5
46F
330
17
100
AcDbEntity
  8
INSTRUMENT
370
18
100
AcDbLine
 10
620.0
 20
505.0
 30
0.0
 11
620.0
 21
515.0
 31
0.0
  0
LINE
  5
470
330
17
100
AcDbEntity
  8
INSTRUMENT
370
18
100
AcDbLine
 10
630.0
 20
505.0
 30
0.0
 11
630.0
 21
515.0
 31
0.0
  0
LINE
  5
471
330
17
100
AcDbEntity
  8
IMPULSE_LINE
370
18
100
AcDbLine
 10
615.0
 20
510.0
 30
0.0
 11
615.0
 21
515.0
 31
0.0
  0
LINE
  5
472
330
17
100
AcDbEntity
  8
IMPULSE_LINE
370
18
100
AcDbLine
 10
635.0
 20
510.0
 30
0.0
 11
635.0
 21
515.0
 31
0.0
  0
TEXT
  5
473
330
17
100
AcDbEntity
  8
TEXT
100
AcDbText
 10
620.0
 20
495.0
 30
0.0
 40
2.0
  1
FE-502
 11
620.0
 21
495.0
 31
0.0
100
AcDbText
  0
LINE
  5
474
330
17
100
AcDbEntity
  8
IMPULSE_LINE
370
18
100
AcDbLine
 10
615.0
 20
515.0
 30
0.0
 11
605.0
 21
525.0
 31
0.0
  0
LINE
  5
475
330
17
100
AcDbEntity
  8
IMPULSE_LINE
370
18
100
AcDbLine
 10
605.0
 20
525.0
 30
0.0
 11
605.0
 21
540.0
 31
0.0
  0
LINE
  5
476
330
17
100
AcDbEntity
  8
IMPULSE_LINE
370
18
100
AcDbLine
 10
605.0
 20
540.0
 30
0.0
 11
620.0
 21
560.0
 31
0.0
  0
LINE
  5
477
330
17
100
AcDbEntity
  8
IMPULSE_LINE
370
18
100
AcDbLine
 10
635.0
 20
515.0
 30
0.0
 11
645.0
 21
525.0
 31
0.0
  0
LINE
  5
478
330
17
100
AcDbEntity
  8
IMPULSE_LINE
370
18
100
AcDbLine
 10
645.0
 20
525.0
 30
0.0
 11
645.0
 21
540.0
 31
0.0
  0
LINE
  5
479
330
17
100
AcDbEntity
  8
IMPULSE_LINE
370
18
100
AcDbLine
 10
645.0
 20
540.0
 30
0.0
 11
630.0
 21
560.0
 31
0.0
  0
LWPOLYLINE
  5
47A
330
17
100
AcDbEntity
  8
VALVES
100
AcDbPolyline
 90
4
 70
0
 10
604.0
 20
531.0
 10
605.0
 20
530.0
 10
606.0
 20
531.0
 10
604.0
 20
531.0
  0
LWPOLYLINE
  5
47B
330
17
100
AcDbEntity
  8
VALVES
100
AcDbPolyline
 90
4
 70
0
 10
604.0
 20
529.0
 10
605.0
 20
530.0
 10
606.0
 20
529.0
 10
604.0
 20
529.0
  0
LWPOLYLINE
  5
47C
330
17
100
AcDbEntity
  8
VALVES
100
AcDbPolyline
 90
4
 70
0
 10
644.0
 20
531.0
 10
645.0
 20
530.0
 10
646.0
 20
531.0
 10
644.0
 20
531.0
  0
LWPOLYLINE
  5
47D
330
17
100
AcDbEntity
  8
VALVES
100
AcDbPolyline
 90
4
 70
0
 10
644.0
 20
529.0
 10
645.0
 20
530.0
 10
646.0
 20
529.0
 10
644.0
 20
529.0
  0
INSERT
  5
47E
330
17
100
AcDbEntity
  8
SYMBOLS
100
AcDbBlockReference
  2
YAML_PID_FIELD_INSTRUMENT
 10
375.0
 20
290.0
 30
0.0
 41
0.65
 42
0.65
  0
TEXT
  5
480
330
17
100
AcDbEntity
  8
TEXT
100
AcDbText
 10
390.0
 20
310.0
 30
0.0
 40
2.0
  1
TW-503
 11
390.0
 21
310.0
 31
0.0
100
AcDbText
  0
LINE
  5
481
330
17
100
AcDbEntity
  8
IMPULSE_LINE
370
18
100
AcDbLine
 10
360.0
 20
290.0
 30
0.0
 11
375.0
 21
290.0
 31
0.0
  0
LINE
  5
482
330
17
100
AcDbEntity
  8
IMPULSE_LINE
370
18
100
AcDbLine
 10
375.0
 20
290.0
 30
0.0
 11
760.0
 21
290.0
 31
0.0
  0
LINE
  5
483
330
17
100
AcDbEntity
  8
IMPULSE_LINE
370
18
100
AcDbLine
 10
760.0
 20
290.0
 30
0.0
 11
760.0
 21
345.0
 31
0.0
  0
LINE
  5
484
330
17
100
AcDbEntity
  8
SIGNAL_ELECTRIC
370
18
100
AcDbLine
 10
970.0
 20
715.0
 30
0.0
 11
965.0
 21
715.0
 31
0.0
  0
LINE
  5
485
330
17
100
AcDbEntity
  8
SIGNAL_ELECTRIC
370
18
100
AcDbLine
 10
960.0
 20
715.0
 30
0.0
 11
960.0
 21
720.0
 31
0.0
  0
LINE
  5
486
330
17
100
AcDbEntity
  8
SIGNAL_ELECTRIC
370
18
100
AcDbLine
 10
960.0
 20
725.0
 30
0.0
 11
960.0
 21
730.0
 31
0.0
  0
LINE
  5
487
330
17
100
AcDbEntity
  8
SIGNAL_ELECTRIC
370
18
100
AcDbLine
 10
960.0
 20
735.0
 30
0.0
 11
960.0
 21
740.0
 31
0.0
  0
LINE
  5
488
330
17
100
AcDbEntity
  8
SIGNAL_ELECTRIC
370
18
100
AcDbLine
 10
960.0
 20
740.0
 30
0.0
 11
955.0
 21
740.0
 31
0.0
  0
LINE
  5
489
330
17
100
AcDbEntity
  8
SIGNAL_ELECTRIC
370
18
100
AcDbLine
 10
470.0
 20
520.0
 30
0.0
 11
465.0
 21
520.0
 31
0.0
  0
LINE
  5
48A
330
17
100
AcDbEntity
  8
SIGNAL_ELECTRIC
370
18
100
AcDbLine
 10
460.0
 20
520.0
 30
0.0
 11
455.0
 21
520.0
 31
0.0
  0
LINE
  5
48B
330
17
100
AcDbEntity
  8
SIGNAL_ELECTRIC
370
18
100
AcDbLine
 10
450.0
 20
520.0
 30
0.0
 11
445.0
 21
520.0
 31
0.0
  0
LINE
  5
48C
330
17
100
AcDbEntity
  8
SIGNAL_ELECTRIC
370
18
100
AcDbLine
 10
440.0
 20
520.0
 30
0.0
 11
435.0
 21
520.0
 31
0.0
  0
LINE
  5
48D
330
17
100
AcDbEntity
  8
SIGNAL_ELECTRIC
370
18
100
AcDbLine
 10
430.0
 20
520.0
 30
0.0
 11
425.0
 21
520.0
 31
0.0
  0
LINE
  5
48E
330
17
100
AcDbEntity
  8
SIGNAL_ELECTRIC
370
18
100
AcDbLine
 10
420.0
 20
520.0
 30
0.0
 11
415.0
 21
520.0
 31
0.0
  0
LINE
  5
48F
330
17
100
AcDbEntity
  8
SIGNAL_ELECTRIC
370
18
100
AcDbLine
 10
410.0
 20
520.0
 30
0.0
 11
405.0
 21
520.0
 31
0.0
  0
LINE
  5
490
330
17
100
AcDbEntity
  8
SIGNAL_ELECTRIC
370
18
100
AcDbLine
 10
400.0
 20
520.0
 30
0.0
 11
395.0
 21
520.0
 31
0.0
  0
LINE
  5
491
330
17
100
AcDbEntity
  8
SIGNAL_ELECTRIC
370
18
100
AcDbLine
 10
390.0
 20
690.0
 30
0.0
 11
395.0
 21
690.0
 31
0.0
  0
LINE
  5
492
330
17
100
AcDbEntity
  8
SIGNAL_ELECTRIC
370
18
100
AcDbLine
 10
400.0
 20
690.0
 30
0.0
 11
405.0
 21
690.0
 31
0.0
  0
LINE
  5
493
330
17
100
AcDbEntity
  8
SIGNAL_ELECTRIC
370
18
100
AcDbLine
 10
410.0
 20
690.0
 30
0.0
 11
415.0
 21
690.0
 31
0.0
  0
LINE
  5
494
330
17
100
AcDbEntity
  8
SIGNAL_ELECTRIC
370
18
100
AcDbLine
 10
420.0
 20
690.0
 30
0.0
 11
425.0
 21
690.0
 31
0.0
  0
LINE
  5
495
330
17
100
AcDbEntity
  8
SIGNAL_ELECTRIC
370
18
100
AcDbLine
 10
430.0
 20
690.0
 30
0.0
 11
435.0
 21
690.0
 31
0.0
  0
LINE
  5
496
330
17
100
AcDbEntity
  8
SIGNAL_ELECTRIC
370
18
100
AcDbLine
 10
440.0
 20
690.0
 30
0.0
 11
445.0
 21
690.0
 31
0.0
  0
LINE
  5
497
330
17
100
AcDbEntity
  8
SIGNAL_ELECTRIC
370
18
100
AcDbLine
 10
450.0
 20
690.0
 30
0.0
 11
455.0
 21
690.0
 31
0.0
  0
LINE
  5
498
330
17
100
AcDbEntity
  8
SIGNAL_ELECTRIC
370
18
100
AcDbLine
 10
460.0
 20
690.0
 30
0.0
 11
465.0
 21
690.0
 31
0.0
  0
LINE
  5
499
330
17
100
AcDbEntity
  8
SIGNAL_ELECTRIC
370
18
100
AcDbLine
 10
470.0
 20
690.0
 30
0.0
 11
475.0
 21
690.0
 31
0.0
  0
LINE
  5
49A
330
17
100
AcDbEntity
  8
SIGNAL_ELECTRIC
370
18
100
AcDbLine
 10
480.0
 20
690.0
 30
0.0
 11
485.0
 21
690.0
 31
0.0
  0
LINE
  5
49B
330
17
100
AcDbEntity
  8
SIGNAL_ELECTRIC
370
18
100
AcDbLine
 10
490.0
 20
690.0
 30
0.0
 11
495.0
 21
690.0
 31
0.0
  0
LINE
  5
49C
330
17
100
AcDbEntity
  8
SIGNAL_ELECTRIC
370
18
100
AcDbLine
 10
500.0
 20
690.0
 30
0.0
 11
505.0
 21
690.0
 31
0.0
  0
LINE
  5
49D
330
17
100
AcDbEntity
  8
SIGNAL_ELECTRIC
370
18
100
AcDbLine
 10
510.0
 20
690.0
 30
0.0
 11
515.0
 21
690.0
 31
0.0
  0
LINE
  5
49E
330
17
100
AcDbEntity
  8
SIGNAL_ELECTRIC
370
18
100
AcDbLine
 10
520.0
 20
690.0
 30
0.0
 11
525.0
 21
690.0
 31
0.0
  0
LINE
  5
49F
330
17
100
AcDbEntity
  8
SIGNAL_ELECTRIC
370
18
100
AcDbLine
 10
530.0
 20
690.0
 30
0.0
 11
535.0
 21
690.0
 31
0.0
  0
LINE
  5
4A0
330
17
100
AcDbEntity
  8
SIGNAL_ELECTRIC
370
18
100
AcDbLine
 10
540.0
 20
690.0
 30
0.0
 11
545.0
 21
690.0
 31
0.0
  0
LINE
  5
4A1
330
17
100
AcDbEntity
  8
SIGNAL_ELECTRIC
370
18
100
AcDbLine
 10
550.0
 20
690.0
 30
0.0
 11
555.0
 21
690.0
 31
0.0
  0
LINE
  5
4A2
330
17
100
AcDbEntity
  8
SIGNAL_ELECTRIC
370
18
100
AcDbLine
 10
560.0
 20
690.0
 30
0.0
 11
565.0
 21
690.0
 31
0.0
  0
LINE
  5
4A3
330
17
100
AcDbEntity
  8
SIGNAL_ELECTRIC
370
18
100
AcDbLine
 10
570.0
 20
690.0
 30
0.0
 11
575.0
 21
690.0
 31
0.0
  0
LINE
  5
4A4
330
17
100
AcDbEntity
  8
SIGNAL_PNEUMATIC
370
18
100
AcDbLine
 10
595.0
 20
690.0
 30
0.0
 11
595.0
 21
710.0
 31
0.0
  0
LINE
  5
4A5
330
17
100
AcDbEntity
  8
SIGNAL_PNEUMATIC
370
18
100
AcDbLine
 10
560.0
 20
710.0
 30
0.0
 11
560.0
 21
665.0
 31
0.0
  0
LINE
  5
4A6
330
17
100
AcDbEntity
  8
SIGNAL_PNEUMATIC
370
18
100
AcDbLine
 10
560.0
 20
690.0
 30
0.0
 11
560.0
 21
695.0
 31
0.0
  0
LINE
  5
4A7
330
17
100
AcDbEntity
  8
SIGNAL_PNEUMATIC
370
18
100
AcDbLine
 10
780.0
 20
710.0
 30
0.0
 11
780.0
 21
670.0
 31
0.0
  0
LINE
  5
4A8
330
17
100
AcDbEntity
  8
SIGNAL_PNEUMATIC
370
18
100
AcDbLine
 10
780.0
 20
690.0
 30
0.0
 11
780.0
 21
695.0
 31
0.0
  0
LINE
  5
4A9
330
17
100
AcDbEntity
  8
SIGNAL_ELECTRIC
370
18
100
AcDbLine
 10
430.0
 20
520.0
 30
0.0
 11
430.0
 21
515.0
 31
0.0
  0
LINE
  5
4AA
330
17
100
AcDbEntity
  8
SIGNAL_ELECTRIC
370
18
100
AcDbLine
 10
430.0
 20
510.0
 30
0.0
 11
430.0
 21
505.0
 31
0.0
  0
LINE
  5
4AB
330
17
100
AcDbEntity
  8
SIGNAL_ELECTRIC
370
18
100
AcDbLine
 10
430.0
 20
500.0
 30
0.0
 11
430.0
 21
495.0
 31
0.0
  0
LINE
  5
4AC
330
17
100
AcDbEntity
  8
SIGNAL_ELECTRIC
370
18
100
AcDbLine
 10
430.0
 20
490.0
 30
0.0
 11
430.0
 21
485.0
 31
0.0
  0
LINE
  5
4AD
330
17
100
AcDbEntity
  8
SIGNAL_ELECTRIC
370
18
100
AcDbLine
 10
430.0
 20
480.0
 30
0.0
 11
430.0
 21
475.0
 31
0.0
  0
LINE
  5
4AE
330
17
100
AcDbEntity
  8
SIGNAL_ELECTRIC
370
18
100
AcDbLine
 10
430.0
 20
470.0
 30
0.0
 11
430.0
 21
465.0
 31
0.0
  0
LINE
  5
4AF
330
17
100
AcDbEntity
  8
SIGNAL_ELECTRIC
370
18
100
AcDbLine
 10
430.0
 20
460.0
 30
0.0
 11
430.0
 21
455.0
 31
0.0
  0
LINE
  5
4B0
330
17
100
AcDbEntity
  8
SIGNAL_ELECTRIC
370
18
100
AcDbLine
 10
360.0
 20
455.0
 30
0.0
 11
360.0
 21
460.0
 31
0.0
  0
LINE
  5
4B1
330
17
100
AcDbEntity
  8
SIGNAL_ELECTRIC
370
18
100
AcDbLine
 10
360.0
 20
465.0
 30
0.0
 11
360.0
 21
470.0
 31
0.0
  0
LINE
  5
4B2
330
17
100
AcDbEntity
  8
SIGNAL_ELECTRIC
370
18
100
AcDbLine
 10
360.0
 20
475.0
 30
0.0
 11
360.0
 21
480.0
 31
0.0
  0
LINE
  5
4B3
330
17
100
AcDbEntity
  8
SIGNAL_ELECTRIC
370
18
100
AcDbLine
 10
360.0
 20
485.0
 30
0.0
 11
360.0
 21
490.0
 31
0.0
  0
LINE
  5
4B4
330
17
100
AcDbEntity
  8
SIGNAL_ELECTRIC
370
18
100
AcDbLine
 10
360.0
 20
495.0
 30
0.0
 11
360.0
 21
500.0
 31
0.0
  0
LINE
  5
4B5
330
17
100
AcDbEntity
  8
SIGNAL_ELECTRIC
370
18
100
AcDbLine
 10
360.0
 20
505.0
 30
0.0
 11
360.0
 21
510.0
 31
0.0
  0
LINE
  5
4B6
330
17
100
AcDbEntity
  8
SIGNAL_ELECTRIC
370
18
100
AcDbLine
 10
360.0
 20
515.0
 30
0.0
 11
360.0
 21
520.0
 31
0.0
  0
LINE
  5
4B7
330
17
100
AcDbEntity
  8
SIGNAL_PNEUMATIC
370
18
100
AcDbLine
 10
360.0
 20
525.0
 30
0.0
 11
360.0
 21
505.0
 31
0.0
  0
LINE
  5
4B8
330
17
100
AcDbEntity
  8
SIGNAL_PNEUMATIC
370
18
100
AcDbLine
 10
360.0
 20
505.0
 30
0.0
 11
420.0
 21
505.0
 31
0.0
  0
LINE
  5
4B9
330
17
100
AcDbEntity
  8
SIGNAL_PNEUMATIC
370
18
100
AcDbLine
 10
375.0
 20
505.0
 30
0.0
 11
380.0
 21
505.0
 31
0.0
  0
LINE
  5
4BA
330
17
100
AcDbEntity
  8
SIGNAL_PNEUMATIC
370
18
100
AcDbLine
 10
405.0
 20
505.0
 30
0.0
 11
410.0
 21
505.0
 31
0.0
  0
LINE
  5
4BB
330
17
100
AcDbEntity
  8
SIGNAL_PNEUMATIC
370
18
100
AcDbLine
 10
420.0
 20
505.0
 30
0.0
 11
420.0
 21
490.0
 31
0.0
  0
LINE
  5
4BC
330
17
100
AcDbEntity
  8
SIGNAL_PNEUMATIC
370
18
100
AcDbLine
 10
420.0
 20
495.0
 30
0.0
 11
420.0
 21
500.0
 31
0.0
  0
LINE
  5
4BD
330
17
100
AcDbEntity
  8
SIGNAL_PNEUMATIC
370
18
100
AcDbLine
 10
420.0
 20
490.0
 30
0.0
 11
190.0
 21
490.0
 31
0.0
  0
LINE
  5
4BE
330
17
100
AcDbEntity
  8
SIGNAL_PNEUMATIC
370
18
100
AcDbLine
 10
400.0
 20
490.0
 30
0.0
 11
405.0
 21
490.0
 31
0.0
  0
LINE
  5
4BF
330
17
100
AcDbEntity
  8
SIGNAL_PNEUMATIC
370
18
100
AcDbLine
 10
370.0
 20
490.0
 30
0.0
 11
375.0
 21
490.0
 31
0.0
  0
LINE
  5
4C0
330
17
100
AcDbEntity
  8
SIGNAL_PNEUMATIC
370
18
100
AcDbLine
 10
345.0
 20
490.0
 30
0.0
 11
350.0
 21
490.0
 31
0.0
  0
LINE
  5
4C1
330
17
100
AcDbEntity
  8
SIGNAL_PNEUMATIC
370
18
100
AcDbLine
 10
315.0
 20
490.0
 30
0.0
 11
320.0
 21
490.0
 31
0.0
  0
LINE
  5
4C2
330
17
100
AcDbEntity
  8
SIGNAL_PNEUMATIC
370
18
100
AcDbLine
 10
260.0
 20
490.0
 30
0.0
 11
265.0
 21
490.0
 31
0.0
  0
LINE
  5
4C3
330
17
100
AcDbEntity
  8
SIGNAL_PNEUMATIC
370
18
100
AcDbLine
 10
230.0
 20
490.0
 30
0.0
 11
235.0
 21
490.0
 31
0.0
  0
LINE
  5
4C4
330
17
100
AcDbEntity
  8
SIGNAL_PNEUMATIC
370
18
100
AcDbLine
 10
205.0
 20
490.0
 30
0.0
 11
210.0
 21
490.0
 31
0.0
  0
LINE
  5
4C5
330
17
100
AcDbEntity
  8
SIGNAL_PNEUMATIC
370
18
100
AcDbLine
 10
190.0
 20
490.0
 30
0.0
 11
390.0
 21
490.0
 31
0.0
  0
LINE
  5
4C6
330
17
100
AcDbEntity
  8
SIGNAL_PNEUMATIC
370
18
100
AcDbLine
 10
235.0
 20
490.0
 30
0.0
 11
240.0
 21
490.0
 31
0.0
  0
LINE
  5
4C7
330
17
100
AcDbEntity
  8
SIGNAL_PNEUMATIC
370
18
100
AcDbLine
 10
290.0
 20
490.0
 30
0.0
 11
295.0
 21
490.0
 31
0.0
  0
LINE
  5
4C8
330
17
100
AcDbEntity
  8
SIGNAL_PNEUMATIC
370
18
100
AcDbLine
 10
375.0
 20
490.0
 30
0.0
 11
380.0
 21
490.0
 31
0.0
  0
LINE
  5
4C9
330
17
100
AcDbEntity
  8
SIGNAL_PNEUMATIC
370
18
100
AcDbLine
 10
390.0
 20
490.0
 30
0.0
 11
390.0
 21
480.0
 31
0.0
  0
LINE
  5
4CA
330
17
100
AcDbEntity
  8
SIGNAL_ELECTRIC
370
18
100
AcDbLine
 10
170.0
 20
430.0
 30
0.0
 11
170.0
 21
435.0
 31
0.0
  0
LINE
  5
4CB
330
17
100
AcDbEntity
  8
SIGNAL_ELECTRIC
370
18
100
AcDbLine
 10
170.0
 20
440.0
 30
0.0
 11
170.0
 21
445.0
 31
0.0
  0
LINE
  5
4CC
330
17
100
AcDbEntity
  8
SIGNAL_ELECTRIC
370
18
100
AcDbLine
 10
170.0
 20
450.0
 30
0.0
 11
170.0
 21
455.0
 31
0.0
  0
LINE
  5
4CD
330
17
100
AcDbEntity
  8
SIGNAL_ELECTRIC
370
18
100
AcDbLine
 10
170.0
 20
460.0
 30
0.0
 11
170.0
 21
465.0
 31
0.0
  0
LINE
  5
4CE
330
17
100
AcDbEntity
  8
SIGNAL_ELECTRIC
370
18
100
AcDbLine
 10
170.0
 20
470.0
 30
0.0
 11
170.0
 21
475.0
 31
0.0
  0
LINE
  5
4CF
330
17
100
AcDbEntity
  8
SIGNAL_ELECTRIC
370
18
100
AcDbLine
 10
170.0
 20
410.0
 30
0.0
 11
170.0
 21
415.0
 31
0.0
  0
LINE
  5
4D0
330
17
100
AcDbEntity
  8
SIGNAL_ELECTRIC
370
18
100
AcDbLine
 10
170.0
 20
420.0
 30
0.0
 11
170.0
 21
425.0
 31
0.0
  0
LINE
  5
4D1
330
17
100
AcDbEntity
  8
SIGNAL_ELECTRIC
370
18
100
AcDbLine
 10
180.0
 20
455.0
 30
0.0
 11
180.0
 21
460.0
 31
0.0
  0
LINE
  5
4D2
330
17
100
AcDbEntity
  8
SIGNAL_ELECTRIC
370
18
100
AcDbLine
 10
180.0
 20
465.0
 30
0.0
 11
180.0
 21
470.0
 31
0.0
  0
LINE
  5
4D3
330
17
100
AcDbEntity
  8
SIGNAL_ELECTRIC
370
18
100
AcDbLine
 10
180.0
 20
475.0
 30
0.0
 11
180.0
 21
480.0
 31
0.0
  0
LINE
  5
4D4
330
17
100
AcDbEntity
  8
SIGNAL_PNEUMATIC
370
18
100
AcDbLine
 10
635.0
 20
430.0
 30
0.0
 11
735.0
 21
430.0
 31
0.0
  0
LINE
  5
4D5
330
17
100
AcDbEntity
  8
SIGNAL_PNEUMATIC
370
18
100
AcDbLine
 10
650.0
 20
430.0
 30
0.0
 11
655.0
 21
430.0
 31
0.0
  0
LINE
  5
4D6
330
17
100
AcDbEntity
  8
SIGNAL_PNEUMATIC
370
18
100
AcDbLine
 10
680.0
 20
430.0
 30
0.0
 11
685.0
 21
430.0
 31
0.0
  0
LINE
  5
4D7
330
17
100
AcDbEntity
  8
SIGNAL_PNEUMATIC
370
18
100
AcDbLine
 10
705.0
 20
430.0
 30
0.0
 11
710.0
 21
430.0
 31
0.0
  0
LINE
  5
4D8
330
17
100
AcDbEntity
  8
SIGNAL_PNEUMATIC
370
18
100
AcDbLine
 10
735.0
 20
345.0
 30
0.0
 11
930.0
 21
345.0
 31
0.0
  0
LINE
  5
4D9
330
17
100
AcDbEntity
  8
SIGNAL_PNEUMATIC
370
18
100
AcDbLine
 10
750.0
 20
345.0
 30
0.0
 11
755.0
 21
345.0
 31
0.0
  0
LINE
  5
4DA
330
17
100
AcDbEntity
  8
SIGNAL_PNEUMATIC
370
18
100
AcDbLine
 10
780.0
 20
345.0
 30
0.0
 11
785.0
 21
345.0
 31
0.0
  0
LINE
  5
4DB
330
17
100
AcDbEntity
  8
SIGNAL_PNEUMATIC
370
18
100
AcDbLine
 10
805.0
 20
345.0
 30
0.0
 11
810.0
 21
345.0
 31
0.0
  0
LINE
  5
4DC
330
17
100
AcDbEntity
  8
SIGNAL_PNEUMATIC
370
18
100
AcDbLine
 10
835.0
 20
345.0
 30
0.0
 11
840.0
 21
345.0
 31
0.0
  0
LINE
  5
4DD
330
17
100
AcDbEntity
  8
SIGNAL_PNEUMATIC
370
18
100
AcDbLine
 10
890.0
 20
345.0
 30
0.0
 11
895.0
 21
345.0
 31
0.0
  0
LINE
  5
4DE
330
17
100
AcDbEntity
  8
SIGNAL_PNEUMATIC
370
18
100
AcDbLine
 10
920.0
 20
345.0
 30
0.0
 11
925.0
 21
345.0
 31
0.0
  0
LINE
  5
4DF
330
17
100
AcDbEntity
  8
SIGNAL_ELECTRIC
370
18
100
AcDbLine
 10
415.0
 20
355.0
 30
0.0
 11
410.0
 21
355.0
 31
0.0
  0
LINE
  5
4E0
330
17
100
AcDbEntity
  8
SIGNAL_ELECTRIC
370
18
100
AcDbLine
 10
405.0
 20
355.0
 30
0.0
 11
400.0
 21
355.0
 31
0.0
  0
LINE
  5
4E1
330
17
100
AcDbEntity
  8
SIGNAL_ELECTRIC
370
18
100
AcDbLine
 10
395.0
 20
355.0
 30
0.0
 11
390.0
 21
355.0
 31
0.0
  0
LINE
  5
4E2
330
17
100
AcDbEntity
  8
SIGNAL_ELECTRIC
370
18
100
AcDbLine
 10
390.0
 20
310.0
 30
0.0
 11
385.0
 21
310.0
 31
0.0
  0
LINE
  5
4E3
330
17
100
AcDbEntity
  8
SIGNAL_ELECTRIC
370
18
100
AcDbLine
 10
380.0
 20
310.0
 30
0.0
 11
375.0
 21
310.0
 31
0.0
  0
LINE
  5
4E4
330
17
100
AcDbEntity
  8
SIGNAL_PNEUMATIC
370
18
100
AcDbLine
 10
395.0
 20
310.0
 30
0.0
 11
395.0
 21
230.0
 31
0.0
  0
LINE
  5
4E5
330
17
100
AcDbEntity
  8
SIGNAL_PNEUMATIC
370
18
100
AcDbLine
 10
395.0
 20
290.0
 30
0.0
 11
395.0
 21
295.0
 31
0.0
  0
LINE
  5
4E6
330
17
100
AcDbEntity
  8
SIGNAL_PNEUMATIC
370
18
100
AcDbLine
 10
395.0
 20
260.0
 30
0.0
 11
395.0
 21
265.0
 31
0.0
  0
LINE
  5
4E7
330
17
100
AcDbEntity
  8
SIGNAL_PNEUMATIC
370
18
100
AcDbLine
 10
395.0
 20
235.0
 30
0.0
 11
395.0
 21
240.0
 31
0.0
  0
LINE
  5
4E8
330
17
100
AcDbEntity
  8
SIGNAL_PNEUMATIC
370
18
100
AcDbLine
 10
395.0
 20
230.0
 30
0.0
 11
180.0
 21
230.0
 31
0.0
  0
LINE
  5
4E9
330
17
100
AcDbEntity
  8
SIGNAL_PNEUMATIC
370
18
100
AcDbLine
 10
375.0
 20
230.0
 30
0.0
 11
380.0
 21
230.0
 31
0.0
  0
LINE
  5
4EA
330
17
100
AcDbEntity
  8
SIGNAL_PNEUMATIC
370
18
100
AcDbLine
 10
345.0
 20
230.0
 30
0.0
 11
350.0
 21
230.0
 31
0.0
  0
LINE
  5
4EB
330
17
100
AcDbEntity
  8
SIGNAL_PNEUMATIC
370
18
100
AcDbLine
 10
320.0
 20
230.0
 30
0.0
 11
325.0
 21
230.0
 31
0.0
  0
LINE
  5
4EC
330
17
100
AcDbEntity
  8
SIGNAL_PNEUMATIC
370
18
100
AcDbLine
 10
290.0
 20
230.0
 30
0.0
 11
295.0
 21
230.0
 31
0.0
  0
LINE
  5
4ED
330
17
100
AcDbEntity
  8
SIGNAL_PNEUMATIC
370
18
100
AcDbLine
 10
235.0
 20
230.0
 30
0.0
 11
240.0
 21
230.0
 31
0.0
  0
LINE
  5
4EE
330
17
100
AcDbEntity
  8
SIGNAL_PNEUMATIC
370
18
100
AcDbLine
 10
205.0
 20
230.0
 30
0.0
 11
210.0
 21
230.0
 31
0.0
  0
LINE
  5
4EF
330
17
100
AcDbEntity
  8
SIGNAL_PNEUMATIC
370
18
100
AcDbLine
 10
180.0
 20
230.0
 30
0.0
 11
180.0
 21
305.0
 31
0.0
  0
LINE
  5
4F0
330
17
100
AcDbEntity
  8
SIGNAL_PNEUMATIC
370
18
100
AcDbLine
 10
180.0
 20
245.0
 30
0.0
 11
180.0
 21
250.0
 31
0.0
  0
LINE
  5
4F1
330
17
100
AcDbEntity
  8
SIGNAL_PNEUMATIC
370
18
100
AcDbLine
 10
180.0
 20
275.0
 30
0.0
 11
180.0
 21
280.0
 31
0.0
  0
LINE
  5
4F2
330
17
100
AcDbEntity
  8
SIGNAL_PNEUMATIC
370
18
100
AcDbLine
 10
180.0
 20
305.0
 30
0.0
 11
150.0
 21
305.0
 31
0.0
  0
LINE
  5
4F3
330
17
100
AcDbEntity
  8
SIGNAL_ELECTRIC
370
18
100
AcDbLine
 10
760.0
 20
585.0
 30
0.0
 11
755.0
 21
585.0
 31
0.0
  0
LINE
  5
4F4
330
17
100
AcDbEntity
  8
SIGNAL_ELECTRIC
370
18
100
AcDbLine
 10
750.0
 20
585.0
 30
0.0
 11
745.0
 21
585.0
 31
0.0
  0
LINE
  5
4F5
330
17
100
AcDbEntity
  8
SIGNAL_ELECTRIC
370
18
100
AcDbLine
 10
740.0
 20
585.0
 30
0.0
 11
735.0
 21
585.0
 31
0.0
  0
LINE
  5
4F6
330
17
100
AcDbEntity
  8
SIGNAL_ELECTRIC
370
18
100
AcDbLine
 10
730.0
 20
585.0
 30
0.0
 11
725.0
 21
585.0
 31
0.0
  0
LINE
  5
4F7
330
17
100
AcDbEntity
  8
SIGNAL_ELECTRIC
370
18
100
AcDbLine
 10
720.0
 20
585.0
 30
0.0
 11
715.0
 21
585.0
 31
0.0
  0
LINE
  5
4F8
330
17
100
AcDbEntity
  8
SIGNAL_PNEUMATIC
370
18
100
AcDbLine
 10
730.0
 20
585.0
 30
0.0
 11
730.0
 21
640.0
 31
0.0
  0
LINE
  5
4F9
330
17
100
AcDbEntity
  8
SIGNAL_PNEUMATIC
370
18
100
AcDbLine
 10
730.0
 20
600.0
 30
0.0
 11
730.0
 21
605.0
 31
0.0
  0
LINE
  5
4FA
330
17
100
AcDbEntity
  8
SIGNAL_PNEUMATIC
370
18
100
AcDbLine
 10
730.0
 20
630.0
 30
0.0
 11
730.0
 21
635.0
 31
0.0
  0
LINE
  5
4FB
330
17
100
AcDbEntity
  8
SIGNAL_PNEUMATIC
370
18
100
AcDbLine
 10
730.0
 20
640.0
 30
0.0
 11
940.0
 21
640.0
 31
0.0
  0
LINE
  5
4FC
330
17
100
AcDbEntity
  8
SIGNAL_PNEUMATIC
370
18
100
AcDbLine
 10
745.0
 20
640.0
 30
0.0
 11
750.0
 21
640.0
 31
0.0
  0
LINE
  5
4FD
330
17
100
AcDbEntity
  8
SIGNAL_PNEUMATIC
370
18
100
AcDbLine
 10
775.0
 20
640.0
 30
0.0
 11
780.0
 21
640.0
 31
0.0
  0
LINE
  5
4FE
330
17
100
AcDbEntity
  8
SIGNAL_PNEUMATIC
370
18
100
AcDbLine
 10
800.0
 20
640.0
 30
0.0
 11
805.0
 21
640.0
 31
0.0
  0
LINE
  5
4FF
330
17
100
AcDbEntity
  8
SIGNAL_PNEUMATIC
370
18
100
AcDbLine
 10
830.0
 20
640.0
 30
0.0
 11
835.0
 21
640.0
 31
0.0
  0
LINE
  5
500
330
17
100
AcDbEntity
  8
SIGNAL_PNEUMATIC
370
18
100
AcDbLine
 10
885.0
 20
640.0
 30
0.0
 11
890.0
 21
640.0
 31
0.0
  0
LINE
  5
501
330
17
100
AcDbEntity
  8
SIGNAL_PNEUMATIC
370
18
100
AcDbLine
 10
915.0
 20
640.0
 30
0.0
 11
920.0
 21
640.0
 31
0.0
  0
LINE
  5
502
330
17
100
AcDbEntity
  8
SIGNAL_PNEUMATIC
370
18
100
AcDbLine
 10
940.0
 20
665.0
 30
0.0
 11
985.0
 21
665.0
 31
0.0
  0
LINE
  5
503
330
17
100
AcDbEntity
  8
SIGNAL_PNEUMATIC
370
18
100
AcDbLine
 10
955.0
 20
665.0
 30
0.0
 11
960.0
 21
665.0
 31
0.0
  0
LINE
  5
504
330
17
100
AcDbEntity
  8
SIGNAL_ELECTRIC
370
18
100
AcDbLine
 10
635.0
 20
560.0
 30
0.0
 11
635.0
 21
565.0
 31
0.0
  0
LINE
  5
505
330
17
100
AcDbEntity
  8
SIGNAL_ELECTRIC
370
18
100
AcDbLine
 10
635.0
 20
570.0
 30
0.0
 11
635.0
 21
575.0
 31
0.0
  0
LINE
  5
506
330
17
100
AcDbEntity
  8
SIGNAL_ELECTRIC
370
18
100
AcDbLine
 10
635.0
 20
580.0
 30
0.0
 11
635.0
 21
585.0
 31
0.0
  0
LINE
  5
507
330
17
100
AcDbEntity
  8
SIGNAL_ELECTRIC
370
18
100
AcDbLine
 10
640.0
 20
585.0
 30
0.0
 11
640.0
 21
580.0
 31
0.0
  0
LINE
  5
508
330
17
100
AcDbEntity
  8
SIGNAL_ELECTRIC
370
18
100
AcDbLine
 10
640.0
 20
575.0
 30
0.0
 11
640.0
 21
570.0
 31
0.0
  0
LINE
  5
509
330
17
100
AcDbEntity
  8
SIGNAL_ELECTRIC
370
18
100
AcDbLine
 10
640.0
 20
565.0
 30
0.0
 11
640.0
 21
560.0
 31
0.0
  0
LINE
  5
50A
330
17
100
AcDbEntity
  8
SIGNAL_PNEUMATIC
370
18
100
AcDbLine
 10
670.0
 20
560.0
 30
0.0
 11
670.0
 21
575.0
 31
0.0
  0
LINE
  5
50B
330
17
100
AcDbEntity
  8
SIGNAL_PNEUMATIC
370
18
100
AcDbLine
 10
670.0
 20
565.0
 30
0.0
 11
670.0
 21
570.0
 31
0.0
  0
LINE
  5
50C
330
17
100
AcDbEntity
  8
SIGNAL_PNEUMATIC
370
18
100
AcDbLine
 10
725.0
 20
575.0
 30
0.0
 11
725.0
 21
525.0
 31
0.0
  0
LINE
  5
50D
330
17
100
AcDbEntity
  8
SIGNAL_PNEUMATIC
370
18
100
AcDbLine
 10
725.0
 20
555.0
 30
0.0
 11
725.0
 21
560.0
 31
0.0
  0
LINE
  5
50E
330
17
100
AcDbEntity
  8
SIGNAL_ELECTRIC
370
18
100
AcDbLine
 10
1070.0
 20
750.0
 30
0.0
 11
1065.0
 21
750.0
 31
0.0
  0
LINE
  5
50F
330
17
100
AcDbEntity
  8
SIGNAL_ELECTRIC
370
18
100
AcDbLine
 10
1060.0
 20
750.0
 30
0.0
 11
1055.0
 21
750.0
 31
0.0
  0
LINE
  5
510
330
17
100
AcDbEntity
  8
SIGNAL_ELECTRIC
370
18
100
AcDbLine
 10
1050.0
 20
750.0
 30
0.0
 11
1045.0
 21
750.0
 31
0.0
  0
LINE
  5
511
330
17
100
AcDbEntity
  8
SIGNAL_ELECTRIC
370
18
100
AcDbLine
 10
1040.0
 20
750.0
 30
0.0
 11
1035.0
 21
750.0
 31
0.0
  0
LINE
  5
512
330
17
100
AcDbEntity
  8
SIGNAL_ELECTRIC
370
18
100
AcDbLine
 10
1030.0
 20
750.0
 30
0.0
 11
1025.0
 21
750.0
 31
0.0
  0
LINE
  5
513
330
17
100
AcDbEntity
  8
SIGNAL_ELECTRIC
370
18
100
AcDbLine
 10
1020.0
 20
750.0
 30
0.0
 11
1015.0
 21
750.0
 31
0.0
  0
LINE
  5
514
330
17
100
AcDbEntity
  8
SIGNAL_ELECTRIC
370
18
100
AcDbLine
 10
1010.0
 20
750.0
 30
0.0
 11
1005.0
 21
750.0
 31
0.0
  0
LINE
  5
515
330
17
100
AcDbEntity
  8
SIGNAL_ELECTRIC
370
18
100
AcDbLine
 10
1000.0
 20
750.0
 30
0.0
 11
995.0
 21
750.0
 31
0.0
  0
LINE
  5
516
330
17
100
AcDbEntity
  8
SIGNAL_ELECTRIC
370
18
100
AcDbLine
 10
990.0
 20
750.0
 30
0.0
 11
985.0
 21
750.0
 31
0.0
  0
LINE
  5
517
330
17
100
AcDbEntity
  8
SIGNAL_ELECTRIC
370
18
100
AcDbLine
 10
980.0
 20
750.0
 30
0.0
 11
975.0
 21
750.0
 31
0.0
  0
LINE
  5
518
330
17
100
AcDbEntity
  8
SIGNAL_ELECTRIC
370
18
100
AcDbLine
 10
970.0
 20
725.0
 30
0.0
 11
975.0
 21
725.0
 31
0.0
  0
LINE
  5
519
330
17
100
AcDbEntity
  8
SIGNAL_ELECTRIC
370
18
100
AcDbLine
 10
980.0
 20
725.0
 30
0.0
 11
985.0
 21
725.0
 31
0.0
  0
LINE
  5
51A
330
17
100
AcDbEntity
  8
SIGNAL_ELECTRIC
370
18
100
AcDbLine
 10
990.0
 20
725.0
 30
0.0
 11
995.0
 21
725.0
 31
0.0
  0
LINE
  5
51B
330
17
100
AcDbEntity
  8
SIGNAL_ELECTRIC
370
18
100
AcDbLine
 10
1000.0
 20
725.0
 30
0.0
 11
1005.0
 21
725.0
 31
0.0
  0
LINE
  5
51C
330
17
100
AcDbEntity
  8
SIGNAL_ELECTRIC
370
18
100
AcDbLine
 10
1010.0
 20
725.0
 30
0.0
 11
1015.0
 21
725.0
 31
0.0
  0
LINE
  5
51D
330
17
100
AcDbEntity
  8
SIGNAL_ELECTRIC
370
18
100
AcDbLine
 10
1020.0
 20
725.0
 30
0.0
 11
1025.0
 21
725.0
 31
0.0
  0
LINE
  5
51E
330
17
100
AcDbEntity
  8
SIGNAL_ELECTRIC
370
18
100
AcDbLine
 10
1030.0
 20
725.0
 30
0.0
 11
1035.0
 21
725.0
 31
0.0
  0
LINE
  5
51F
330
17
100
AcDbEntity
  8
SIGNAL_ELECTRIC
370
18
100
AcDbLine
 10
1040.0
 20
725.0
 30
0.0
 11
1045.0
 21
725.0
 31
0.0
  0
LINE
  5
520
330
17
100
AcDbEntity
  8
SIGNAL_ELECTRIC
370
18
100
AcDbLine
 10
180.0
 20
250.0
 30
0.0
 11
175.0
 21
250.0
 31
0.0
  0
LINE
  5
521
330
17
100
AcDbEntity
  8
SIGNAL_ELECTRIC
370
18
100
AcDbLine
 10
170.0
 20
250.0
 30
0.0
 11
165.0
 21
250.0
 31
0.0
  0
LINE
  5
522
330
17
100
AcDbEntity
  8
SIGNAL_ELECTRIC
370
18
100
AcDbLine
 10
160.0
 20
250.0
 30
0.0
 11
155.0
 21
250.0
 31
0.0
  0
LINE
  5
523
330
17
100
AcDbEntity
  8
SIGNAL_ELECTRIC
370
18
100
AcDbLine
 10
150.0
 20
250.0
 30
0.0
 11
145.0
 21
250.0
 31
0.0
  0
LINE
  5
524
330
17
100
AcDbEntity
  8
SIGNAL_ELECTRIC
370
18
100
AcDbLine
 10
140.0
 20
250.0
 30
0.0
 11
140.0
 21
245.0
 31
0.0
  0
LINE
  5
525
330
17
100
AcDbEntity
  8
SIGNAL_ELECTRIC
370
18
100
AcDbLine
 10
140.0
 20
240.0
 30
0.0
 11
140.0
 21
235.0
 31
0.0
  0
LINE
  5
526
330
17
100
AcDbEntity
  8
SIGNAL_ELECTRIC
370
18
100
AcDbLine
 10
140.0
 20
230.0
 30
0.0
 11
140.0
 21
225.0
 31
0.0
  0
LINE
  5
527
330
17
100
AcDbEntity
  8
SIGNAL_ELECTRIC
370
18
100
AcDbLine
 10
140.0
 20
220.0
 30
0.0
 11
140.0
 21
215.0
 31
0.0
  0
LINE
  5
528
330
17
100
AcDbEntity
  8
SIGNAL_ELECTRIC
370
18
100
AcDbLine
 10
140.0
 20
210.0
 30
0.0
 11
145.0
 21
210.0
 31
0.0
  0
LINE
  5
529
330
17
100
AcDbEntity
  8
SIGNAL_ELECTRIC
370
18
100
AcDbLine
 10
150.0
 20
210.0
 30
0.0
 11
155.0
 21
210.0
 31
0.0
  0
LINE
  5
52A
330
17
100
AcDbEntity
  8
SIGNAL_ELECTRIC
370
18
100
AcDbLine
 10
160.0
 20
210.0
 30
0.0
 11
160.0
 21
215.0
 31
0.0
  0
LINE
  5
52B
330
17
100
AcDbEntity
  8
SIGNAL_ELECTRIC
370
18
100
AcDbLine
 10
160.0
 20
220.0
 30
0.0
 11
160.0
 21
225.0
 31
0.0
  0
LINE
  5
52C
330
17
100
AcDbEntity
  8
SIGNAL_ELECTRIC
370
18
100
AcDbLine
 10
815.0
 20
570.0
 30
0.0
 11
815.0
 21
565.0
 31
0.0
  0
LINE
  5
52D
330
17
100
AcDbEntity
  8
SIGNAL_ELECTRIC
370
18
100
AcDbLine
 10
815.0
 20
560.0
 30
0.0
 11
815.0
 21
555.0
 31
0.0
  0
LINE
  5
52E
330
17
100
AcDbEntity
  8
SIGNAL_ELECTRIC
370
18
100
AcDbLine
 10
815.0
 20
550.0
 30
0.0
 11
815.0
 21
545.0
 31
0.0
  0
LINE
  5
52F
330
17
100
AcDbEntity
  8
SIGNAL_ELECTRIC
370
18
100
AcDbLine
 10
815.0
 20
540.0
 30
0.0
 11
815.0
 21
535.0
 31
0.0
  0
LINE
  5
530
330
17
100
AcDbEntity
  8
SIGNAL_ELECTRIC
370
18
100
AcDbLine
 10
815.0
 20
530.0
 30
0.0
 11
815.0
 21
525.0
 31
0.0
  0
LINE
  5
531
330
17
100
AcDbEntity
  8
SIGNAL_ELECTRIC
370
18
100
AcDbLine
 10
815.0
 20
520.0
 30
0.0
 11
815.0
 21
515.0
 31
0.0
  0
LINE
  5
532
330
17
100
AcDbEntity
  8
SIGNAL_ELECTRIC
370
18
100
AcDbLine
 10
815.0
 20
510.0
 30
0.0
 11
815.0
 21
505.0
 31
0.0
  0
LINE
  5
533
330
17
100
AcDbEntity
  8
SIGNAL_ELECTRIC
370
18
100
AcDbLine
 10
815.0
 20
500.0
 30
0.0
 11
815.0
 21
495.0
 31
0.0
  0
LINE
  5
534
330
17
100
AcDbEntity
  8
SIGNAL_ELECTRIC
370
18
100
AcDbLine
 10
815.0
 20
490.0
 30
0.0
 11
815.0
 21
485.0
 31
0.0
  0
LINE
  5
535
330
17
100
AcDbEntity
  8
SIGNAL_ELECTRIC
370
18
100
AcDbLine
 10
815.0
 20
480.0
 30
0.0
 11
815.0
 21
475.0
 31
0.0
  0
LINE
  5
536
330
17
100
AcDbEntity
  8
SIGNAL_ELECTRIC
370
18
100
AcDbLine
 10
815.0
 20
470.0
 30
0.0
 11
815.0
 21
465.0
 31
0.0
  0
LINE
  5
537
330
17
100
AcDbEntity
  8
SIGNAL_ELECTRIC
370
18
100
AcDbLine
 10
815.0
 20
460.0
 30
0.0
 11
815.0
 21
455.0
 31
0.0
  0
LINE
  5
538
330
17
100
AcDbEntity
  8
SIGNAL_ELECTRIC
370
18
100
AcDbLine
 10
815.0
 20
450.0
 30
0.0
 11
815.0
 21
445.0
 31
0.0
  0
LINE
  5
539
330
17
100
AcDbEntity
  8
SIGNAL_ELECTRIC
370
18
100
AcDbLine
 10
815.0
 20
440.0
 30
0.0
 11
815.0
 21
435.0
 31
0.0
  0
LINE
  5
53A
330
17
100
AcDbEntity
  8
SIGNAL_ELECTRIC
370
18
100
AcDbLine
 10
815.0
 20
430.0
 30
0.0
 11
815.0
 21
425.0
 31
0.0
  0
LINE
  5
53B
330
17
100
AcDbEntity
  8
SIGNAL_ELECTRIC
370
18
100
AcDbLine
 10
815.0
 20
420.0
 30
0.0
 11
815.0
 21
415.0
 31
0.0
  0
LINE
  5
53C
330
17
100
AcDbEntity
  8
SIGNAL_ELECTRIC
370
18
100
AcDbLine
 10
815.0
 20
410.0
 30
0.0
 11
815.0
 21
405.0
 31
0.0
  0
LINE
  5
53D
330
17
100
AcDbEntity
  8
SIGNAL_ELECTRIC
370
18
100
AcDbLine
 10
815.0
 20
400.0
 30
0.0
 11
815.0
 21
395.0
 31
0.0
  0
LINE
  5
53E
330
17
100
AcDbEntity
  8
SIGNAL_ELECTRIC
370
18
100
AcDbLine
 10
815.0
 20
390.0
 30
0.0
 11
815.0
 21
385.0
 31
0.0
  0
LINE
  5
53F
330
17
100
AcDbEntity
  8
SIGNAL_ELECTRIC
370
18
100
AcDbLine
 10
815.0
 20
380.0
 30
0.0
 11
815.0
 21
375.0
 31
0.0
  0
LINE
  5
540
330
17
100
AcDbEntity
  8
SIGNAL_ELECTRIC
370
18
100
AcDbLine
 10
815.0
 20
370.0
 30
0.0
 11
815.0
 21
365.0
 31
0.0
  0
LINE
  5
541
330
17
100
AcDbEntity
  8
SIGNAL_ELECTRIC
370
18
100
AcDbLine
 10
815.0
 20
360.0
 30
0.0
 11
815.0
 21
355.0
 31
0.0
  0
LINE
  5
542
330
17
100
AcDbEntity
  8
SIGNAL_ELECTRIC
370
18
100
AcDbLine
 10
815.0
 20
350.0
 30
0.0
 11
815.0
 21
345.0
 31
0.0
  0
LINE
  5
543
330
17
100
AcDbEntity
  8
SIGNAL_ELECTRIC
370
18
100
AcDbLine
 10
815.0
 20
340.0
 30
0.0
 11
815.0
 21
335.0
 31
0.0
  0
LINE
  5
544
330
17
100
AcDbEntity
  8
SIGNAL_ELECTRIC
370
18
100
AcDbLine
 10
815.0
 20
330.0
 30
0.0
 11
815.0
 21
325.0
 31
0.0
  0
LINE
  5
545
330
17
100
AcDbEntity
  8
SIGNAL_ELECTRIC
370
18
100
AcDbLine
 10
815.0
 20
320.0
 30
0.0
 11
815.0
 21
315.0
 31
0.0
  0
LINE
  5
546
330
17
100
AcDbEntity
  8
SIGNAL_ELECTRIC
370
18
100
AcDbLine
 10
815.0
 20
310.0
 30
0.0
 11
815.0
 21
305.0
 31
0.0
  0
LINE
  5
547
330
17
100
AcDbEntity
  8
SIGNAL_ELECTRIC
370
18
100
AcDbLine
 10
815.0
 20
300.0
 30
0.0
 11
815.0
 21
295.0
 31
0.0
  0
LINE
  5
548
330
17
100
AcDbEntity
  8
SIGNAL_ELECTRIC
370
18
100
AcDbLine
 10
815.0
 20
290.0
 30
0.0
 11
815.0
 21
285.0
 31
0.0
  0
LINE
  5
549
330
17
100
AcDbEntity
  8
SIGNAL_ELECTRIC
370
18
100
AcDbLine
 10
815.0
 20
280.0
 30
0.0
 11
815.0
 21
275.0
 31
0.0
  0
LINE
  5
54A
330
17
100
AcDbEntity
  8
SIGNAL_ELECTRIC
370
18
100
AcDbLine
 10
815.0
 20
270.0
 30
0.0
 11
815.0
 21
265.0
 31
0.0
  0
LINE
  5
54B
330
17
100
AcDbEntity
  8
SIGNAL_ELECTRIC
370
18
100
AcDbLine
 10
590.0
 20
260.0
 30
0.0
 11
590.0
 21
255.0
 31
0.0
  0
LINE
  5
54C
330
17
100
AcDbEntity
  8
SIGNAL_ELECTRIC
370
18
100
AcDbLine
 10
590.0
 20
250.0
 30
0.0
 11
590.0
 21
245.0
 31
0.0
  0
LINE
  5
54D
330
17
100
AcDbEntity
  8
SIGNAL_ELECTRIC
370
18
100
AcDbLine
 10
590.0
 20
240.0
 30
0.0
 11
590.0
 21
235.0
 31
0.0
  0
LINE
  5
54E
330
17
100
AcDbEntity
  8
SIGNAL_ELECTRIC
370
18
100
AcDbLine
 10
590.0
 20
230.0
 30
0.0
 11
590.0
 21
225.0
 31
0.0
  0
LINE
  5
54F
330
17
100
AcDbEntity
  8
SIGNAL_ELECTRIC
370
18
100
AcDbLine
 10
590.0
 20
220.0
 30
0.0
 11
590.0
 21
215.0
 31
0.0
  0
LINE
  5
550
330
17
100
AcDbEntity
  8
SIGNAL_ELECTRIC
370
18
100
AcDbLine
 10
590.0
 20
210.0
 30
0.0
 11
590.0
 21
205.0
 31
0.0
  0
LINE
  5
551
330
17
100
AcDbEntity
  8
SIGNAL_ELECTRIC
370
18
100
AcDbLine
 10
590.0
 20
200.0
 30
0.0
 11
590.0
 21
195.0
 31
0.0
  0
LINE
  5
552
330
17
100
AcDbEntity
  8
SIGNAL_ELECTRIC
370
18
100
AcDbLine
 10
590.0
 20
190.0
 30
0.0
 11
590.0
 21
185.0
 31
0.0
  0
LINE
  5
553
330
17
100
AcDbEntity
  8
SIGNAL_ELECTRIC
370
18
100
AcDbLine
 10
590.0
 20
180.0
 30
0.0
 11
590.0
 21
175.0
 31
0.0
  0
LINE
  5
554
330
17
100
AcDbEntity
  8
SIGNAL_ELECTRIC
370
18
100
AcDbLine
 10
590.0
 20
170.0
 30
0.0
 11
590.0
 21
165.0
 31
0.0
  0
LINE
  5
555
330
17
100
AcDbEntity
  8
SIGNAL_ELECTRIC
370
18
100
AcDbLine
 10
590.0
 20
160.0
 30
0.0
 11
590.0
 21
155.0
 31
0.0
  0
LINE
  5
556
330
17
100
AcDbEntity
  8
SIGNAL_ELECTRIC
370
18
100
AcDbLine
 10
590.0
 20
150.0
 30
0.0
 11
590.0
 21
145.0
 31
0.0
  0
LINE
  5
557
330
17
100
AcDbEntity
  8
SIGNAL_ELECTRIC
370
18
100
AcDbLine
 10
590.0
 20
140.0
 30
0.0
 11
590.0
 21
135.0
 31
0.0
  0
LINE
  5
558
330
17
100
AcDbEntity
  8
SIGNAL_ELECTRIC
370
18
100
AcDbLine
 10
590.0
 20
130.0
 30
0.0
 11
590.0
 21
125.0
 31
0.0
  0
LINE
  5
559
330
17
100
AcDbEntity
  8
SIGNAL_ELECTRIC
370
18
100
AcDbLine
 10
815.0
 20
525.0
 30
0.0
 11
815.0
 21
520.0
 31
0.0
  0
LINE
  5
55A
330
17
100
AcDbEntity
  8
SIGNAL_ELECTRIC
370
18
100
AcDbLine
 10
815.0
 20
515.0
 30
0.0
 11
815.0
 21
510.0
 31
0.0
  0
LINE
  5
55B
330
17
100
AcDbEntity
  8
SIGNAL_ELECTRIC
370
18
100
AcDbLine
 10
815.0
 20
505.0
 30
0.0
 11
815.0
 21
500.0
 31
0.0
  0
LINE
  5
55C
330
17
100
AcDbEntity
  8
SIGNAL_ELECTRIC
370
18
100
AcDbLine
 10
815.0
 20
495.0
 30
0.0
 11
815.0
 21
490.0
 31
0.0
  0
LINE
  5
55D
330
17
100
AcDbEntity
  8
SIGNAL_ELECTRIC
370
18
100
AcDbLine
 10
815.0
 20
485.0
 30
0.0
 11
815.0
 21
480.0
 31
0.0
  0
LINE
  5
55E
330
17
100
AcDbEntity
  8
SIGNAL_ELECTRIC
370
18
100
AcDbLine
 10
815.0
 20
475.0
 30
0.0
 11
815.0
 21
470.0
 31
0.0
  0
LINE
  5
55F
330
17
100
AcDbEntity
  8
SIGNAL_ELECTRIC
370
18
100
AcDbLine
 10
815.0
 20
465.0
 30
0.0
 11
815.0
 21
460.0
 31
0.0
  0
LINE
  5
560
330
17
100
AcDbEntity
  8
SIGNAL_ELECTRIC
370
18
100
AcDbLine
 10
815.0
 20
455.0
 30
0.0
 11
815.0
 21
450.0
 31
0.0
  0
LINE
  5
561
330
17
100
AcDbEntity
  8
SIGNAL_ELECTRIC
370
18
100
AcDbLine
 10
815.0
 20
445.0
 30
0.0
 11
815.0
 21
440.0
 31
0.0
  0
LINE
  5
562
330
17
100
AcDbEntity
  8
SIGNAL_ELECTRIC
370
18
100
AcDbLine
 10
815.0
 20
435.0
 30
0.0
 11
815.0
 21
430.0
 31
0.0
  0
LINE
  5
563
330
17
100
AcDbEntity
  8
SIGNAL_ELECTRIC
370
18
100
AcDbLine
 10
815.0
 20
425.0
 30
0.0
 11
815.0
 21
420.0
 31
0.0
  0
LINE
  5
564
330
17
100
AcDbEntity
  8
SIGNAL_ELECTRIC
370
18
100
AcDbLine
 10
815.0
 20
415.0
 30
0.0
 11
815.0
 21
410.0
 31
0.0
  0
LINE
  5
565
330
17
100
AcDbEntity
  8
SIGNAL_ELECTRIC
370
18
100
AcDbLine
 10
815.0
 20
405.0
 30
0.0
 11
815.0
 21
400.0
 31
0.0
  0
LINE
  5
566
330
17
100
AcDbEntity
  8
SIGNAL_ELECTRIC
370
18
100
AcDbLine
 10
815.0
 20
395.0
 30
0.0
 11
815.0
 21
390.0
 31
0.0
  0
LINE
  5
567
330
17
100
AcDbEntity
  8
SIGNAL_ELECTRIC
370
18
100
AcDbLine
 10
815.0
 20
385.0
 30
0.0
 11
815.0
 21
380.0
 31
0.0
  0
LINE
  5
568
330
17
100
AcDbEntity
  8
SIGNAL_ELECTRIC
370
18
100
AcDbLine
 10
815.0
 20
375.0
 30
0.0
 11
815.0
 21
370.0
 31
0.0
  0
LINE
  5
569
330
17
100
AcDbEntity
  8
SIGNAL_ELECTRIC
370
18
100
AcDbLine
 10
815.0
 20
365.0
 30
0.0
 11
815.0
 21
360.0
 31
0.0
  0
LINE
  5
56A
330
17
100
AcDbEntity
  8
SIGNAL_ELECTRIC
370
18
100
AcDbLine
 10
815.0
 20
355.0
 30
0.0
 11
815.0
 21
350.0
 31
0.0
  0
LINE
  5
56B
330
17
100
AcDbEntity
  8
SIGNAL_ELECTRIC
370
18
100
AcDbLine
 10
815.0
 20
345.0
 30
0.0
 11
815.0
 21
340.0
 31
0.0
  0
LINE
  5
56C
330
17
100
AcDbEntity
  8
SIGNAL_ELECTRIC
370
18
100
AcDbLine
 10
815.0
 20
335.0
 30
0.0
 11
815.0
 21
330.0
 31
0.0
  0
LINE
  5
56D
330
17
100
AcDbEntity
  8
SIGNAL_ELECTRIC
370
18
100
AcDbLine
 10
815.0
 20
325.0
 30
0.0
 11
815.0
 21
320.0
 31
0.0
  0
LINE
  5
56E
330
17
100
AcDbEntity
  8
SIGNAL_ELECTRIC
370
18
100
AcDbLine
 10
815.0
 20
315.0
 30
0.0
 11
815.0
 21
310.0
 31
0.0
  0
LINE
  5
56F
330
17
100
AcDbEntity
  8
SIGNAL_ELECTRIC
370
18
100
AcDbLine
 10
815.0
 20
305.0
 30
0.0
 11
815.0
 21
300.0
 31
0.0
  0
LINE
  5
570
330
17
100
AcDbEntity
  8
SIGNAL_ELECTRIC
370
18
100
AcDbLine
 10
815.0
 20
295.0
 30
0.0
 11
815.0
 21
290.0
 31
0.0
  0
LINE
  5
571
330
17
100
AcDbEntity
  8
SIGNAL_ELECTRIC
370
18
100
AcDbLine
 10
815.0
 20
285.0
 30
0.0
 11
815.0
 21
280.0
 31
0.0
  0
LINE
  5
572
330
17
100
AcDbEntity
  8
SIGNAL_ELECTRIC
370
18
100
AcDbLine
 10
815.0
 20
275.0
 30
0.0
 11
815.0
 21
270.0
 31
0.0
  0
LINE
  5
573
330
17
100
AcDbEntity
  8
SIGNAL_ELECTRIC
370
18
100
AcDbLine
 10
815.0
 20
265.0
 30
0.0
 11
815.0
 21
260.0
 31
0.0
  0
LINE
  5
574
330
17
100
AcDbEntity
  8
SIGNAL_ELECTRIC
370
18
100
AcDbLine
 10
620.0
 20
260.0
 30
0.0
 11
620.0
 21
255.0
 31
0.0
  0
LINE
  5
575
330
17
100
AcDbEntity
  8
SIGNAL_ELECTRIC
370
18
100
AcDbLine
 10
620.0
 20
250.0
 30
0.0
 11
620.0
 21
245.0
 31
0.0
  0
LINE
  5
576
330
17
100
AcDbEntity
  8
SIGNAL_ELECTRIC
370
18
100
AcDbLine
 10
620.0
 20
240.0
 30
0.0
 11
620.0
 21
235.0
 31
0.0
  0
LINE
  5
577
330
17
100
AcDbEntity
  8
SIGNAL_ELECTRIC
370
18
100
AcDbLine
 10
620.0
 20
230.0
 30
0.0
 11
620.0
 21
225.0
 31
0.0
  0
LINE
  5
578
330
17
100
AcDbEntity
  8
SIGNAL_ELECTRIC
370
18
100
AcDbLine
 10
620.0
 20
220.0
 30
0.0
 11
620.0
 21
215.0
 31
0.0
  0
LINE
  5
579
330
17
100
AcDbEntity
  8
SIGNAL_ELECTRIC
370
18
100
AcDbLine
 10
620.0
 20
210.0
 30
0.0
 11
620.0
 21
205.0
 31
0.0
  0
LINE
  5
57A
330
17
100
AcDbEntity
  8
SIGNAL_ELECTRIC
370
18
100
AcDbLine
 10
620.0
 20
200.0
 30
0.0
 11
620.0
 21
195.0
 31
0.0
  0
LINE
  5
57B
330
17
100
AcDbEntity
  8
SIGNAL_ELECTRIC
370
18
100
AcDbLine
 10
620.0
 20
190.0
 30
0.0
 11
620.0
 21
185.0
 31
0.0
  0
LINE
  5
57C
330
17
100
AcDbEntity
  8
SIGNAL_ELECTRIC
370
18
100
AcDbLine
 10
620.0
 20
180.0
 30
0.0
 11
620.0
 21
175.0
 31
0.0
  0
LINE
  5
57D
330
17
100
AcDbEntity
  8
SIGNAL_ELECTRIC
370
18
100
AcDbLine
 10
620.0
 20
170.0
 30
0.0
 11
620.0
 21
165.0
 31
0.0
  0
LINE
  5
57E
330
17
100
AcDbEntity
  8
SIGNAL_ELECTRIC
370
18
100
AcDbLine
 10
620.0
 20
160.0
 30
0.0
 11
620.0
 21
155.0
 31
0.0
  0
LINE
  5
57F
330
17
100
AcDbEntity
  8
SIGNAL_ELECTRIC
370
18
100
AcDbLine
 10
620.0
 20
150.0
 30
0.0
 11
620.0
 21
145.0
 31
0.0
  0
LINE
  5
580
330
17
100
AcDbEntity
  8
SIGNAL_ELECTRIC
370
18
100
AcDbLine
 10
620.0
 20
140.0
 30
0.0
 11
620.0
 21
135.0
 31
0.0
  0
LINE
  5
581
330
17
100
AcDbEntity
  8
SIGNAL_ELECTRIC
370
18
100
AcDbLine
 10
620.0
 20
130.0
 30
0.0
 11
620.0
 21
125.0
 31
0.0
  0
LINE
  5
582
330
17
100
AcDbEntity
  8
SIGNAL_ELECTRIC
370
18
100
AcDbLine
 10
620.0
 20
265.0
 30
0.0
 11
620.0
 21
260.0
 31
0.0
  0
LINE
  5
583
330
17
100
AcDbEntity
  8
SIGNAL_ELECTRIC
370
18
100
AcDbLine
 10
645.0
 20
260.0
 30
0.0
 11
645.0
 21
255.0
 31
0.0
  0
LINE
  5
584
330
17
100
AcDbEntity
  8
SIGNAL_ELECTRIC
370
18
100
AcDbLine
 10
645.0
 20
250.0
 30
0.0
 11
645.0
 21
245.0
 31
0.0
  0
LINE
  5
585
330
17
100
AcDbEntity
  8
SIGNAL_ELECTRIC
370
18
100
AcDbLine
 10
645.0
 20
240.0
 30
0.0
 11
645.0
 21
235.0
 31
0.0
  0
LINE
  5
586
330
17
100
AcDbEntity
  8
SIGNAL_ELECTRIC
370
18
100
AcDbLine
 10
645.0
 20
230.0
 30
0.0
 11
645.0
 21
225.0
 31
0.0
  0
LINE
  5
587
330
17
100
AcDbEntity
  8
SIGNAL_ELECTRIC
370
18
100
AcDbLine
 10
645.0
 20
220.0
 30
0.0
 11
645.0
 21
215.0
 31
0.0
  0
LINE
  5
588
330
17
100
AcDbEntity
  8
SIGNAL_ELECTRIC
370
18
100
AcDbLine
 10
645.0
 20
210.0
 30
0.0
 11
645.0
 21
205.0
 31
0.0
  0
LINE
  5
589
330
17
100
AcDbEntity
  8
SIGNAL_ELECTRIC
370
18
100
AcDbLine
 10
645.0
 20
200.0
 30
0.0
 11
645.0
 21
195.0
 31
0.0
  0
LINE
  5
58A
330
17
100
AcDbEntity
  8
SIGNAL_ELECTRIC
370
18
100
AcDbLine
 10
645.0
 20
190.0
 30
0.0
 11
645.0
 21
185.0
 31
0.0
  0
LINE
  5
58B
330
17
100
AcDbEntity
  8
SIGNAL_ELECTRIC
370
18
100
AcDbLine
 10
645.0
 20
180.0
 30
0.0
 11
645.0
 21
175.0
 31
0.0
  0
LINE
  5
58C
330
17
100
AcDbEntity
  8
SIGNAL_ELECTRIC
370
18
100
AcDbLine
 10
645.0
 20
170.0
 30
0.0
 11
645.0
 21
165.0
 31
0.0
  0
LINE
  5
58D
330
17
100
AcDbEntity
  8
SIGNAL_ELECTRIC
370
18
100
AcDbLine
 10
645.0
 20
160.0
 30
0.0
 11
645.0
 21
155.0
 31
0.0
  0
LINE
  5
58E
330
17
100
AcDbEntity
  8
SIGNAL_ELECTRIC
370
18
100
AcDbLine
 10
645.0
 20
150.0
 30
0.0
 11
645.0
 21
145.0
 31
0.0
  0
LINE
  5
58F
330
17
100
AcDbEntity
  8
SIGNAL_ELECTRIC
370
18
100
AcDbLine
 10
645.0
 20
140.0
 30
0.0
 11
645.0
 21
135.0
 31
0.0
  0
LINE
  5
590
330
17
100
AcDbEntity
  8
SIGNAL_ELECTRIC
370
18
100
AcDbLine
 10
645.0
 20
130.0
 30
0.0
 11
645.0
 21
125.0
 31
0.0
  0
LINE
  5
591
330
17
100
AcDbEntity
  8
SIGNAL_ELECTRIC
370
18
100
AcDbLine
 10
675.0
 20
260.0
 30
0.0
 11
675.0
 21
255.0
 31
0.0
  0
LINE
  5
592
330
17
100
AcDbEntity
  8
SIGNAL_ELECTRIC
370
18
100
AcDbLine
 10
675.0
 20
250.0
 30
0.0
 11
675.0
 21
245.0
 31
0.0
  0
LINE
  5
593
330
17
100
AcDbEntity
  8
SIGNAL_ELECTRIC
370
18
100
AcDbLine
 10
675.0
 20
240.0
 30
0.0
 11
675.0
 21
235.0
 31
0.0
  0
LINE
  5
594
330
17
100
AcDbEntity
  8
SIGNAL_ELECTRIC
370
18
100
AcDbLine
 10
675.0
 20
230.0
 30
0.0
 11
675.0
 21
225.0
 31
0.0
  0
LINE
  5
595
330
17
100
AcDbEntity
  8
SIGNAL_ELECTRIC
370
18
100
AcDbLine
 10
675.0
 20
220.0
 30
0.0
 11
675.0
 21
215.0
 31
0.0
  0
LINE
  5
596
330
17
100
AcDbEntity
  8
SIGNAL_ELECTRIC
370
18
100
AcDbLine
 10
675.0
 20
210.0
 30
0.0
 11
675.0
 21
205.0
 31
0.0
  0
LINE
  5
597
330
17
100
AcDbEntity
  8
SIGNAL_ELECTRIC
370
18
100
AcDbLine
 10
675.0
 20
200.0
 30
0.0
 11
675.0
 21
195.0
 31
0.0
  0
LINE
  5
598
330
17
100
AcDbEntity
  8
SIGNAL_ELECTRIC
370
18
100
AcDbLine
 10
675.0
 20
190.0
 30
0.0
 11
675.0
 21
185.0
 31
0.0
  0
LINE
  5
599
330
17
100
AcDbEntity
  8
SIGNAL_ELECTRIC
370
18
100
AcDbLine
 10
675.0
 20
180.0
 30
0.0
 11
675.0
 21
175.0
 31
0.0
  0
LINE
  5
59A
330
17
100
AcDbEntity
  8
SIGNAL_ELECTRIC
370
18
100
AcDbLine
 10
675.0
 20
170.0
 30
0.0
 11
675.0
 21
165.0
 31
0.0
  0
LINE
  5
59B
330
17
100
AcDbEntity
  8
SIGNAL_ELECTRIC
370
18
100
AcDbLine
 10
675.0
 20
160.0
 30
0.0
 11
675.0
 21
155.0
 31
0.0
  0
LINE
  5
59C
330
17
100
AcDbEntity
  8
SIGNAL_ELECTRIC
370
18
100
AcDbLine
 10
675.0
 20
150.0
 30
0.0
 11
675.0
 21
145.0
 31
0.0
  0
LINE
  5
59D
330
17
100
AcDbEntity
  8
SIGNAL_ELECTRIC
370
18
100
AcDbLine
 10
675.0
 20
140.0
 30
0.0
 11
675.0
 21
135.0
 31
0.0
  0
LINE
  5
59E
330
17
100
AcDbEntity
  8
SIGNAL_ELECTRIC
370
18
100
AcDbLine
 10
675.0
 20
130.0
 30
0.0
 11
675.0
 21
125.0
 31
0.0
  0
LINE
  5
59F
330
17
100
AcDbEntity
  8
SIGNAL_ELECTRIC
370
18
100
AcDbLine
 10
970.0
 20
725.0
 30
0.0
 11
970.0
 21
730.0
 31
0.0
  0
LINE
  5
5A0
330
17
100
AcDbEntity
  8
SIGNAL_ELECTRIC
370
18
100
AcDbLine
 10
970.0
 20
735.0
 30
0.0
 11
970.0
 21
740.0
 31
0.0
  0
LINE
  5
5A1
330
17
100
AcDbEntity
  8
SIGNAL_ELECTRIC
370
18
100
AcDbLine
 10
970.0
 20
745.0
 30
0.0
 11
970.0
 21
750.0
 31
0.0
  0
LINE
  5
5A2
330
17
100
AcDbEntity
  8
SIGNAL_ELECTRIC
370
18
100
AcDbLine
 10
590.0
 20
260.0
 30
0.0
 11
595.0
 21
260.0
 31
0.0
  0
LINE
  5
5A3
330
17
100
AcDbEntity
  8
SIGNAL_ELECTRIC
370
18
100
AcDbLine
 10
600.0
 20
260.0
 30
0.0
 11
605.0
 21
260.0
 31
0.0
  0
LINE
  5
5A4
330
17
100
AcDbEntity
  8
SIGNAL_ELECTRIC
370
18
100
AcDbLine
 10
610.0
 20
260.0
 30
0.0
 11
615.0
 21
260.0
 31
0.0
  0
LINE
  5
5A5
330
17
100
AcDbEntity
  8
SIGNAL_ELECTRIC
370
18
100
AcDbLine
 10
620.0
 20
260.0
 30
0.0
 11
625.0
 21
260.0
 31
0.0
  0
LINE
  5
5A6
330
17
100
AcDbEntity
  8
SIGNAL_ELECTRIC
370
18
100
AcDbLine
 10
630.0
 20
260.0
 30
0.0
 11
635.0
 21
260.0
 31
0.0
  0
LINE
  5
5A7
330
17
100
AcDbEntity
  8
SIGNAL_ELECTRIC
370
18
100
AcDbLine
 10
640.0
 20
260.0
 30
0.0
 11
645.0
 21
260.0
 31
0.0
  0
LINE
  5
5A8
330
17
100
AcDbEntity
  8
SIGNAL_ELECTRIC
370
18
100
AcDbLine
 10
650.0
 20
260.0
 30
0.0
 11
655.0
 21
260.0
 31
0.0
  0
LINE
  5
5A9
330
17
100
AcDbEntity
  8
SIGNAL_ELECTRIC
370
18
100
AcDbLine
 10
660.0
 20
260.0
 30
0.0
 11
665.0
 21
260.0
 31
0.0
  0
LINE
  5
5AA
330
17
100
AcDbEntity
  8
SIGNAL_ELECTRIC
370
18
100
AcDbLine
 10
670.0
 20
260.0
 30
0.0
 11
675.0
 21
260.0
 31
0.0
  0
LINE
  5
5AB
330
17
100
AcDbEntity
  8
SIGNAL_ELECTRIC
370
18
100
AcDbLine
 10
680.0
 20
260.0
 30
0.0
 11
685.0
 21
260.0
 31
0.0
  0
LINE
  5
5AC
330
17
100
AcDbEntity
  8
SIGNAL_ELECTRIC
370
18
100
AcDbLine
 10
690.0
 20
260.0
 30
0.0
 11
695.0
 21
260.0
 31
0.0
  0
LINE
  5
5AD
330
17
100
AcDbEntity
  8
SIGNAL_ELECTRIC
370
18
100
AcDbLine
 10
700.0
 20
260.0
 30
0.0
 11
705.0
 21
260.0
 31
0.0
  0
LINE
  5
5AE
330
17
100
AcDbEntity
  8
SIGNAL_ELECTRIC
370
18
100
AcDbLine
 10
710.0
 20
260.0
 30
0.0
 11
715.0
 21
260.0
 31
0.0
  0
LINE
  5
5AF
330
17
100
AcDbEntity
  8
SIGNAL_ELECTRIC
370
18
100
AcDbLine
 10
720.0
 20
260.0
 30
0.0
 11
725.0
 21
260.0
 31
0.0
  0
LINE
  5
5B0
330
17
100
AcDbEntity
  8
SIGNAL_ELECTRIC
370
18
100
AcDbLine
 10
730.0
 20
260.0
 30
0.0
 11
735.0
 21
260.0
 31
0.0
  0
LINE
  5
5B1
330
17
100
AcDbEntity
  8
SIGNAL_ELECTRIC
370
18
100
AcDbLine
 10
740.0
 20
260.0
 30
0.0
 11
745.0
 21
260.0
 31
0.0
  0
LINE
  5
5B2
330
17
100
AcDbEntity
  8
SIGNAL_ELECTRIC
370
18
100
AcDbLine
 10
750.0
 20
260.0
 30
0.0
 11
755.0
 21
260.0
 31
0.0
  0
LINE
  5
5B3
330
17
100
AcDbEntity
  8
SIGNAL_ELECTRIC
370
18
100
AcDbLine
 10
760.0
 20
260.0
 30
0.0
 11
765.0
 21
260.0
 31
0.0
  0
LINE
  5
5B4
330
17
100
AcDbEntity
  8
SIGNAL_ELECTRIC
370
18
100
AcDbLine
 10
770.0
 20
260.0
 30
0.0
 11
775.0
 21
260.0
 31
0.0
  0
LINE
  5
5B5
330
17
100
AcDbEntity
  8
SIGNAL_ELECTRIC
370
18
100
AcDbLine
 10
780.0
 20
260.0
 30
0.0
 11
785.0
 21
260.0
 31
0.0
  0
LINE
  5
5B6
330
17
100
AcDbEntity
  8
SIGNAL_ELECTRIC
370
18
100
AcDbLine
 10
790.0
 20
260.0
 30
0.0
 11
795.0
 21
260.0
 31
0.0
  0
LINE
  5
5B7
330
17
100
AcDbEntity
  8
SIGNAL_ELECTRIC
370
18
100
AcDbLine
 10
800.0
 20
260.0
 30
0.0
 11
805.0
 21
260.0
 31
0.0
  0
LINE
  5
5B8
330
17
100
AcDbEntity
  8
SIGNAL_ELECTRIC
370
18
100
AcDbLine
 10
810.0
 20
260.0
 30
0.0
 11
815.0
 21
260.0
 31
0.0
  0
LINE
  5
5B9
330
17
100
AcDbEntity
  8
SIGNAL_ELECTRIC
370
18
100
AcDbLine
 10
390.0
 20
310.0
 30
0.0
 11
390.0
 21
315.0
 31
0.0
  0
LINE
  5
5BA
330
17
100
AcDbEntity
  8
SIGNAL_ELECTRIC
370
18
100
AcDbLine
 10
390.0
 20
320.0
 30
0.0
 11
390.0
 21
325.0
 31
0.0
  0
LINE
  5
5BB
330
17
100
AcDbEntity
  8
SIGNAL_ELECTRIC
370
18
100
AcDbLine
 10
390.0
 20
330.0
 30
0.0
 11
390.0
 21
335.0
 31
0.0
  0
LINE
  5
5BC
330
17
100
AcDbEntity
  8
SIGNAL_ELECTRIC
370
18
100
AcDbLine
 10
390.0
 20
340.0
 30
0.0
 11
390.0
 21
345.0
 31
0.0
  0
LINE
  5
5BD
330
17
100
AcDbEntity
  8
SIGNAL_ELECTRIC
370
18
100
AcDbLine
 10
390.0
 20
350.0
 30
0.0
 11
390.0
 21
355.0
 31
0.0
  0
LINE
  5
5BE
330
17
100
AcDbEntity
  8
SIGNAL_ELECTRIC
370
18
100
AcDbLine
 10
390.0
 20
360.0
 30
0.0
 11
390.0
 21
365.0
 31
0.0
  0
LINE
  5
5BF
330
17
100
AcDbEntity
  8
SIGNAL_ELECTRIC
370
18
100
AcDbLine
 10
390.0
 20
370.0
 30
0.0
 11
390.0
 21
375.0
 31
0.0
  0
LINE
  5
5C0
330
17
100
AcDbEntity
  8
SIGNAL_ELECTRIC
370
18
100
AcDbLine
 10
390.0
 20
380.0
 30
0.0
 11
390.0
 21
385.0
 31
0.0
  0
LINE
  5
5C1
330
17
100
AcDbEntity
  8
SIGNAL_ELECTRIC
370
18
100
AcDbLine
 10
390.0
 20
390.0
 30
0.0
 11
390.0
 21
395.0
 31
0.0
  0
LINE
  5
5C2
330
17
100
AcDbEntity
  8
SIGNAL_ELECTRIC
370
18
100
AcDbLine
 10
390.0
 20
400.0
 30
0.0
 11
390.0
 21
405.0
 31
0.0
  0
LINE
  5
5C3
330
17
100
AcDbEntity
  8
SIGNAL_ELECTRIC
370
18
100
AcDbLine
 10
390.0
 20
410.0
 30
0.0
 11
390.0
 21
415.0
 31
0.0
  0
LINE
  5
5C4
330
17
100
AcDbEntity
  8
SIGNAL_ELECTRIC
370
18
100
AcDbLine
 10
390.0
 20
420.0
 30
0.0
 11
390.0
 21
425.0
 31
0.0
  0
LINE
  5
5C5
330
17
100
AcDbEntity
  8
SIGNAL_ELECTRIC
370
18
100
AcDbLine
 10
390.0
 20
430.0
 30
0.0
 11
390.0
 21
435.0
 31
0.0
  0
LINE
  5
5C6
330
17
100
AcDbEntity
  8
SIGNAL_ELECTRIC
370
18
100
AcDbLine
 10
390.0
 20
440.0
 30
0.0
 11
390.0
 21
445.0
 31
0.0
  0
LINE
  5
5C7
330
17
100
AcDbEntity
  8
SIGNAL_ELECTRIC
370
18
100
AcDbLine
 10
390.0
 20
450.0
 30
0.0
 11
390.0
 21
455.0
 31
0.0
  0
LINE
  5
5C8
330
17
100
AcDbEntity
  8
SIGNAL_ELECTRIC
370
18
100
AcDbLine
 10
390.0
 20
460.0
 30
0.0
 11
390.0
 21
465.0
 31
0.0
  0
LINE
  5
5C9
330
17
100
AcDbEntity
  8
SIGNAL_ELECTRIC
370
18
100
AcDbLine
 10
390.0
 20
470.0
 30
0.0
 11
390.0
 21
475.0
 31
0.0
  0
LINE
  5
5CA
330
17
100
AcDbEntity
  8
SIGNAL_ELECTRIC
370
18
100
AcDbLine
 10
390.0
 20
480.0
 30
0.0
 11
390.0
 21
485.0
 31
0.0
  0
LINE
  5
5CB
330
17
100
AcDbEntity
  8
SIGNAL_ELECTRIC
370
18
100
AcDbLine
 10
390.0
 20
490.0
 30
0.0
 11
390.0
 21
495.0
 31
0.0
  0
LINE
  5
5CC
330
17
100
AcDbEntity
  8
SIGNAL_ELECTRIC
370
18
100
AcDbLine
 10
390.0
 20
500.0
 30
0.0
 11
390.0
 21
505.0
 31
0.0
  0
LINE
  5
5CD
330
17
100
AcDbEntity
  8
SIGNAL_ELECTRIC
370
18
100
AcDbLine
 10
390.0
 20
510.0
 30
0.0
 11
390.0
 21
515.0
 31
0.0
  0
LINE
  5
5CE
330
17
100
AcDbEntity
  8
SIGNAL_ELECTRIC
370
18
100
AcDbLine
 10
390.0
 20
520.0
 30
0.0
 11
390.0
 21
525.0
 31
0.0
  0
LINE
  5
5CF
330
17
100
AcDbEntity
  8
SIGNAL_ELECTRIC
370
18
100
AcDbLine
 10
390.0
 20
530.0
 30
0.0
 11
390.0
 21
535.0
 31
0.0
  0
LINE
  5
5D0
330
17
100
AcDbEntity
  8
SIGNAL_ELECTRIC
370
18
100
AcDbLine
 10
390.0
 20
540.0
 30
0.0
 11
390.0
 21
545.0
 31
0.0
  0
LINE
  5
5D1
330
17
100
AcDbEntity
  8
SIGNAL_ELECTRIC
370
18
100
AcDbLine
 10
390.0
 20
550.0
 30
0.0
 11
390.0
 21
555.0
 31
0.0
  0
LINE
  5
5D2
330
17
100
AcDbEntity
  8
SIGNAL_ELECTRIC
370
18
100
AcDbLine
 10
390.0
 20
560.0
 30
0.0
 11
390.0
 21
565.0
 31
0.0
  0
LINE
  5
5D3
330
17
100
AcDbEntity
  8
SIGNAL_ELECTRIC
370
18
100
AcDbLine
 10
390.0
 20
570.0
 30
0.0
 11
390.0
 21
575.0
 31
0.0
  0
LINE
  5
5D4
330
17
100
AcDbEntity
  8
SIGNAL_ELECTRIC
370
18
100
AcDbLine
 10
390.0
 20
580.0
 30
0.0
 11
390.0
 21
585.0
 31
0.0
  0
LINE
  5
5D5
330
17
100
AcDbEntity
  8
SIGNAL_ELECTRIC
370
18
100
AcDbLine
 10
390.0
 20
590.0
 30
0.0
 11
390.0
 21
595.0
 31
0.0
  0
LINE
  5
5D6
330
17
100
AcDbEntity
  8
SIGNAL_ELECTRIC
370
18
100
AcDbLine
 10
390.0
 20
600.0
 30
0.0
 11
390.0
 21
605.0
 31
0.0
  0
LINE
  5
5D7
330
17
100
AcDbEntity
  8
SIGNAL_ELECTRIC
370
18
100
AcDbLine
 10
390.0
 20
610.0
 30
0.0
 11
390.0
 21
615.0
 31
0.0
  0
LINE
  5
5D8
330
17
100
AcDbEntity
  8
SIGNAL_ELECTRIC
370
18
100
AcDbLine
 10
390.0
 20
620.0
 30
0.0
 11
390.0
 21
625.0
 31
0.0
  0
LINE
  5
5D9
330
17
100
AcDbEntity
  8
SIGNAL_ELECTRIC
370
18
100
AcDbLine
 10
390.0
 20
630.0
 30
0.0
 11
390.0
 21
635.0
 31
0.0
  0
LINE
  5
5DA
330
17
100
AcDbEntity
  8
SIGNAL_ELECTRIC
370
18
100
AcDbLine
 10
390.0
 20
640.0
 30
0.0
 11
390.0
 21
645.0
 31
0.0
  0
LINE
  5
5DB
330
17
100
AcDbEntity
  8
SIGNAL_ELECTRIC
370
18
100
AcDbLine
 10
390.0
 20
650.0
 30
0.0
 11
390.0
 21
655.0
 31
0.0
  0
LINE
  5
5DC
330
17
100
AcDbEntity
  8
SIGNAL_ELECTRIC
370
18
100
AcDbLine
 10
390.0
 20
660.0
 30
0.0
 11
390.0
 21
665.0
 31
0.0
  0
LINE
  5
5DD
330
17
100
AcDbEntity
  8
SIGNAL_ELECTRIC
370
18
100
AcDbLine
 10
390.0
 20
670.0
 30
0.0
 11
390.0
 21
675.0
 31
0.0
  0
LINE
  5
5DE
330
17
100
AcDbEntity
  8
SIGNAL_ELECTRIC
370
18
100
AcDbLine
 10
390.0
 20
680.0
 30
0.0
 11
390.0
 21
685.0
 31
0.0
  0
LINE
  5
5DF
330
17
100
AcDbEntity
  8
SIGNAL_PNEUMATIC
370
18
100
AcDbLine
 10
735.0
 20
345.0
 30
0.0
 11
735.0
 21
430.0
 31
0.0
  0
LINE
  5
5E0
330
17
100
AcDbEntity
  8
SIGNAL_PNEUMATIC
370
18
100
AcDbLine
 10
735.0
 20
360.0
 30
0.0
 11
735.0
 21
365.0
 31
0.0
  0
LINE
  5
5E1
330
17
100
AcDbEntity
  8
SIGNAL_PNEUMATIC
370
18
100
AcDbLine
 10
735.0
 20
390.0
 30
0.0
 11
735.0
 21
395.0
 31
0.0
  0
LINE
  5
5E2
330
17
100
AcDbEntity
  8
SIGNAL_PNEUMATIC
370
18
100
AcDbLine
 10
735.0
 20
415.0
 30
0.0
 11
735.0
 21
420.0
 31
0.0
  0
LINE
  5
5E3
330
17
100
AcDbEntity
  8
SIGNAL_ELECTRIC
370
18
100
AcDbLine
 10
170.0
 20
455.0
 30
0.0
 11
175.0
 21
455.0
 31
0.0
  0
LINE
  5
5E4
330
17
100
AcDbEntity
  8
SIGNAL_ELECTRIC
370
18
100
AcDbLine
 10
180.0
 20
455.0
 30
0.0
 11
185.0
 21
455.0
 31
0.0
  0
LINE
  5
5E5
330
17
100
AcDbEntity
  8
SIGNAL_ELECTRIC
370
18
100
AcDbLine
 10
190.0
 20
455.0
 30
0.0
 11
195.0
 21
455.0
 31
0.0
  0
LINE
  5
5E6
330
17
100
AcDbEntity
  8
SIGNAL_ELECTRIC
370
18
100
AcDbLine
 10
200.0
 20
455.0
 30
0.0
 11
205.0
 21
455.0
 31
0.0
  0
LINE
  5
5E7
330
17
100
AcDbEntity
  8
SIGNAL_ELECTRIC
370
18
100
AcDbLine
 10
210.0
 20
455.0
 30
0.0
 11
215.0
 21
455.0
 31
0.0
  0
LINE
  5
5E8
330
17
100
AcDbEntity
  8
SIGNAL_ELECTRIC
370
18
100
AcDbLine
 10
220.0
 20
455.0
 30
0.0
 11
225.0
 21
455.0
 31
0.0
  0
LINE
  5
5E9
330
17
100
AcDbEntity
  8
SIGNAL_ELECTRIC
370
18
100
AcDbLine
 10
230.0
 20
455.0
 30
0.0
 11
235.0
 21
455.0
 31
0.0
  0
LINE
  5
5EA
330
17
100
AcDbEntity
  8
SIGNAL_ELECTRIC
370
18
100
AcDbLine
 10
240.0
 20
455.0
 30
0.0
 11
245.0
 21
455.0
 31
0.0
  0
LINE
  5
5EB
330
17
100
AcDbEntity
  8
SIGNAL_ELECTRIC
370
18
100
AcDbLine
 10
250.0
 20
455.0
 30
0.0
 11
255.0
 21
455.0
 31
0.0
  0
LINE
  5
5EC
330
17
100
AcDbEntity
  8
SIGNAL_ELECTRIC
370
18
100
AcDbLine
 10
260.0
 20
455.0
 30
0.0
 11
265.0
 21
455.0
 31
0.0
  0
LINE
  5
5ED
330
17
100
AcDbEntity
  8
SIGNAL_ELECTRIC
370
18
100
AcDbLine
 10
270.0
 20
455.0
 30
0.0
 11
275.0
 21
455.0
 31
0.0
  0
LINE
  5
5EE
330
17
100
AcDbEntity
  8
SIGNAL_ELECTRIC
370
18
100
AcDbLine
 10
280.0
 20
455.0
 30
0.0
 11
285.0
 21
455.0
 31
0.0
  0
LINE
  5
5EF
330
17
100
AcDbEntity
  8
SIGNAL_ELECTRIC
370
18
100
AcDbLine
 10
290.0
 20
455.0
 30
0.0
 11
295.0
 21
455.0
 31
0.0
  0
LINE
  5
5F0
330
17
100
AcDbEntity
  8
SIGNAL_ELECTRIC
370
18
100
AcDbLine
 10
300.0
 20
455.0
 30
0.0
 11
305.0
 21
455.0
 31
0.0
  0
LINE
  5
5F1
330
17
100
AcDbEntity
  8
SIGNAL_ELECTRIC
370
18
100
AcDbLine
 10
310.0
 20
455.0
 30
0.0
 11
315.0
 21
455.0
 31
0.0
  0
LINE
  5
5F2
330
17
100
AcDbEntity
  8
SIGNAL_ELECTRIC
370
18
100
AcDbLine
 10
320.0
 20
455.0
 30
0.0
 11
325.0
 21
455.0
 31
0.0
  0
LINE
  5
5F3
330
17
100
AcDbEntity
  8
SIGNAL_ELECTRIC
370
18
100
AcDbLine
 10
330.0
 20
455.0
 30
0.0
 11
335.0
 21
455.0
 31
0.0
  0
LINE
  5
5F4
330
17
100
AcDbEntity
  8
SIGNAL_ELECTRIC
370
18
100
AcDbLine
 10
340.0
 20
455.0
 30
0.0
 11
345.0
 21
455.0
 31
0.0
  0
LINE
  5
5F5
330
17
100
AcDbEntity
  8
SIGNAL_ELECTRIC
370
18
100
AcDbLine
 10
350.0
 20
455.0
 30
0.0
 11
355.0
 21
455.0
 31
0.0
  0
LINE
  5
5F6
330
17
100
AcDbEntity
  8
SIGNAL_ELECTRIC
370
18
100
AcDbLine
 10
360.0
 20
455.0
 30
0.0
 11
365.0
 21
455.0
 31
0.0
  0
LINE
  5
5F7
330
17
100
AcDbEntity
  8
SIGNAL_ELECTRIC
370
18
100
AcDbLine
 10
370.0
 20
455.0
 30
0.0
 11
375.0
 21
455.0
 31
0.0
  0
LINE
  5
5F8
330
17
100
AcDbEntity
  8
SIGNAL_ELECTRIC
370
18
100
AcDbLine
 10
380.0
 20
455.0
 30
0.0
 11
385.0
 21
455.0
 31
0.0
  0
LINE
  5
5F9
330
17
100
AcDbEntity
  8
SIGNAL_ELECTRIC
370
18
100
AcDbLine
 10
390.0
 20
455.0
 30
0.0
 11
395.0
 21
455.0
 31
0.0
  0
LINE
  5
5FA
330
17
100
AcDbEntity
  8
SIGNAL_ELECTRIC
370
18
100
AcDbLine
 10
400.0
 20
455.0
 30
0.0
 11
405.0
 21
455.0
 31
0.0
  0
LINE
  5
5FB
330
17
100
AcDbEntity
  8
SIGNAL_ELECTRIC
370
18
100
AcDbLine
 10
410.0
 20
455.0
 30
0.0
 11
415.0
 21
455.0
 31
0.0
  0
LINE
  5
5FC
330
17
100
AcDbEntity
  8
SIGNAL_ELECTRIC
370
18
100
AcDbLine
 10
420.0
 20
455.0
 30
0.0
 11
425.0
 21
455.0
 31
0.0
  0
LINE
  5
5FD
330
17
100
AcDbEntity
  8
SIGNAL_PNEUMATIC
370
18
100
AcDbLine
 10
560.0
 20
710.0
 30
0.0
 11
780.0
 21
710.0
 31
0.0
  0
LINE
  5
5FE
330
17
100
AcDbEntity
  8
SIGNAL_PNEUMATIC
370
18
100
AcDbLine
 10
575.0
 20
710.0
 30
0.0
 11
580.0
 21
710.0
 31
0.0
  0
LINE
  5
5FF
330
17
100
AcDbEntity
  8
SIGNAL_PNEUMATIC
370
18
100
AcDbLine
 10
605.0
 20
710.0
 30
0.0
 11
610.0
 21
710.0
 31
0.0
  0
LINE
  5
600
330
17
100
AcDbEntity
  8
SIGNAL_PNEUMATIC
370
18
100
AcDbLine
 10
630.0
 20
710.0
 30
0.0
 11
635.0
 21
710.0
 31
0.0
  0
LINE
  5
601
330
17
100
AcDbEntity
  8
SIGNAL_PNEUMATIC
370
18
100
AcDbLine
 10
660.0
 20
710.0
 30
0.0
 11
665.0
 21
710.0
 31
0.0
  0
LINE
  5
602
330
17
100
AcDbEntity
  8
SIGNAL_PNEUMATIC
370
18
100
AcDbLine
 10
715.0
 20
710.0
 30
0.0
 11
720.0
 21
710.0
 31
0.0
  0
LINE
  5
603
330
17
100
AcDbEntity
  8
SIGNAL_PNEUMATIC
370
18
100
AcDbLine
 10
745.0
 20
710.0
 30
0.0
 11
750.0
 21
710.0
 31
0.0
  0
LINE
  5
604
330
17
100
AcDbEntity
  8
SIGNAL_PNEUMATIC
370
18
100
AcDbLine
 10
770.0
 20
710.0
 30
0.0
 11
775.0
 21
710.0
 31
0.0
  0
LINE
  5
605
330
17
100
AcDbEntity
  8
SIGNAL_PNEUMATIC
370
18
100
AcDbLine
 10
940.0
 20
640.0
 30
0.0
 11
940.0
 21
665.0
 31
0.0
  0
LINE
  5
606
330
17
100
AcDbEntity
  8
SIGNAL_PNEUMATIC
370
18
100
AcDbLine
 10
940.0
 20
650.0
 30
0.0
 11
940.0
 21
655.0
 31
0.0
  0
LINE
  5
607
330
17
100
AcDbEntity
  8
SIGNAL_ELECTRIC
370
18
100
AcDbLine
 10
635.0
 20
585.0
 30
0.0
 11
640.0
 21
585.0
 31
0.0
  0
LINE
  5
608
330
17
100
AcDbEntity
  8
SIGNAL_PNEUMATIC
370
18
100
AcDbLine
 10
670.0
 20
575.0
 30
0.0
 11
725.0
 21
575.0
 31
0.0
  0
LINE
  5
609
330
17
100
AcDbEntity
  8
SIGNAL_PNEUMATIC
370
18
100
AcDbLine
 10
685.0
 20
575.0
 30
0.0
 11
690.0
 21
575.0
 31
0.0
  0
LINE
  5
60A
330
17
100
AcDbEntity
  8
SIGNAL_PNEUMATIC
370
18
100
AcDbLine
 10
715.0
 20
575.0
 30
0.0
 11
720.0
 21
575.0
 31
0.0
  0
ENDSEC
  0
SECTION
  2
OBJECTS
  0
DICTIONARY
  5
A
330
0
100
AcDbDictionary
281
1
  3
ACAD_COLOR
350
B
  3
ACAD_GROUP
350
C
  3
ACAD_LAYOUT
350
D
  3
ACAD_MATERIAL
350
E
  3
ACAD_MLEADERSTYLE
350
F
  3
ACAD_MLINESTYLE
350
10
  3
ACAD_PLOTSETTINGS
350
11
  3
ACAD_PLOTSTYLENAME
350
12
  3
ACAD_SCALELIST
350
14
  3
ACAD_TABLESTYLE
350
15
  3
ACAD_VISUALSTYLE
350
16
  3
EZDXF_META
350
2D
  0
DICTIONARY
  5
B
330
A
100
AcDbDictionary
281
1
  0
DICTIONARY
  5
C
330
A
100
AcDbDictionary
281
1
  0
DICTIONARY
  5
D
330
A
100
AcDbDictionary
281
1
  3
Model
350
1A
  3
Layout1
350
1E
  0
DICTIONARY
  5
E
330
A
100
AcDbDictionary
281
1
  3
ByBlock
350
1F
  3
ByLayer
350
20
  3
Global
350
21
  0
DICTIONARY
  5
F
330
A
100
AcDbDictionary
281
1
  3
Standard
350
2C
  0
DICTIONARY
  5
10
330
A
100
AcDbDictionary
281
1
  3
Standard
350
22
  0
DICTIONARY
  5
11
330
A
100
AcDbDictionary
281
1
  0
ACDBDICTIONARYWDFLT
  5
12
330
A
100
AcDbDictionary
281
1
  3
Normal
350
13
100
AcDbDictionaryWithDefault
340
13
  0
ACDBPLACEHOLDER
  5
13
330
12
  0
DICTIONARY
  5
14
330
A
100
AcDbDictionary
281
1
  0
DICTIONARY
  5
15
330
A
100
AcDbDictionary
281
1
  0
DICTIONARY
  5
16
330
A
100
AcDbDictionary
281
1
  3
2dWireframe
350
5A
  3
Basic
350
5B
  3
Brighten
350
5C
  3
ColorChange
350
5D
  3
Conceptual
350
5E
  3
Dim
350
5F
  3
EdgeColorOff
350
60
  3
Facepattern
350
61
  3
Flat
350
62
  3
FlatWithEdges
350
63
  3
Gouraud
350
64
  3
GouraudWithEdges
350
65
  3
Hidden
350
66
  3
JitterOff
350
67
  3
Linepattern
350
68
  3
Modeling
350
69
  3
OverhangOff
350
6A
  3
Realistic
350
6B
  3
Shaded
350
6C
  3
Shaded with edges
350
6D
  3
Shades of Gray
350
6E
  3
Sketchy
350
6F
  3
Thicken
350
70
  3
Wireframe
350
71
  3
X-Ray
350
72
  0
LAYOUT
  5
1A
330
D
100
AcDbPlotSettings
  1

  4
A3
  6

 40
7.5
 41
20.0
 42
7.5
 43
20.0
 44
420.0
 45
297.0
 46
0.0
 47
0.0
 48
0.0
 49
0.0
140
0.0
141
0.0
142
1.0
143
1.0
 70
1024
 72
1
 73
0
 74
5
  7

 75
16
 76
0
 77
2
 78
300
147
1.0
148
0.0
149
0.0
100
AcDbLayout
  1
Model
 70
1
 71
0
 10
0.0
 20
0.0
 11
420.0
 21
297.0
 12
0.0
 22
0.0
 32
0.0
 14
1e+20
 24
1e+20
 34
1e+20
 15
-1e+20
 25
-1e+20
 35
-1e+20
146
0.0
 13
0.0
 23
0.0
 33
0.0
 16
1.0
 26
0.0
 36
0.0
 17
0.0
 27
1.0
 37
0.0
 76
1
330
17
  0
LAYOUT
  5
1E
330
D
100
AcDbPlotSettings
  1

  4
A3
  6

 40
7.5
 41
20.0
 42
7.5
 43
20.0
 44
420.0
 45
297.0
 46
0.0
 47
0.0
 48
0.0
 49
0.0
140
0.0
141
0.0
142
1.0
143
1.0
 70
0
 72
1
 73
0
 74
5
  7

 75
16
 76
0
 77
2
 78
300
147
1.0
148
0.0
149
0.0
100
AcDbLayout
  1
Layout1
 70
1
 71
1
 10
0.0
 20
0.0
 11
420.0
 21
297.0
 12
0.0
 22
0.0
 32
0.0
 14
1e+20
 24
1e+20
 34
1e+20
 15
-1e+20
 25
-1e+20
 35
-1e+20
146
0.0
 13
0.0
 23
0.0
 33
0.0
 16
1.0
 26
0.0
 36
0.0
 17
0.0
 27
1.0
 37
0.0
 76
1
330
1B
  0
MATERIAL
  5
1F
102
{ACAD_REACTORS
330
E
102
}
330
E
100
AcDbMaterial
  1
ByBlock
  2

 70
0
 40
1.0
 71
1
 41
1.0
 91
-1023410177
 42
1.0
 72
1
  3

 73
1
 74
1
 75
1
 44
0.5
 73
0
 45
1.0
 46
1.0
 77
1
  4

 78
1
 79
1
170
1
 48
1.0
171
1
  6

172
1
173
1
174
1
140
1.0
141
1.0
175
1
  7

176
1
177
1
178
1
143
1.0
179
1
  8

270
1
271
1
272
1
145
1.0
146
1.0
273
1
  9

274
1
275
1
276
1
 42
1.0
 72
1
  3

 73
1
 74
1
 75
1
 94
63
  0
MATERIAL
  5
20
102
{ACAD_REACTORS
330
E
102
}
330
E
100
AcDbMaterial
  1
ByLayer
  2

 70
0
 40
1.0
 71
1
 41
1.0
 91
-1023410177
 42
1.0
 72
1
  3

 73
1
 74
1
 75
1
 44
0.5
 73
0
 45
1.0
 46
1.0
 77
1
  4

 78
1
 79
1
170
1
 48
1.0
171
1
  6

172
1
173
1
174
1
140
1.0
141
1.0
175
1
  7

176
1
177
1
178
1
143
1.0
179
1
  8

270
1
271
1
272
1
145
1.0
146
1.0
273
1
  9

274
1
275
1
276
1
 42
1.0
 72
1
  3

 73
1
 74
1
 75
1
 94
63
  0
MATERIAL
  5
21
102
{ACAD_REACTORS
330
E
102
}
330
E
100
AcDbMaterial
  1
Global
  2

 70
0
 40
1.0
 71
1
 41
1.0
 91
-1023410177
 42
1.0
 72
1
  3

 73
1
 74
1
 75
1
 44
0.5
 73
0
 45
1.0
 46
1.0
 77
1
  4

 78
1
 79
1
170
1
 48
1.0
171
1
  6

172
1
173
1
174
1
140
1.0
141
1.0
175
1
  7

176
1
177
1
178
1
143
1.0
179
1
  8

270
1
271
1
272
1
145
1.0
146
1.0
273
1
  9

274
1
275
1
276
1
 42
1.0
 72
1
  3

 73
1
 74
1
 75
1
 94
63
  0
MLINESTYLE
  5
22
102
{ACAD_REACTORS
330
10
102
}
330
10
100
AcDbMlineStyle
  2
Standard
 70
0
  3

 62
256
 51
90.0
 52
90.0
 71
2
 49
0.5
 62
256
  6
BYLAYER
 49
-0.5
 62
256
  6
BYLAYER
  0
MLEADERSTYLE
  5
2C
102
{ACAD_REACTORS
330
F
102
}
330
F
100
AcDbMLeaderStyle
179
2
170
2
171
1
172
0
 90
2
 40
0.0
 41
0.0
173
1
 91
-1056964608
 92
-2
290
1
 42
2.0
291
1
 43
8.0
  3
Standard
 44
4.0
300

342
29
174
1
175
1
176
0
178
1
 93
-1056964608
 45
4.0
292
0
297
0
 46
4.0
 94
-1056964608
 47
1.0
 49
1.0
140
1.0
294
1
141
0.0
177
0
142
1.0
295
0
296
0
143
3.75
271
0
272
9
273
9
  0
DICTIONARY
  5
2D
330
A
100
AcDbDictionary
280
1
281
1
  3
CREATED_BY_EZDXF
350
2E
  3
WRITTEN_BY_EZDXF
350
60D
  0
DICTIONARYVAR
  5
2E
330
2D
100
DictionaryVariables
280
0
  1
1.4.3 @ 2026-06-05T13:42:34.130964+00:00
  0
VISUALSTYLE
  5
5A
102
{ACAD_REACTORS
330
16
102
}
330
16
100
AcDbVisualStyle
  2
2dWireframe
 70
4
 90
0
 40
0.6
 62
7
290
0
291
0
  0
VISUALSTYLE
  5
5B
102
{ACAD_REACTORS
330
16
102
}
330
16
100
AcDbVisualStyle
  2
Basic
 70
7
 90
1
 40
0.6
 62
7
290
0
291
1
  0
VISUALSTYLE
  5
5C
102
{ACAD_REACTORS
330
16
102
}
330
16
100
AcDbVisualStyle
  2
Brighten
 70
12
 90
2
 40
0.6
 62
7
290
0
291
1
  0
VISUALSTYLE
  5
5D
102
{ACAD_REACTORS
330
16
102
}
330
16
100
AcDbVisualStyle
  2
ColorChange
 70
16
 90
2
 40
0.6
 62
8
290
0
291
1
  0
VISUALSTYLE
  5
5E
102
{ACAD_REACTORS
330
16
102
}
330
16
100
AcDbVisualStyle
  2
Conceptual
 70
9
 90
3
 40
0.6
 62
7
290
0
291
0
  0
VISUALSTYLE
  5
5F
102
{ACAD_REACTORS
330
16
102
}
330
16
100
AcDbVisualStyle
  2
Dim
 70
11
 90
2
 40
0.6
 62
7
290
0
291
1
  0
VISUALSTYLE
  5
60
102
{ACAD_REACTORS
330
16
102
}
330
16
100
AcDbVisualStyle
  2
EdgeColorOff
 70
22
 90
2
 40
0.6
 62
7
290
0
291
1
  0
VISUALSTYLE
  5
61
102
{ACAD_REACTORS
330
16
102
}
330
16
100
AcDbVisualStyle
  2
Facepattern
 70
15
 90
2
 40
0.6
 62
7
290
0
291
1
  0
VISUALSTYLE
  5
62
102
{ACAD_REACTORS
330
16
102
}
330
16
100
AcDbVisualStyle
  2
Flat
 70
0
 90
2
 40
0.6
 62
7
290
0
291
1
  0
VISUALSTYLE
  5
63
102
{ACAD_REACTORS
330
16
102
}
330
16
100
AcDbVisualStyle
  2
FlatWithEdges
 70
1
 90
2
 40
0.6
 62
7
290
0
291
1
  0
VISUALSTYLE
  5
64
102
{ACAD_REACTORS
330
16
102
}
330
16
100
AcDbVisualStyle
  2
Gouraud
 70
2
 90
2
 40
0.6
 62
7
290
0
291
1
  0
VISUALSTYLE
  5
65
102
{ACAD_REACTORS
330
16
102
}
330
16
100
AcDbVisualStyle
  2
GouraudWithEdges
 70
3
 90
2
 40
0.6
 62
7
290
0
291
1
  0
VISUALSTYLE
  5
66
102
{ACAD_REACTORS
330
16
102
}
330
16
100
AcDbVisualStyle
  2
Hidden
 70
6
 90
1
 40
0.6
 62
7
290
0
291
0
  0
VISUALSTYLE
  5
67
102
{ACAD_REACTORS
330
16
102
}
330
16
100
AcDbVisualStyle
  2
JitterOff
 70
20
 90
2
 40
0.6
 62
7
290
0
291
1
  0
VISUALSTYLE
  5
68
102
{ACAD_REACTORS
330
16
102
}
330
16
100
AcDbVisualStyle
  2
Linepattern
 70
14
 90
2
 40
0.6
 62
7
290
0
291
1
  0
VISUALSTYLE
  5
69
102
{ACAD_REACTORS
330
16
102
}
330
16
100
AcDbVisualStyle
  2
Modeling
 70
10
 90
2
 40
0.6
 62
7
290
0
291
0
  0
VISUALSTYLE
  5
6A
102
{ACAD_REACTORS
330
16
102
}
330
16
100
AcDbVisualStyle
  2
OverhangOff
 70
21
 90
2
 40
0.6
 62
7
290
0
291
1
  0
VISUALSTYLE
  5
6B
102
{ACAD_REACTORS
330
16
102
}
330
16
100
AcDbVisualStyle
  2
Realistic
 70
8
 90
2
 40
0.6
 62
7
290
0
291
0
  0
VISUALSTYLE
  5
6C
102
{ACAD_REACTORS
330
16
102
}
330
16
100
AcDbVisualStyle
  2
Shaded
 70
27
 90
2
 40
0.6
 62
7
290
0
291
0
  0
VISUALSTYLE
  5
6D
102
{ACAD_REACTORS
330
16
102
}
330
16
100
AcDbVisualStyle
  2
Shaded with edges
 70
26
 90
2
 40
0.6
 62
7
290
0
291
0
  0
VISUALSTYLE
  5
6E
102
{ACAD_REACTORS
330
16
102
}
330
16
100
AcDbVisualStyle
  2
Shades of Gray
 70
23
 90
2
 40
0.6
 62
7
290
0
291
0
  0
VISUALSTYLE
  5
6F
102
{ACAD_REACTORS
330
16
102
}
330
16
100
AcDbVisualStyle
  2
Sketchy
 70
24
 90
1
 40
0.6
 62
7
290
0
291
0
  0
VISUALSTYLE
  5
70
102
{ACAD_REACTORS
330
16
102
}
330
16
100
AcDbVisualStyle
  2
Thicken
 70
13
 90
2
 40
0.6
 62
7
290
0
291
1
  0
VISUALSTYLE
  5
71
102
{ACAD_REACTORS
330
16
102
}
330
16
100
AcDbVisualStyle
  2
Wireframe
 70
5
 90
0
 40
0.6
 62
7
290
0
291
0
  0
VISUALSTYLE
  5
72
102
{ACAD_REACTORS
330
16
102
}
330
16
100
AcDbVisualStyle
  2
X-Ray
 70
25
 90
2
 40
0.5
 62
7
290
0
291
0
  0
DICTIONARYVAR
  5
60D
330
2D
100
DictionaryVariables
280
0
  1
1.4.3 @ 2026-06-05T13:42:34.980852+00:00
  0
ENDSEC
  0
EOF
