  0
SECTION
  2
HEADER
  9
$ACADVER
  1
AC1024
  9
$ACADMAINTVER
 70
6
  9
$DWGCODEPAGE
  3
ANSI_1252
  9
$LASTSAVEDBY
  1
ezdxf
  9
$INSBASE
 10
0.0
 20
0.0
 30
0.0
  9
$EXTMIN
 10
1e+20
 20
1e+20
 30
1e+20
  9
$EXTMAX
 10
-1e+20
 20
-1e+20
 30
-1e+20
  9
$LIMMIN
 10
0.0
 20
0.0
  9
$LIMMAX
 10
420.0
 20
297.0
  9
$ORTHOMODE
 70
0
  9
$REGENMODE
 70
1
  9
$FILLMODE
 70
1
  9
$QTEXTMODE
 70
0
  9
$MIRRTEXT
 70
1
  9
$LTSCALE
 40
1.0
  9
$ATTMODE
 70
1
  9
$TEXTSIZE
 40
2.5
  9
$TRACEWID
 40
1.0
  9
$TEXTSTYLE
  7
OpenSans
  9
$CLAYER
  8
0
  9
$CELTYPE
  6
ByLayer
  9
$CECOLOR
 62
256
  9
$CELTSCALE
 40
1.0
  9
$DISPSILH
 70
0
  9
$DIMSCALE
 40
1.0
  9
$DIMASZ
 40
0.175
  9
$DIMEXO
 40
0.125
  9
$DIMDLI
 40
3.75
  9
$DIMRND
 40
0.0
  9
$DIMDLE
 40
0.0
  9
$DIMEXE
 40
0.375
  9
$DIMTP
 40
0.0
  9
$DIMTM
 40
0.0
  9
$DIMTXT
 40
0.25
  9
$DIMCEN
 40
2.5
  9
$DIMTSZ
 40
0.0
  9
$DIMTOL
 70
0
  9
$DIMLIM
 70
0
  9
$DIMTIH
 70
0
  9
$DIMTOH
 70
0
  9
$DIMSE1
 70
0
  9
$DIMSE2
 70
0
  9
$DIMTAD
 70
1
  9
$DIMZIN
 70
12
  9
$DIMBLK
  1
ARCHTICK
  9
$DIMASO
 70
1
  9
$DIMSHO
 70
1
  9
$DIMPOST
  1

  9
$DIMAPOST
  1

  9
$DIMALT
 70
0
  9
$DIMALTD
 70
3
  9
$DIMALTF
 40
0.03937007874
  9
$DIMLFAC
 40
100.0
  9
$DIMTOFL
 70
1
  9
$DIMTVP
 40
0.0
  9
$DIMTIX
 70
0
  9
$DIMSOXD
 70
0
  9
$DIMSAH
 70
0
  9
$DIMBLK1
  1

  9
$DIMBLK2
  1

  9
$DIMSTYLE
  2
EZDXF
  9
$DIMCLRD
 70
0
  9
$DIMCLRE
 70
0
  9
$DIMCLRT
 70
0
  9
$DIMTFAC
 40
0.5
  9
$DIMGAP
 40
0.1
  9
$DIMJUST
 70
0
  9
$DIMSD1
 70
0
  9
$DIMSD2
 70
0
  9
$DIMTOLJ
 70
0
  9
$DIMTZIN
 70
8
  9
$DIMALTZ
 70
0
  9
$DIMALTTZ
 70
0
  9
$DIMUPT
 70
1
  9
$DIMDEC
 70
2
  9
$DIMTDEC
 70
2
  9
$DIMALTU
 70
2
  9
$DIMALTTD
 70
3
  9
$DIMTXSTY
  7
OpenSansCondensed-Light
  9
$DIMAUNIT
 70
0
  9
$DIMADEC
 70
2
  9
$DIMALTRND
 40
0.0
  9
$DIMAZIN
 70
3
  9
$DIMDSEP
 70
46
  9
$DIMATFIT
 70
3
  9
$DIMFRAC
 70
0
  9
$DIMLDRBLK
  1

  9
$DIMLUNIT
 70
2
  9
$DIMLWD
 70
-2
  9
$DIMLWE
 70
-2
  9
$DIMTMOVE
 70
2
  9
$DIMFXL
 40
1.0
  9
$DIMFXLON
 70
0
  9
$DIMJOGANG
 40
0.785398163397
  9
$DIMTFILL
 70
0
  9
$DIMTFILLCLR
 70
0
  9
$DIMARCSYM
 70
0
  9
$DIMLTYPE
  6

  9
$DIMLTEX1
  6

  9
$DIMLTEX2
  6

  9
$DIMTXTDIRECTION
 70
0
  9
$LUNITS
 70
2
  9
$LUPREC
 70
4
  9
$SKETCHINC
 40
1.0
  9
$FILLETRAD
 40
10.0
  9
$AUNITS
 70
0
  9
$AUPREC
 70
2
  9
$MENU
  1
.
  9
$ELEVATION
 40
0.0
  9
$PELEVATION
 40
0.0
  9
$THICKNESS
 40
0.0
  9
$LIMCHECK
 70
0
  9
$CHAMFERA
 40
0.0
  9
$CHAMFERB
 40
0.0
  9
$CHAMFERC
 40
0.0
  9
$CHAMFERD
 40
0.0
  9
$SKPOLY
 70
0
  9
$TDCREATE
 40
2461182.797453704
  9
$TDUCREATE
 40
2458532.153996898
  9
$TDUPDATE
 40
2461182.797465278
  9
$TDUUPDATE
 40
2458532.1544311
  9
$TDINDWG
 40
0.0
  9
$TDUSRTIMER
 40
0.0
  9
$USRTIMER
 70
1
  9
$ANGBASE
 50
0.0
  9
$ANGDIR
 70
0
  9
$PDMODE
 70
0
  9
$PDSIZE
 40
0.0
  9
$PLINEWID
 40
0.0
  9
$SPLFRAME
 70
0
  9
$SPLINETYPE
 70
6
  9
$SPLINESEGS
 70
8
  9
$HANDSEED
  5
95C
  9
$SURFTAB1
 70
6
  9
$SURFTAB2
 70
6
  9
$SURFTYPE
 70
6
  9
$SURFU
 70
6
  9
$SURFV
 70
6
  9
$UCSBASE
  2

  9
$UCSNAME
  2

  9
$UCSORG
 10
0.0
 20
0.0
 30
0.0
  9
$UCSXDIR
 10
1.0
 20
0.0
 30
0.0
  9
$UCSYDIR
 10
0.0
 20
1.0
 30
0.0
  9
$UCSORTHOREF
  2

  9
$UCSORTHOVIEW
 70
0
  9
$UCSORGTOP
 10
0.0
 20
0.0
 30
0.0
  9
$UCSORGBOTTOM
 10
0.0
 20
0.0
 30
0.0
  9
$UCSORGLEFT
 10
0.0
 20
0.0
 30
0.0
  9
$UCSORGRIGHT
 10
0.0
 20
0.0
 30
0.0
  9
$UCSORGFRONT
 10
0.0
 20
0.0
 30
0.0
  9
$UCSORGBACK
 10
0.0
 20
0.0
 30
0.0
  9
$PUCSBASE
  2

  9
$PUCSNAME
  2

  9
$PUCSORG
 10
0.0
 20
0.0
 30
0.0
  9
$PUCSXDIR
 10
1.0
 20
0.0
 30
0.0
  9
$PUCSYDIR
 10
0.0
 20
1.0
 30
0.0
  9
$PUCSORTHOREF
  2

  9
$PUCSORTHOVIEW
 70
0
  9
$PUCSORGTOP
 10
0.0
 20
0.0
 30
0.0
  9
$PUCSORGBOTTOM
 10
0.0
 20
0.0
 30
0.0
  9
$PUCSORGLEFT
 10
0.0
 20
0.0
 30
0.0
  9
$PUCSORGRIGHT
 10
0.0
 20
0.0
 30
0.0
  9
$PUCSORGFRONT
 10
0.0
 20
0.0
 30
0.0
  9
$PUCSORGBACK
 10
0.0
 20
0.0
 30
0.0
  9
$USERI1
 70
0
  9
$USERI2
 70
0
  9
$USERI3
 70
0
  9
$USERI4
 70
0
  9
$USERI5
 70
0
  9
$USERR1
 40
0.0
  9
$USERR2
 40
0.0
  9
$USERR3
 40
0.0
  9
$USERR4
 40
0.0
  9
$USERR5
 40
0.0
  9
$WORLDVIEW
 70
1
  9
$SHADEDGE
 70
3
  9
$SHADEDIF
 70
70
  9
$TILEMODE
 70
1
  9
$MAXACTVP
 70
64
  9
$PINSBASE
 10
0.0
 20
0.0
 30
0.0
  9
$PLIMCHECK
 70
0
  9
$PEXTMIN
 10
1e+20
 20
1e+20
 30
1e+20
  9
$PEXTMAX
 10
-1e+20
 20
-1e+20
 30
-1e+20
  9
$PLIMMIN
 10
0.0
 20
0.0
  9
$PLIMMAX
 10
420.0
 20
297.0
  9
$UNITMODE
 70
0
  9
$VISRETAIN
 70
1
  9
$PLINEGEN
 70
0
  9
$PSLTSCALE
 70
1
  9
$TREEDEPTH
 70
3020
  9
$CMLSTYLE
  2
Standard
  9
$CMLJUST
 70
0
  9
$CMLSCALE
 40
20.0
  9
$PROXYGRAPHICS
 70
1
  9
$MEASUREMENT
 70
1
  9
$CELWEIGHT
370
-1
  9
$ENDCAPS
280
0
  9
$JOINSTYLE
280
0
  9
$LWDISPLAY
290
0
  9
$INSUNITS
 70
6
  9
$HYPERLINKBASE
  1

  9
$STYLESHEET
  1

  9
$XEDIT
290
1
  9
$CEPSNTYPE
380
0
  9
$PSTYLEMODE
290
1
  9
$FINGERPRINTGUID
  2
{4916F312-3359-44CF-B7E1-2A89A93F7BAB}
  9
$VERSIONGUID
  2
{F25ACEBE-5D58-4AED-A5B4-A9BC68A419E9}
  9
$EXTNAMES
290
1
  9
$PSVPSCALE
 40
0.0
  9
$OLESTARTUP
290
0
  9
$SORTENTS
280
127
  9
$INDEXCTL
280
0
  9
$HIDETEXT
280
1
  9
$XCLIPFRAME
280
1
  9
$HALOGAP
280
0
  9
$OBSCOLOR
 70
257
  9
$OBSLTYPE
280
0
  9
$INTERSECTIONDISPLAY
280
0
  9
$INTERSECTIONCOLOR
 70
257
  9
$DIMASSOC
280
2
  9
$PROJECTNAME
  1

  9
$CAMERADISPLAY
290
0
  9
$LENSLENGTH
 40
50.0
  9
$CAMERAHEIGHT
 40
0.0
  9
$STEPSPERSEC
 40
24.0
  9
$STEPSIZE
 40
100.0
  9
$3DDWFPREC
 40
2.0
  9
$PSOLWIDTH
 40
0.005
  9
$PSOLHEIGHT
 40
0.08
  9
$LOFTANG1
 40
1.570796326795
  9
$LOFTANG2
 40
1.570796326795
  9
$LOFTMAG1
 40
0.0
  9
$LOFTMAG2
 40
0.0
  9
$LOFTPARAM
 70
7
  9
$LOFTNORMALS
280
1
  9
$LATITUDE
 40
37.795
  9
$LONGITUDE
 40
-122.394
  9
$NORTHDIRECTION
 40
0.0
  9
$TIMEZONE
 70
-8000
  9
$LIGHTGLYPHDISPLAY
280
1
  9
$TILEMODELIGHTSYNCH
280
1
  9
$CMATERIAL
347
20
  9
$SOLIDHIST
280
0
  9
$SHOWHIST
280
1
  9
$DWFFRAME
280
2
  9
$DGNFRAME
280
2
  9
$REALWORLDSCALE
290
1
  9
$INTERFERECOLOR
 62
256
  9
$CSHADOW
280
0
  9
$SHADOWPLANELOCATION
 40
0.0
  0
ENDSEC
  0
SECTION
  2
CLASSES
  0
CLASS
  1
ACDBDICTIONARYWDFLT
  2
AcDbDictionaryWithDefault
  3
ObjectDBX Classes
 90
0
 91
0
280
0
281
0
  0
CLASS
  1
SUN
  2
AcDbSun
  3
SCENEOE
 90
1153
 91
0
280
0
281
0
  0
CLASS
  1
VISUALSTYLE
  2
AcDbVisualStyle
  3
ObjectDBX Classes
 90
4095
 91
0
280
0
281
0
  0
CLASS
  1
MATERIAL
  2
AcDbMaterial
  3
ObjectDBX Classes
 90
1153
 91
0
280
0
281
0
  0
CLASS
  1
SCALE
  2
AcDbScale
  3
ObjectDBX Classes
 90
1153
 91
0
280
0
281
0
  0
CLASS
  1
TABLESTYLE
  2
AcDbTableStyle
  3
ObjectDBX Classes
 90
4095
 91
0
280
0
281
0
  0
CLASS
  1
MLEADERSTYLE
  2
AcDbMLeaderStyle
  3
ACDB_MLEADERSTYLE_CLASS
 90
4095
 91
0
280
0
281
0
  0
CLASS
  1
DICTIONARYVAR
  2
AcDbDictionaryVar
  3
ObjectDBX Classes
 90
0
 91
0
280
0
281
0
  0
CLASS
  1
CELLSTYLEMAP
  2
AcDbCellStyleMap
  3
ObjectDBX Classes
 90
1152
 91
0
280
0
281
0
  0
CLASS
  1
MENTALRAYRENDERSETTINGS
  2
AcDbMentalRayRenderSettings
  3
SCENEOE
 90
1024
 91
0
280
0
281
0
  0
CLASS
  1
ACDBDETAILVIEWSTYLE
  2
AcDbDetailViewStyle
  3
ObjectDBX Classes
 90
1025
 91
0
280
0
281
0
  0
CLASS
  1
ACDBSECTIONVIEWSTYLE
  2
AcDbSectionViewStyle
  3
ObjectDBX Classes
 90
1025
 91
0
280
0
281
0
  0
CLASS
  1
RASTERVARIABLES
  2
AcDbRasterVariables
  3
ISM
 90
0
 91
0
280
0
281
0
  0
CLASS
  1
LAYOUT
  2
AcDbLayout
  3
ObjectDBX Classes
 90
0
 91
0
280
0
281
0
  0
CLASS
  1
ACDBPLACEHOLDER
  2
AcDbPlaceHolder
  3
ObjectDBX Classes
 90
0
 91
0
280
0
281
0
  0
ENDSEC
  0
SECTION
  2
TABLES
  0
TABLE
  2
VPORT
  5
8
330
0
100
AcDbSymbolTable
 70
1
  0
VPORT
  5
23
330
8
100
AcDbSymbolTableRecord
100
AcDbViewportTableRecord
  2
*Active
 70
0
 10
0.0
 20
0.0
 11
1.0
 21
1.0
 12
0.0
 22
0.0
 13
0.0
 23
0.0
 14
0.5
 24
0.5
 15
0.5
 25
0.5
 16
0.0
 26
0.0
 36
1.0
 17
0.0
 27
0.0
 37
0.0
 40
1000.0
 41
1.34
 42
50.0
 43
0.0
 44
0.0
 50
0.0
 51
0.0
 71
0
 72
1000
 73
1
 74
3
 75
0
 76
0
 77
0
 78
0
281
0
 65
0
146
0.0
  0
ENDTAB
  0
TABLE
  2
LTYPE
  5
2
330
0
100
AcDbSymbolTable
 70
23
  0
LTYPE
  5
24
330
2
100
AcDbSymbolTableRecord
100
AcDbLinetypeTableRecord
  2
ByBlock
 70
0
  3

 72
65
 73
0
 40
0.0
  0
LTYPE
  5
25
330
2
100
AcDbSymbolTableRecord
100
AcDbLinetypeTableRecord
  2
ByLayer
 70
0
  3

 72
65
 73
0
 40
0.0
  0
LTYPE
  5
26
330
2
100
AcDbSymbolTableRecord
100
AcDbLinetypeTableRecord
  2
Continuous
 70
0
  3

 72
65
 73
0
 40
0.0
  0
LTYPE
  5
2F
330
2
100
AcDbSymbolTableRecord
100
AcDbLinetypeTableRecord
  2
CENTER
 70
0
  3
Center ____ _ ____ _ ____ _ ____ _ ____ _ ____
 72
65
 73
4
 40
5.08
 49
3.175
 74
0
 49
-0.635
 74
0
 49
0.635
 74
0
 49
-0.635
 74
0
  0
LTYPE
  5
30
330
2
100
AcDbSymbolTableRecord
100
AcDbLinetypeTableRecord
  2
CENTERX2
 70
0
  3
Center (2x) ________  __  ________  __  ________
 72
65
 73
4
 40
8.89
 49
6.35
 74
0
 49
-0.635
 74
0
 49
1.27
 74
0
 49
-0.635
 74
0
  0
LTYPE
  5
31
330
2
100
AcDbSymbolTableRecord
100
AcDbLinetypeTableRecord
  2
CENTER2
 70
0
  3
Center (.5x) ____ _ ____ _ ____ _ ____ _ ____
 72
65
 73
4
 40
2.54
 49
1.587
 74
0
 49
-0.318
 74
0
 49
0.318
 74
0
 49
-0.318
 74
0
  0
LTYPE
  5
32
330
2
100
AcDbSymbolTableRecord
100
AcDbLinetypeTableRecord
  2
DASHED
 70
0
  3
Dashed __ __ __ __ __ __ __ __ __ __ __ __ __ _
 72
65
 73
2
 40
1.524
 49
1.27
 74
0
 49
-0.254
 74
0
  0
LTYPE
  5
33
330
2
100
AcDbSymbolTableRecord
100
AcDbLinetypeTableRecord
  2
DASHEDX2
 70
0
  3
Dashed (2x) ____  ____  ____  ____  ____  ____
 72
65
 73
2
 40
3.048
 49
2.54
 74
0
 49
-0.508
 74
0
  0
LTYPE
  5
34
330
2
100
AcDbSymbolTableRecord
100
AcDbLinetypeTableRecord
  2
DASHED2
 70
0
  3
Dashed (.5x) _ _ _ _ _ _ _ _ _ _ _ _ _ _
 72
65
 73
2
 40
0.762
 49
0.635
 74
0
 49
-0.127
 74
0
  0
LTYPE
  5
35
330
2
100
AcDbSymbolTableRecord
100
AcDbLinetypeTableRecord
  2
PHANTOM
 70
0
  3
Phantom ______  __  __  ______  __  __  ______
 72
65
 73
6
 40
6.35
 49
3.175
 74
0
 49
-0.635
 74
0
 49
0.635
 74
0
 49
-0.635
 74
0
 49
0.635
 74
0
 49
-0.635
 74
0
  0
LTYPE
  5
36
330
2
100
AcDbSymbolTableRecord
100
AcDbLinetypeTableRecord
  2
PHANTOMX2
 70
0
  3
Phantom (2x)____________    ____    ____    ____________
 72
65
 73
6
 40
10.795
 49
6.35
 74
0
 49
-0.635
 74
0
 49
1.27
 74
0
 49
-0.635
 74
0
 49
1.27
 74
0
 49
-0.635
 74
0
  0
LTYPE
  5
37
330
2
100
AcDbSymbolTableRecord
100
AcDbLinetypeTableRecord
  2
PHANTOM2
 70
0
  3
Phantom (.5x) ___ _ _ ___ _ _ ___ _ _ ___ _ _ ___
 72
65
 73
6
 40
3.175
 49
1.587
 74
0
 49
-0.318
 74
0
 49
0.318
 74
0
 49
-0.318
 74
0
 49
0.318
 74
0
 49
-0.318
 74
0
  0
LTYPE
  5
38
330
2
100
AcDbSymbolTableRecord
100
AcDbLinetypeTableRecord
  2
DASHDOT
 70
0
  3
Dash dot __ . __ . __ . __ . __ . __ . __ . __
 72
65
 73
4
 40
3.556
 49
2.54
 74
0
 49
-0.508
 74
0
 49
0.0
 74
0
 49
-0.508
 74
0
  0
LTYPE
  5
39
330
2
100
AcDbSymbolTableRecord
100
AcDbLinetypeTableRecord
  2
DASHDOTX2
 70
0
  3
Dash dot (2x) ____  .  ____  .  ____  .  ____
 72
65
 73
4
 40
6.096
 49
5.08
 74
0
 49
-0.508
 74
0
 49
0.0
 74
0
 49
-0.508
 74
0
  0
LTYPE
  5
3A
330
2
100
AcDbSymbolTableRecord
100
AcDbLinetypeTableRecord
  2
DASHDOT2
 70
0
  3
Dash dot (.5x) _ . _ . _ . _ . _ . _ . _ . _
 72
65
 73
4
 40
1.778
 49
1.27
 74
0
 49
-0.254
 74
0
 49
0.0
 74
0
 49
-0.254
 74
0
  0
LTYPE
  5
3B
330
2
100
AcDbSymbolTableRecord
100
AcDbLinetypeTableRecord
  2
DOT
 70
0
  3
Dot .  .  .  .  .  .  .  .  .  .  .  .  .  .  .  .
 72
65
 73
2
 40
0.508
 49
0.0
 74
0
 49
-0.508
 74
0
  0
LTYPE
  5
3C
330
2
100
AcDbSymbolTableRecord
100
AcDbLinetypeTableRecord
  2
DOTX2
 70
0
  3
Dot (2x) .    .    .    .    .    .    .    . 
 72
65
 73
2
 40
1.016
 49
0.0
 74
0
 49
-1.016
 74
0
  0
LTYPE
  5
3D
330
2
100
AcDbSymbolTableRecord
100
AcDbLinetypeTableRecord
  2
DOT2
 70
0
  3
Dot (.5) . . . . . . . . . . . . . . . . . . . 
 72
65
 73
2
 40
0.254
 49
0.0
 74
0
 49
-0.254
 74
0
  0
LTYPE
  5
3E
330
2
100
AcDbSymbolTableRecord
100
AcDbLinetypeTableRecord
  2
DIVIDE
 70
0
  3
Divide __ . . __ . . __ . . __ . . __ . . __
 72
65
 73
6
 40
4.064
 49
2.54
 74
0
 49
-0.508
 74
0
 49
0.0
 74
0
 49
-0.508
 74
0
 49
0.0
 74
0
 49
-0.508
 74
0
  0
LTYPE
  5
3F
330
2
100
AcDbSymbolTableRecord
100
AcDbLinetypeTableRecord
  2
DIVIDEX2
 70
0
  3
Divide (2x) ____  . .  ____  . .  ____  . .  ____
 72
65
 73
6
 40
6.604
 49
5.08
 74
0
 49
-0.508
 74
0
 49
0.0
 74
0
 49
-0.508
 74
0
 49
0.0
 74
0
 49
-0.508
 74
0
  0
LTYPE
  5
40
330
2
100
AcDbSymbolTableRecord
100
AcDbLinetypeTableRecord
  2
DIVIDE2
 70
0
  3
Divide(.5x) _ . _ . _ . _ . _ . _ . _ . _
 72
65
 73
6
 40
2.032
 49
1.27
 74
0
 49
-0.254
 74
0
 49
0.0
 74
0
 49
-0.254
 74
0
 49
0.0
 74
0
 49
-0.254
 74
0
  0
LTYPE
  5
9D
330
2
100
AcDbSymbolTableRecord
100
AcDbLinetypeTableRecord
  2
DOTTED
 70
0
  3

 72
65
 73
2
 40
0.1
 49
0.01
 74
0
 49
-0.05
 74
0
  0
LTYPE
  5
9E
330
2
100
AcDbSymbolTableRecord
100
AcDbLinetypeTableRecord
  2
SHORT_DASH
 70
0
  3

 72
65
 73
2
 40
1.5
 49
1.0
 74
0
 49
-0.5
 74
0
  0
ENDTAB
  0
TABLE
  2
LAYER
  5
1
330
0
100
AcDbSymbolTable
 70
21
  0
LAYER
  5
27
330
1
100
AcDbSymbolTableRecord
100
AcDbLayerTableRecord
  2
0
 70
0
 62
7
  6
Continuous
370
-3
390
13
347
21
  0
LAYER
  5
28
330
1
100
AcDbSymbolTableRecord
100
AcDbLayerTableRecord
  2
Defpoints
 70
0
 62
7
  6
Continuous
290
0
370
-3
390
13
347
21
  0
LAYER
  5
8A
330
1
100
AcDbSymbolTableRecord
100
AcDbLayerTableRecord
  2
BORDER
 70
0
 62
7
  6
Continuous
370
-3
390
13
347
21
  0
LAYER
  5
8B
330
1
100
AcDbSymbolTableRecord
100
AcDbLayerTableRecord
  2
TABLE
 70
0
 62
8
  6
Continuous
370
-3
390
13
347
21
  0
LAYER
  5
8C
330
1
100
AcDbSymbolTableRecord
100
AcDbLayerTableRecord
  2
TEXT
 70
0
 62
7
  6
Continuous
370
-3
390
13
347
21
  0
LAYER
  5
8D
330
1
100
AcDbSymbolTableRecord
100
AcDbLayerTableRecord
  2
EQUIPMENT
 70
0
 62
7
  6
Continuous
370
-3
390
13
347
21
  0
LAYER
  5
8E
330
1
100
AcDbSymbolTableRecord
100
AcDbLayerTableRecord
  2
SYMBOLS
 70
0
 62
7
  6
Continuous
370
-3
390
13
347
21
  0
LAYER
  5
8F
330
1
100
AcDbSymbolTableRecord
100
AcDbLayerTableRecord
  2
NOZZLES
 70
0
 62
7
  6
Continuous
370
-3
390
13
347
21
  0
LAYER
  5
90
330
1
100
AcDbSymbolTableRecord
100
AcDbLayerTableRecord
  2
PROCESS
 70
0
 62
7
  6
Continuous
370
-3
390
13
347
21
  0
LAYER
  5
91
330
1
100
AcDbSymbolTableRecord
100
AcDbLayerTableRecord
  2
UTILITY
 70
0
 62
8
  6
Continuous
370
-3
390
13
347
21
  0
LAYER
  5
92
330
1
100
AcDbSymbolTableRecord
100
AcDbLayerTableRecord
  2
FLARE
 70
0
 62
7
  6
Continuous
370
-3
390
13
347
21
  0
LAYER
  5
93
330
1
100
AcDbSymbolTableRecord
100
AcDbLayerTableRecord
  2
DRAIN
 70
0
 62
8
  6
Continuous
370
-3
390
13
347
21
  0
LAYER
  5
94
330
1
100
AcDbSymbolTableRecord
100
AcDbLayerTableRecord
  2
VALVES
 70
0
 62
7
  6
Continuous
370
-3
390
13
347
21
  0
LAYER
  5
95
330
1
100
AcDbSymbolTableRecord
100
AcDbLayerTableRecord
  2
INSTRUMENT
 70
0
 62
7
  6
Continuous
370
-3
390
13
347
21
  0
LAYER
  5
96
330
1
100
AcDbSymbolTableRecord
100
AcDbLayerTableRecord
  2
SIGNAL_ELECTRIC
 70
0
 62
8
  6
Continuous
370
-3
390
13
347
21
  0
LAYER
  5
97
330
1
100
AcDbSymbolTableRecord
100
AcDbLayerTableRecord
  2
SIGNAL_PNEUMATIC
 70
0
 62
8
  6
Continuous
370
-3
390
13
347
21
  0
LAYER
  5
98
330
1
100
AcDbSymbolTableRecord
100
AcDbLayerTableRecord
  2
SIGNAL_SOFTWARE
 70
0
 62
8
  6
Continuous
370
-3
390
13
347
21
  0
LAYER
  5
99
330
1
100
AcDbSymbolTableRecord
100
AcDbLayerTableRecord
  2
SIGNAL_SIS
 70
0
 62
8
  6
Continuous
370
-3
390
13
347
21
  0
LAYER
  5
9A
330
1
100
AcDbSymbolTableRecord
100
AcDbLayerTableRecord
  2
IMPULSE_LINE
 70
0
 62
8
  6
Continuous
370
-3
390
13
347
21
  0
LAYER
  5
9B
330
1
100
AcDbSymbolTableRecord
100
AcDbLayerTableRecord
  2
OFFPAGE
 70
0
 62
7
  6
Continuous
370
-3
390
13
347
21
  0
LAYER
  5
9C
330
1
100
AcDbSymbolTableRecord
100
AcDbLayerTableRecord
  2
QA_OVERLAY
 70
0
 62
2
  6
Continuous
370
-3
390
13
347
21
  0
ENDTAB
  0
TABLE
  2
STYLE
  5
5
330
0
100
AcDbSymbolTable
 70
26
  0
STYLE
  5
29
330
5
100
AcDbSymbolTableRecord
100
AcDbTextStyleTableRecord
  2
Standard
 70
0
 40
0.0
 41
1.0
 50
0.0
 71
0
 42
2.5
  3
txt
  4

  0
STYLE
  5
41
330
5
100
AcDbSymbolTableRecord
100
AcDbTextStyleTableRecord
  2
OpenSans-Light
 70
0
 40
0.0
 41
1.0
 50
0.0
 71
0
 42
2.5
  3
OpenSans-Light.ttf
  4

  0
STYLE
  5
42
330
5
100
AcDbSymbolTableRecord
100
AcDbTextStyleTableRecord
  2
OpenSans-Light-Italic
 70
0
 40
0.0
 41
1.0
 50
0.0
 71
0
 42
2.5
  3
OpenSans-LightItalic.ttf
  4

  0
STYLE
  5
43
330
5
100
AcDbSymbolTableRecord
100
AcDbTextStyleTableRecord
  2
OpenSans
 70
0
 40
0.0
 41
1.0
 50
0.0
 71
0
 42
2.5
  3
OpenSans-Regular.ttf
  4

  0
STYLE
  5
44
330
5
100
AcDbSymbolTableRecord
100
AcDbTextStyleTableRecord
  2
OpenSans-Italic
 70
0
 40
0.0
 41
1.0
 50
0.0
 71
0
 42
2.5
  3
OpenSans-Italic.ttf
  4

  0
STYLE
  5
45
330
5
100
AcDbSymbolTableRecord
100
AcDbTextStyleTableRecord
  2
OpenSans-SemiBold
 70
0
 40
0.0
 41
1.0
 50
0.0
 71
0
 42
2.5
  3
OpenSans-SemiBold.ttf
  4

  0
STYLE
  5
46
330
5
100
AcDbSymbolTableRecord
100
AcDbTextStyleTableRecord
  2
OpenSans-SemiBoldItalic
 70
0
 40
0.0
 41
1.0
 50
0.0
 71
0
 42
2.5
  3
OpenSans-SemiBoldItalic.ttf
  4

  0
STYLE
  5
47
330
5
100
AcDbSymbolTableRecord
100
AcDbTextStyleTableRecord
  2
OpenSans-Bold
 70
0
 40
0.0
 41
1.0
 50
0.0
 71
0
 42
2.5
  3
OpenSans-Bold.ttf
  4

  0
STYLE
  5
48
330
5
100
AcDbSymbolTableRecord
100
AcDbTextStyleTableRecord
  2
OpenSans-BoldItalic
 70
0
 40
0.0
 41
1.0
 50
0.0
 71
0
 42
2.5
  3
OpenSans-BoldItalic.ttf
  4

  0
STYLE
  5
49
330
5
100
AcDbSymbolTableRecord
100
AcDbTextStyleTableRecord
  2
OpenSans-ExtraBold
 70
0
 40
0.0
 41
1.0
 50
0.0
 71
0
 42
2.5
  3
OpenSans-ExtraBold.ttf
  4

  0
STYLE
  5
4A
330
5
100
AcDbSymbolTableRecord
100
AcDbTextStyleTableRecord
  2
OpenSans-ExtraBoldItalic
 70
0
 40
0.0
 41
1.0
 50
0.0
 71
0
 42
2.5
  3
OpenSans-ExtraBoldItalic.ttf
  4

  0
STYLE
  5
4B
330
5
100
AcDbSymbolTableRecord
100
AcDbTextStyleTableRecord
  2
OpenSansCondensed-Bold
 70
0
 40
0.0
 41
1.0
 50
0.0
 71
0
 42
2.5
  3
OpenSansCondensed-Bold.ttf
  4

  0
STYLE
  5
4C
330
5
100
AcDbSymbolTableRecord
100
AcDbTextStyleTableRecord
  2
OpenSansCondensed-Light
 70
0
 40
0.0
 41
1.0
 50
0.0
 71
0
 42
2.5
  3
OpenSansCondensed-Light.ttf
  4

  0
STYLE
  5
4D
330
5
100
AcDbSymbolTableRecord
100
AcDbTextStyleTableRecord
  2
OpenSansCondensed-Italic
 70
0
 40
0.0
 41
1.0
 50
0.0
 71
0
 42
2.5
  3
OpenSansCondensed-LightItalic.ttf
  4

  0
STYLE
  5
4E
330
5
100
AcDbSymbolTableRecord
100
AcDbTextStyleTableRecord
  2
LiberationSans
 70
0
 40
0.0
 41
1.0
 50
0.0
 71
0
 42
2.5
  3
LiberationSans-Regular.ttf
  4

  0
STYLE
  5
4F
330
5
100
AcDbSymbolTableRecord
100
AcDbTextStyleTableRecord
  2
LiberationSans-Bold
 70
0
 40
0.0
 41
1.0
 50
0.0
 71
0
 42
2.5
  3
LiberationSans-Bold.ttf
  4

  0
STYLE
  5
50
330
5
100
AcDbSymbolTableRecord
100
AcDbTextStyleTableRecord
  2
LiberationSans-BoldItalic
 70
0
 40
0.0
 41
1.0
 50
0.0
 71
0
 42
2.5
  3
LiberationSans-BoldItalic.ttf
  4

  0
STYLE
  5
51
330
5
100
AcDbSymbolTableRecord
100
AcDbTextStyleTableRecord
  2
LiberationSans-Italic
 70
0
 40
0.0
 41
1.0
 50
0.0
 71
0
 42
2.5
  3
LiberationSans-Italic.ttf
  4

  0
STYLE
  5
52
330
5
100
AcDbSymbolTableRecord
100
AcDbTextStyleTableRecord
  2
LiberationSerif
 70
0
 40
0.0
 41
1.0
 50
0.0
 71
0
 42
2.5
  3
LiberationSerif-Regular.ttf
  4

  0
STYLE
  5
53
330
5
100
AcDbSymbolTableRecord
100
AcDbTextStyleTableRecord
  2
LiberationSerif-Bold
 70
0
 40
0.0
 41
1.0
 50
0.0
 71
0
 42
2.5
  3
LiberationSerif-Bold.ttf
  4

  0
STYLE
  5
54
330
5
100
AcDbSymbolTableRecord
100
AcDbTextStyleTableRecord
  2
LiberationSerif-BoldItalic
 70
0
 40
0.0
 41
1.0
 50
0.0
 71
0
 42
2.5
  3
LiberationSerif-BoldItalic.ttf
  4

  0
STYLE
  5
55
330
5
100
AcDbSymbolTableRecord
100
AcDbTextStyleTableRecord
  2
LiberationSerif-Italic
 70
0
 40
0.0
 41
1.0
 50
0.0
 71
0
 42
2.5
  3
LiberationSerif-Italic.ttf
  4

  0
STYLE
  5
56
330
5
100
AcDbSymbolTableRecord
100
AcDbTextStyleTableRecord
  2
LiberationMono
 70
0
 40
0.0
 41
1.0
 50
0.0
 71
0
 42
2.5
  3
LiberationMono-Regular.ttf
  4

  0
STYLE
  5
57
330
5
100
AcDbSymbolTableRecord
100
AcDbTextStyleTableRecord
  2
LiberationMono-Bold
 70
0
 40
0.0
 41
1.0
 50
0.0
 71
0
 42
2.5
  3
LiberationMono-Bold.ttf
  4

  0
STYLE
  5
58
330
5
100
AcDbSymbolTableRecord
100
AcDbTextStyleTableRecord
  2
LiberationMono-BoldItalic
 70
0
 40
0.0
 41
1.0
 50
0.0
 71
0
 42
2.5
  3
LiberationMono-BoldItalic.ttf
  4

  0
STYLE
  5
59
330
5
100
AcDbSymbolTableRecord
100
AcDbTextStyleTableRecord
  2
LiberationMono-Italic
 70
0
 40
0.0
 41
1.0
 50
0.0
 71
0
 42
2.5
  3
LiberationMono-Italic.ttf
  4

  0
ENDTAB
  0
TABLE
  2
VIEW
  5
7
330
0
100
AcDbSymbolTable
 70
0
  0
ENDTAB
  0
TABLE
  2
UCS
  5
6
330
0
100
AcDbSymbolTable
 70
0
  0
ENDTAB
  0
TABLE
  2
APPID
  5
3
330
0
100
AcDbSymbolTable
 70
3
  0
APPID
  5
2A
330
3
100
AcDbSymbolTableRecord
100
AcDbRegAppTableRecord
  2
ACAD
 70
0
  0
APPID
  5
959
330
3
100
AcDbSymbolTableRecord
100
AcDbRegAppTableRecord
  2
HATCHBACKGROUNDCOLOR
 70
0
  0
APPID
  5
95A
330
3
100
AcDbSymbolTableRecord
100
AcDbRegAppTableRecord
  2
EZDXF
 70
0
  0
ENDTAB
  0
TABLE
  2
DIMSTYLE
  5
4
330
0
100
AcDbSymbolTable
 70
12
100
AcDbDimStyleTable
  0
DIMSTYLE
105
2B
330
4
100
AcDbSymbolTableRecord
100
AcDbDimStyleTableRecord
  2
Standard
 70
0
 40
1.0
 41
2.5
 42
0.625
 43
3.75
 44
1.25
 45
0.0
 46
0.0
 47
0.0
 48
0.0
 49
2.5
140
2.5
141
2.5
142
0.0
143
0.03937007874
144
1.0
145
0.0
146
1.0
147
0.625
148
0.0
 69
0
 70
0
 71
0
 72
0
 73
0
 74
0
 75
0
 76
0
 77
1
 78
8
 79
3
170
0
171
3
172
1
173
0
174
0
175
0
176
0
177
0
178
0
179
2
271
2
272
2
273
2
274
3
275
0
276
0
277
2
278
44
279
0
280
0
281
0
282
0
283
0
284
8
285
0
286
0
288
0
289
3
290
0
371
-2
372
-2
  0
DIMSTYLE
105
73
330
4
100
AcDbSymbolTableRecord
100
AcDbDimStyleTableRecord
  2
EZDXF
 70
0
 40
1.0
 41
0.175
 42
0.125
 43
3.75
 44
0.375
 45
0.0
 46
0.0
 47
0.0
 48
0.0
 49
2.5
140
0.25
141
2.5
142
0.0
143
0.03937007874
144
100.0
145
0.0
146
0.5
147
0.1
148
0.0
 69
0
 70
0
 71
0
 72
0
 73
0
 74
0
 75
0
 76
0
 77
1
 78
12
 79
3
170
0
171
3
172
1
173
0
174
0
175
0
176
0
177
0
178
0
179
2
271
2
272
2
273
2
274
3
275
0
276
0
277
2
278
46
279
2
280
0
281
0
282
0
283
0
284
8
285
0
286
0
288
1
289
3
290
0
340
4C
342
74
371
-2
372
-2
  0
DIMSTYLE
105
7C
330
4
100
AcDbSymbolTableRecord
100
AcDbDimStyleTableRecord
  2
EZ_M_100_H25_CM
 70
0
 40
1.0
 41
0.25
 42
0.125
 43
3.75
 44
0.375
 45
0.0
 46
0.0
 47
0.0
 48
0.0
 49
2.5
140
0.25
141
2.5
142
0.125
143
0.03937007874
144
100.0
145
0.0
146
0.5
147
0.1
148
0.0
 69
0
 70
0
 71
0
 72
0
 73
0
 74
0
 75
0
 76
0
 77
1
 78
12
 79
3
170
0
171
3
172
1
173
0
174
0
175
0
176
0
177
0
178
0
179
2
271
2
272
2
273
2
274
3
275
0
276
0
277
2
278
46
279
2
280
0
281
0
282
0
283
0
284
8
285
0
286
0
288
1
289
3
290
0
340
4C
371
-2
372
-2
  0
DIMSTYLE
105
7D
330
4
100
AcDbSymbolTableRecord
100
AcDbDimStyleTableRecord
  2
EZ_M_50_H25_CM
 70
0
 40
1.0
 41
0.125
 42
0.0625
 43
3.75
 44
0.1875
 45
0.0
 46
0.0
 47
0.0
 48
0.0
 49
2.5
140
0.125
141
2.5
142
0.0625
143
0.03937007874
144
100.0
145
0.0
146
0.5
147
0.05
148
0.0
 69
0
 70
0
 71
0
 72
0
 73
0
 74
0
 75
0
 76
0
 77
1
 78
12
 79
3
170
0
171
3
172
1
173
0
174
0
175
0
176
0
177
0
178
0
179
2
271
2
272
2
273
2
274
3
275
0
276
0
277
2
278
46
279
2
280
0
281
0
282
0
283
0
284
8
285
0
286
0
288
1
289
3
290
0
340
4C
371
-2
372
-2
  0
DIMSTYLE
105
7E
330
4
100
AcDbSymbolTableRecord
100
AcDbDimStyleTableRecord
  2
EZ_M_25_H25_CM
 70
0
 40
1.0
 41
0.0625
 42
0.03125
 43
3.75
 44
0.09375
 45
0.0
 46
0.0
 47
0.0
 48
0.0
 49
2.5
140
0.0625
141
2.5
142
0.03125
143
0.03937007874
144
100.0
145
0.0
146
0.5
147
0.025
148
0.0
 69
0
 70
0
 71
0
 72
0
 73
0
 74
0
 75
0
 76
0
 77
1
 78
12
 79
3
170
0
171
3
172
1
173
0
174
0
175
0
176
0
177
0
178
0
179
2
271
2
272
2
273
2
274
3
275
0
276
0
277
2
278
46
279
2
280
0
281
0
282
0
283
0
284
8
285
0
286
0
288
1
289
3
290
0
340
4C
371
-2
372
-2
  0
DIMSTYLE
105
7F
330
4
100
AcDbSymbolTableRecord
100
AcDbDimStyleTableRecord
  2
EZ_M_20_H25_CM
 70
0
 40
1.0
 41
0.05
 42
0.025
 43
3.75
 44
0.07500000000000001
 45
0.0
 46
0.0
 47
0.0
 48
0.0
 49
2.5
140
0.05
141
2.5
142
0.025
143
0.03937007874
144
100.0
145
0.0
146
0.5
147
0.020000000000000004
148
0.0
 69
0
 70
0
 71
0
 72
0
 73
0
 74
0
 75
0
 76
0
 77
1
 78
12
 79
3
170
0
171
3
172
1
173
0
174
0
175
0
176
0
177
0
178
0
179
2
271
2
272
2
273
2
274
3
275
0
276
0
277
2
278
46
279
2
280
0
281
0
282
0
283
0
284
8
285
0
286
0
288
1
289
3
290
0
340
4C
371
-2
372
-2
  0
DIMSTYLE
105
80
330
4
100
AcDbSymbolTableRecord
100
AcDbDimStyleTableRecord
  2
EZ_M_10_H25_CM
 70
0
 40
1.0
 41
0.025
 42
0.0125
 43
3.75
 44
0.037500000000000006
 45
0.0
 46
0.0
 47
0.0
 48
0.0
 49
2.5
140
0.025
141
2.5
142
0.0125
143
0.03937007874
144
100.0
145
0.0
146
0.5
147
0.010000000000000002
148
0.0
 69
0
 70
0
 71
0
 72
0
 73
0
 74
0
 75
0
 76
0
 77
1
 78
12
 79
3
170
0
171
3
172
1
173
0
174
0
175
0
176
0
177
0
178
0
179
2
271
2
272
2
273
2
274
3
275
0
276
0
277
2
278
46
279
2
280
0
281
0
282
0
283
0
284
8
285
0
286
0
288
1
289
3
290
0
340
4C
371
-2
372
-2
  0
DIMSTYLE
105
81
330
4
100
AcDbSymbolTableRecord
100
AcDbDimStyleTableRecord
  2
EZ_M_5_H25_CM
 70
0
 40
1.0
 41
0.0125
 42
0.00625
 43
3.75
 44
0.018750000000000003
 45
0.0
 46
0.0
 47
0.0
 48
0.0
 49
2.5
140
0.0125
141
2.5
142
0.00625
143
0.03937007874
144
100.0
145
0.0
146
0.5
147
0.005000000000000001
148
0.0
 69
0
 70
0
 71
0
 72
0
 73
0
 74
0
 75
0
 76
0
 77
1
 78
12
 79
3
170
0
171
3
172
1
173
0
174
0
175
0
176
0
177
0
178
0
179
2
271
2
272
2
273
2
274
3
275
0
276
0
277
2
278
46
279
2
280
0
281
0
282
0
283
0
284
8
285
0
286
0
288
1
289
3
290
0
340
4C
371
-2
372
-2
  0
DIMSTYLE
105
82
330
4
100
AcDbSymbolTableRecord
100
AcDbDimStyleTableRecord
  2
EZ_M_1_H25_CM
 70
0
 40
1.0
 41
0.0025
 42
0.00125
 43
3.75
 44
0.00375
 45
0.0
 46
0.0
 47
0.0
 48
0.0
 49
2.5
140
0.0025
141
2.5
142
0.00125
143
0.03937007874
144
100.0
145
0.0
146
0.5
147
0.001
148
0.0
 69
0
 70
0
 71
0
 72
0
 73
0
 74
0
 75
0
 76
0
 77
1
 78
12
 79
3
170
0
171
3
172
1
173
0
174
0
175
0
176
0
177
0
178
0
179
2
271
2
272
2
273
2
274
3
275
0
276
0
277
2
278
46
279
2
280
0
281
0
282
0
283
0
284
8
285
0
286
0
288
1
289
3
290
0
340
4C
371
-2
372
-2
  0
DIMSTYLE
105
83
330
4
100
AcDbSymbolTableRecord
100
AcDbDimStyleTableRecord
  2
EZ_RADIUS
 70
0
 40
1.0
 41
0.25
 42
0.125
 43
3.75
 44
0.375
 45
0.0
 46
0.0
 47
0.0
 48
0.0
 49
2.5
140
0.25
141
0.0
142
0.0
143
0.03937007874
144
100.0
145
0.0
146
0.5
147
0.1
148
0.0
 69
0
 70
0
 71
0
 72
0
 73
0
 74
0
 75
0
 76
0
 77
1
 78
12
 79
3
170
0
171
3
172
0
173
0
174
0
175
0
176
0
177
0
178
0
179
2
271
2
272
2
273
2
274
3
275
0
276
0
277
2
278
46
279
1
280
0
281
0
282
0
283
0
284
8
285
0
286
0
288
1
289
3
290
0
340
4C
342
84
371
-2
372
-2
  0
DIMSTYLE
105
88
330
4
100
AcDbSymbolTableRecord
100
AcDbDimStyleTableRecord
  2
EZ_RADIUS_INSIDE
 70
0
 40
1.0
 41
0.25
 42
0.125
 43
3.75
 44
0.375
 45
0.0
 46
0.0
 47
0.0
 48
0.0
 49
2.5
140
0.25
141
0.0
142
0.0
143
0.03937007874
144
100.0
145
0.0
146
0.5
147
0.1
148
0.0
 69
0
 70
0
 71
0
 72
0
 73
0
 74
0
 75
0
 76
0
 77
0
 78
12
 79
3
170
0
171
3
172
0
173
0
174
1
175
0
176
0
177
0
178
0
179
2
271
2
272
2
273
2
274
3
275
0
276
0
277
2
278
46
279
0
280
0
281
0
282
0
283
0
284
8
285
0
286
0
288
1
289
0
290
0
340
4C
342
84
371
-2
372
-2
  0
DIMSTYLE
105
89
330
4
100
AcDbSymbolTableRecord
100
AcDbDimStyleTableRecord
  2
EZ_CURVED
 70
0
 40
1.0
 41
0.25
 42
0.125
 43
3.75
 44
0.375
 45
0.0
 46
0.0
 47
0.0
 48
0.0
 49
2.5
140
0.25
141
2.5
142
0.0
143
0.03937007874
144
100.0
145
0.0
146
0.5
147
0.1
148
0.0
 69
0
 70
0
 71
0
 72
0
 73
0
 74
0
 75
0
 76
0
 77
1
 78
12
 79
2
 90
2
170
0
171
3
172
1
173
0
174
0
175
0
176
0
177
0
178
0
179
2
271
2
272
2
273
2
274
3
275
0
276
0
277
2
278
46
279
2
280
0
281
0
282
0
283
0
284
8
285
0
286
0
288
1
289
3
290
0
340
4C
371
-2
372
-2
  0
ENDTAB
  0
TABLE
  2
BLOCK_RECORD
  5
9
330
0
100
AcDbSymbolTable
 70
24
  0
BLOCK_RECORD
  5
17
330
9
100
AcDbSymbolTableRecord
100
AcDbBlockTableRecord
  2
*Model_Space
340
1A
 70
0
280
1
281
0
  0
BLOCK_RECORD
  5
1B
330
9
100
AcDbSymbolTableRecord
100
AcDbBlockTableRecord
  2
*Paper_Space
340
1E
 70
0
280
1
281
0
  0
BLOCK_RECORD
  5
74
330
9
100
AcDbSymbolTableRecord
100
AcDbBlockTableRecord
  2
_ARCHTICK
340
0
 70
0
280
1
281
0
  0
BLOCK_RECORD
  5
78
330
9
100
AcDbSymbolTableRecord
100
AcDbBlockTableRecord
  2
_CLOSEDFILLED
340
0
 70
0
280
1
281
0
  0
BLOCK_RECORD
  5
84
330
9
100
AcDbSymbolTableRecord
100
AcDbBlockTableRecord
  2
_CLOSEDBLANK
340
0
 70
0
280
1
281
0
  0
BLOCK_RECORD
  5
9F
330
9
100
AcDbSymbolTableRecord
100
AcDbBlockTableRecord
  2
YAML_PID_ANALYZER
340
0
 70
0
280
1
281
0
  0
BLOCK_RECORD
  5
DE
330
9
100
AcDbSymbolTableRecord
100
AcDbBlockTableRecord
  2
YAML_PID_CENTRIFUGAL_PUMP
340
0
 70
0
280
1
281
0
  0
BLOCK_RECORD
  5
E8
330
9
100
AcDbSymbolTableRecord
100
AcDbBlockTableRecord
  2
YAML_PID_CHECK_VALVE
340
0
 70
0
280
1
281
0
  0
BLOCK_RECORD
  5
F6
330
9
100
AcDbSymbolTableRecord
100
AcDbBlockTableRecord
  2
YAML_PID_COLUMN_TRAYS
340
0
 70
0
280
1
281
0
  0
BLOCK_RECORD
  5
100
330
9
100
AcDbSymbolTableRecord
100
AcDbBlockTableRecord
  2
YAML_PID_CONTROL_VALVE
340
0
 70
0
280
1
281
0
  0
BLOCK_RECORD
  5
116
330
9
100
AcDbSymbolTableRecord
100
AcDbBlockTableRecord
  2
YAML_PID_DCS_CONTROLLER
340
0
 70
0
280
1
281
0
  0
BLOCK_RECORD
  5
129
330
9
100
AcDbSymbolTableRecord
100
AcDbBlockTableRecord
  2
YAML_PID_DEETHANIZER_COLUMN
340
0
 70
0
280
1
281
0
  0
BLOCK_RECORD
  5
12F
330
9
100
AcDbSymbolTableRecord
100
AcDbBlockTableRecord
  2
YAML_PID_FEED_BOTTOMS_EXCHANGER
340
0
 70
0
280
1
281
0
  0
BLOCK_RECORD
  5
13D
330
9
100
AcDbSymbolTableRecord
100
AcDbBlockTableRecord
  2
YAML_PID_FIELD_INSTRUMENT
340
0
 70
0
280
1
281
0
  0
BLOCK_RECORD
  5
148
330
9
100
AcDbSymbolTableRecord
100
AcDbBlockTableRecord
  2
YAML_PID_MANUAL_BLOCK_VALVE
340
0
 70
0
280
1
281
0
  0
BLOCK_RECORD
  5
14C
330
9
100
AcDbSymbolTableRecord
100
AcDbBlockTableRecord
  2
YAML_PID_NOZZLE
340
0
 70
0
280
1
281
0
  0
BLOCK_RECORD
  5
153
330
9
100
AcDbSymbolTableRecord
100
AcDbBlockTableRecord
  2
YAML_PID_OFFPAGE_CONNECTOR
340
0
 70
0
280
1
281
0
  0
BLOCK_RECORD
  5
15D
330
9
100
AcDbSymbolTableRecord
100
AcDbBlockTableRecord
  2
YAML_PID_OVERHEAD_CONDENSER
340
0
 70
0
280
1
281
0
  0
BLOCK_RECORD
  5
170
330
9
100
AcDbSymbolTableRecord
100
AcDbBlockTableRecord
  2
YAML_PID_REBOILER
340
0
 70
0
280
1
281
0
  0
BLOCK_RECORD
  5
17E
330
9
100
AcDbSymbolTableRecord
100
AcDbBlockTableRecord
  2
YAML_PID_REFLUX_DRUM
340
0
 70
0
280
1
281
0
  0
BLOCK_RECORD
  5
184
330
9
100
AcDbSymbolTableRecord
100
AcDbBlockTableRecord
  2
YAML_PID_RELIEF_VALVE
340
0
 70
0
280
1
281
0
  0
BLOCK_RECORD
  5
18D
330
9
100
AcDbSymbolTableRecord
100
AcDbBlockTableRecord
  2
YAML_PID_RESTRICTION_ORIFICE
340
0
 70
0
280
1
281
0
  0
BLOCK_RECORD
  5
193
330
9
100
AcDbSymbolTableRecord
100
AcDbBlockTableRecord
  2
YAML_PID_SAMPLE_POINT
340
0
 70
0
280
1
281
0
  0
BLOCK_RECORD
  5
1A7
330
9
100
AcDbSymbolTableRecord
100
AcDbBlockTableRecord
  2
YAML_PID_SHUTDOWN_VALVE
340
0
 70
0
280
1
281
0
  0
ENDTAB
  0
ENDSEC
  0
SECTION
  2
BLOCKS
  0
BLOCK
  5
18
330
17
100
AcDbEntity
  8
0
100
AcDbBlockBegin
  2
*Model_Space
 70
0
 10
0.0
 20
0.0
 30
0.0
  3
*Model_Space
  1

  0
ENDBLK
  5
19
330
17
100
AcDbEntity
  8
0
100
AcDbBlockEnd
  0
BLOCK
  5
1C
330
1B
100
AcDbEntity
  8
0
100
AcDbBlockBegin
  2
*Paper_Space
 70
0
 10
0.0
 20
0.0
 30
0.0
  3
*Paper_Space
  1

  0
ENDBLK
  5
1D
330
1B
100
AcDbEntity
  8
0
100
AcDbBlockEnd
  0
BLOCK
  5
75
330
74
100
AcDbEntity
  8
0
100
AcDbBlockBegin
  2
_ARCHTICK
 70
0
 10
0.0
 20
0.0
 30
0.0
  3
_ARCHTICK
  1

  0
LWPOLYLINE
  5
77
330
74
100
AcDbEntity
  8
0
  6
BYBLOCK
 62
0
100
AcDbPolyline
 90
2
 70
0
 43
0.15
 10
-0.5
 20
-0.5
 10
0.5
 20
0.5
  0
ENDBLK
  5
76
330
74
100
AcDbEntity
  8
0
100
AcDbBlockEnd
  0
BLOCK
  5
79
330
78
100
AcDbEntity
  8
0
100
AcDbBlockBegin
  2
_CLOSEDFILLED
 70
0
 10
0.0
 20
0.0
 30
0.0
  3
_CLOSEDFILLED
  1

  0
SOLID
  5
7B
330
78
100
AcDbEntity
  8
0
  6
BYBLOCK
 62
0
100
AcDbTrace
 10
-1.0
 20
0.16439898372402537
 30
0.0
 11
0.0
 21
0.0
 31
0.0
 12
-1.0
 22
-0.16439898372402537
 32
0.0
 13
-1.0
 23
-0.16439898372402537
 33
0.0
  0
ENDBLK
  5
7A
330
78
100
AcDbEntity
  8
0
100
AcDbBlockEnd
  0
BLOCK
  5
85
330
84
100
AcDbEntity
  8
0
100
AcDbBlockBegin
  2
_CLOSEDBLANK
 70
0
 10
0.0
 20
0.0
 30
0.0
  3
_CLOSEDBLANK
  1

  0
LWPOLYLINE
  5
87
330
84
100
AcDbEntity
  8
0
  6
BYBLOCK
 62
0
100
AcDbPolyline
 90
3
 70
1
 10
-1.0
 20
0.16439898372402537
 10
0.0
 20
0.0
 10
-1.0
 20
-0.16439898372402537
  0
ENDBLK
  5
86
330
84
100
AcDbEntity
  8
0
100
AcDbBlockEnd
  0
BLOCK
  5
A0
330
9F
100
AcDbEntity
  8
0
100
AcDbBlockBegin
  2
YAML_PID_ANALYZER
 70
0
 10
0.0
 20
0.0
 30
0.0
  3
YAML_PID_ANALYZER
  1

  0
ARC
  5
A2
330
9F
100
AcDbEntity
  8
DEFAULT_255_2_778
100
AcDbCircle
 10
0.0787313499999982
 20
0.004117649999999973
 30
0.0
 40
6.6933326
100
AcDbArc
 50
168.541472
 51
180.0352475
  0
ARC
  5
A3
330
9F
100
AcDbEntity
  8
DEFAULT_255_2_778
100
AcDbCircle
 10
-0.0390592500000011
 20
0.026003250000000033
 30
0.0
 40
6.5735422
100
AcDbArc
 50
153.0463229
 51
168.5244689
  0
ARC
  5
A4
330
9F
100
AcDbEntity
  8
DEFAULT_255_2_778
100
AcDbCircle
 10
-0.010484050000000522
 20
0.009723950000000148
 30
0.0
 40
6.6063925
100
AcDbArc
 50
109.7078398
 51
153.0328055
  0
ARC
  5
A5
330
9F
100
AcDbEntity
  8
DEFAULT_255_2_778
100
AcDbCircle
 10
-0.0186452500000005
 20
0.013322250000000313
 30
0.0
 40
6.6002561
100
AcDbArc
 50
96.3164082
 51
109.6516769
  0
ARC
  5
A6
330
9F
100
AcDbEntity
  8
DEFAULT_255_2_778
100
AcDbCircle
 10
-0.0014761500000002314
 20
-0.12957074999999962
 30
0.0
 40
6.7441708
100
AcDbArc
 50
89.9874593
 51
96.3278261
  0
ARC
  5
A7
330
9F
100
AcDbEntity
  8
DEFAULT_255_2_778
100
AcDbCircle
 10
0.004117649999999529
 20
-0.07873134999999998
 30
0.0
 40
6.6933326
100
AcDbArc
 50
78.541472
 51
90.0352475
  0
ARC
  5
A8
330
9F
100
AcDbEntity
  8
DEFAULT_255_2_778
100
AcDbCircle
 10
0.0260032499999987
 20
0.03905925000000021
 30
0.0
 40
6.5735422
100
AcDbArc
 50
63.0463229
 51
78.5244689
  0
ARC
  5
A9
330
9F
100
AcDbEntity
  8
DEFAULT_255_2_778
100
AcDbCircle
 10
0.009723949999999704
 20
0.010484050000000078
 30
0.0
 40
6.6063925
100
AcDbArc
 50
19.7078398
 51
63.0328055
  0
ARC
  5
AA
330
9F
100
AcDbEntity
  8
DEFAULT_255_2_778
100
AcDbCircle
 10
0.013322249999998093
 20
0.018645250000000058
 30
0.0
 40
6.6002561
100
AcDbArc
 50
6.3164082
 51
19.6516769
  0
ARC
  5
AB
330
9F
100
AcDbEntity
  8
DEFAULT_255_2_778
100
AcDbCircle
 10
-0.12957075000000096
 20
0.0014761500000002314
 30
0.0
 40
6.7441708
100
AcDbArc
 50
359.9874593
 51
6.3278261
  0
ARC
  5
AC
330
9F
100
AcDbEntity
  8
DEFAULT_255_2_778
100
AcDbCircle
 10
-0.07873135000000175
 20
-0.004117649999999973
 30
0.0
 40
6.6933326
100
AcDbArc
 50
348.541472
 51
0.0352475
  0
ARC
  5
AD
330
9F
100
AcDbEntity
  8
DEFAULT_255_2_778
100
AcDbCircle
 10
0.039059249999999324
 20
-0.026003250000000033
 30
0.0
 40
6.5735422
100
AcDbArc
 50
333.0463229
 51
348.5244689
  0
ARC
  5
AE
330
9F
100
AcDbEntity
  8
DEFAULT_255_2_778
100
AcDbCircle
 10
0.010484049999998746
 20
-0.009723949999999704
 30
0.0
 40
6.6063925
100
AcDbArc
 50
289.7078398
 51
333.0328055
  0
ARC
  5
AF
330
9F
100
AcDbEntity
  8
DEFAULT_255_2_778
100
AcDbCircle
 10
0.018645249999998725
 20
-0.013322249999999869
 30
0.0
 40
6.6002561
100
AcDbArc
 50
276.3164082
 51
289.6516769
  0
ARC
  5
B0
330
9F
100
AcDbEntity
  8
DEFAULT_255_2_778
100
AcDbCircle
 10
0.001476149999998455
 20
0.12957075000000007
 30
0.0
 40
6.7441708
100
AcDbArc
 50
269.9874593
 51
276.3278261
  0
ARC
  5
B1
330
9F
100
AcDbEntity
  8
DEFAULT_255_2_778
100
AcDbCircle
 10
-0.004117650000001305
 20
0.07873134999999998
 30
0.0
 40
6.6933326
100
AcDbArc
 50
258.541472
 51
270.0352475
  0
ARC
  5
B2
330
9F
100
AcDbEntity
  8
DEFAULT_255_2_778
100
AcDbCircle
 10
-0.026003250000000477
 20
-0.03905924999999977
 30
0.0
 40
6.5735422
100
AcDbArc
 50
243.0463229
 51
258.5244689
  0
ARC
  5
B3
330
9F
100
AcDbEntity
  8
DEFAULT_255_2_778
100
AcDbCircle
 10
-0.00972395000000148
 20
-0.010484049999999634
 30
0.0
 40
6.6063925
100
AcDbArc
 50
199.7078398
 51
243.0328055
  0
ARC
  5
B4
330
9F
100
AcDbEntity
  8
DEFAULT_255_2_778
100
AcDbCircle
 10
-0.013322250000001645
 20
-0.018645250000000058
 30
0.0
 40
6.6002561
100
AcDbArc
 50
186.3164082
 51
199.6516769
  0
ARC
  5
B5
330
9F
100
AcDbEntity
  8
DEFAULT_255_2_778
100
AcDbCircle
 10
0.12957074999999918
 20
-0.0014761499999997874
 30
0.0
 40
6.7441708
100
AcDbArc
 50
179.9874593
 51
186.3278261
  0
LINE
  5
B6
330
9F
100
AcDbEntity
  8
DEFAULT_255_2_778
100
AcDbLine
 10
-6.614599950000001
 20
-4.999999969612645e-08
 30
0.0
 11
-6.614599950000001
 21
-4.999999969612645e-08
 31
0.0
  0
LINE
  5
B7
330
9F
100
AcDbEntity
  8
DEFAULT_255_1_542
100
AcDbLine
 10
-0.9088545500000009
 20
2.06261685
 30
0.0
 11
-1.313448450000001
 21
2.06261685
 31
0.0
  0
LINE
  5
B8
330
9F
100
AcDbEntity
  8
DEFAULT_255_1_542
100
AcDbLine
 10
-1.313448450000001
 20
2.06261685
 30
0.0
 11
-1.313448450000001
 21
3.5243754500000004
 31
0.0
  0
LINE
  5
B9
330
9F
100
AcDbEntity
  8
DEFAULT_255_1_542
100
AcDbLine
 10
-1.313448450000001
 20
3.5243754500000004
 30
0.0
 11
-0.9008229500000002
 21
3.5243754500000004
 31
0.0
  0
LINE
  5
BA
330
9F
100
AcDbEntity
  8
DEFAULT_255_1_542
100
AcDbLine
 10
-0.2562837500000015
 20
2.84268995
 30
0.0
 11
-0.2562837500000015
 21
2.74932215
 31
0.0
  0
LINE
  5
BB
330
9F
100
AcDbEntity
  8
DEFAULT_255_1_542
100
AcDbLine
 10
-0.8958031500000008
 20
3.36575055
 30
0.0
 11
-1.120689050000001
 21
3.36575055
 31
0.0
  0
LINE
  5
BC
330
9F
100
AcDbEntity
  8
DEFAULT_255_1_542
100
AcDbLine
 10
-1.120689050000001
 20
3.36575055
 30
0.0
 11
-1.120689050000001
 21
2.2202377500000003
 31
0.0
  0
LINE
  5
BD
330
9F
100
AcDbEntity
  8
DEFAULT_255_1_542
100
AcDbLine
 10
-1.120689050000001
 20
2.2202377500000003
 30
0.0
 11
-0.9178901500000016
 21
2.2202377500000003
 31
0.0
  0
LINE
  5
BE
330
9F
100
AcDbEntity
  8
DEFAULT_255_1_542
100
AcDbLine
 10
-0.4470352500000008
 20
2.75333795
 30
0.0
 11
-0.4470352500000008
 21
2.8386741500000006
 31
0.0
  0
ARC
  5
BF
330
9F
100
AcDbEntity
  8
DEFAULT_255_1_542
100
AcDbCircle
 10
-0.895956850000001
 20
2.79121335
 30
0.0
 40
0.7331782
100
AcDbArc
 50
75.4101014
 51
90.3802694
  0
ARC
  5
C0
330
9F
100
AcDbEntity
  8
DEFAULT_255_1_542
100
AcDbCircle
 10
-0.867262150000002
 20
2.9108010500000003
 30
0.0
 40
0.6102233
100
AcDbArc
 50
60.1455537
 51
75.1890284
  0
ARC
  5
C1
330
9F
100
AcDbEntity
  8
DEFAULT_255_1_542
100
AcDbCircle
 10
-0.847420050000002
 20
2.9453801500000005
 30
0.0
 40
0.5703556
100
AcDbArc
 50
26.5254113
 51
60.1450941
  0
ARC
  5
C2
330
9F
100
AcDbEntity
  8
DEFAULT_255_1_542
100
AcDbCircle
 10
-0.987446450000002
 20
2.87112755
 30
0.0
 40
0.7288136
100
AcDbArc
 50
7.4030186
 51
26.832131
  0
ARC
  5
C3
330
9F
100
AcDbEntity
  8
DEFAULT_255_1_542
100
AcDbCircle
 10
-1.1867383500000006
 20
2.84008205
 30
0.0
 40
0.9304584
100
AcDbArc
 50
0.160588
 51
7.7175801
  0
ARC
  5
C4
330
9F
100
AcDbEntity
  8
DEFAULT_255_1_542
100
AcDbCircle
 10
-1.1662431500000014
 20
2.74453755
 30
0.0
 40
0.909972
100
AcDbArc
 50
348.729
 51
0.3012613
  0
ARC
  5
C5
330
9F
100
AcDbEntity
  8
DEFAULT_255_1_542
100
AcDbCircle
 10
-0.9591942500000012
 20
2.70340945
 30
0.0
 40
0.6988779
100
AcDbArc
 50
333.0707277
 51
348.7181154
  0
ARC
  5
C6
330
9F
100
AcDbEntity
  8
DEFAULT_255_1_542
100
AcDbCircle
 10
-0.8383440500000017
 20
2.6377743500000004
 30
0.0
 40
0.5614194
100
AcDbArc
 50
299.2531153
 51
333.4571273
  0
ARC
  5
C7
330
9F
100
AcDbEntity
  8
DEFAULT_255_1_542
100
AcDbCircle
 10
-0.8834535500000005
 20
2.72346525
 30
0.0
 40
0.6582306
100
AcDbArc
 50
278.1072906
 51
299.0339478
  0
ARC
  5
C8
330
9F
100
AcDbEntity
  8
DEFAULT_255_1_542
100
AcDbCircle
 10
-0.9154441500000008
 20
2.9119143500000004
 30
0.0
 40
0.849323
100
AcDbArc
 50
270.4445459
 51
278.4509706
  0
ARC
  5
C9
330
9F
100
AcDbEntity
  8
DEFAULT_255_1_542
100
AcDbCircle
 10
-0.9128388500000018
 20
2.7957673499999998
 30
0.0
 40
0.5755517
100
AcDbArc
 50
269.4971374
 51
284.0204007
  0
ARC
  5
CA
330
9F
100
AcDbEntity
  8
DEFAULT_255_1_542
100
AcDbCircle
 10
-0.8684249500000014
 20
2.62510585
 30
0.0
 40
0.3992182
100
AcDbArc
 50
283.7699562
 51
318.1556187
  0
ARC
  5
CB
330
9F
100
AcDbEntity
  8
DEFAULT_255_1_542
100
AcDbCircle
 10
-0.9105823500000003
 20
2.6566562499999997
 30
0.0
 40
0.4516949
100
AcDbArc
 50
318.7416444
 51
343.6873402
  0
ARC
  5
CC
330
9F
100
AcDbEntity
  8
DEFAULT_255_1_542
100
AcDbCircle
 10
-1.1360763500000015
 20
2.7270886500000002
 30
0.0
 40
0.6879074
100
AcDbArc
 50
343.3324731
 51
355.8548303
  0
ARC
  5
CD
330
9F
100
AcDbEntity
  8
DEFAULT_255_1_542
100
AcDbCircle
 10
-1.398437350000001
 20
2.75202865
 30
0.0
 40
0.9514032
100
AcDbArc
 50
355.4988934
 51
0.0788461
  0
ARC
  5
CE
330
9F
100
AcDbEntity
  8
DEFAULT_255_1_542
100
AcDbCircle
 10
-1.3005407500000015
 20
2.8439547500000004
 30
0.0
 40
0.8535218
100
AcDbArc
 50
359.6455143
 51
9.8607261
  0
ARC
  5
CF
330
9F
100
AcDbEntity
  8
DEFAULT_255_1_542
100
AcDbCircle
 10
-1.005452850000001
 20
2.89724405
 30
0.0
 40
0.5536709
100
AcDbArc
 50
9.6571622
 51
26.1931971
  0
ARC
  5
D0
330
9F
100
AcDbEntity
  8
DEFAULT_255_1_542
100
AcDbCircle
 10
-0.8894546500000011
 20
2.9511196500000003
 30
0.0
 40
0.4258133
100
AcDbArc
 50
26.5778125
 51
40.1532658
  0
ARC
  5
D1
330
9F
100
AcDbEntity
  8
DEFAULT_255_1_542
100
AcDbCircle
 10
-0.8574878500000018
 20
2.97605885
 30
0.0
 40
0.385302
100
AcDbArc
 50
40.3840107
 51
80.1431587
  0
ARC
  5
D2
330
9F
100
AcDbEntity
  8
DEFAULT_255_1_542
100
AcDbCircle
 10
-0.8983476500000016
 20
2.7949058500000006
 30
0.0
 40
0.5708505
100
AcDbArc
 50
79.2151469
 51
89.744611
  0
LINE
  5
D3
330
9F
100
AcDbEntity
  8
DEFAULT_255_1_542
100
AcDbLine
 10
0.2416779499999997
 20
3.5243754500000004
 30
0.0
 11
0.2416779499999997
 21
2.06261685
 31
0.0
  0
LINE
  5
D4
330
9F
100
AcDbEntity
  8
DEFAULT_255_1_542
100
AcDbLine
 10
0.2416779499999997
 20
2.06261685
 30
0.0
 11
0.04891854999999801
 21
2.06261685
 31
0.0
  0
LINE
  5
D5
330
9F
100
AcDbEntity
  8
DEFAULT_255_1_542
100
AcDbLine
 10
0.04891854999999801
 20
2.06261685
 30
0.0
 11
0.04891854999999801
 21
3.5243754500000004
 31
0.0
  0
LINE
  5
D6
330
9F
100
AcDbEntity
  8
DEFAULT_255_1_542
100
AcDbLine
 10
0.04891854999999801
 20
3.5243754500000004
 30
0.0
 11
0.2416779499999997
 21
3.5243754500000004
 31
0.0
  0
LINE
  5
D7
330
9F
100
AcDbEntity
  8
DEFAULT_255_1_542
100
AcDbLine
 10
-0.37453355000000066
 20
-1.76029685
 30
0.0
 11
-0.37453355000000066
 21
-3.2290831499999997
 31
0.0
  0
LINE
  5
D8
330
9F
100
AcDbEntity
  8
DEFAULT_255_1_542
100
AcDbLine
 10
-0.37453355000000066
 20
-3.2290831499999997
 30
0.0
 11
-0.5612692500000005
 21
-3.2290831499999997
 31
0.0
  0
LINE
  5
D9
330
9F
100
AcDbEntity
  8
DEFAULT_255_1_542
100
AcDbLine
 10
-0.5612692500000005
 20
-3.2290831499999997
 30
0.0
 11
-0.5612692500000005
 21
-1.9912065499999998
 31
0.0
  0
LINE
  5
DA
330
9F
100
AcDbEntity
  8
DEFAULT_255_1_542
100
AcDbLine
 10
-0.5612692500000005
 20
-1.9912065499999998
 30
0.0
 11
-0.9357444500000014
 21
-2.1287483499999995
 31
0.0
  0
LINE
  5
DB
330
9F
100
AcDbEntity
  8
DEFAULT_255_1_542
100
AcDbLine
 10
-0.9357444500000014
 20
-2.1287483499999995
 30
0.0
 11
-0.9357444500000014
 21
-1.9600839499999998
 31
0.0
  0
LINE
  5
DC
330
9F
100
AcDbEntity
  8
DEFAULT_255_1_542
100
AcDbLine
 10
-0.9357444500000014
 20
-1.9600839499999998
 30
0.0
 11
-0.4036482500000016
 21
-1.76029685
 31
0.0
  0
LINE
  5
DD
330
9F
100
AcDbEntity
  8
DEFAULT_255_1_542
100
AcDbLine
 10
-0.4036482500000016
 20
-1.76029685
 30
0.0
 11
-0.37453355000000066
 21
-1.76029685
 31
0.0
  0
ENDBLK
  5
A1
330
9F
100
AcDbEntity
  8
0
100
AcDbBlockEnd
  0
BLOCK
  5
DF
330
DE
100
AcDbEntity
  8
0
100
AcDbBlockBegin
  2
YAML_PID_CENTRIFUGAL_PUMP
 70
0
 10
0.0
 20
0.0
 30
0.0
  3
YAML_PID_CENTRIFUGAL_PUMP
  1

  0
CIRCLE
  5
E1
330
DE
100
AcDbEntity
  8
0
  6
ByLayer
100
AcDbCircle
 10
-0.0625
 20
0.062499999999999944
 30
0.0
 40
0.125
  0
LWPOLYLINE
  5
E2
330
DE
100
AcDbEntity
  8
0
  6
ByLayer
100
AcDbPolyline
 90
2
 70
0
 10
-0.4375
 20
-0.43750000000000006
 10
0.3125
 20
-0.43750000000000006
  0
ARC
  5
E3
330
DE
100
AcDbEntity
  8
0
  6
ByLayer
100
AcDbCircle
 10
-0.0625
 20
0.062499999999999944
 30
0.0
 40
0.375
100
AcDbArc
 50
90.0
 51
19.47122063449074
  0
LWPOLYLINE
  5
E4
330
DE
100
AcDbEntity
  8
0
  6
ByLayer
100
AcDbPolyline
 90
4
 70
0
 10
-0.0625
 20
0.43749999999999994
 10
0.4375
 20
0.43750000000000006
 10
0.4375
 20
0.18749999999999994
 10
0.2910533905932731
 20
0.18749999999999994
  0
LWPOLYLINE
  5
E5
330
DE
100
AcDbEntity
  8
0
  6
ByLayer
100
AcDbPolyline
 90
2
 70
0
 10
-0.4375
 20
-0.43750000000000006
 10
-0.2576941016011038
 20
-0.25769410160110384
  0
POINT
  5
E6
330
DE
100
AcDbEntity
  8
0
  6
ByLayer
100
AcDbPoint
 10
-0.0625
 20
0.062499999999999944
 30
0.0
  0
LWPOLYLINE
  5
E7
330
DE
100
AcDbEntity
  8
0
  6
ByLayer
100
AcDbPolyline
 90
2
 70
0
 10
0.3125
 20
-0.43750000000000006
 10
0.1326941016011038
 20
-0.25769410160110384
  0
ENDBLK
  5
E0
330
DE
100
AcDbEntity
  8
0
100
AcDbBlockEnd
  0
BLOCK
  5
E9
330
E8
100
AcDbEntity
  8
0
100
AcDbBlockBegin
  2
YAML_PID_CHECK_VALVE
 70
0
 10
0.0
 20
0.0
 30
0.0
  3
YAML_PID_CHECK_VALVE
  1

  0
LINE
  5
EB
330
E8
100
AcDbEntity
  8
DEFAULT_255_2_778
100
AcDbLine
 10
2.6458498000000006
 20
-1.45518365
 30
0.0
 11
-2.6458502
 21
1.1906163500000002
 31
0.0
  0
LINE
  5
EC
330
E8
100
AcDbEntity
  8
DEFAULT_255_2_778
100
AcDbLine
 10
-2.6458502
 20
1.1906163500000002
 30
0.0
 11
2.6458498000000006
 21
-1.45518365
 31
0.0
  0
LINE
  5
ED
330
E8
100
AcDbEntity
  8
DEFAULT_255_2_778
100
AcDbLine
 10
2.6458498000000006
 20
-1.45518365
 30
0.0
 11
2.6458498000000006
 21
1.1906163500000002
 31
0.0
  0
LINE
  5
EE
330
E8
100
AcDbEntity
  8
DEFAULT_255_2_778
100
AcDbLine
 10
-2.6458502
 20
1.1906163500000002
 30
0.0
 11
-2.6458502
 21
-1.45518365
 31
0.0
  0
LINE
  5
EF
330
E8
100
AcDbEntity
  8
DEFAULT_255_2_778
100
AcDbLine
 10
2.6457999999999995
 20
-0.13230024999999968
 30
0.0
 11
6.614599999999999
 21
-0.13230024999999968
 31
0.0
  0
LINE
  5
F0
330
E8
100
AcDbEntity
  8
DEFAULT_255_2_778
100
AcDbLine
 10
-2.6459
 20
-0.13230024999999968
 30
0.0
 11
-6.614599999999999
 21
-0.13230024999999968
 31
0.0
  0
ARC
  5
F1
330
E8
100
AcDbEntity
  8
DEFAULT_255_2_778
100
AcDbCircle
 10
-2.6463944999999995
 20
1.1911773500000002
 30
0.0
 40
0.2640063
100
AcDbArc
 50
89.8710178
 51
180.1289822
  0
ARC
  5
F2
330
E8
100
AcDbEntity
  8
DEFAULT_255_2_778
100
AcDbCircle
 10
-2.6452058999999997
 20
1.1911773500000002
 30
0.0
 40
0.2640063
100
AcDbArc
 50
359.8710178
 51
90.1289822
  0
ARC
  5
F3
330
E8
100
AcDbEntity
  8
DEFAULT_255_2_778
100
AcDbCircle
 10
-2.6452058999999997
 20
1.1899887500000002
 30
0.0
 40
0.2640063
100
AcDbArc
 50
269.8710178
 51
0.1289822
  0
ARC
  5
F4
330
E8
100
AcDbEntity
  8
DEFAULT_255_2_778
100
AcDbCircle
 10
-2.6463944999999995
 20
1.1899887500000002
 30
0.0
 40
0.2640063
100
AcDbArc
 50
179.8710178
 51
270.1289822
  0
LINE
  5
F5
330
E8
100
AcDbEntity
  8
DEFAULT_255_2_778
100
AcDbLine
 10
-2.9104001999999998
 20
1.1905830500000003
 30
0.0
 11
-2.9104001999999998
 21
1.1905830500000003
 31
0.0
  0
ENDBLK
  5
EA
330
E8
100
AcDbEntity
  8
0
100
AcDbBlockEnd
  0
BLOCK
  5
F7
330
F6
100
AcDbEntity
  8
0
100
AcDbBlockBegin
  2
YAML_PID_COLUMN_TRAYS
 70
0
 10
0.0
 20
0.0
 30
0.0
  3
YAML_PID_COLUMN_TRAYS
  1

  0
LINE
  5
F9
330
F6
100
AcDbEntity
  8
DEFAULT_255_2_778
100
AcDbLine
 10
-10.58335
 20
23.8125
 30
0.0
 11
10.58335
 21
23.8125
 31
0.0
  0
LINE
  5
FA
330
F6
100
AcDbEntity
  8
DEFAULT_255_2_778
100
AcDbLine
 10
10.58335
 20
23.8125
 30
0.0
 11
10.58335
 21
-23.812499999999996
 31
0.0
  0
LINE
  5
FB
330
F6
100
AcDbEntity
  8
DEFAULT_255_2_778
100
AcDbLine
 10
10.58335
 20
-23.812499999999996
 30
0.0
 11
-10.58335
 21
-23.812499999999996
 31
0.0
  0
LINE
  5
FC
330
F6
100
AcDbEntity
  8
DEFAULT_255_2_778
100
AcDbLine
 10
-10.58335
 20
-23.812499999999996
 30
0.0
 11
-10.58335
 21
23.8125
 31
0.0
  0
LINE
  5
FD
330
F6
100
AcDbEntity
  8
DEFAULT_255_2_778
100
AcDbLine
 10
-10.58335
 20
18.520800700000002
 30
0.0
 11
10.58335
 21
18.520800700000002
 31
0.0
  0
LINE
  5
FE
330
F6
100
AcDbEntity
  8
DEFAULT_255_2_778
100
AcDbLine
 10
-10.58335
 20
-18.520899299999996
 30
0.0
 11
10.58335
 21
-18.520899299999996
 31
0.0
  0
LINE
  5
FF
330
F6
100
AcDbEntity
  8
DEFAULT_255_2_778
100
AcDbLine
 10
-10.58335
 20
7.000000046275545e-07
 30
0.0
 11
10.58335
 21
7.000000046275545e-07
 31
0.0
  0
ENDBLK
  5
F8
330
F6
100
AcDbEntity
  8
0
100
AcDbBlockEnd
  0
BLOCK
  5
101
330
100
100
AcDbEntity
  8
0
100
AcDbBlockBegin
  2
YAML_PID_CONTROL_VALVE
 70
0
 10
0.0
 20
0.0
 30
0.0
  3
YAML_PID_CONTROL_VALVE
  1

  0
LINE
  5
103
330
100
100
AcDbEntity
  8
DEFAULT_255_2_778
100
AcDbLine
 10
-1.3229334999999995
 20
3.3018137499999995
 30
0.0
 11
1.3228665
 21
3.3018137499999995
 31
0.0
  0
LINE
  5
104
330
100
100
AcDbEntity
  8
DEFAULT_255_2_778
100
AcDbLine
 10
-1.6900000000319437e-05
 20
3.30180535
 30
0.0
 11
-1.6900000000319437e-05
 21
-3.31279465
 31
0.0
  0
ARC
  5
105
330
100
100
AcDbEntity
  8
DEFAULT_255_2_778
100
AcDbCircle
 10
-0.11707969999999968
 20
3.0488755499999995
 30
0.0
 40
1.4920431
100
AcDbArc
 50
139.2739899
 51
170.2375423
  0
ARC
  5
106
330
100
100
AcDbEntity
  8
DEFAULT_255_2_778
100
AcDbCircle
 10
0.08397010000000016
 20
2.88308745
 30
0.0
 40
1.7525822
100
AcDbArc
 50
107.8084907
 51
139.4548709
  0
ARC
  5
107
330
100
100
AcDbEntity
  8
DEFAULT_255_2_778
100
AcDbCircle
 10
0.034299700000000044
 20
3.02908105
 30
0.0
 40
1.598395
100
AcDbArc
 50
100.7622479
 51
107.7138497
  0
ARC
  5
108
330
100
100
AcDbEntity
  8
DEFAULT_255_2_778
100
AcDbCircle
 10
0.005881300000000422
 20
3.18433655
 30
0.0
 40
1.4405642
100
AcDbArc
 50
91.8616483
 51
100.8049227
  0
ARC
  5
109
330
100
100
AcDbEntity
  8
DEFAULT_255_2_778
100
AcDbCircle
 10
7.150000000066825e-05
 20
3.29487045
 30
0.0
 40
1.3299016
100
AcDbArc
 50
90.003807
 51
91.7661805
  0
ARC
  5
10A
330
100
100
AcDbEntity
  8
DEFAULT_255_2_778
100
AcDbCircle
 10
-0.0025902999999996013
 20
3.2186507499999997
 30
0.0
 40
1.4061237
100
AcDbArc
 50
80.7831028
 51
89.8951401
  0
ARC
  5
10B
330
100
100
AcDbEntity
  8
DEFAULT_255_2_778
100
AcDbCircle
 10
-0.017613000000000767
 20
3.11050025
 30
0.0
 40
1.5152862
100
AcDbArc
 50
79.2839804
 51
80.8774036
  0
ARC
  5
10C
330
100
100
AcDbEntity
  8
DEFAULT_255_2_778
100
AcDbCircle
 10
-0.06801339999999989
 20
2.91134215
 30
0.0
 40
1.7203881
100
AcDbArc
 50
54.0163483
 51
78.8680198
  0
ARC
  5
10D
330
100
100
AcDbEntity
  8
DEFAULT_255_2_778
100
AcDbCircle
 10
0.028425800000000834
 20
3.00146835
 30
0.0
 40
1.5909938
100
AcDbArc
 50
16.9721382
 51
54.9196919
  0
ARC
  5
10E
330
100
100
AcDbEntity
  8
DEFAULT_255_2_778
100
AcDbCircle
 10
0.17540570000000066
 20
3.06652325
 30
0.0
 40
1.4315558
100
AcDbArc
 50
9.4624224
 51
16.1989732
  0
LINE
  5
10F
330
100
100
AcDbEntity
  8
DEFAULT_255_2_778
100
AcDbLine
 10
1.5874831
 20
3.3018720499999996
 30
0.0
 11
-1.5875168999999998
 21
3.3018720499999996
 31
0.0
  0
LINE
  5
110
330
100
100
AcDbEntity
  8
DEFAULT_255_2_778
100
AcDbLine
 10
1.5874831
 20
3.3018720499999996
 30
0.0
 11
1.5874831
 21
3.3018720499999996
 31
0.0
  0
LINE
  5
111
330
100
100
AcDbEntity
  8
DEFAULT_255_2_778
100
AcDbLine
 10
-6.614599999999999
 20
-3.31278625
 30
0.0
 11
6.614599999999999
 21
-3.31278625
 31
0.0
  0
LINE
  5
112
330
100
100
AcDbEntity
  8
DEFAULT_255_2_778
100
AcDbLine
 10
2.6458498000000006
 20
-4.6356696500000005
 30
0.0
 11
2.6458498000000006
 21
-1.9898696500000002
 31
0.0
  0
LINE
  5
113
330
100
100
AcDbEntity
  8
DEFAULT_255_2_778
100
AcDbLine
 10
2.6458498000000006
 20
-1.9898696500000002
 30
0.0
 11
-2.6458502
 21
-4.6356696500000005
 31
0.0
  0
LINE
  5
114
330
100
100
AcDbEntity
  8
DEFAULT_255_2_778
100
AcDbLine
 10
-2.6458502
 20
-4.6356696500000005
 30
0.0
 11
-2.6458502
 21
-1.9898696500000002
 31
0.0
  0
LINE
  5
115
330
100
100
AcDbEntity
  8
DEFAULT_255_2_778
100
AcDbLine
 10
-2.6458502
 20
-1.9898696500000002
 30
0.0
 11
2.6458498000000006
 21
-4.6356696500000005
 31
0.0
  0
ENDBLK
  5
102
330
100
100
AcDbEntity
  8
0
100
AcDbBlockEnd
  0
BLOCK
  5
117
330
116
100
AcDbEntity
  8
0
100
AcDbBlockBegin
  2
YAML_PID_DCS_CONTROLLER
 70
0
 10
0.0
 20
0.0
 30
0.0
  3
YAML_PID_DCS_CONTROLLER
  1

  0
LWPOLYLINE
  5
119
330
116
100
AcDbEntity
  8
0
  6
ByLayer
100
AcDbPolyline
 90
4
 70
0
 10
0.5
 20
-0.3250000000000002
 10
0.5
 20
-0.5
 10
-0.5
 20
-0.5
 10
-0.5
 20
-0.3250000000000002
  0
ARC
  5
11A
330
116
100
AcDbEntity
  8
0
  6
ByLayer
100
AcDbCircle
 10
0.0
 20
0.0
 30
0.0
 40
0.5
100
AcDbArc
 50
351.3730734413214
 51
8.62692655867864
  0
ARC
  5
11B
330
116
100
AcDbEntity
  8
0
  6
ByLayer
100
AcDbCircle
 10
0.0
 20
0.0
 30
0.0
 40
0.5
100
AcDbArc
 50
220.5416018735045
 51
319.4583981264955
  0
LWPOLYLINE
  5
11C
330
116
100
AcDbEntity
  8
0
  6
ByLayer
100
AcDbPolyline
 90
2
 70
0
 10
-0.5
 20
-0.0750000000000002
 10
-0.5
 20
0.075
  0
LWPOLYLINE
  5
11D
330
116
100
AcDbEntity
  8
0
  6
ByLayer
100
AcDbPolyline
 90
4
 70
0
 10
-0.5
 20
0.3250000000000001
 10
-0.5
 20
0.5
 10
0.5
 20
0.5
 10
0.5
 20
0.3250000000000002
  0
ARC
  5
11E
330
116
100
AcDbEntity
  8
0
  6
ByLayer
100
AcDbCircle
 10
0.0
 20
0.0
 30
0.0
 40
0.5
100
AcDbArc
 50
171.3730734413214
 51
188.6269265586786
  0
ARC
  5
11F
330
116
100
AcDbEntity
  8
0
  6
ByLayer
100
AcDbCircle
 10
0.0
 20
0.0
 30
0.0
 40
0.5
100
AcDbArc
 50
40.54160187350453
 51
139.4583981264955
  0
LWPOLYLINE
  5
120
330
116
100
AcDbEntity
  8
0
  6
ByLayer
100
AcDbPolyline
 90
2
 70
0
 10
0.5
 20
0.075
 10
0.5
 20
-0.0750000000000002
  0
LINE
  5
121
330
116
100
AcDbEntity
  8
0
  6
ByLayer
100
AcDbLine
 10
-0.5
 20
-0.3250000000000002
 30
0.0
 11
-0.5
 21
-0.0750000000000002
 31
0.0
  0
ARC
  5
122
330
116
100
AcDbEntity
  8
0
  6
ByLayer
100
AcDbCircle
 10
0.0
 20
0.0
 30
0.0
 40
0.5
100
AcDbArc
 50
188.6269265586786
 51
220.5416018735045
  0
ARC
  5
123
330
116
100
AcDbEntity
  8
0
  6
ByLayer
100
AcDbCircle
 10
0.0
 20
0.0
 30
0.0
 40
0.5
100
AcDbArc
 50
319.4583981264955
 51
351.3730734413214
  0
LINE
  5
124
330
116
100
AcDbEntity
  8
0
  6
ByLayer
100
AcDbLine
 10
0.5
 20
-0.3250000000000002
 30
0.0
 11
0.5
 21
-0.0750000000000002
 31
0.0
  0
LINE
  5
125
330
116
100
AcDbEntity
  8
0
  6
ByLayer
100
AcDbLine
 10
0.5
 20
0.3250000000000002
 30
0.0
 11
0.5
 21
0.0750000000000002
 31
0.0
  0
ARC
  5
126
330
116
100
AcDbEntity
  8
0
  6
ByLayer
100
AcDbCircle
 10
0.0
 20
0.0
 30
0.0
 40
0.5
100
AcDbArc
 50
8.626926558678623
 51
40.54160187350452
  0
ARC
  5
127
330
116
100
AcDbEntity
  8
0
  6
ByLayer
100
AcDbCircle
 10
0.0
 20
0.0
 30
0.0
 40
0.5
100
AcDbArc
 50
139.4583981264955
 51
171.3730734413214
  0
LINE
  5
128
330
116
100
AcDbEntity
  8
0
  6
ByLayer
100
AcDbLine
 10
-0.5
 20
0.3250000000000002
 30
0.0
 11
-0.5
 21
0.0750000000000002
 31
0.0
  0
ENDBLK
  5
118
330
116
100
AcDbEntity
  8
0
100
AcDbBlockEnd
  0
BLOCK
  5
12A
330
129
100
AcDbEntity
  8
0
100
AcDbBlockBegin
  2
YAML_PID_DEETHANIZER_COLUMN
 70
0
 10
0.0
 20
0.0
 30
0.0
  3
YAML_PID_DEETHANIZER_COLUMN
  1

  0
LWPOLYLINE
  5
12C
330
129
100
AcDbEntity
  8
EQUIP
  6
ByLayer
100
AcDbPolyline
 90
4
 70
1
 10
-0.5
 20
-1.875
 10
0.5
 20
-1.875
 10
0.5
 20
1.875
 10
-0.5
 20
1.875
  0
ELLIPSE
  5
12D
330
129
100
AcDbEntity
  8
EQUIP
  6
ByLayer
100
AcDbEllipse
 10
-5.551115123125783e-17
 20
1.875
 30
0.0
 11
-0.5
 21
0.0
 31
0.0
 40
1.0
 41
3.141592653589793
 42
6.283185307179586
  0
ELLIPSE
  5
12E
330
129
100
AcDbEntity
  8
EQUIP
  6
ByLayer
100
AcDbEllipse
 10
-5.551115123125783e-17
 20
-1.875
 30
0.0
 11
0.0
 21
-0.5
 31
0.0
 40
1.0
 41
4.71238898038469
 42
7.853981633974483
  0
ENDBLK
  5
12B
330
129
100
AcDbEntity
  8
0
100
AcDbBlockEnd
  0
BLOCK
  5
130
330
12F
100
AcDbEntity
  8
0
100
AcDbBlockBegin
  2
YAML_PID_FEED_BOTTOMS_EXCHANGER
 70
0
 10
0.0
 20
0.0
 30
0.0
  3
YAML_PID_FEED_BOTTOMS_EXCHANGER
  1

  0
LWPOLYLINE
  5
132
330
12F
100
AcDbEntity
  8
0
  6
CONTINUOUS
100
AcDbPolyline
 90
2
 70
0
 10
1.625
 20
0.5
 10
-1.625
 20
0.5
  0
LWPOLYLINE
  5
133
330
12F
100
AcDbEntity
  8
0
  6
CONTINUOUS
100
AcDbPolyline
 90
2
 70
0
 10
-1.625
 20
-0.5
 10
1.625
 20
-0.5
  0
LWPOLYLINE
  5
134
330
12F
100
AcDbEntity
  8
0
  6
CONTINUOUS
100
AcDbPolyline
 90
3
 70
0
 10
-1.75
 20
0.5
 10
-2.0
 20
0.5
 10
-2.0
 20
-0.5
  0
LINE
  5
135
330
12F
100
AcDbEntity
  8
0
  6
ByLayer
100
AcDbLine
 10
-1.6875
 20
-0.625
 30
0.0
 11
-1.6875
 21
0.625
 31
0.0
  0
LWPOLYLINE
  5
136
330
12F
100
AcDbEntity
  8
0
  6
ByLayer
100
AcDbPolyline
 90
4
 70
1
 10
-1.75
 20
0.625
 10
-1.625
 20
0.625
 10
-1.625
 20
-0.625
 10
-1.75
 20
-0.625
  0
ELLIPSE
  5
137
330
12F
100
AcDbEntity
  8
0
  6
ByLayer
100
AcDbEllipse
 10
-2.0
 20
0.0
 30
0.0
 11
0.0
 21
-0.5
 31
0.0
 40
0.5
 41
3.141592653589794
 42
6.283185307179586
  0
LWPOLYLINE
  5
138
330
12F
100
AcDbEntity
  8
0
  6
CONTINUOUS
100
AcDbPolyline
 90
2
 70
0
 10
-2.0
 20
-0.5
 10
-1.75
 20
-0.5
  0
LWPOLYLINE
  5
139
330
12F
100
AcDbEntity
  8
0
  6
CONTINUOUS
100
AcDbPolyline
 90
4
 70
0
 10
1.75
 20
-0.5
 10
2.0
 20
-0.5
 10
2.0
 20
0.5
 10
1.75
 20
0.5
  0
LINE
  5
13A
330
12F
100
AcDbEntity
  8
0
  6
ByLayer
100
AcDbLine
 10
1.6875
 20
-0.625
 30
0.0
 11
1.6875
 21
0.625
 31
0.0
  0
LWPOLYLINE
  5
13B
330
12F
100
AcDbEntity
  8
0
  6
ByLayer
100
AcDbPolyline
 90
4
 70
1
 10
1.75
 20
0.625
 10
1.625
 20
0.625
 10
1.625
 20
-0.625
 10
1.75
 20
-0.625
  0
ELLIPSE
  5
13C
330
12F
100
AcDbEntity
  8
0
  6
ByLayer
100
AcDbEllipse
 10
2.0
 20
0.0
 30
0.0
 11
0.0
 21
0.5
 31
0.0
 40
0.5
 41
3.141592653589794
 42
6.283185307179586
  0
ENDBLK
  5
131
330
12F
100
AcDbEntity
  8
0
100
AcDbBlockEnd
  0
BLOCK
  5
13E
330
13D
100
AcDbEntity
  8
0
100
AcDbBlockBegin
  2
YAML_PID_FIELD_INSTRUMENT
 70
0
 10
0.0
 20
0.0
 30
0.0
  3
YAML_PID_FIELD_INSTRUMENT
  1

  0
ARC
  5
140
330
13D
100
AcDbEntity
  8
0
  6
ByLayer
100
AcDbCircle
 10
0.0
 20
0.0
 30
0.0
 40
0.5
100
AcDbArc
 50
220.5416018735046
 51
319.4583981264955
  0
ARC
  5
141
330
13D
100
AcDbEntity
  8
0
  6
ByLayer
100
AcDbCircle
 10
0.0
 20
0.0
 30
0.0
 40
0.5
100
AcDbArc
 50
351.3730734413214
 51
8.626926558678644
  0
ARC
  5
142
330
13D
100
AcDbEntity
  8
0
  6
ByLayer
100
AcDbCircle
 10
0.0
 20
0.0
 30
0.0
 40
0.5
100
AcDbArc
 50
40.54160187350453
 51
139.4583981264955
  0
ARC
  5
143
330
13D
100
AcDbEntity
  8
0
  6
ByLayer
100
AcDbCircle
 10
0.0
 20
0.0
 30
0.0
 40
0.5
100
AcDbArc
 50
171.3730734413214
 51
188.6269265586786
  0
ARC
  5
144
330
13D
100
AcDbEntity
  8
0
  6
ByLayer
100
AcDbCircle
 10
0.0
 20
0.0
 30
0.0
 40
0.5
100
AcDbArc
 50
188.6269265586786
 51
220.5416018735046
  0
ARC
  5
145
330
13D
100
AcDbEntity
  8
0
  6
ByLayer
100
AcDbCircle
 10
0.0
 20
0.0
 30
0.0
 40
0.5
100
AcDbArc
 50
319.4583981264955
 51
351.3730734413214
  0
ARC
  5
146
330
13D
100
AcDbEntity
  8
0
  6
ByLayer
100
AcDbCircle
 10
0.0
 20
0.0
 30
0.0
 40
0.5
100
AcDbArc
 50
8.626926558678623
 51
40.54160187350457
  0
ARC
  5
147
330
13D
100
AcDbEntity
  8
0
  6
ByLayer
100
AcDbCircle
 10
0.0
 20
0.0
 30
0.0
 40
0.5
100
AcDbArc
 50
139.4583981264954
 51
171.3730734413214
  0
ENDBLK
  5
13F
330
13D
100
AcDbEntity
  8
0
100
AcDbBlockEnd
  0
BLOCK
  5
149
330
148
100
AcDbEntity
  8
0
100
AcDbBlockBegin
  2
YAML_PID_MANUAL_BLOCK_VALVE
 70
0
 10
0.0
 20
0.0
 30
0.0
  3
YAML_PID_MANUAL_BLOCK_VALVE
  1

  0
LWPOLYLINE
  5
14B
330
148
100
AcDbEntity
  8
0
  6
ByLayer
100
AcDbPolyline
 90
5
 70
0
 10
-0.5
 20
-0.3
 10
-0.5
 20
0.3
 10
0.5
 20
-0.3
 10
0.5
 20
0.3
 10
-0.5
 20
-0.3
  0
ENDBLK
  5
14A
330
148
100
AcDbEntity
  8
0
100
AcDbBlockEnd
  0
BLOCK
  5
14D
330
14C
100
AcDbEntity
  8
0
100
AcDbBlockBegin
  2
YAML_PID_NOZZLE
 70
0
 10
0.0
 20
0.0
 30
0.0
  3
YAML_PID_NOZZLE
  1

  0
LINE
  5
14F
330
14C
100
AcDbEntity
  8
0
  6
ByLayer
100
AcDbLine
 10
0.2500000000000001
 20
0.2
 30
0.0
 11
-0.5
 21
0.2
 31
0.0
  0
LINE
  5
150
330
14C
100
AcDbEntity
  8
0
  6
ByLayer
100
AcDbLine
 10
0.2500000000000001
 20
-0.2
 30
0.0
 11
-0.5
 21
-0.2
 31
0.0
  0
LINE
  5
151
330
14C
100
AcDbEntity
  8
0
  6
ByLayer
100
AcDbLine
 10
0.25
 20
-0.3
 30
0.0
 11
0.25
 21
0.3
 31
0.0
  0
LINE
  5
152
330
14C
100
AcDbEntity
  8
0
  6
ByLayer
100
AcDbLine
 10
0.5
 20
-0.3
 30
0.0
 11
0.5
 21
0.3
 31
0.0
  0
ENDBLK
  5
14E
330
14C
100
AcDbEntity
  8
0
100
AcDbBlockEnd
  0
BLOCK
  5
154
330
153
100
AcDbEntity
  8
0
100
AcDbBlockBegin
  2
YAML_PID_OFFPAGE_CONNECTOR
 70
0
 10
0.0
 20
0.0
 30
0.0
  3
YAML_PID_OFFPAGE_CONNECTOR
  1

  0
LINE
  5
156
330
153
100
AcDbEntity
  8
DEFAULT_255_2_778
100
AcDbLine
 10
2.4969797000000007
 20
4.999999999988347e-05
 30
0.0
 11
-3.3238203000000004
 21
4.999999999988347e-05
 31
0.0
  0
LINE
  5
157
330
153
100
AcDbEntity
  8
DEFAULT_255_2_778
100
AcDbLine
 10
-3.3238203000000004
 20
4.999999999988347e-05
 30
0.0
 11
-3.3238203000000004
 21
0.7937500000000002
 31
0.0
  0
LINE
  5
158
330
153
100
AcDbEntity
  8
DEFAULT_255_2_778
100
AcDbLine
 10
-3.3238203000000004
 20
0.7937500000000002
 30
0.0
 11
-0.9955202999999999
 21
4.999999999988347e-05
 31
0.0
  0
LINE
  5
159
330
153
100
AcDbEntity
  8
DEFAULT_255_2_778
100
AcDbLine
 10
-0.9955202999999999
 20
4.999999999988347e-05
 30
0.0
 11
-3.3238203000000004
 21
-0.7937500000000002
 31
0.0
  0
LINE
  5
15A
330
153
100
AcDbEntity
  8
DEFAULT_255_2_778
100
AcDbLine
 10
-3.3238203000000004
 20
-0.7937500000000002
 30
0.0
 11
-3.3238203000000004
 21
4.999999999988347e-05
 31
0.0
  0
LINE
  5
15B
330
153
100
AcDbEntity
  8
DEFAULT_1_2_778
100
AcDbLine
 10
2.6488203000000006
 20
0.6718427
 30
0.0
 11
2.6488203000000006
 21
-0.7312573000000002
 31
0.0
  0
LINE
  5
15C
330
153
100
AcDbEntity
  8
DEFAULT_1_2_778
100
AcDbLine
 10
2.6827202999999997
 20
-0.029557300000000453
 30
0.0
 11
3.3238202999999995
 21
-0.029557300000000453
 31
0.0
  0
ENDBLK
  5
155
330
153
100
AcDbEntity
  8
0
100
AcDbBlockEnd
  0
BLOCK
  5
15E
330
15D
100
AcDbEntity
  8
0
100
AcDbBlockBegin
  2
YAML_PID_OVERHEAD_CONDENSER
 70
0
 10
0.0
 20
0.0
 30
0.0
  3
YAML_PID_OVERHEAD_CONDENSER
  1

  0
LWPOLYLINE
  5
160
330
15D
100
AcDbEntity
  8
0
  6
CONTINUOUS
100
AcDbPolyline
 90
2
 70
0
 10
-1.625
 20
-0.625
 10
1.625
 20
-0.625
  0
LINE
  5
161
330
15D
100
AcDbEntity
  8
0
  6
ByLayer
100
AcDbLine
 10
-0.875
 20
0.75
 30
0.0
 11
0.875
 21
0.75
 31
0.0
  0
LWPOLYLINE
  5
162
330
15D
100
AcDbEntity
  8
0
  6
ByLayer
100
AcDbPolyline
 90
4
 70
0
 10
-0.8750000000000001
 20
-0.625
 10
-0.875
 20
0.75
 10
-1.4375
 20
0.375
 10
-1.4375
 20
-0.625
  0
LWPOLYLINE
  5
163
330
15D
100
AcDbEntity
  8
0
  6
CONTINUOUS
100
AcDbPolyline
 90
3
 70
0
 10
-1.75
 20
0.375
 10
-2.0
 20
0.375
 10
-2.0
 20
-0.625
  0
LINE
  5
164
330
15D
100
AcDbEntity
  8
0
  6
ByLayer
100
AcDbLine
 10
-1.6875
 20
-0.75
 30
0.0
 11
-1.6875
 21
0.5
 31
0.0
  0
LWPOLYLINE
  5
165
330
15D
100
AcDbEntity
  8
0
  6
ByLayer
100
AcDbPolyline
 90
4
 70
1
 10
-1.75
 20
0.5
 10
-1.625
 20
0.5
 10
-1.625
 20
-0.75
 10
-1.75
 20
-0.75
  0
ELLIPSE
  5
166
330
15D
100
AcDbEntity
  8
0
  6
ByLayer
100
AcDbEllipse
 10
-2.0
 20
-0.125
 30
0.0
 11
0.0
 21
-0.5
 31
0.0
 40
0.5
 41
3.141592653589794
 42
6.283185307179586
  0
LWPOLYLINE
  5
167
330
15D
100
AcDbEntity
  8
0
  6
CONTINUOUS
100
AcDbPolyline
 90
2
 70
0
 10
-2.0
 20
-0.625
 10
-1.75
 20
-0.625
  0
LWPOLYLINE
  5
168
330
15D
100
AcDbEntity
  8
0
  6
CONTINUOUS
100
AcDbPolyline
 90
2
 70
0
 10
-1.4375
 20
0.375
 10
-1.625
 20
0.375
  0
ELLIPSE
  5
169
330
15D
100
AcDbEntity
  8
0
  6
ByLayer
100
AcDbEllipse
 10
2.0
 20
-0.125
 30
0.0
 11
0.0
 21
-0.5
 31
0.0
 40
0.5
 41
0.0
 42
3.141592653589792
  0
LWPOLYLINE
  5
16A
330
15D
100
AcDbEntity
  8
0
  6
CONTINUOUS
100
AcDbPolyline
 90
3
 70
0
 10
1.75
 20
0.375
 10
2.0
 20
0.375
 10
2.0
 20
-0.625
  0
LWPOLYLINE
  5
16B
330
15D
100
AcDbEntity
  8
0
  6
ByLayer
100
AcDbPolyline
 90
4
 70
0
 10
0.875
 20
-0.625
 10
0.875
 20
0.75
 10
1.4375
 20
0.375
 10
1.4375
 20
-0.625
  0
LINE
  5
16C
330
15D
100
AcDbEntity
  8
0
  6
ByLayer
100
AcDbLine
 10
1.6875
 20
-0.75
 30
0.0
 11
1.6875
 21
0.5
 31
0.0
  0
LWPOLYLINE
  5
16D
330
15D
100
AcDbEntity
  8
0
  6
ByLayer
100
AcDbPolyline
 90
4
 70
1
 10
1.75
 20
0.5
 10
1.625
 20
0.5
 10
1.625
 20
-0.75
 10
1.75
 20
-0.75
  0
LWPOLYLINE
  5
16E
330
15D
100
AcDbEntity
  8
0
  6
CONTINUOUS
100
AcDbPolyline
 90
2
 70
0
 10
2.0
 20
-0.625
 10
1.75
 20
-0.625
  0
LWPOLYLINE
  5
16F
330
15D
100
AcDbEntity
  8
0
  6
CONTINUOUS
100
AcDbPolyline
 90
2
 70
0
 10
1.625
 20
0.375
 10
1.4375
 20
0.375
  0
ENDBLK
  5
15F
330
15D
100
AcDbEntity
  8
0
100
AcDbBlockEnd
  0
BLOCK
  5
171
330
170
100
AcDbEntity
  8
0
100
AcDbBlockBegin
  2
YAML_PID_REBOILER
 70
0
 10
0.0
 20
0.0
 30
0.0
  3
YAML_PID_REBOILER
  1

  0
LWPOLYLINE
  5
173
330
170
100
AcDbEntity
  8
0
  6
CONTINUOUS
100
AcDbPolyline
 90
2
 70
0
 10
1.625
 20
0.5
 10
-1.625
 20
0.5
  0
LWPOLYLINE
  5
174
330
170
100
AcDbEntity
  8
0
  6
CONTINUOUS
100
AcDbPolyline
 90
2
 70
0
 10
-1.625
 20
-0.5
 10
1.625
 20
-0.5
  0
LWPOLYLINE
  5
175
330
170
100
AcDbEntity
  8
0
  6
CONTINUOUS
100
AcDbPolyline
 90
3
 70
0
 10
-1.75
 20
0.5
 10
-2.0
 20
0.5
 10
-2.0
 20
-0.5
  0
LINE
  5
176
330
170
100
AcDbEntity
  8
0
  6
ByLayer
100
AcDbLine
 10
-1.6875
 20
-0.625
 30
0.0
 11
-1.6875
 21
0.625
 31
0.0
  0
LWPOLYLINE
  5
177
330
170
100
AcDbEntity
  8
0
  6
ByLayer
100
AcDbPolyline
 90
4
 70
1
 10
-1.75
 20
0.625
 10
-1.625
 20
0.625
 10
-1.625
 20
-0.625
 10
-1.75
 20
-0.625
  0
ELLIPSE
  5
178
330
170
100
AcDbEntity
  8
0
  6
ByLayer
100
AcDbEllipse
 10
-2.0
 20
0.0
 30
0.0
 11
0.0
 21
-0.5
 31
0.0
 40
0.5
 41
3.141592653589794
 42
6.283185307179586
  0
LWPOLYLINE
  5
179
330
170
100
AcDbEntity
  8
0
  6
CONTINUOUS
100
AcDbPolyline
 90
2
 70
0
 10
-2.0
 20
-0.5
 10
-1.75
 20
-0.5
  0
LWPOLYLINE
  5
17A
330
170
100
AcDbEntity
  8
0
  6
CONTINUOUS
100
AcDbPolyline
 90
4
 70
0
 10
1.75
 20
-0.5
 10
2.0
 20
-0.5
 10
2.0
 20
0.5
 10
1.75
 20
0.5
  0
LINE
  5
17B
330
170
100
AcDbEntity
  8
0
  6
ByLayer
100
AcDbLine
 10
1.6875
 20
-0.625
 30
0.0
 11
1.6875
 21
0.625
 31
0.0
  0
LWPOLYLINE
  5
17C
330
170
100
AcDbEntity
  8
0
  6
ByLayer
100
AcDbPolyline
 90
4
 70
1
 10
1.75
 20
0.625
 10
1.625
 20
0.625
 10
1.625
 20
-0.625
 10
1.75
 20
-0.625
  0
ELLIPSE
  5
17D
330
170
100
AcDbEntity
  8
0
  6
ByLayer
100
AcDbEllipse
 10
2.0
 20
0.0
 30
0.0
 11
0.0
 21
0.5
 31
0.0
 40
0.5
 41
3.141592653589794
 42
6.283185307179586
  0
ENDBLK
  5
172
330
170
100
AcDbEntity
  8
0
100
AcDbBlockEnd
  0
BLOCK
  5
17F
330
17E
100
AcDbEntity
  8
0
100
AcDbBlockBegin
  2
YAML_PID_REFLUX_DRUM
 70
0
 10
0.0
 20
0.0
 30
0.0
  3
YAML_PID_REFLUX_DRUM
  1

  0
LWPOLYLINE
  5
181
330
17E
100
AcDbEntity
  8
EQUIP
  6
ByLayer
100
AcDbPolyline
 90
4
 70
1
 10
-1.875
 20
-0.5
 10
1.875
 20
-0.5
 10
1.875
 20
0.5
 10
-1.875
 20
0.5
  0
ELLIPSE
  5
182
330
17E
100
AcDbEntity
  8
EQUIP
  6
ByLayer
100
AcDbEllipse
 10
1.875
 20
0.0
 30
0.0
 11
0.0
 21
0.5
 31
0.0
 40
0.5
 41
3.141592653589794
 42
6.283185307179586
  0
ELLIPSE
  5
183
330
17E
100
AcDbEntity
  8
EQUIP
  6
ByLayer
100
AcDbEllipse
 10
-1.875
 20
0.0
 30
0.0
 11
0.0
 21
-0.5
 31
0.0
 40
0.5
 41
3.141592653589794
 42
6.283185307179586
  0
ENDBLK
  5
180
330
17E
100
AcDbEntity
  8
0
100
AcDbBlockEnd
  0
BLOCK
  5
185
330
184
100
AcDbEntity
  8
0
100
AcDbBlockBegin
  2
YAML_PID_RELIEF_VALVE
 70
0
 10
0.0
 20
0.0
 30
0.0
  3
YAML_PID_RELIEF_VALVE
  1

  0
LINE
  5
187
330
184
100
AcDbEntity
  8
DEFAULT_255_2_778
100
AcDbLine
 10
-6.614599999999999
 20
-1.6599999999922233e-05
 30
0.0
 11
6.614599999999999
 21
-1.6599999999922233e-05
 31
0.0
  0
LINE
  5
188
330
184
100
AcDbEntity
  8
DEFAULT_255_2_778
100
AcDbLine
 10
2.6458498000000006
 20
-1.3229000000000002
 30
0.0
 11
2.6458498000000006
 21
1.3229000000000002
 31
0.0
  0
LINE
  5
189
330
184
100
AcDbEntity
  8
DEFAULT_255_2_778
100
AcDbLine
 10
2.6458498000000006
 20
1.3229000000000002
 30
0.0
 11
-2.6458502
 21
-1.3229000000000002
 31
0.0
  0
LINE
  5
18A
330
184
100
AcDbEntity
  8
DEFAULT_255_2_778
100
AcDbLine
 10
-2.6458502
 20
-1.3229000000000002
 30
0.0
 11
-2.6458502
 21
1.3229000000000002
 31
0.0
  0
LINE
  5
18B
330
184
100
AcDbEntity
  8
DEFAULT_255_2_778
100
AcDbLine
 10
-2.6458502
 20
1.3229000000000002
 30
0.0
 11
2.6458498000000006
 21
-1.3229000000000002
 31
0.0
  0
LINE
  5
18C
330
184
100
AcDbEntity
  8
DEFAULT_255_2_778
100
AcDbLine
 10
1.3228831000000003
 20
1.3229000000000002
 30
0.0
 11
1.3228831000000003
 21
-1.3229000000000002
 31
0.0
  0
ENDBLK
  5
186
330
184
100
AcDbEntity
  8
0
100
AcDbBlockEnd
  0
BLOCK
  5
18E
330
18D
100
AcDbEntity
  8
0
100
AcDbBlockBegin
  2
YAML_PID_RESTRICTION_ORIFICE
 70
0
 10
0.0
 20
0.0
 30
0.0
  3
YAML_PID_RESTRICTION_ORIFICE
  1

  0
LINE
  5
190
330
18D
100
AcDbEntity
  8
0
  6
ByLayer
100
AcDbLine
 10
0.0
 20
-0.6000000000000001
 30
0.0
 11
0.0
 21
0.6000000000000001
 31
0.0
  0
LINE
  5
191
330
18D
100
AcDbEntity
  8
0
  6
ByLayer
100
AcDbLine
 10
-0.5
 20
-0.6
 30
0.0
 11
-0.5
 21
0.6
 31
0.0
  0
LINE
  5
192
330
18D
100
AcDbEntity
  8
0
  6
ByLayer
100
AcDbLine
 10
0.5
 20
-0.6
 30
0.0
 11
0.5
 21
0.6
 31
0.0
  0
ENDBLK
  5
18F
330
18D
100
AcDbEntity
  8
0
100
AcDbBlockEnd
  0
BLOCK
  5
194
330
193
100
AcDbEntity
  8
0
100
AcDbBlockBegin
  2
YAML_PID_SAMPLE_POINT
 70
0
 10
0.0
 20
0.0
 30
0.0
  3
YAML_PID_SAMPLE_POINT
  1

  0
LINE
  5
196
330
193
100
AcDbEntity
  8
DEFAULT_255_2_778
100
AcDbLine
 10
-5.2580998999999995
 20
2.6458500000000003
 30
0.0
 11
5.325200100000002
 21
2.6458500000000003
 31
0.0
  0
LINE
  5
197
330
193
100
AcDbEntity
  8
DEFAULT_255_2_778
100
AcDbLine
 10
5.325200100000002
 20
2.6458500000000003
 30
0.0
 11
5.325200100000002
 21
-2.6458500000000003
 31
0.0
  0
LINE
  5
198
330
193
100
AcDbEntity
  8
DEFAULT_255_2_778
100
AcDbLine
 10
5.325200100000002
 20
-2.6458500000000003
 30
0.0
 11
-5.2580998999999995
 21
-2.6458500000000003
 31
0.0
  0
LINE
  5
199
330
193
100
AcDbEntity
  8
DEFAULT_255_2_778
100
AcDbLine
 10
-5.2580998999999995
 20
-2.6458500000000003
 30
0.0
 11
-5.2580998999999995
 21
2.6458500000000003
 31
0.0
  0
LINE
  5
19A
330
193
100
AcDbEntity
  8
DEFAULT_255_2_778
100
AcDbLine
 10
-7.970549999999999
 20
1.669999999984184e-05
 30
0.0
 11
-5.32475
 21
1.669999999984184e-05
 31
0.0
  0
LINE
  5
19B
330
193
100
AcDbEntity
  8
DEFAULT_255_2_778
100
AcDbLine
 10
5.32475
 20
1.669999999984184e-05
 30
0.0
 11
7.970550000000001
 21
1.669999999984184e-05
 31
0.0
  0
LINE
  5
19C
330
193
100
AcDbEntity
  8
DEFAULT_255_2_778
100
AcDbLine
 10
3.605470800000001
 20
-0.9259875000000002
 30
0.0
 11
5.3252708
 21
-0.9259875000000002
 31
0.0
  0
LINE
  5
19D
330
193
100
AcDbEntity
  8
DEFAULT_255_2_778
100
AcDbLine
 10
5.3252708
 20
-0.9259875000000002
 30
0.0
 11
5.3252708
 21
-2.6457875
 31
0.0
  0
LINE
  5
19E
330
193
100
AcDbEntity
  8
DEFAULT_255_2_778
100
AcDbLine
 10
5.3252708
 20
-2.6457875
 30
0.0
 11
3.605470800000001
 21
-2.6457875
 31
0.0
  0
LINE
  5
19F
330
193
100
AcDbEntity
  8
DEFAULT_255_2_778
100
AcDbLine
 10
3.605470800000001
 20
-2.6457875
 30
0.0
 11
3.605470800000001
 21
-0.9259875000000002
 31
0.0
  0
LINE
  5
1A0
330
193
100
AcDbEntity
  8
DEFAULT_255_2_778
100
AcDbLine
 10
4.8918374
 20
-2.3811166000000004
 30
0.0
 11
4.530937400000001
 21
-2.3811166000000004
 31
0.0
  0
LINE
  5
1A1
330
193
100
AcDbEntity
  8
DEFAULT_255_2_778
100
AcDbLine
 10
4.530937400000001
 20
-2.3811166000000004
 30
0.0
 11
4.530937400000001
 21
-1.7684166000000001
 31
0.0
  0
LINE
  5
1A2
330
193
100
AcDbEntity
  8
DEFAULT_255_2_778
100
AcDbLine
 10
4.530937400000001
 20
-1.7684166000000001
 30
0.0
 11
4.8918374
 21
-1.7684166000000001
 31
0.0
  0
LINE
  5
1A3
330
193
100
AcDbEntity
  8
DEFAULT_255_2_778
100
AcDbLine
 10
4.8918374
 20
-1.7684166000000001
 30
0.0
 11
4.8918374
 21
-1.3228166000000001
 31
0.0
  0
LINE
  5
1A4
330
193
100
AcDbEntity
  8
DEFAULT_255_2_778
100
AcDbLine
 10
4.8918374
 20
-1.3228166000000001
 30
0.0
 11
5.192437400000001
 21
-1.3228166000000001
 31
0.0
  0
LINE
  5
1A5
330
193
100
AcDbEntity
  8
DEFAULT_255_2_778
100
AcDbLine
 10
5.192437400000001
 20
-1.3228166000000001
 30
0.0
 11
5.192437400000001
 21
-2.3811166000000004
 31
0.0
  0
LINE
  5
1A6
330
193
100
AcDbEntity
  8
DEFAULT_255_2_778
100
AcDbLine
 10
5.192437400000001
 20
-2.3811166000000004
 30
0.0
 11
4.8918374
 21
-2.3811166000000004
 31
0.0
  0
ENDBLK
  5
195
330
193
100
AcDbEntity
  8
0
100
AcDbBlockEnd
  0
BLOCK
  5
1A8
330
1A7
100
AcDbEntity
  8
0
100
AcDbBlockBegin
  2
YAML_PID_SHUTDOWN_VALVE
 70
0
 10
0.0
 20
0.0
 30
0.0
  3
YAML_PID_SHUTDOWN_VALVE
  1

  0
LINE
  5
1AA
330
1A7
100
AcDbEntity
  8
DEFAULT_255_2_778
100
AcDbLine
 10
-6.614599999999999
 20
0.5291292000000001
 30
0.0
 11
6.614599999999999
 21
0.5291292000000001
 31
0.0
  0
LINE
  5
1AB
330
1A7
100
AcDbEntity
  8
DEFAULT_255_2_778
100
AcDbLine
 10
2.6458498000000006
 20
-0.7937542
 30
0.0
 11
2.6458498000000006
 21
1.8520458000000002
 31
0.0
  0
LINE
  5
1AC
330
1A7
100
AcDbEntity
  8
DEFAULT_255_2_778
100
AcDbLine
 10
2.6458498000000006
 20
1.8520458000000002
 30
0.0
 11
-2.6458502
 21
-0.7937542
 31
0.0
  0
LINE
  5
1AD
330
1A7
100
AcDbEntity
  8
DEFAULT_255_2_778
100
AcDbLine
 10
-2.6458502
 20
-0.7937542
 30
0.0
 11
-2.6458502
 21
1.8520458000000002
 31
0.0
  0
LINE
  5
1AE
330
1A7
100
AcDbEntity
  8
DEFAULT_255_2_778
100
AcDbLine
 10
-2.6458502
 20
1.8520458000000002
 30
0.0
 11
2.6458498000000006
 21
-0.7937542
 31
0.0
  0
LINE
  5
1AF
330
1A7
100
AcDbEntity
  8
DEFAULT_255_2_778
100
AcDbLine
 10
-1.5875168999999998
 20
-0.26454579999999983
 30
0.0
 11
-1.6900000000319437e-05
 21
-1.8520458
 31
0.0
  0
LINE
  5
1B0
330
1A7
100
AcDbEntity
  8
DEFAULT_255_2_778
100
AcDbLine
 10
-1.6900000000319437e-05
 20
-1.8520458
 30
0.0
 11
1.5874831
 21
-0.26454579999999983
 31
0.0
  0
LINE
  5
1B1
330
1A7
100
AcDbEntity
  8
DEFAULT_255_2_778
100
AcDbLine
 10
1.5874831
 20
-0.26454579999999983
 30
0.0
 11
-1.6900000000319437e-05
 21
0.5291542000000002
 31
0.0
  0
LINE
  5
1B2
330
1A7
100
AcDbEntity
  8
DEFAULT_255_2_778
100
AcDbLine
 10
-1.6900000000319437e-05
 20
0.5291542000000002
 30
0.0
 11
-1.5875168999999998
 21
-0.26454579999999983
 31
0.0
  0
ENDBLK
  5
1A9
330
1A7
100
AcDbEntity
  8
0
100
AcDbBlockEnd
  0
ENDSEC
  0
SECTION
  2
ENTITIES
  0
LWPOLYLINE
  5
1B3
330
17
100
AcDbEntity
  8
BORDER
100
AcDbPolyline
 90
5
 70
0
 10
10.0
 20
10.0
 10
1179.0
 20
10.0
 10
1179.0
 20
831.0
 10
10.0
 20
831.0
 10
10.0
 20
10.0
  0
LWPOLYLINE
  5
1B4
330
17
100
AcDbEntity
  8
BORDER
100
AcDbPolyline
 90
5
 70
0
 10
25.0
 20
25.0
 10
1164.0
 20
25.0
 10
1164.0
 20
816.0
 10
25.0
 20
816.0
 10
25.0
 20
25.0
  0
LWPOLYLINE
  5
1B5
330
17
100
AcDbEntity
  8
BORDER
100
AcDbPolyline
 90
5
 70
0
 10
838.0
 20
25.0
 10
1168.0
 20
25.0
 10
1168.0
 20
117.0
 10
838.0
 20
117.0
 10
838.0
 20
25.0
  0
LINE
  5
1B6
330
17
100
AcDbEntity
  8
BORDER
100
AcDbLine
 10
838.0
 20
49.0
 30
0.0
 11
1168.0
 21
49.0
 31
0.0
  0
LINE
  5
1B7
330
17
100
AcDbEntity
  8
BORDER
100
AcDbLine
 10
838.0
 20
73.0
 30
0.0
 11
1168.0
 21
73.0
 31
0.0
  0
LINE
  5
1B8
330
17
100
AcDbEntity
  8
BORDER
100
AcDbLine
 10
838.0
 20
95.0
 30
0.0
 11
1168.0
 21
95.0
 31
0.0
  0
TEXT
  5
1B9
330
17
100
AcDbEntity
  8
TEXT
100
AcDbText
 10
845.0
 20
100.0
 30
0.0
 40
5.0
  1
DEETHANIZER COLUMN P&ID
 11
845.0
 21
100.0
 31
0.0
100
AcDbText
  0
TEXT
  5
1BA
330
17
100
AcDbEntity
  8
TEXT
100
AcDbText
 10
845.0
 20
79.0
 30
0.0
 40
2.5
  1
DWG NO: U400-PID-401
 11
845.0
 21
79.0
 31
0.0
100
AcDbText
  0
TEXT
  5
1BB
330
17
100
AcDbEntity
  8
TEXT
100
AcDbText
 10
1048.0
 20
79.0
 30
0.0
 40
2.5
  1
REV: A
 11
1048.0
 21
79.0
 31
0.0
100
AcDbText
  0
TEXT
  5
1BC
330
17
100
AcDbEntity
  8
TEXT
100
AcDbText
 10
845.0
 20
55.0
 30
0.0
 40
2.5
  1
UNIT: 500
 11
845.0
 21
55.0
 31
0.0
100
AcDbText
  0
TEXT
  5
1BD
330
17
100
AcDbEntity
  8
TEXT
100
AcDbText
 10
1048.0
 20
55.0
 30
0.0
 40
2.5
  1
SCALE: NTS
 11
1048.0
 21
55.0
 31
0.0
100
AcDbText
  0
TEXT
  5
1BE
330
17
100
AcDbEntity
  8
TEXT
100
AcDbText
 10
845.0
 20
32.0
 30
0.0
 40
2.0
  1
SERVICE: c2_c3_fractionation
 11
845.0
 21
32.0
 31
0.0
100
AcDbText
  0
TEXT
  5
1BF
330
17
100
AcDbEntity
  8
TEXT
100
AcDbText
 10
1098.0
 20
32.0
 30
0.0
 40
2.5
  1
STUDY
 11
1098.0
 21
32.0
 31
0.0
100
AcDbText
  0
LWPOLYLINE
  5
1C0
330
17
100
AcDbEntity
  8
TABLE
100
AcDbPolyline
 90
5
 70
0
 10
55.0
 20
118.0
 10
615.0
 20
118.0
 10
615.0
 20
36.0
 10
55.0
 20
36.0
 10
55.0
 20
118.0
  0
TEXT
  5
1C1
330
17
100
AcDbEntity
  8
TEXT
100
AcDbText
 10
61.0
 20
106.0
 30
0.0
 40
3.5
  1
NOTES
 11
61.0
 21
106.0
 31
0.0
100
AcDbText
  0
TEXT
  5
1C2
330
17
100
AcDbEntity
  8
TEXT
100
AcDbText
 10
63.0
 20
96.0
 30
0.0
 40
2.0
  1
1. no pipe shall enter equipment body
 11
63.0
 21
96.0
 31
0.0
100
AcDbText
  0
TEXT
  5
1C3
330
17
100
AcDbEntity
  8
TEXT
100
AcDbText
 10
63.0
 20
87.0
 30
0.0
 40
2.0
  1
2. all process connections shall terminate at nozzle connection points
 11
63.0
 21
87.0
 31
0.0
100
AcDbText
  0
TEXT
  5
1C4
330
17
100
AcDbEntity
  8
TEXT
100
AcDbText
 10
63.0
 20
78.0
 30
0.0
 40
2.0
  1
3. signal lines shall use ISA style line types
 11
63.0
 21
78.0
 31
0.0
100
AcDbText
  0
TEXT
  5
1C5
330
17
100
AcDbEntity
  8
TEXT
100
AcDbText
 10
63.0
 20
69.0
 30
0.0
 40
2.0
  1
4. labels shall not overlap symbols lines or forbidden zones
 11
63.0
 21
69.0
 31
0.0
100
AcDbText
  0
TEXT
  5
1C6
330
17
100
AcDbEntity
  8
TEXT
100
AcDbText
 10
650.0
 20
118.0
 30
0.0
 40
3.5
  1
LEGEND
 11
650.0
 21
118.0
 31
0.0
100
AcDbText
  0
TEXT
  5
1C7
330
17
100
AcDbEntity
  8
TEXT
100
AcDbText
 10
650.0
 20
106.0
 30
0.0
 40
2.0
  1
Solid: process / utility piping
 11
650.0
 21
106.0
 31
0.0
100
AcDbText
  0
TEXT
  5
1C8
330
17
100
AcDbEntity
  8
TEXT
100
AcDbText
 10
650.0
 20
96.0
 30
0.0
 40
2.0
  1
Dashed/dotted: instrument signals
 11
650.0
 21
96.0
 31
0.0
100
AcDbText
  0
LWPOLYLINE
  5
1C9
330
17
100
AcDbEntity
  8
TABLE
100
AcDbPolyline
 90
5
 70
0
 10
650.0
 20
75.0
 10
795.0
 20
75.0
 10
795.0
 20
37.0
 10
650.0
 20
37.0
 10
650.0
 20
75.0
  0
TEXT
  5
1CA
330
17
100
AcDbEntity
  8
TEXT
100
AcDbText
 10
654.0
 20
65.0
 30
0.0
 40
2.0
  1
REV  DATE        STATUS
 11
654.0
 21
65.0
 31
0.0
100
AcDbText
  0
TEXT
  5
1CB
330
17
100
AcDbEntity
  8
TEXT
100
AcDbText
 10
654.0
 20
53.0
 30
0.0
 40
2.0
  1
A    2026-05-07  STUDY
 11
654.0
 21
53.0
 31
0.0
100
AcDbText
  0
INSERT
  5
1CC
330
17
100
AcDbEntity
  8
SYMBOLS
100
AcDbBlockReference
  2
YAML_PID_OFFPAGE_CONNECTOR
 10
85.0
 20
392.0
 30
0.0
 41
3.6103034812080543
 42
7.559055118110234
 50
180.0
  0
TEXT
  5
1CE
330
17
100
AcDbEntity
  8
TEXT
100
AcDbText
 10
115.0
 20
410.0
 30
0.0
 40
2.0
  1
FEED FROM C2/C3 SECTION
 11
115.0
 21
410.0
 31
0.0
100
AcDbText
  0
TEXT
  5
1CF
330
17
100
AcDbEntity
  8
TEXT
100
AcDbText
 10
115.0
 20
374.0
 30
0.0
 40
2.0
  1
FROM PID-400
 11
115.0
 21
374.0
 31
0.0
100
AcDbText
  0
INSERT
  5
1D0
330
17
100
AcDbEntity
  8
SYMBOLS
100
AcDbBlockReference
  2
YAML_PID_OFFPAGE_CONNECTOR
 10
1115.0
 20
610.0
 30
0.0
 41
3.6103034812080543
 42
7.559055118110234
 50
180.0
  0
TEXT
  5
1D2
330
17
100
AcDbEntity
  8
TEXT
100
AcDbText
 10
1015.0
 20
628.0
 30
0.0
 40
2.0
  1
C2 OVERHEAD PRODUCT
 11
1015.0
 21
628.0
 31
0.0
100
AcDbText
  0
TEXT
  5
1D3
330
17
100
AcDbEntity
  8
TEXT
100
AcDbText
 10
1015.0
 20
592.0
 30
0.0
 40
2.0
  1
TO PID-520 / PID-600
 11
1015.0
 21
592.0
 31
0.0
100
AcDbText
  0
INSERT
  5
1D4
330
17
100
AcDbEntity
  8
SYMBOLS
100
AcDbBlockReference
  2
YAML_PID_OFFPAGE_CONNECTOR
 10
85.0
 20
268.0
 30
0.0
 41
3.6103034812080543
 42
7.559055118110234
  0
TEXT
  5
1D6
330
17
100
AcDbEntity
  8
TEXT
100
AcDbText
 10
115.0
 20
286.0
 30
0.0
 40
2.0
  1
C3+ BOTTOMS EXPORT
 11
115.0
 21
286.0
 31
0.0
100
AcDbText
  0
TEXT
  5
1D7
330
17
100
AcDbEntity
  8
TEXT
100
AcDbText
 10
115.0
 20
250.0
 30
0.0
 40
2.0
  1
TO PID-600 / EXPORT
 11
115.0
 21
250.0
 31
0.0
100
AcDbText
  0
INSERT
  5
1D8
330
17
100
AcDbEntity
  8
SYMBOLS
100
AcDbBlockReference
  2
YAML_PID_OFFPAGE_CONNECTOR
 10
1115.0
 20
735.0
 30
0.0
 41
3.6103034812080543
 42
7.559055118110234
 50
180.0
  0
TEXT
  5
1DA
330
17
100
AcDbEntity
  8
TEXT
100
AcDbText
 10
1015.0
 20
753.0
 30
0.0
 40
2.0
  1
TO FLARE HEADER
 11
1015.0
 21
753.0
 31
0.0
100
AcDbText
  0
TEXT
  5
1DB
330
17
100
AcDbEntity
  8
TEXT
100
AcDbText
 10
1015.0
 20
717.0
 30
0.0
 40
2.0
  1
TO PID-700
 11
1015.0
 21
717.0
 31
0.0
100
AcDbText
  0
INSERT
  5
1DC
330
17
100
AcDbEntity
  8
SYMBOLS
100
AcDbBlockReference
  2
YAML_PID_OFFPAGE_CONNECTOR
 10
1115.0
 20
90.0
 30
0.0
 41
3.6103034812080543
 42
7.559055118110234
 50
180.0
  0
TEXT
  5
1DE
330
17
100
AcDbEntity
  8
TEXT
100
AcDbText
 10
1015.0
 20
108.0
 30
0.0
 40
2.0
  1
TO CLOSED DRAIN
 11
1015.0
 21
108.0
 31
0.0
100
AcDbText
  0
TEXT
  5
1DF
330
17
100
AcDbEntity
  8
TEXT
100
AcDbText
 10
1015.0
 20
72.0
 30
0.0
 40
2.0
  1
TO PID-700
 11
1015.0
 21
72.0
 31
0.0
100
AcDbText
  0
INSERT
  5
1E0
330
17
100
AcDbEntity
  8
SYMBOLS
100
AcDbBlockReference
  2
YAML_PID_OFFPAGE_CONNECTOR
 10
1115.0
 20
690.0
 30
0.0
 41
3.6103034812080543
 42
7.559055118110234
  0
TEXT
  5
1E2
330
17
100
AcDbEntity
  8
TEXT
100
AcDbText
 10
1015.0
 20
708.0
 30
0.0
 40
2.0
  1
COOLING WATER SUPPLY
 11
1015.0
 21
708.0
 31
0.0
100
AcDbText
  0
TEXT
  5
1E3
330
17
100
AcDbEntity
  8
TEXT
100
AcDbText
 10
1015.0
 20
672.0
 30
0.0
 40
2.0
  1
FROM PID-800
 11
1015.0
 21
672.0
 31
0.0
100
AcDbText
  0
INSERT
  5
1E4
330
17
100
AcDbEntity
  8
SYMBOLS
100
AcDbBlockReference
  2
YAML_PID_OFFPAGE_CONNECTOR
 10
1115.0
 20
560.0
 30
0.0
 41
3.6103034812080543
 42
7.559055118110234
 50
180.0
  0
TEXT
  5
1E6
330
17
100
AcDbEntity
  8
TEXT
100
AcDbText
 10
1015.0
 20
578.0
 30
0.0
 40
2.0
  1
COOLING WATER RETURN
 11
1015.0
 21
578.0
 31
0.0
100
AcDbText
  0
TEXT
  5
1E7
330
17
100
AcDbEntity
  8
TEXT
100
AcDbText
 10
1015.0
 20
542.0
 30
0.0
 40
2.0
  1
TO PID-800
 11
1015.0
 21
542.0
 31
0.0
100
AcDbText
  0
INSERT
  5
1E8
330
17
100
AcDbEntity
  8
SYMBOLS
100
AcDbBlockReference
  2
YAML_PID_OFFPAGE_CONNECTOR
 10
1115.0
 20
370.0
 30
0.0
 41
3.6103034812080543
 42
7.559055118110234
  0
TEXT
  5
1EA
330
17
100
AcDbEntity
  8
TEXT
100
AcDbText
 10
1015.0
 20
388.0
 30
0.0
 40
2.0
  1
HEATING MEDIUM SUPPLY
 11
1015.0
 21
388.0
 31
0.0
100
AcDbText
  0
TEXT
  5
1EB
330
17
100
AcDbEntity
  8
TEXT
100
AcDbText
 10
1015.0
 20
352.0
 30
0.0
 40
2.0
  1
FROM PID-810
 11
1015.0
 21
352.0
 31
0.0
100
AcDbText
  0
INSERT
  5
1EC
330
17
100
AcDbEntity
  8
SYMBOLS
100
AcDbBlockReference
  2
YAML_PID_OFFPAGE_CONNECTOR
 10
1115.0
 20
335.0
 30
0.0
 41
3.6103034812080543
 42
7.559055118110234
 50
180.0
  0
TEXT
  5
1EE
330
17
100
AcDbEntity
  8
TEXT
100
AcDbText
 10
1015.0
 20
353.0
 30
0.0
 40
2.0
  1
HEATING MEDIUM RETURN
 11
1015.0
 21
353.0
 31
0.0
100
AcDbText
  0
TEXT
  5
1EF
330
17
100
AcDbEntity
  8
TEXT
100
AcDbText
 10
1015.0
 20
317.0
 30
0.0
 40
2.0
  1
TO PID-810
 11
1015.0
 21
317.0
 31
0.0
100
AcDbText
  0
INSERT
  5
1F0
330
17
100
AcDbEntity
  8
SYMBOLS
100
AcDbBlockReference
  2
YAML_PID_DEETHANIZER_COLUMN
 10
520.0
 20
430.0
 30
0.0
 41
56.0
 42
48.421052631578945
  0
LINE
  5
1F2
330
17
100
AcDbEntity
  8
EQUIPMENT
100
AcDbLine
 10
497.0
 20
353.0
 30
0.0
 11
543.0
 21
353.0
 31
0.0
  0
LINE
  5
1F3
330
17
100
AcDbEntity
  8
EQUIPMENT
100
AcDbLine
 10
497.0
 20
370.0
 30
0.0
 11
543.0
 21
370.0
 31
0.0
  0
LINE
  5
1F4
330
17
100
AcDbEntity
  8
EQUIPMENT
100
AcDbLine
 10
497.0
 20
387.0
 30
0.0
 11
543.0
 21
387.0
 31
0.0
  0
LINE
  5
1F5
330
17
100
AcDbEntity
  8
EQUIPMENT
100
AcDbLine
 10
497.0
 20
404.0
 30
0.0
 11
543.0
 21
404.0
 31
0.0
  0
LINE
  5
1F6
330
17
100
AcDbEntity
  8
EQUIPMENT
100
AcDbLine
 10
497.0
 20
421.0
 30
0.0
 11
543.0
 21
421.0
 31
0.0
  0
LINE
  5
1F7
330
17
100
AcDbEntity
  8
EQUIPMENT
100
AcDbLine
 10
497.0
 20
438.0
 30
0.0
 11
543.0
 21
438.0
 31
0.0
  0
LINE
  5
1F8
330
17
100
AcDbEntity
  8
EQUIPMENT
100
AcDbLine
 10
497.0
 20
455.0
 30
0.0
 11
543.0
 21
455.0
 31
0.0
  0
LINE
  5
1F9
330
17
100
AcDbEntity
  8
EQUIPMENT
100
AcDbLine
 10
497.0
 20
472.0
 30
0.0
 11
543.0
 21
472.0
 31
0.0
  0
LINE
  5
1FA
330
17
100
AcDbEntity
  8
EQUIPMENT
100
AcDbLine
 10
497.0
 20
489.0
 30
0.0
 11
543.0
 21
489.0
 31
0.0
  0
TEXT
  5
1FB
330
17
100
AcDbEntity
  8
TEXT
100
AcDbText
 10
468.0
 20
303.0
 30
0.0
 40
3.5
  1
T-501
 11
468.0
 21
303.0
 31
0.0
100
AcDbText
  0
INSERT
  5
1FC
330
17
100
AcDbEntity
  8
SYMBOLS
100
AcDbBlockReference
  2
YAML_PID_REBOILER
 10
700.0
 20
315.0
 30
0.0
 41
17.2
 42
33.6
  0
TEXT
  5
1FE
330
17
100
AcDbEntity
  8
TEXT
100
AcDbText
 10
694.5
 20
283.0
 30
0.0
 40
3.5
  1
E-501
 11
694.5
 21
283.0
 31
0.0
100
AcDbText
  0
INSERT
  5
1FF
330
17
100
AcDbEntity
  8
SYMBOLS
100
AcDbBlockReference
  2
YAML_PID_OVERHEAD_CONDENSER
 10
650.0
 20
650.0
 30
0.0
 41
15.2
 42
22.666666666666668
  0
TEXT
  5
201
330
17
100
AcDbEntity
  8
TEXT
100
AcDbText
 10
644.5
 20
622.0
 30
0.0
 40
3.5
  1
E-502
 11
644.5
 21
622.0
 31
0.0
100
AcDbText
  0
INSERT
  5
202
330
17
100
AcDbEntity
  8
SYMBOLS
100
AcDbBlockReference
  2
YAML_PID_REFLUX_DRUM
 10
840.0
 20
610.0
 30
0.0
 41
19.36842105263158
 42
38.0
  0
TEXT
  5
204
330
17
100
AcDbEntity
  8
TEXT
100
AcDbText
 10
834.5
 20
580.0
 30
0.0
 40
3.5
  1
V-501
 11
834.5
 21
580.0
 31
0.0
100
AcDbText
  0
INSERT
  5
205
330
17
100
AcDbEntity
  8
SYMBOLS
100
AcDbBlockReference
  2
YAML_PID_CENTRIFUGAL_PUMP
 10
820.0
 20
495.0
 30
0.0
 41
34.0
 42
24.0
  0
TEXT
  5
207
330
17
100
AcDbEntity
  8
TEXT
100
AcDbText
 10
813.4
 20
472.0
 30
0.0
 40
3.5
  1
P-501A
 11
813.4
 21
472.0
 31
0.0
100
AcDbText
  0
INSERT
  5
208
330
17
100
AcDbEntity
  8
SYMBOLS
100
AcDbBlockReference
  2
YAML_PID_CENTRIFUGAL_PUMP
 10
820.0
 20
450.0
 30
0.0
 41
34.0
 42
24.0
  0
TEXT
  5
20A
330
17
100
AcDbEntity
  8
TEXT
100
AcDbText
 10
813.4
 20
427.0
 30
0.0
 40
3.5
  1
P-501B
 11
813.4
 21
427.0
 31
0.0
100
AcDbText
  0
INSERT
  5
20B
330
17
100
AcDbEntity
  8
SYMBOLS
100
AcDbBlockReference
  2
YAML_PID_FEED_BOTTOMS_EXCHANGER
 10
300.0
 20
400.0
 30
0.0
 41
15.2
 42
27.2
  0
TEXT
  5
20D
330
17
100
AcDbEntity
  8
TEXT
100
AcDbText
 10
294.5
 20
372.0
 30
0.0
 40
3.5
  1
E-503
 11
294.5
 21
372.0
 31
0.0
100
AcDbText
  0
INSERT
  5
20E
330
17
100
AcDbEntity
  8
SYMBOLS
100
AcDbBlockReference
  2
YAML_PID_CENTRIFUGAL_PUMP
 10
470.0
 20
205.0
 30
0.0
 41
34.0
 42
24.0
  0
TEXT
  5
210
330
17
100
AcDbEntity
  8
TEXT
100
AcDbText
 10
463.4
 20
182.0
 30
0.0
 40
3.5
  1
P-502A
 11
463.4
 21
182.0
 31
0.0
100
AcDbText
  0
INSERT
  5
211
330
17
100
AcDbEntity
  8
SYMBOLS
100
AcDbBlockReference
  2
YAML_PID_CENTRIFUGAL_PUMP
 10
470.0
 20
160.0
 30
0.0
 41
34.0
 42
24.0
  0
TEXT
  5
213
330
17
100
AcDbEntity
  8
TEXT
100
AcDbText
 10
463.4
 20
137.0
 30
0.0
 40
3.5
  1
P-502B
 11
463.4
 21
137.0
 31
0.0
100
AcDbText
  0
LINE
  5
214
330
17
100
AcDbEntity
  8
NOZZLES
370
13
100
AcDbLine
 10
492.0
 20
465.0
 30
0.0
 11
487.2
 21
465.0
 31
0.0
  0
LINE
  5
215
330
17
100
AcDbEntity
  8
NOZZLES
370
13
100
AcDbLine
 10
487.2
 20
466.3
 30
0.0
 11
487.2
 21
463.7
 31
0.0
  0
LINE
  5
216
330
17
100
AcDbEntity
  8
NOZZLES
370
13
100
AcDbLine
 10
486.45
 20
466.3
 30
0.0
 11
486.45
 21
463.7
 31
0.0
  0
LINE
  5
217
330
17
100
AcDbEntity
  8
NOZZLES
370
13
100
AcDbLine
 10
520.0
 20
545.0
 30
0.0
 11
520.0
 21
550.4
 31
0.0
  0
LINE
  5
218
330
17
100
AcDbEntity
  8
NOZZLES
370
13
100
AcDbLine
 10
521.3
 20
550.4
 30
0.0
 11
518.7
 21
550.4
 31
0.0
  0
LINE
  5
219
330
17
100
AcDbEntity
  8
NOZZLES
370
13
100
AcDbLine
 10
521.3
 20
551.15
 30
0.0
 11
518.7
 21
551.15
 31
0.0
  0
LINE
  5
21A
330
17
100
AcDbEntity
  8
NOZZLES
370
13
100
AcDbLine
 10
548.0
 20
508.0
 30
0.0
 11
552.8
 21
508.0
 31
0.0
  0
LINE
  5
21B
330
17
100
AcDbEntity
  8
NOZZLES
370
13
100
AcDbLine
 10
552.8
 20
506.7
 30
0.0
 11
552.8
 21
509.3
 31
0.0
  0
LINE
  5
21C
330
17
100
AcDbEntity
  8
NOZZLES
370
13
100
AcDbLine
 10
553.55
 20
506.7
 30
0.0
 11
553.55
 21
509.3
 31
0.0
  0
LINE
  5
21D
330
17
100
AcDbEntity
  8
NOZZLES
370
13
100
AcDbLine
 10
548.0
 20
348.0
 30
0.0
 11
552.8
 21
348.0
 31
0.0
  0
LINE
  5
21E
330
17
100
AcDbEntity
  8
NOZZLES
370
13
100
AcDbLine
 10
552.8
 20
346.7
 30
0.0
 11
552.8
 21
349.3
 31
0.0
  0
LINE
  5
21F
330
17
100
AcDbEntity
  8
NOZZLES
370
13
100
AcDbLine
 10
553.55
 20
346.7
 30
0.0
 11
553.55
 21
349.3
 31
0.0
  0
LINE
  5
220
330
17
100
AcDbEntity
  8
NOZZLES
370
13
100
AcDbLine
 10
548.0
 20
382.0
 30
0.0
 11
552.8
 21
382.0
 31
0.0
  0
LINE
  5
221
330
17
100
AcDbEntity
  8
NOZZLES
370
13
100
AcDbLine
 10
552.8
 20
380.7
 30
0.0
 11
552.8
 21
383.3
 31
0.0
  0
LINE
  5
222
330
17
100
AcDbEntity
  8
NOZZLES
370
13
100
AcDbLine
 10
553.55
 20
380.7
 30
0.0
 11
553.55
 21
383.3
 31
0.0
  0
LINE
  5
223
330
17
100
AcDbEntity
  8
NOZZLES
370
13
100
AcDbLine
 10
520.0
 20
315.0
 30
0.0
 11
520.0
 21
309.6
 31
0.0
  0
LINE
  5
224
330
17
100
AcDbEntity
  8
NOZZLES
370
13
100
AcDbLine
 10
518.7
 20
309.6
 30
0.0
 11
521.3
 21
309.6
 31
0.0
  0
LINE
  5
225
330
17
100
AcDbEntity
  8
NOZZLES
370
13
100
AcDbLine
 10
518.7
 20
308.85
 30
0.0
 11
521.3
 21
308.85
 31
0.0
  0
LINE
  5
226
330
17
100
AcDbEntity
  8
NOZZLES
370
13
100
AcDbLine
 10
532.0
 20
542.0
 30
0.0
 11
536.0
 21
546.0
 31
0.0
  0
LINE
  5
227
330
17
100
AcDbEntity
  8
NOZZLES
370
13
100
AcDbLine
 10
536.9192388155425
 20
545.0807611844575
 30
0.0
 11
535.0807611844575
 21
546.9192388155425
 31
0.0
  0
LINE
  5
228
330
17
100
AcDbEntity
  8
NOZZLES
370
13
100
AcDbLine
 10
537.4495689014324
 20
545.6110912703474
 30
0.0
 11
535.6110912703474
 21
547.4495689014324
 31
0.0
  0
LINE
  5
229
330
17
100
AcDbEntity
  8
NOZZLES
370
13
100
AcDbLine
 10
532.0
 20
318.0
 30
0.0
 11
536.0
 21
314.0
 31
0.0
  0
LINE
  5
22A
330
17
100
AcDbEntity
  8
NOZZLES
370
13
100
AcDbLine
 10
535.0807611844575
 20
313.0807611844575
 30
0.0
 11
536.9192388155425
 21
314.9192388155425
 31
0.0
  0
LINE
  5
22B
330
17
100
AcDbEntity
  8
NOZZLES
370
13
100
AcDbLine
 10
535.6110912703474
 20
312.5504310985676
 30
0.0
 11
537.4495689014324
 21
314.3889087296526
 31
0.0
  0
LINE
  5
22C
330
17
100
AcDbEntity
  8
NOZZLES
370
13
100
AcDbLine
 10
508.0
 20
542.0
 30
0.0
 11
504.0
 21
546.0
 31
0.0
  0
LINE
  5
22D
330
17
100
AcDbEntity
  8
NOZZLES
370
13
100
AcDbLine
 10
504.9192388155425
 20
546.9192388155425
 30
0.0
 11
503.0807611844575
 21
545.0807611844575
 31
0.0
  0
LINE
  5
22E
330
17
100
AcDbEntity
  8
NOZZLES
370
13
100
AcDbLine
 10
504.3889087296526
 20
547.4495689014324
 30
0.0
 11
502.5504310985676
 21
545.6110912703474
 31
0.0
  0
LINE
  5
22F
330
17
100
AcDbEntity
  8
NOZZLES
370
13
100
AcDbLine
 10
492.0
 20
522.0
 30
0.0
 11
488.0
 21
522.0
 31
0.0
  0
LINE
  5
230
330
17
100
AcDbEntity
  8
NOZZLES
370
13
100
AcDbLine
 10
488.0
 20
523.3
 30
0.0
 11
488.0
 21
520.7
 31
0.0
  0
LINE
  5
231
330
17
100
AcDbEntity
  8
NOZZLES
370
13
100
AcDbLine
 10
487.25
 20
523.3
 30
0.0
 11
487.25
 21
520.7
 31
0.0
  0
LINE
  5
232
330
17
100
AcDbEntity
  8
NOZZLES
370
13
100
AcDbLine
 10
492.0
 20
502.0
 30
0.0
 11
488.0
 21
502.0
 31
0.0
  0
LINE
  5
233
330
17
100
AcDbEntity
  8
NOZZLES
370
13
100
AcDbLine
 10
488.0
 20
503.3
 30
0.0
 11
488.0
 21
500.7
 31
0.0
  0
LINE
  5
234
330
17
100
AcDbEntity
  8
NOZZLES
370
13
100
AcDbLine
 10
487.25
 20
503.3
 30
0.0
 11
487.25
 21
500.7
 31
0.0
  0
LINE
  5
235
330
17
100
AcDbEntity
  8
NOZZLES
370
13
100
AcDbLine
 10
492.0
 20
358.0
 30
0.0
 11
488.0
 21
358.0
 31
0.0
  0
LINE
  5
236
330
17
100
AcDbEntity
  8
NOZZLES
370
13
100
AcDbLine
 10
488.0
 20
359.3
 30
0.0
 11
488.0
 21
356.7
 31
0.0
  0
LINE
  5
237
330
17
100
AcDbEntity
  8
NOZZLES
370
13
100
AcDbLine
 10
487.25
 20
359.3
 30
0.0
 11
487.25
 21
356.7
 31
0.0
  0
LINE
  5
238
330
17
100
AcDbEntity
  8
NOZZLES
370
13
100
AcDbLine
 10
548.0
 20
478.0
 30
0.0
 11
552.0
 21
478.0
 31
0.0
  0
LINE
  5
239
330
17
100
AcDbEntity
  8
NOZZLES
370
13
100
AcDbLine
 10
552.0
 20
476.7
 30
0.0
 11
552.0
 21
479.3
 31
0.0
  0
LINE
  5
23A
330
17
100
AcDbEntity
  8
NOZZLES
370
13
100
AcDbLine
 10
552.75
 20
476.7
 30
0.0
 11
552.75
 21
479.3
 31
0.0
  0
LINE
  5
23B
330
17
100
AcDbEntity
  8
NOZZLES
370
13
100
AcDbLine
 10
548.0
 20
430.0
 30
0.0
 11
552.0
 21
430.0
 31
0.0
  0
LINE
  5
23C
330
17
100
AcDbEntity
  8
NOZZLES
370
13
100
AcDbLine
 10
552.0
 20
428.7
 30
0.0
 11
552.0
 21
431.3
 31
0.0
  0
LINE
  5
23D
330
17
100
AcDbEntity
  8
NOZZLES
370
13
100
AcDbLine
 10
552.75
 20
428.7
 30
0.0
 11
552.75
 21
431.3
 31
0.0
  0
LINE
  5
23E
330
17
100
AcDbEntity
  8
NOZZLES
370
13
100
AcDbLine
 10
548.0
 20
392.0
 30
0.0
 11
552.0
 21
392.0
 31
0.0
  0
LINE
  5
23F
330
17
100
AcDbEntity
  8
NOZZLES
370
13
100
AcDbLine
 10
552.0
 20
390.7
 30
0.0
 11
552.0
 21
393.3
 31
0.0
  0
LINE
  5
240
330
17
100
AcDbEntity
  8
NOZZLES
370
13
100
AcDbLine
 10
552.75
 20
390.7
 30
0.0
 11
552.75
 21
393.3
 31
0.0
  0
LINE
  5
241
330
17
100
AcDbEntity
  8
NOZZLES
370
13
100
AcDbLine
 10
492.0
 20
348.0
 30
0.0
 11
488.0
 21
348.0
 31
0.0
  0
LINE
  5
242
330
17
100
AcDbEntity
  8
NOZZLES
370
13
100
AcDbLine
 10
488.0
 20
349.3
 30
0.0
 11
488.0
 21
346.7
 31
0.0
  0
LINE
  5
243
330
17
100
AcDbEntity
  8
NOZZLES
370
13
100
AcDbLine
 10
487.25
 20
349.3
 30
0.0
 11
487.25
 21
346.7
 31
0.0
  0
LINE
  5
244
330
17
100
AcDbEntity
  8
NOZZLES
370
13
100
AcDbLine
 10
492.0
 20
326.0
 30
0.0
 11
488.0
 21
326.0
 31
0.0
  0
LINE
  5
245
330
17
100
AcDbEntity
  8
NOZZLES
370
13
100
AcDbLine
 10
488.0
 20
327.3
 30
0.0
 11
488.0
 21
324.7
 31
0.0
  0
LINE
  5
246
330
17
100
AcDbEntity
  8
NOZZLES
370
13
100
AcDbLine
 10
487.25
 20
327.3
 30
0.0
 11
487.25
 21
324.7
 31
0.0
  0
LINE
  5
247
330
17
100
AcDbEntity
  8
NOZZLES
370
13
100
AcDbLine
 10
657.0
 20
305.0
 30
0.0
 11
653.6
 21
305.0
 31
0.0
  0
LINE
  5
248
330
17
100
AcDbEntity
  8
NOZZLES
370
13
100
AcDbLine
 10
653.6
 20
306.3
 30
0.0
 11
653.6
 21
303.7
 31
0.0
  0
LINE
  5
249
330
17
100
AcDbEntity
  8
NOZZLES
370
13
100
AcDbLine
 10
652.85
 20
306.3
 30
0.0
 11
652.85
 21
303.7
 31
0.0
  0
LINE
  5
24A
330
17
100
AcDbEntity
  8
NOZZLES
370
13
100
AcDbLine
 10
657.0
 20
327.0
 30
0.0
 11
653.6
 21
327.0
 31
0.0
  0
LINE
  5
24B
330
17
100
AcDbEntity
  8
NOZZLES
370
13
100
AcDbLine
 10
653.6
 20
328.3
 30
0.0
 11
653.6
 21
325.7
 31
0.0
  0
LINE
  5
24C
330
17
100
AcDbEntity
  8
NOZZLES
370
13
100
AcDbLine
 10
652.85
 20
328.3
 30
0.0
 11
652.85
 21
325.7
 31
0.0
  0
LINE
  5
24D
330
17
100
AcDbEntity
  8
NOZZLES
370
13
100
AcDbLine
 10
743.0
 20
305.0
 30
0.0
 11
746.4
 21
305.0
 31
0.0
  0
LINE
  5
24E
330
17
100
AcDbEntity
  8
NOZZLES
370
13
100
AcDbLine
 10
746.4
 20
303.7
 30
0.0
 11
746.4
 21
306.3
 31
0.0
  0
LINE
  5
24F
330
17
100
AcDbEntity
  8
NOZZLES
370
13
100
AcDbLine
 10
747.15
 20
303.7
 30
0.0
 11
747.15
 21
306.3
 31
0.0
  0
LINE
  5
250
330
17
100
AcDbEntity
  8
NOZZLES
370
13
100
AcDbLine
 10
720.0
 20
336.0
 30
0.0
 11
720.0
 21
339.4
 31
0.0
  0
LINE
  5
251
330
17
100
AcDbEntity
  8
NOZZLES
370
13
100
AcDbLine
 10
721.3
 20
339.4
 30
0.0
 11
718.7
 21
339.4
 31
0.0
  0
LINE
  5
252
330
17
100
AcDbEntity
  8
NOZZLES
370
13
100
AcDbLine
 10
721.3
 20
340.15
 30
0.0
 11
718.7
 21
340.15
 31
0.0
  0
LINE
  5
253
330
17
100
AcDbEntity
  8
NOZZLES
370
13
100
AcDbLine
 10
680.0
 20
336.0
 30
0.0
 11
680.0
 21
339.4
 31
0.0
  0
LINE
  5
254
330
17
100
AcDbEntity
  8
NOZZLES
370
13
100
AcDbLine
 10
681.3
 20
339.4
 30
0.0
 11
678.7
 21
339.4
 31
0.0
  0
LINE
  5
255
330
17
100
AcDbEntity
  8
NOZZLES
370
13
100
AcDbLine
 10
681.3
 20
340.15
 30
0.0
 11
678.7
 21
340.15
 31
0.0
  0
LINE
  5
256
330
17
100
AcDbEntity
  8
NOZZLES
370
13
100
AcDbLine
 10
734.0
 20
336.0
 30
0.0
 11
734.0
 21
339.4
 31
0.0
  0
LINE
  5
257
330
17
100
AcDbEntity
  8
NOZZLES
370
13
100
AcDbLine
 10
735.3
 20
339.4
 30
0.0
 11
732.7
 21
339.4
 31
0.0
  0
LINE
  5
258
330
17
100
AcDbEntity
  8
NOZZLES
370
13
100
AcDbLine
 10
735.3
 20
340.15
 30
0.0
 11
732.7
 21
340.15
 31
0.0
  0
LINE
  5
259
330
17
100
AcDbEntity
  8
NOZZLES
370
13
100
AcDbLine
 10
734.0
 20
294.0
 30
0.0
 11
734.0
 21
290.6
 31
0.0
  0
LINE
  5
25A
330
17
100
AcDbEntity
  8
NOZZLES
370
13
100
AcDbLine
 10
732.7
 20
290.6
 30
0.0
 11
735.3
 21
290.6
 31
0.0
  0
LINE
  5
25B
330
17
100
AcDbEntity
  8
NOZZLES
370
13
100
AcDbLine
 10
732.7
 20
289.85
 30
0.0
 11
735.3
 21
289.85
 31
0.0
  0
LINE
  5
25C
330
17
100
AcDbEntity
  8
NOZZLES
370
13
100
AcDbLine
 10
612.0
 20
650.0
 30
0.0
 11
608.8
 21
650.0
 31
0.0
  0
LINE
  5
25D
330
17
100
AcDbEntity
  8
NOZZLES
370
13
100
AcDbLine
 10
608.8
 20
651.3
 30
0.0
 11
608.8
 21
648.7
 31
0.0
  0
LINE
  5
25E
330
17
100
AcDbEntity
  8
NOZZLES
370
13
100
AcDbLine
 10
608.05
 20
651.3
 30
0.0
 11
608.05
 21
648.7
 31
0.0
  0
LINE
  5
25F
330
17
100
AcDbEntity
  8
NOZZLES
370
13
100
AcDbLine
 10
688.0
 20
650.0
 30
0.0
 11
691.2
 21
650.0
 31
0.0
  0
LINE
  5
260
330
17
100
AcDbEntity
  8
NOZZLES
370
13
100
AcDbLine
 10
691.2
 20
648.7
 30
0.0
 11
691.2
 21
651.3
 31
0.0
  0
LINE
  5
261
330
17
100
AcDbEntity
  8
NOZZLES
370
13
100
AcDbLine
 10
691.95
 20
648.7
 30
0.0
 11
691.95
 21
651.3
 31
0.0
  0
LINE
  5
262
330
17
100
AcDbEntity
  8
NOZZLES
370
13
100
AcDbLine
 10
668.0
 20
633.0
 30
0.0
 11
668.0
 21
630.0
 31
0.0
  0
LINE
  5
263
330
17
100
AcDbEntity
  8
NOZZLES
370
13
100
AcDbLine
 10
666.7
 20
630.0
 30
0.0
 11
669.3
 21
630.0
 31
0.0
  0
LINE
  5
264
330
17
100
AcDbEntity
  8
NOZZLES
370
13
100
AcDbLine
 10
666.7
 20
629.25
 30
0.0
 11
669.3
 21
629.25
 31
0.0
  0
LINE
  5
265
330
17
100
AcDbEntity
  8
NOZZLES
370
13
100
AcDbLine
 10
632.0
 20
633.0
 30
0.0
 11
632.0
 21
630.0
 31
0.0
  0
LINE
  5
266
330
17
100
AcDbEntity
  8
NOZZLES
370
13
100
AcDbLine
 10
630.7
 20
630.0
 30
0.0
 11
633.3
 21
630.0
 31
0.0
  0
LINE
  5
267
330
17
100
AcDbEntity
  8
NOZZLES
370
13
100
AcDbLine
 10
630.7
 20
629.25
 30
0.0
 11
633.3
 21
629.25
 31
0.0
  0
LINE
  5
268
330
17
100
AcDbEntity
  8
NOZZLES
370
13
100
AcDbLine
 10
680.0
 20
667.0
 30
0.0
 11
680.0
 21
669.6
 31
0.0
  0
LINE
  5
269
330
17
100
AcDbEntity
  8
NOZZLES
370
13
100
AcDbLine
 10
681.3
 20
669.6
 30
0.0
 11
678.7
 21
669.6
 31
0.0
  0
LINE
  5
26A
330
17
100
AcDbEntity
  8
NOZZLES
370
13
100
AcDbLine
 10
681.3
 20
670.35
 30
0.0
 11
678.7
 21
670.35
 31
0.0
  0
LINE
  5
26B
330
17
100
AcDbEntity
  8
NOZZLES
370
13
100
AcDbLine
 10
680.0
 20
633.0
 30
0.0
 11
680.0
 21
630.4
 31
0.0
  0
LINE
  5
26C
330
17
100
AcDbEntity
  8
NOZZLES
370
13
100
AcDbLine
 10
678.7
 20
630.4
 30
0.0
 11
681.3
 21
630.4
 31
0.0
  0
LINE
  5
26D
330
17
100
AcDbEntity
  8
NOZZLES
370
13
100
AcDbLine
 10
678.7
 20
629.65
 30
0.0
 11
681.3
 21
629.65
 31
0.0
  0
LINE
  5
26E
330
17
100
AcDbEntity
  8
NOZZLES
370
13
100
AcDbLine
 10
794.0
 20
610.0
 30
0.0
 11
790.0
 21
610.0
 31
0.0
  0
LINE
  5
26F
330
17
100
AcDbEntity
  8
NOZZLES
370
13
100
AcDbLine
 10
790.0
 20
611.3
 30
0.0
 11
790.0
 21
608.7
 31
0.0
  0
LINE
  5
270
330
17
100
AcDbEntity
  8
NOZZLES
370
13
100
AcDbLine
 10
789.25
 20
611.3
 30
0.0
 11
789.25
 21
608.7
 31
0.0
  0
LINE
  5
271
330
17
100
AcDbEntity
  8
NOZZLES
370
13
100
AcDbLine
 10
840.0
 20
629.0
 30
0.0
 11
840.0
 21
633.0
 31
0.0
  0
LINE
  5
272
330
17
100
AcDbEntity
  8
NOZZLES
370
13
100
AcDbLine
 10
841.3
 20
633.0
 30
0.0
 11
838.7
 21
633.0
 31
0.0
  0
LINE
  5
273
330
17
100
AcDbEntity
  8
NOZZLES
370
13
100
AcDbLine
 10
841.3
 20
633.75
 30
0.0
 11
838.7
 21
633.75
 31
0.0
  0
LINE
  5
274
330
17
100
AcDbEntity
  8
NOZZLES
370
13
100
AcDbLine
 10
886.0
 20
610.0
 30
0.0
 11
890.0
 21
610.0
 31
0.0
  0
LINE
  5
275
330
17
100
AcDbEntity
  8
NOZZLES
370
13
100
AcDbLine
 10
890.0
 20
608.7
 30
0.0
 11
890.0
 21
611.3
 31
0.0
  0
LINE
  5
276
330
17
100
AcDbEntity
  8
NOZZLES
370
13
100
AcDbLine
 10
890.75
 20
608.7
 30
0.0
 11
890.75
 21
611.3
 31
0.0
  0
LINE
  5
277
330
17
100
AcDbEntity
  8
NOZZLES
370
13
100
AcDbLine
 10
858.0
 20
591.0
 30
0.0
 11
858.0
 21
587.0
 31
0.0
  0
LINE
  5
278
330
17
100
AcDbEntity
  8
NOZZLES
370
13
100
AcDbLine
 10
856.7
 20
587.0
 30
0.0
 11
859.3
 21
587.0
 31
0.0
  0
LINE
  5
279
330
17
100
AcDbEntity
  8
NOZZLES
370
13
100
AcDbLine
 10
856.7
 20
586.25
 30
0.0
 11
859.3
 21
586.25
 31
0.0
  0
LINE
  5
27A
330
17
100
AcDbEntity
  8
NOZZLES
370
13
100
AcDbLine
 10
822.0
 20
591.0
 30
0.0
 11
822.0
 21
587.0
 31
0.0
  0
LINE
  5
27B
330
17
100
AcDbEntity
  8
NOZZLES
370
13
100
AcDbLine
 10
820.7
 20
587.0
 30
0.0
 11
823.3
 21
587.0
 31
0.0
  0
LINE
  5
27C
330
17
100
AcDbEntity
  8
NOZZLES
370
13
100
AcDbLine
 10
820.7
 20
586.25
 30
0.0
 11
823.3
 21
586.25
 31
0.0
  0
LINE
  5
27D
330
17
100
AcDbEntity
  8
NOZZLES
370
13
100
AcDbLine
 10
816.0
 20
629.0
 30
0.0
 11
816.0
 21
633.0
 31
0.0
  0
LINE
  5
27E
330
17
100
AcDbEntity
  8
NOZZLES
370
13
100
AcDbLine
 10
817.3
 20
633.0
 30
0.0
 11
814.7
 21
633.0
 31
0.0
  0
LINE
  5
27F
330
17
100
AcDbEntity
  8
NOZZLES
370
13
100
AcDbLine
 10
817.3
 20
633.75
 30
0.0
 11
814.7
 21
633.75
 31
0.0
  0
LINE
  5
280
330
17
100
AcDbEntity
  8
NOZZLES
370
13
100
AcDbLine
 10
794.0
 20
620.0
 30
0.0
 11
790.0
 21
620.0
 31
0.0
  0
LINE
  5
281
330
17
100
AcDbEntity
  8
NOZZLES
370
13
100
AcDbLine
 10
790.0
 20
621.3
 30
0.0
 11
790.0
 21
618.7
 31
0.0
  0
LINE
  5
282
330
17
100
AcDbEntity
  8
NOZZLES
370
13
100
AcDbLine
 10
789.25
 20
621.3
 30
0.0
 11
789.25
 21
618.7
 31
0.0
  0
LINE
  5
283
330
17
100
AcDbEntity
  8
NOZZLES
370
13
100
AcDbLine
 10
794.0
 20
600.0
 30
0.0
 11
790.0
 21
600.0
 31
0.0
  0
LINE
  5
284
330
17
100
AcDbEntity
  8
NOZZLES
370
13
100
AcDbLine
 10
790.0
 20
601.3
 30
0.0
 11
790.0
 21
598.7
 31
0.0
  0
LINE
  5
285
330
17
100
AcDbEntity
  8
NOZZLES
370
13
100
AcDbLine
 10
789.25
 20
601.3
 30
0.0
 11
789.25
 21
598.7
 31
0.0
  0
LINE
  5
286
330
17
100
AcDbEntity
  8
NOZZLES
370
13
100
AcDbLine
 10
872.0
 20
629.0
 30
0.0
 11
872.0
 21
633.0
 31
0.0
  0
LINE
  5
287
330
17
100
AcDbEntity
  8
NOZZLES
370
13
100
AcDbLine
 10
873.3
 20
633.0
 30
0.0
 11
870.7
 21
633.0
 31
0.0
  0
LINE
  5
288
330
17
100
AcDbEntity
  8
NOZZLES
370
13
100
AcDbLine
 10
873.3
 20
633.75
 30
0.0
 11
870.7
 21
633.75
 31
0.0
  0
LINE
  5
289
330
17
100
AcDbEntity
  8
NOZZLES
370
13
100
AcDbLine
 10
262.0
 20
392.0
 30
0.0
 11
258.8
 21
392.0
 31
0.0
  0
LINE
  5
28A
330
17
100
AcDbEntity
  8
NOZZLES
370
13
100
AcDbLine
 10
258.8
 20
393.3
 30
0.0
 11
258.8
 21
390.7
 31
0.0
  0
LINE
  5
28B
330
17
100
AcDbEntity
  8
NOZZLES
370
13
100
AcDbLine
 10
258.05
 20
393.3
 30
0.0
 11
258.05
 21
390.7
 31
0.0
  0
LINE
  5
28C
330
17
100
AcDbEntity
  8
NOZZLES
370
13
100
AcDbLine
 10
338.0
 20
392.0
 30
0.0
 11
341.2
 21
392.0
 31
0.0
  0
LINE
  5
28D
330
17
100
AcDbEntity
  8
NOZZLES
370
13
100
AcDbLine
 10
341.2
 20
390.7
 30
0.0
 11
341.2
 21
393.3
 31
0.0
  0
LINE
  5
28E
330
17
100
AcDbEntity
  8
NOZZLES
370
13
100
AcDbLine
 10
341.95
 20
390.7
 30
0.0
 11
341.95
 21
393.3
 31
0.0
  0
LINE
  5
28F
330
17
100
AcDbEntity
  8
NOZZLES
370
13
100
AcDbLine
 10
338.0
 20
408.0
 30
0.0
 11
341.2
 21
408.0
 31
0.0
  0
LINE
  5
290
330
17
100
AcDbEntity
  8
NOZZLES
370
13
100
AcDbLine
 10
341.2
 20
406.7
 30
0.0
 11
341.2
 21
409.3
 31
0.0
  0
LINE
  5
291
330
17
100
AcDbEntity
  8
NOZZLES
370
13
100
AcDbLine
 10
341.95
 20
406.7
 30
0.0
 11
341.95
 21
409.3
 31
0.0
  0
LINE
  5
292
330
17
100
AcDbEntity
  8
NOZZLES
370
13
100
AcDbLine
 10
262.0
 20
408.0
 30
0.0
 11
258.8
 21
408.0
 31
0.0
  0
LINE
  5
293
330
17
100
AcDbEntity
  8
NOZZLES
370
13
100
AcDbLine
 10
258.8
 20
409.3
 30
0.0
 11
258.8
 21
406.7
 31
0.0
  0
LINE
  5
294
330
17
100
AcDbEntity
  8
NOZZLES
370
13
100
AcDbLine
 10
258.05
 20
409.3
 30
0.0
 11
258.05
 21
406.7
 31
0.0
  0
LINE
  5
295
330
17
100
AcDbEntity
  8
NOZZLES
370
13
100
AcDbLine
 10
330.0
 20
417.0
 30
0.0
 11
330.0
 21
419.6
 31
0.0
  0
LINE
  5
296
330
17
100
AcDbEntity
  8
NOZZLES
370
13
100
AcDbLine
 10
331.3
 20
419.6
 30
0.0
 11
328.7
 21
419.6
 31
0.0
  0
LINE
  5
297
330
17
100
AcDbEntity
  8
NOZZLES
370
13
100
AcDbLine
 10
331.3
 20
420.35
 30
0.0
 11
328.7
 21
420.35
 31
0.0
  0
LINE
  5
298
330
17
100
AcDbEntity
  8
NOZZLES
370
13
100
AcDbLine
 10
330.0
 20
383.0
 30
0.0
 11
330.0
 21
380.4
 31
0.0
  0
LINE
  5
299
330
17
100
AcDbEntity
  8
NOZZLES
370
13
100
AcDbLine
 10
328.7
 20
380.4
 30
0.0
 11
331.3
 21
380.4
 31
0.0
  0
LINE
  5
29A
330
17
100
AcDbEntity
  8
NOZZLES
370
13
100
AcDbLine
 10
328.7
 20
379.65
 30
0.0
 11
331.3
 21
379.65
 31
0.0
  0
LINE
  5
29B
330
17
100
AcDbEntity
  8
NOZZLES
370
13
100
AcDbLine
 10
803.0
 20
495.0
 30
0.0
 11
800.0
 21
495.0
 31
0.0
  0
LINE
  5
29C
330
17
100
AcDbEntity
  8
NOZZLES
370
13
100
AcDbLine
 10
800.0
 20
496.3
 30
0.0
 11
800.0
 21
493.7
 31
0.0
  0
LINE
  5
29D
330
17
100
AcDbEntity
  8
NOZZLES
370
13
100
AcDbLine
 10
799.25
 20
496.3
 30
0.0
 11
799.25
 21
493.7
 31
0.0
  0
LINE
  5
29E
330
17
100
AcDbEntity
  8
NOZZLES
370
13
100
AcDbLine
 10
837.0
 20
503.0
 30
0.0
 11
840.0
 21
503.0
 31
0.0
  0
LINE
  5
29F
330
17
100
AcDbEntity
  8
NOZZLES
370
13
100
AcDbLine
 10
840.0
 20
501.7
 30
0.0
 11
840.0
 21
504.3
 31
0.0
  0
LINE
  5
2A0
330
17
100
AcDbEntity
  8
NOZZLES
370
13
100
AcDbLine
 10
840.75
 20
501.7
 30
0.0
 11
840.75
 21
504.3
 31
0.0
  0
LINE
  5
2A1
330
17
100
AcDbEntity
  8
NOZZLES
370
13
100
AcDbLine
 10
820.0
 20
483.0
 30
0.0
 11
820.0
 21
480.2
 31
0.0
  0
LINE
  5
2A2
330
17
100
AcDbEntity
  8
NOZZLES
370
13
100
AcDbLine
 10
818.7
 20
480.2
 30
0.0
 11
821.3
 21
480.2
 31
0.0
  0
LINE
  5
2A3
330
17
100
AcDbEntity
  8
NOZZLES
370
13
100
AcDbLine
 10
818.7
 20
479.45
 30
0.0
 11
821.3
 21
479.45
 31
0.0
  0
LINE
  5
2A4
330
17
100
AcDbEntity
  8
NOZZLES
370
13
100
AcDbLine
 10
803.0
 20
450.0
 30
0.0
 11
800.0
 21
450.0
 31
0.0
  0
LINE
  5
2A5
330
17
100
AcDbEntity
  8
NOZZLES
370
13
100
AcDbLine
 10
800.0
 20
451.3
 30
0.0
 11
800.0
 21
448.7
 31
0.0
  0
LINE
  5
2A6
330
17
100
AcDbEntity
  8
NOZZLES
370
13
100
AcDbLine
 10
799.25
 20
451.3
 30
0.0
 11
799.25
 21
448.7
 31
0.0
  0
LINE
  5
2A7
330
17
100
AcDbEntity
  8
NOZZLES
370
13
100
AcDbLine
 10
837.0
 20
458.0
 30
0.0
 11
840.0
 21
458.0
 31
0.0
  0
LINE
  5
2A8
330
17
100
AcDbEntity
  8
NOZZLES
370
13
100
AcDbLine
 10
840.0
 20
456.7
 30
0.0
 11
840.0
 21
459.3
 31
0.0
  0
LINE
  5
2A9
330
17
100
AcDbEntity
  8
NOZZLES
370
13
100
AcDbLine
 10
840.75
 20
456.7
 30
0.0
 11
840.75
 21
459.3
 31
0.0
  0
LINE
  5
2AA
330
17
100
AcDbEntity
  8
NOZZLES
370
13
100
AcDbLine
 10
820.0
 20
438.0
 30
0.0
 11
820.0
 21
435.2
 31
0.0
  0
LINE
  5
2AB
330
17
100
AcDbEntity
  8
NOZZLES
370
13
100
AcDbLine
 10
818.7
 20
435.2
 30
0.0
 11
821.3
 21
435.2
 31
0.0
  0
LINE
  5
2AC
330
17
100
AcDbEntity
  8
NOZZLES
370
13
100
AcDbLine
 10
818.7
 20
434.45
 30
0.0
 11
821.3
 21
434.45
 31
0.0
  0
LINE
  5
2AD
330
17
100
AcDbEntity
  8
NOZZLES
370
13
100
AcDbLine
 10
453.0
 20
205.0
 30
0.0
 11
450.0
 21
205.0
 31
0.0
  0
LINE
  5
2AE
330
17
100
AcDbEntity
  8
NOZZLES
370
13
100
AcDbLine
 10
450.0
 20
206.3
 30
0.0
 11
450.0
 21
203.7
 31
0.0
  0
LINE
  5
2AF
330
17
100
AcDbEntity
  8
NOZZLES
370
13
100
AcDbLine
 10
449.25
 20
206.3
 30
0.0
 11
449.25
 21
203.7
 31
0.0
  0
LINE
  5
2B0
330
17
100
AcDbEntity
  8
NOZZLES
370
13
100
AcDbLine
 10
487.0
 20
213.0
 30
0.0
 11
490.0
 21
213.0
 31
0.0
  0
LINE
  5
2B1
330
17
100
AcDbEntity
  8
NOZZLES
370
13
100
AcDbLine
 10
490.0
 20
211.7
 30
0.0
 11
490.0
 21
214.3
 31
0.0
  0
LINE
  5
2B2
330
17
100
AcDbEntity
  8
NOZZLES
370
13
100
AcDbLine
 10
490.75
 20
211.7
 30
0.0
 11
490.75
 21
214.3
 31
0.0
  0
LINE
  5
2B3
330
17
100
AcDbEntity
  8
NOZZLES
370
13
100
AcDbLine
 10
470.0
 20
193.0
 30
0.0
 11
470.0
 21
190.2
 31
0.0
  0
LINE
  5
2B4
330
17
100
AcDbEntity
  8
NOZZLES
370
13
100
AcDbLine
 10
468.7
 20
190.2
 30
0.0
 11
471.3
 21
190.2
 31
0.0
  0
LINE
  5
2B5
330
17
100
AcDbEntity
  8
NOZZLES
370
13
100
AcDbLine
 10
468.7
 20
189.45
 30
0.0
 11
471.3
 21
189.45
 31
0.0
  0
LINE
  5
2B6
330
17
100
AcDbEntity
  8
NOZZLES
370
13
100
AcDbLine
 10
453.0
 20
160.0
 30
0.0
 11
450.0
 21
160.0
 31
0.0
  0
LINE
  5
2B7
330
17
100
AcDbEntity
  8
NOZZLES
370
13
100
AcDbLine
 10
450.0
 20
161.3
 30
0.0
 11
450.0
 21
158.7
 31
0.0
  0
LINE
  5
2B8
330
17
100
AcDbEntity
  8
NOZZLES
370
13
100
AcDbLine
 10
449.25
 20
161.3
 30
0.0
 11
449.25
 21
158.7
 31
0.0
  0
LINE
  5
2B9
330
17
100
AcDbEntity
  8
NOZZLES
370
13
100
AcDbLine
 10
487.0
 20
168.0
 30
0.0
 11
490.0
 21
168.0
 31
0.0
  0
LINE
  5
2BA
330
17
100
AcDbEntity
  8
NOZZLES
370
13
100
AcDbLine
 10
490.0
 20
166.7
 30
0.0
 11
490.0
 21
169.3
 31
0.0
  0
LINE
  5
2BB
330
17
100
AcDbEntity
  8
NOZZLES
370
13
100
AcDbLine
 10
490.75
 20
166.7
 30
0.0
 11
490.75
 21
169.3
 31
0.0
  0
LINE
  5
2BC
330
17
100
AcDbEntity
  8
NOZZLES
370
13
100
AcDbLine
 10
470.0
 20
148.0
 30
0.0
 11
470.0
 21
145.2
 31
0.0
  0
LINE
  5
2BD
330
17
100
AcDbEntity
  8
NOZZLES
370
13
100
AcDbLine
 10
468.7
 20
145.2
 30
0.0
 11
471.3
 21
145.2
 31
0.0
  0
LINE
  5
2BE
330
17
100
AcDbEntity
  8
NOZZLES
370
13
100
AcDbLine
 10
468.7
 20
144.45
 30
0.0
 11
471.3
 21
144.45
 31
0.0
  0
LWPOLYLINE
  5
2BF
330
17
100
AcDbEntity
  8
PROCESS
370
35
100
AcDbPolyline
 90
2
 70
0
 10
85.0
 20
392.0
 10
220.0
 20
392.0
  0
LWPOLYLINE
  5
2C0
330
17
100
AcDbEntity
  8
PROCESS
370
35
100
AcDbPolyline
 90
2
 70
0
 10
244.0
 20
392.0
 10
258.8
 20
392.0
  0
LWPOLYLINE
  5
2C1
330
17
100
AcDbEntity
  8
PROCESS
370
35
100
AcDbPolyline
 90
2
 70
0
 10
341.2
 20
392.0
 10
390.0
 20
392.0
  0
LWPOLYLINE
  5
2C2
330
17
100
AcDbEntity
  8
PROCESS
370
35
100
AcDbPolyline
 90
2
 70
0
 10
390.0
 20
392.0
 10
424.6
 20
392.0
  0
LWPOLYLINE
  5
2C3
330
17
100
AcDbEntity
  8
PROCESS
370
35
100
AcDbPolyline
 90
2
 70
0
 10
452.6
 20
392.0
 10
487.2
 20
392.0
  0
LWPOLYLINE
  5
2C4
330
17
100
AcDbEntity
  8
PROCESS
370
35
100
AcDbPolyline
 90
2
 70
0
 10
487.2
 20
392.0
 10
487.2
 20
465.0
  0
LWPOLYLINE
  5
2C5
330
17
100
AcDbEntity
  8
PROCESS
370
35
100
AcDbPolyline
 90
2
 70
0
 10
520.0
 20
550.4
 10
520.0
 20
650.0
  0
LWPOLYLINE
  5
2C6
330
17
100
AcDbEntity
  8
PROCESS
370
35
100
AcDbPolyline
 90
2
 70
0
 10
520.0
 20
650.0
 10
548.744
 20
650.0
  0
LWPOLYLINE
  5
2C7
330
17
100
AcDbEntity
  8
PROCESS
370
35
100
AcDbPolyline
 90
2
 70
0
 10
558.744
 20
650.0
 10
568.16
 20
650.0
  0
LWPOLYLINE
  5
2C8
330
17
100
AcDbEntity
  8
PROCESS
370
35
100
AcDbPolyline
 90
2
 70
0
 10
596.16
 20
650.0
 10
608.8
 20
650.0
  0
LWPOLYLINE
  5
2C9
330
17
100
AcDbEntity
  8
PROCESS
370
35
100
AcDbPolyline
 90
2
 70
0
 10
691.2
 20
650.0
 10
735.6
 20
650.0
  0
LWPOLYLINE
  5
2CA
330
17
100
AcDbEntity
  8
PROCESS
370
35
100
AcDbPolyline
 90
2
 70
0
 10
745.6
 20
650.0
 10
790.0
 20
650.0
  0
LWPOLYLINE
  5
2CB
330
17
100
AcDbEntity
  8
PROCESS
370
35
100
AcDbPolyline
 90
2
 70
0
 10
790.0
 20
650.0
 10
790.0
 20
610.0
  0
LWPOLYLINE
  5
2CC
330
17
100
AcDbEntity
  8
PROCESS
370
35
100
AcDbPolyline
 90
2
 70
0
 10
890.0
 20
610.0
 10
917.8
 20
610.0
  0
LWPOLYLINE
  5
2CD
330
17
100
AcDbEntity
  8
PROCESS
370
35
100
AcDbPolyline
 90
2
 70
0
 10
945.8
 20
610.0
 10
1000.0
 20
610.0
  0
LWPOLYLINE
  5
2CE
330
17
100
AcDbEntity
  8
PROCESS
370
35
100
AcDbPolyline
 90
2
 70
0
 10
1000.0
 20
610.0
 10
1035.0
 20
610.0
  0
LWPOLYLINE
  5
2CF
330
17
100
AcDbEntity
  8
PROCESS
370
35
100
AcDbPolyline
 90
2
 70
0
 10
1045.0
 20
610.0
 10
1115.0
 20
610.0
  0
LWPOLYLINE
  5
2D0
330
17
100
AcDbEntity
  8
PROCESS
370
35
100
AcDbPolyline
 90
2
 70
0
 10
858.0
 20
587.0
 10
858.0
 20
545.0
  0
LWPOLYLINE
  5
2D1
330
17
100
AcDbEntity
  8
PROCESS
370
35
100
AcDbPolyline
 90
2
 70
0
 10
858.0
 20
545.0
 10
755.0
 20
545.0
  0
LWPOLYLINE
  5
2D2
330
17
100
AcDbEntity
  8
PROCESS
370
25
100
AcDbPolyline
 90
2
 70
0
 10
755.0
 20
545.0
 10
755.0
 20
495.0
  0
LWPOLYLINE
  5
2D3
330
17
100
AcDbEntity
  8
PROCESS
370
25
100
AcDbPolyline
 90
2
 70
0
 10
755.0
 20
495.0
 10
781.5
 20
495.0
  0
LWPOLYLINE
  5
2D4
330
17
100
AcDbEntity
  8
PROCESS
370
25
100
AcDbPolyline
 90
2
 70
0
 10
791.5
 20
495.0
 10
800.0
 20
495.0
  0
LWPOLYLINE
  5
2D5
330
17
100
AcDbEntity
  8
PROCESS
370
25
100
AcDbPolyline
 90
2
 70
0
 10
755.0
 20
545.0
 10
755.0
 20
450.0
  0
LWPOLYLINE
  5
2D6
330
17
100
AcDbEntity
  8
PROCESS
370
25
100
AcDbPolyline
 90
2
 70
0
 10
755.0
 20
450.0
 10
781.5
 20
450.0
  0
LWPOLYLINE
  5
2D7
330
17
100
AcDbEntity
  8
PROCESS
370
25
100
AcDbPolyline
 90
2
 70
0
 10
791.5
 20
450.0
 10
800.0
 20
450.0
  0
LWPOLYLINE
  5
2D8
330
17
100
AcDbEntity
  8
PROCESS
370
25
100
AcDbPolyline
 90
2
 70
0
 10
840.0
 20
503.0
 10
856.0
 20
503.0
  0
LWPOLYLINE
  5
2D9
330
17
100
AcDbEntity
  8
PROCESS
370
25
100
AcDbPolyline
 90
2
 70
0
 10
866.0
 20
503.0
 10
878.2
 20
503.0
  0
LWPOLYLINE
  5
2DA
330
17
100
AcDbEntity
  8
PROCESS
370
25
100
AcDbPolyline
 90
2
 70
0
 10
888.2
 20
503.0
 10
900.0
 20
503.0
  0
LWPOLYLINE
  5
2DB
330
17
100
AcDbEntity
  8
PROCESS
370
25
100
AcDbPolyline
 90
2
 70
0
 10
900.0
 20
503.0
 10
900.0
 20
495.0
  0
LWPOLYLINE
  5
2DC
330
17
100
AcDbEntity
  8
PROCESS
370
25
100
AcDbPolyline
 90
2
 70
0
 10
900.0
 20
495.0
 10
900.0
 20
525.0
  0
LWPOLYLINE
  5
2DD
330
17
100
AcDbEntity
  8
PROCESS
370
25
100
AcDbPolyline
 90
2
 70
0
 10
840.0
 20
458.0
 10
856.0
 20
458.0
  0
LWPOLYLINE
  5
2DE
330
17
100
AcDbEntity
  8
PROCESS
370
25
100
AcDbPolyline
 90
2
 70
0
 10
866.0
 20
458.0
 10
878.2
 20
458.0
  0
LWPOLYLINE
  5
2DF
330
17
100
AcDbEntity
  8
PROCESS
370
25
100
AcDbPolyline
 90
2
 70
0
 10
888.2
 20
458.0
 10
900.0
 20
458.0
  0
LWPOLYLINE
  5
2E0
330
17
100
AcDbEntity
  8
PROCESS
370
25
100
AcDbPolyline
 90
2
 70
0
 10
900.0
 20
458.0
 10
900.0
 20
450.0
  0
LWPOLYLINE
  5
2E1
330
17
100
AcDbEntity
  8
PROCESS
370
25
100
AcDbPolyline
 90
2
 70
0
 10
900.0
 20
450.0
 10
900.0
 20
525.0
  0
LWPOLYLINE
  5
2E2
330
17
100
AcDbEntity
  8
PROCESS
370
35
100
AcDbPolyline
 90
2
 70
0
 10
809.0
 20
525.0
 10
900.0
 20
525.0
  0
LWPOLYLINE
  5
2E3
330
17
100
AcDbEntity
  8
PROCESS
370
35
100
AcDbPolyline
 90
2
 70
0
 10
690.0
 20
525.0
 10
781.0
 20
525.0
  0
LWPOLYLINE
  5
2E4
330
17
100
AcDbEntity
  8
PROCESS
370
35
100
AcDbPolyline
 90
2
 70
0
 10
690.0
 20
525.0
 10
690.0
 20
508.0
  0
LWPOLYLINE
  5
2E5
330
17
100
AcDbEntity
  8
PROCESS
370
35
100
AcDbPolyline
 90
2
 70
0
 10
690.0
 20
508.0
 10
552.8
 20
508.0
  0
LWPOLYLINE
  5
2E6
330
17
100
AcDbEntity
  8
PROCESS
370
25
100
AcDbPolyline
 90
2
 70
0
 10
820.0
 20
525.0
 10
820.0
 20
533.5
  0
LWPOLYLINE
  5
2E7
330
17
100
AcDbEntity
  8
PROCESS
370
25
100
AcDbPolyline
 90
2
 70
0
 10
820.0
 20
543.5
 10
820.0
 20
551.0
  0
LWPOLYLINE
  5
2E8
330
17
100
AcDbEntity
  8
PROCESS
370
25
100
AcDbPolyline
 90
2
 70
0
 10
820.0
 20
559.0
 10
820.0
 20
570.0
  0
LWPOLYLINE
  5
2E9
330
17
100
AcDbEntity
  8
PROCESS
370
25
100
AcDbPolyline
 90
2
 70
0
 10
820.0
 20
570.0
 10
790.0
 20
570.0
  0
LWPOLYLINE
  5
2EA
330
17
100
AcDbEntity
  8
PROCESS
370
25
100
AcDbPolyline
 90
2
 70
0
 10
790.0
 20
570.0
 10
790.0
 20
610.0
  0
LWPOLYLINE
  5
2F1
330
17
100
AcDbEntity
  8
PROCESS
370
35
100
AcDbPolyline
 90
2
 70
0
 10
520.0
 20
309.6
 10
520.0
 20
240.0
  0
LWPOLYLINE
  5
2F2
330
17
100
AcDbEntity
  8
PROCESS
370
35
100
AcDbPolyline
 90
2
 70
0
 10
520.0
 20
240.0
 10
390.0
 20
240.0
  0
LWPOLYLINE
  5
2F3
330
17
100
AcDbEntity
  8
PROCESS
370
25
100
AcDbPolyline
 90
2
 70
0
 10
390.0
 20
240.0
 10
390.0
 20
205.0
  0
LWPOLYLINE
  5
2F4
330
17
100
AcDbEntity
  8
PROCESS
370
25
100
AcDbPolyline
 90
2
 70
0
 10
390.0
 20
205.0
 10
427.0
 20
205.0
  0
LWPOLYLINE
  5
2F5
330
17
100
AcDbEntity
  8
PROCESS
370
25
100
AcDbPolyline
 90
2
 70
0
 10
437.0
 20
205.0
 10
450.0
 20
205.0
  0
LWPOLYLINE
  5
2F6
330
17
100
AcDbEntity
  8
PROCESS
370
25
100
AcDbPolyline
 90
2
 70
0
 10
390.0
 20
240.0
 10
390.0
 20
160.0
  0
LWPOLYLINE
  5
2F7
330
17
100
AcDbEntity
  8
PROCESS
370
25
100
AcDbPolyline
 90
2
 70
0
 10
390.0
 20
160.0
 10
427.0
 20
160.0
  0
LWPOLYLINE
  5
2F8
330
17
100
AcDbEntity
  8
PROCESS
370
25
100
AcDbPolyline
 90
2
 70
0
 10
437.0
 20
160.0
 10
450.0
 20
160.0
  0
LWPOLYLINE
  5
2F9
330
17
100
AcDbEntity
  8
PROCESS
370
25
100
AcDbPolyline
 90
2
 70
0
 10
490.0
 20
213.0
 10
507.75
 20
213.0
  0
LWPOLYLINE
  5
2FA
330
17
100
AcDbEntity
  8
PROCESS
370
25
100
AcDbPolyline
 90
2
 70
0
 10
517.75
 20
213.0
 10
531.8
 20
213.0
  0
LWPOLYLINE
  5
2FB
330
17
100
AcDbEntity
  8
PROCESS
370
25
100
AcDbPolyline
 90
2
 70
0
 10
541.8
 20
213.0
 10
555.0
 20
213.0
  0
LWPOLYLINE
  5
2FC
330
17
100
AcDbEntity
  8
PROCESS
370
25
100
AcDbPolyline
 90
2
 70
0
 10
555.0
 20
213.0
 10
555.0
 20
205.0
  0
LWPOLYLINE
  5
2FD
330
17
100
AcDbEntity
  8
PROCESS
370
25
100
AcDbPolyline
 90
2
 70
0
 10
555.0
 20
205.0
 10
555.0
 20
268.0
  0
LWPOLYLINE
  5
2FE
330
17
100
AcDbEntity
  8
PROCESS
370
25
100
AcDbPolyline
 90
2
 70
0
 10
490.0
 20
168.0
 10
507.75
 20
168.0
  0
LWPOLYLINE
  5
2FF
330
17
100
AcDbEntity
  8
PROCESS
370
25
100
AcDbPolyline
 90
2
 70
0
 10
517.75
 20
168.0
 10
531.8
 20
168.0
  0
LWPOLYLINE
  5
300
330
17
100
AcDbEntity
  8
PROCESS
370
25
100
AcDbPolyline
 90
2
 70
0
 10
541.8
 20
168.0
 10
555.0
 20
168.0
  0
LWPOLYLINE
  5
301
330
17
100
AcDbEntity
  8
PROCESS
370
25
100
AcDbPolyline
 90
2
 70
0
 10
555.0
 20
168.0
 10
555.0
 20
160.0
  0
LWPOLYLINE
  5
302
330
17
100
AcDbEntity
  8
PROCESS
370
25
100
AcDbPolyline
 90
2
 70
0
 10
555.0
 20
160.0
 10
555.0
 20
268.0
  0
LWPOLYLINE
  5
303
330
17
100
AcDbEntity
  8
PROCESS
370
35
100
AcDbPolyline
 90
2
 70
0
 10
555.0
 20
268.0
 10
390.0
 20
268.0
  0
LWPOLYLINE
  5
304
330
17
100
AcDbEntity
  8
PROCESS
370
35
100
AcDbPolyline
 90
2
 70
0
 10
390.0
 20
268.0
 10
341.2
 20
268.0
  0
LWPOLYLINE
  5
305
330
17
100
AcDbEntity
  8
PROCESS
370
35
100
AcDbPolyline
 90
2
 70
0
 10
341.2
 20
268.0
 10
341.2
 20
408.0
  0
LWPOLYLINE
  5
306
330
17
100
AcDbEntity
  8
PROCESS
370
35
100
AcDbPolyline
 90
2
 70
0
 10
228.4
 20
408.0
 10
258.8
 20
408.0
  0
LWPOLYLINE
  5
307
330
17
100
AcDbEntity
  8
PROCESS
370
35
100
AcDbPolyline
 90
2
 70
0
 10
170.0
 20
408.0
 10
200.4
 20
408.0
  0
LWPOLYLINE
  5
308
330
17
100
AcDbEntity
  8
PROCESS
370
35
100
AcDbPolyline
 90
2
 70
0
 10
170.0
 20
408.0
 10
170.0
 20
268.0
  0
LWPOLYLINE
  5
309
330
17
100
AcDbEntity
  8
PROCESS
370
35
100
AcDbPolyline
 90
2
 70
0
 10
170.0
 20
268.0
 10
85.0
 20
268.0
  0
LWPOLYLINE
  5
30A
330
17
100
AcDbEntity
  8
FLARE
370
25
100
AcDbPolyline
 90
2
 70
0
 10
504.0
 20
546.0
 10
430.0
 20
546.0
  0
LWPOLYLINE
  5
30B
330
17
100
AcDbEntity
  8
FLARE
370
25
100
AcDbPolyline
 90
2
 70
0
 10
430.0
 20
546.0
 10
430.0
 20
596.2
  0
LWPOLYLINE
  5
30C
330
17
100
AcDbEntity
  8
FLARE
370
25
100
AcDbPolyline
 90
2
 70
0
 10
430.0
 20
610.2
 10
430.0
 20
650.0
  0
LWPOLYLINE
  5
30D
330
17
100
AcDbEntity
  8
FLARE
370
25
100
AcDbPolyline
 90
2
 70
0
 10
430.0
 20
650.0
 10
430.0
 20
720.0
  0
LWPOLYLINE
  5
30E
330
17
100
AcDbEntity
  8
FLARE
370
25
100
AcDbPolyline
 90
2
 70
0
 10
430.0
 20
720.0
 10
1115.0
 20
720.0
  0
LWPOLYLINE
  5
30F
330
17
100
AcDbEntity
  8
FLARE
370
25
100
AcDbPolyline
 90
2
 70
0
 10
1115.0
 20
720.0
 10
1115.0
 20
735.0
  0
LWPOLYLINE
  5
310
330
17
100
AcDbEntity
  8
FLARE
370
25
100
AcDbPolyline
 90
2
 70
0
 10
504.0
 20
546.0
 10
465.0
 20
546.0
  0
LWPOLYLINE
  5
311
330
17
100
AcDbEntity
  8
FLARE
370
25
100
AcDbPolyline
 90
2
 70
0
 10
465.0
 20
546.0
 10
465.0
 20
596.2
  0
LWPOLYLINE
  5
312
330
17
100
AcDbEntity
  8
FLARE
370
25
100
AcDbPolyline
 90
2
 70
0
 10
465.0
 20
610.2
 10
465.0
 20
650.0
  0
LWPOLYLINE
  5
313
330
17
100
AcDbEntity
  8
FLARE
370
25
100
AcDbPolyline
 90
2
 70
0
 10
465.0
 20
650.0
 10
465.0
 20
720.0
  0
LWPOLYLINE
  5
314
330
17
100
AcDbEntity
  8
FLARE
370
25
100
AcDbPolyline
 90
2
 70
0
 10
465.0
 20
720.0
 10
1115.0
 20
720.0
  0
LWPOLYLINE
  5
315
330
17
100
AcDbEntity
  8
FLARE
370
25
100
AcDbPolyline
 90
2
 70
0
 10
1115.0
 20
720.0
 10
1115.0
 20
735.0
  0
LWPOLYLINE
  5
316
330
17
100
AcDbEntity
  8
FLARE
370
25
100
AcDbPolyline
 90
2
 70
0
 10
816.0
 20
633.0
 10
820.0
 20
633.0
  0
LWPOLYLINE
  5
317
330
17
100
AcDbEntity
  8
FLARE
370
25
100
AcDbPolyline
 90
2
 70
0
 10
820.0
 20
633.0
 10
820.0
 20
658.0
  0
LWPOLYLINE
  5
318
330
17
100
AcDbEntity
  8
FLARE
370
25
100
AcDbPolyline
 90
2
 70
0
 10
820.0
 20
672.0
 10
820.0
 20
720.0
  0
LWPOLYLINE
  5
319
330
17
100
AcDbEntity
  8
FLARE
370
25
100
AcDbPolyline
 90
2
 70
0
 10
820.0
 20
720.0
 10
1115.0
 20
720.0
  0
LWPOLYLINE
  5
31A
330
17
100
AcDbEntity
  8
FLARE
370
25
100
AcDbPolyline
 90
2
 70
0
 10
1115.0
 20
720.0
 10
1115.0
 20
735.0
  0
LWPOLYLINE
  5
31B
330
17
100
AcDbEntity
  8
FLARE
370
25
100
AcDbPolyline
 90
2
 70
0
 10
536.0
 20
546.0
 10
600.0
 20
546.0
  0
LWPOLYLINE
  5
31C
330
17
100
AcDbEntity
  8
FLARE
370
25
100
AcDbPolyline
 90
2
 70
0
 10
600.0
 20
546.0
 10
600.0
 20
705.0
  0
LWPOLYLINE
  5
31D
330
17
100
AcDbEntity
  8
FLARE
370
25
100
AcDbPolyline
 90
2
 70
0
 10
600.0
 20
715.0
 10
600.0
 20
735.0
  0
LWPOLYLINE
  5
31E
330
17
100
AcDbEntity
  8
FLARE
370
25
100
AcDbPolyline
 90
2
 70
0
 10
600.0
 20
735.0
 10
1115.0
 20
735.0
  0
LWPOLYLINE
  5
31F
330
17
100
AcDbEntity
  8
FLARE
370
25
100
AcDbPolyline
 90
2
 70
0
 10
840.0
 20
633.0
 10
840.0
 20
705.0
  0
LWPOLYLINE
  5
320
330
17
100
AcDbEntity
  8
FLARE
370
25
100
AcDbPolyline
 90
2
 70
0
 10
840.0
 20
715.0
 10
840.0
 20
735.0
  0
LWPOLYLINE
  5
321
330
17
100
AcDbEntity
  8
FLARE
370
25
100
AcDbPolyline
 90
2
 70
0
 10
840.0
 20
735.0
 10
1115.0
 20
735.0
  0
LWPOLYLINE
  5
322
330
17
100
AcDbEntity
  8
DRAIN
370
25
100
AcDbPolyline
 90
2
 70
0
 10
536.0
 20
314.0
 10
720.0
 20
314.0
  0
LWPOLYLINE
  5
323
330
17
100
AcDbEntity
  8
DRAIN
370
25
100
AcDbPolyline
 90
2
 70
0
 10
720.0
 20
125.0
 10
720.0
 20
314.0
  0
LWPOLYLINE
  5
324
330
17
100
AcDbEntity
  8
DRAIN
370
25
100
AcDbPolyline
 90
2
 70
0
 10
720.0
 20
90.0
 10
720.0
 20
115.0
  0
LWPOLYLINE
  5
325
330
17
100
AcDbEntity
  8
DRAIN
370
25
100
AcDbPolyline
 90
2
 70
0
 10
720.0
 20
90.0
 10
1115.0
 20
90.0
  0
LWPOLYLINE
  5
326
330
17
100
AcDbEntity
  8
DRAIN
370
25
100
AcDbPolyline
 90
2
 70
0
 10
822.0
 20
587.0
 10
1080.0
 20
587.0
  0
LWPOLYLINE
  5
327
330
17
100
AcDbEntity
  8
DRAIN
370
25
100
AcDbPolyline
 90
2
 70
0
 10
1080.0
 20
125.0
 10
1080.0
 20
587.0
  0
LWPOLYLINE
  5
328
330
17
100
AcDbEntity
  8
DRAIN
370
25
100
AcDbPolyline
 90
2
 70
0
 10
1080.0
 20
90.0
 10
1080.0
 20
115.0
  0
LWPOLYLINE
  5
329
330
17
100
AcDbEntity
  8
DRAIN
370
25
100
AcDbPolyline
 90
2
 70
0
 10
1080.0
 20
90.0
 10
1115.0
 20
90.0
  0
LWPOLYLINE
  5
32A
330
17
100
AcDbEntity
  8
DRAIN
370
25
100
AcDbPolyline
 90
2
 70
0
 10
734.0
 20
125.0
 10
734.0
 20
290.6
  0
LWPOLYLINE
  5
32B
330
17
100
AcDbEntity
  8
DRAIN
370
25
100
AcDbPolyline
 90
2
 70
0
 10
734.0
 20
90.0
 10
734.0
 20
115.0
  0
LWPOLYLINE
  5
32C
330
17
100
AcDbEntity
  8
DRAIN
370
25
100
AcDbPolyline
 90
2
 70
0
 10
734.0
 20
90.0
 10
1115.0
 20
90.0
  0
LWPOLYLINE
  5
32D
330
17
100
AcDbEntity
  8
DRAIN
370
25
100
AcDbPolyline
 90
2
 70
0
 10
680.0
 20
600.2
 10
680.0
 20
630.4
  0
LWPOLYLINE
  5
32E
330
17
100
AcDbEntity
  8
DRAIN
370
25
100
AcDbPolyline
 90
2
 70
0
 10
680.0
 20
560.0
 10
680.0
 20
590.2
  0
LWPOLYLINE
  5
32F
330
17
100
AcDbEntity
  8
DRAIN
370
25
100
AcDbPolyline
 90
2
 70
0
 10
680.0
 20
560.0
 10
1115.0
 20
560.0
  0
LWPOLYLINE
  5
330
330
17
100
AcDbEntity
  8
UTILITY
370
25
100
AcDbPolyline
 90
2
 70
0
 10
990.6666666666667
 20
690.0
 10
1115.0
 20
690.0
  0
LWPOLYLINE
  5
331
330
17
100
AcDbEntity
  8
UTILITY
370
25
100
AcDbPolyline
 90
2
 70
0
 10
843.3333333333334
 20
690.0
 10
962.6666666666667
 20
690.0
  0
LWPOLYLINE
  5
332
330
17
100
AcDbEntity
  8
UTILITY
370
25
100
AcDbPolyline
 90
2
 70
0
 10
700.0
 20
690.0
 10
833.3333333333334
 20
690.0
  0
LWPOLYLINE
  5
337
330
17
100
AcDbEntity
  8
UTILITY
370
25
100
AcDbPolyline
 90
2
 70
0
 10
700.0
 20
560.0
 10
902.5
 20
560.0
  0
LWPOLYLINE
  5
338
330
17
100
AcDbEntity
  8
UTILITY
370
25
100
AcDbPolyline
 90
2
 70
0
 10
912.5
 20
560.0
 10
1115.0
 20
560.0
  0
LWPOLYLINE
  5
339
330
17
100
AcDbEntity
  8
UTILITY
370
25
100
AcDbPolyline
 90
2
 70
0
 10
997.3333333333334
 20
370.0
 10
1115.0
 20
370.0
  0
LWPOLYLINE
  5
33A
330
17
100
AcDbEntity
  8
UTILITY
370
25
100
AcDbPolyline
 90
2
 70
0
 10
856.6666666666667
 20
370.0
 10
969.3333333333334
 20
370.0
  0
LWPOLYLINE
  5
33B
330
17
100
AcDbEntity
  8
UTILITY
370
25
100
AcDbPolyline
 90
2
 70
0
 10
720.0
 20
370.0
 10
846.6666666666667
 20
370.0
  0
LWPOLYLINE
  5
33C
330
17
100
AcDbEntity
  8
UTILITY
370
25
100
AcDbPolyline
 90
2
 70
0
 10
720.0
 20
370.0
 10
720.0
 20
339.4
  0
LWPOLYLINE
  5
33D
330
17
100
AcDbEntity
  8
UTILITY
370
25
100
AcDbPolyline
 90
2
 70
0
 10
680.0
 20
339.4
 10
720.0
 20
339.4
  0
LWPOLYLINE
  5
33E
330
17
100
AcDbEntity
  8
UTILITY
370
25
100
AcDbPolyline
 90
2
 70
0
 10
720.0
 20
339.4
 10
720.0
 20
335.0
  0
LWPOLYLINE
  5
33F
330
17
100
AcDbEntity
  8
UTILITY
370
25
100
AcDbPolyline
 90
2
 70
0
 10
720.0
 20
335.0
 10
912.5
 20
335.0
  0
LWPOLYLINE
  5
340
330
17
100
AcDbEntity
  8
UTILITY
370
25
100
AcDbPolyline
 90
2
 70
0
 10
922.5
 20
335.0
 10
1115.0
 20
335.0
  0
INSERT
  5
341
330
17
100
AcDbEntity
  8
SYMBOLS
100
AcDbBlockReference
  2
YAML_PID_SHUTDOWN_VALVE
 10
230.0
 20
390.2862194876606
 30
0.0
 41
2.1165301000816377
 42
3.2396607038551637
  0
LINE
  5
343
330
17
100
AcDbEntity
  8
INSTRUMENT
100
AcDbLine
 10
230.0
 20
398.0
 30
0.0
 11
230.0
 21
407.0
 31
0.0
  0
TEXT
  5
344
330
17
100
AcDbEntity
  8
TEXT
100
AcDbText
 10
222.0
 20
401.6
 30
0.0
 40
1.8
  1
XV-501
 11
222.0
 21
401.6
 31
0.0
100
AcDbText
  0
INSERT
  5
345
330
17
100
AcDbEntity
  8
SYMBOLS
100
AcDbBlockReference
  2
YAML_PID_CONTROL_VALVE
 10
438.6
 20
396.28805361486445
 30
0.0
 41
2.1165301000816377
 42
1.294311383901137
  0
LINE
  5
347
330
17
100
AcDbEntity
  8
INSTRUMENT
100
AcDbLine
 10
438.6
 20
398.0
 30
0.0
 11
438.6
 21
407.0
 31
0.0
  0
TEXT
  5
348
330
17
100
AcDbEntity
  8
TEXT
100
AcDbText
 10
430.6
 20
401.6
 30
0.0
 40
1.8
  1
FV-501
 11
430.6
 21
401.6
 31
0.0
100
AcDbText
  0
INSERT
  5
349
330
17
100
AcDbEntity
  8
SYMBOLS
100
AcDbBlockReference
  2
YAML_PID_MANUAL_BLOCK_VALVE
 10
553.744
 20
650.0
 30
0.0
 41
9.0
 42
4.0
  0
TEXT
  5
34B
330
17
100
AcDbEntity
  8
TEXT
100
AcDbText
 10
545.744
 20
656.0
 30
0.0
 40
1.8
  1
HV-501
 11
545.744
 21
656.0
 31
0.0
100
AcDbText
  0
INSERT
  5
34C
330
17
100
AcDbEntity
  8
SYMBOLS
100
AcDbBlockReference
  2
YAML_PID_CONTROL_VALVE
 10
582.16
 20
654.2880536148645
 30
0.0
 41
2.1165301000816377
 42
1.294311383901137
  0
LINE
  5
34E
330
17
100
AcDbEntity
  8
INSTRUMENT
100
AcDbLine
 10
582.16
 20
656.0
 30
0.0
 11
582.16
 21
665.0
 31
0.0
  0
TEXT
  5
34F
330
17
100
AcDbEntity
  8
TEXT
100
AcDbText
 10
574.16
 20
659.6
 30
0.0
 40
1.8
  1
PV-501
 11
574.16
 21
659.6
 31
0.0
100
AcDbText
  0
INSERT
  5
350
330
17
100
AcDbEntity
  8
SYMBOLS
100
AcDbBlockReference
  2
YAML_PID_MANUAL_BLOCK_VALVE
 10
740.6
 20
650.0
 30
0.0
 41
9.0
 42
4.0
  0
TEXT
  5
352
330
17
100
AcDbEntity
  8
TEXT
100
AcDbText
 10
732.6
 20
656.0
 30
0.0
 40
1.8
  1
HV-502
 11
732.6
 21
656.0
 31
0.0
100
AcDbText
  0
INSERT
  5
353
330
17
100
AcDbEntity
  8
SYMBOLS
100
AcDbBlockReference
  2
YAML_PID_CONTROL_VALVE
 10
931.8
 20
614.2880536148645
 30
0.0
 41
2.1165301000816377
 42
1.294311383901137
  0
LINE
  5
355
330
17
100
AcDbEntity
  8
INSTRUMENT
100
AcDbLine
 10
931.8
 20
616.0
 30
0.0
 11
931.8
 21
625.0
 31
0.0
  0
TEXT
  5
356
330
17
100
AcDbEntity
  8
TEXT
100
AcDbText
 10
923.8
 20
619.6
 30
0.0
 40
1.8
  1
LV-501
 11
923.8
 21
619.6
 31
0.0
100
AcDbText
  0
INSERT
  5
357
330
17
100
AcDbEntity
  8
SYMBOLS
100
AcDbBlockReference
  2
YAML_PID_MANUAL_BLOCK_VALVE
 10
1040.0
 20
610.0
 30
0.0
 41
9.0
 42
4.0
  0
TEXT
  5
359
330
17
100
AcDbEntity
  8
TEXT
100
AcDbText
 10
1032.0
 20
616.0
 30
0.0
 40
1.8
  1
HV-503
 11
1032.0
 21
616.0
 31
0.0
100
AcDbText
  0
INSERT
  5
35A
330
17
100
AcDbEntity
  8
SYMBOLS
100
AcDbBlockReference
  2
YAML_PID_MANUAL_BLOCK_VALVE
 10
786.5
 20
495.0
 30
0.0
 41
9.0
 42
4.0
  0
TEXT
  5
35C
330
17
100
AcDbEntity
  8
TEXT
100
AcDbText
 10
778.5
 20
501.0
 30
0.0
 40
1.8
  1
HV-504A
 11
778.5
 21
501.0
 31
0.0
100
AcDbText
  0
INSERT
  5
35D
330
17
100
AcDbEntity
  8
SYMBOLS
100
AcDbBlockReference
  2
YAML_PID_MANUAL_BLOCK_VALVE
 10
786.5
 20
450.0
 30
0.0
 41
9.0
 42
4.0
  0
TEXT
  5
35F
330
17
100
AcDbEntity
  8
TEXT
100
AcDbText
 10
778.5
 20
456.0
 30
0.0
 40
1.8
  1
HV-504B
 11
778.5
 21
456.0
 31
0.0
100
AcDbText
  0
INSERT
  5
360
330
17
100
AcDbEntity
  8
SYMBOLS
100
AcDbBlockReference
  2
YAML_PID_CHECK_VALVE
 10
861.0
 20
503.18142040009866
 30
0.0
 41
0.6803132464548122
 42
1.3743969704442458
  0
TEXT
  5
362
330
17
100
AcDbEntity
  8
TEXT
100
AcDbText
 10
853.0
 20
509.0
 30
0.0
 40
1.8
  1
NRV-501A
 11
853.0
 21
509.0
 31
0.0
100
AcDbText
  0
INSERT
  5
363
330
17
100
AcDbEntity
  8
SYMBOLS
100
AcDbBlockReference
  2
YAML_PID_MANUAL_BLOCK_VALVE
 10
883.2
 20
503.0
 30
0.0
 41
9.0
 42
4.0
  0
TEXT
  5
365
330
17
100
AcDbEntity
  8
TEXT
100
AcDbText
 10
875.2
 20
509.0
 30
0.0
 40
1.8
  1
HV-505A
 11
875.2
 21
509.0
 31
0.0
100
AcDbText
  0
INSERT
  5
366
330
17
100
AcDbEntity
  8
SYMBOLS
100
AcDbBlockReference
  2
YAML_PID_CHECK_VALVE
 10
861.0
 20
458.18142040009866
 30
0.0
 41
0.6803132464548122
 42
1.3743969704442458
  0
TEXT
  5
368
330
17
100
AcDbEntity
  8
TEXT
100
AcDbText
 10
853.0
 20
464.0
 30
0.0
 40
1.8
  1
NRV-501B
 11
853.0
 21
464.0
 31
0.0
100
AcDbText
  0
INSERT
  5
369
330
17
100
AcDbEntity
  8
SYMBOLS
100
AcDbBlockReference
  2
YAML_PID_MANUAL_BLOCK_VALVE
 10
883.2
 20
458.0
 30
0.0
 41
9.0
 42
4.0
  0
TEXT
  5
36B
330
17
100
AcDbEntity
  8
TEXT
100
AcDbText
 10
875.2
 20
464.0
 30
0.0
 40
1.8
  1
HV-505B
 11
875.2
 21
464.0
 31
0.0
100
AcDbText
  0
INSERT
  5
36C
330
17
100
AcDbEntity
  8
SYMBOLS
100
AcDbBlockReference
  2
YAML_PID_CONTROL_VALVE
 10
795.0
 20
529.2880536148645
 30
0.0
 41
2.1165301000816377
 42
1.294311383901137
  0
LINE
  5
36E
330
17
100
AcDbEntity
  8
INSTRUMENT
100
AcDbLine
 10
795.0
 20
531.0
 30
0.0
 11
795.0
 21
540.0
 31
0.0
  0
TEXT
  5
36F
330
17
100
AcDbEntity
  8
TEXT
100
AcDbText
 10
787.0
 20
534.6
 30
0.0
 40
1.8
  1
FV-502
 11
787.0
 21
534.6
 31
0.0
100
AcDbText
  0
INSERT
  5
370
330
17
100
AcDbEntity
  8
SYMBOLS
100
AcDbBlockReference
  2
YAML_PID_MANUAL_BLOCK_VALVE
 10
820.0
 20
538.5
 30
0.0
 41
9.0
 42
4.0
 50
90.0
  0
TEXT
  5
372
330
17
100
AcDbEntity
  8
TEXT
100
AcDbText
 10
830.0
 20
538.5
 30
0.0
 40
1.8
  1
HV-506
 11
830.0
 21
538.5
 31
0.0
100
AcDbText
  0
INSERT
  5
373
330
17
100
AcDbEntity
  8
SYMBOLS
100
AcDbBlockReference
  2
YAML_PID_RESTRICTION_ORIFICE
 10
820.0
 20
555.0
 30
0.0
 41
7.0
 42
3.333333333333333
 50
90.0
  0
TEXT
  5
375
330
17
100
AcDbEntity
  8
TEXT
100
AcDbText
 10
830.0
 20
555.0
 30
0.0
 40
1.8
  1
RO-501
 11
830.0
 21
555.0
 31
0.0
100
AcDbText
  0
INSERT
  5
376
330
17
100
AcDbEntity
  8
SYMBOLS
100
AcDbBlockReference
  2
YAML_PID_MANUAL_BLOCK_VALVE
 10
603.2
 20
348.0
 30
0.0
 41
9.0
 42
4.0
  0
TEXT
  5
378
330
17
100
AcDbEntity
  8
TEXT
100
AcDbText
 10
595.2
 20
354.0
 30
0.0
 40
1.8
  1
HV-507
 11
595.2
 21
354.0
 31
0.0
100
AcDbText
  0
INSERT
  5
379
330
17
100
AcDbEntity
  8
SYMBOLS
100
AcDbBlockReference
  2
YAML_PID_MANUAL_BLOCK_VALVE
 10
603.2
 20
327.0
 30
0.0
 41
9.0
 42
4.0
  0
TEXT
  5
37B
330
17
100
AcDbEntity
  8
TEXT
100
AcDbText
 10
595.2
 20
333.0
 30
0.0
 40
1.8
  1
HV-508
 11
595.2
 21
333.0
 31
0.0
100
AcDbText
  0
INSERT
  5
37C
330
17
100
AcDbEntity
  8
SYMBOLS
100
AcDbBlockReference
  2
YAML_PID_CONTROL_VALVE
 10
983.3333333333334
 20
374.28805361486445
 30
0.0
 41
2.1165301000816377
 42
1.294311383901137
  0
LINE
  5
37E
330
17
100
AcDbEntity
  8
INSTRUMENT
100
AcDbLine
 10
983.3333333333334
 20
376.0
 30
0.0
 11
983.3333333333334
 21
385.0
 31
0.0
  0
TEXT
  5
37F
330
17
100
AcDbEntity
  8
TEXT
100
AcDbText
 10
975.3333333333334
 20
379.6
 30
0.0
 40
1.8
  1
TV-501
 11
975.3333333333334
 21
379.6
 31
0.0
100
AcDbText
  0
INSERT
  5
380
330
17
100
AcDbEntity
  8
SYMBOLS
100
AcDbBlockReference
  2
YAML_PID_MANUAL_BLOCK_VALVE
 10
851.6666666666667
 20
370.0
 30
0.0
 41
9.0
 42
4.0
  0
TEXT
  5
382
330
17
100
AcDbEntity
  8
TEXT
100
AcDbText
 10
843.6666666666667
 20
376.0
 30
0.0
 40
1.8
  1
HV-509
 11
843.6666666666667
 21
376.0
 31
0.0
100
AcDbText
  0
INSERT
  5
383
330
17
100
AcDbEntity
  8
SYMBOLS
100
AcDbBlockReference
  2
YAML_PID_MANUAL_BLOCK_VALVE
 10
917.5
 20
335.0
 30
0.0
 41
9.0
 42
4.0
  0
TEXT
  5
385
330
17
100
AcDbEntity
  8
TEXT
100
AcDbText
 10
909.5
 20
341.0
 30
0.0
 40
1.8
  1
HV-510
 11
909.5
 21
341.0
 31
0.0
100
AcDbText
  0
INSERT
  5
386
330
17
100
AcDbEntity
  8
SYMBOLS
100
AcDbBlockReference
  2
YAML_PID_MANUAL_BLOCK_VALVE
 10
432.0
 20
205.0
 30
0.0
 41
9.0
 42
4.0
  0
TEXT
  5
388
330
17
100
AcDbEntity
  8
TEXT
100
AcDbText
 10
424.0
 20
211.0
 30
0.0
 40
1.8
  1
HV-511A
 11
424.0
 21
211.0
 31
0.0
100
AcDbText
  0
INSERT
  5
389
330
17
100
AcDbEntity
  8
SYMBOLS
100
AcDbBlockReference
  2
YAML_PID_MANUAL_BLOCK_VALVE
 10
432.0
 20
160.0
 30
0.0
 41
9.0
 42
4.0
  0
TEXT
  5
38B
330
17
100
AcDbEntity
  8
TEXT
100
AcDbText
 10
424.0
 20
166.0
 30
0.0
 40
1.8
  1
HV-511B
 11
424.0
 21
166.0
 31
0.0
100
AcDbText
  0
INSERT
  5
38C
330
17
100
AcDbEntity
  8
SYMBOLS
100
AcDbBlockReference
  2
YAML_PID_CHECK_VALVE
 10
512.75
 20
213.18142040009863
 30
0.0
 41
0.6803132464548122
 42
1.3743969704442458
  0
TEXT
  5
38E
330
17
100
AcDbEntity
  8
TEXT
100
AcDbText
 10
504.75
 20
219.0
 30
0.0
 40
1.8
  1
NRV-502A
 11
504.75
 21
219.0
 31
0.0
100
AcDbText
  0
INSERT
  5
38F
330
17
100
AcDbEntity
  8
SYMBOLS
100
AcDbBlockReference
  2
YAML_PID_MANUAL_BLOCK_VALVE
 10
536.8
 20
213.0
 30
0.0
 41
9.0
 42
4.0
  0
TEXT
  5
391
330
17
100
AcDbEntity
  8
TEXT
100
AcDbText
 10
528.8
 20
219.0
 30
0.0
 40
1.8
  1
HV-512A
 11
528.8
 21
219.0
 31
0.0
100
AcDbText
  0
INSERT
  5
392
330
17
100
AcDbEntity
  8
SYMBOLS
100
AcDbBlockReference
  2
YAML_PID_CHECK_VALVE
 10
512.75
 20
168.18142040009863
 30
0.0
 41
0.6803132464548122
 42
1.3743969704442458
  0
TEXT
  5
394
330
17
100
AcDbEntity
  8
TEXT
100
AcDbText
 10
504.75
 20
174.0
 30
0.0
 40
1.8
  1
NRV-502B
 11
504.75
 21
174.0
 31
0.0
100
AcDbText
  0
INSERT
  5
395
330
17
100
AcDbEntity
  8
SYMBOLS
100
AcDbBlockReference
  2
YAML_PID_MANUAL_BLOCK_VALVE
 10
536.8
 20
168.0
 30
0.0
 41
9.0
 42
4.0
  0
TEXT
  5
397
330
17
100
AcDbEntity
  8
TEXT
100
AcDbText
 10
528.8
 20
174.0
 30
0.0
 40
1.8
  1
HV-512B
 11
528.8
 21
174.0
 31
0.0
100
AcDbText
  0
INSERT
  5
398
330
17
100
AcDbEntity
  8
SYMBOLS
100
AcDbBlockReference
  2
YAML_PID_CONTROL_VALVE
 10
214.4
 20
412.28805361486445
 30
0.0
 41
2.1165301000816377
 42
1.294311383901137
  0
LINE
  5
39A
330
17
100
AcDbEntity
  8
INSTRUMENT
100
AcDbLine
 10
214.4
 20
414.0
 30
0.0
 11
214.4
 21
423.0
 31
0.0
  0
TEXT
  5
39B
330
17
100
AcDbEntity
  8
TEXT
100
AcDbText
 10
206.4
 20
417.6
 30
0.0
 40
1.8
  1
LV-502
 11
206.4
 21
417.6
 31
0.0
100
AcDbText
  0
INSERT
  5
39C
330
17
100
AcDbEntity
  8
SYMBOLS
100
AcDbBlockReference
  2
YAML_PID_CONTROL_VALVE
 10
976.6666666666667
 20
694.2880536148645
 30
0.0
 41
2.1165301000816377
 42
1.294311383901137
  0
LINE
  5
39E
330
17
100
AcDbEntity
  8
INSTRUMENT
100
AcDbLine
 10
976.6666666666667
 20
696.0
 30
0.0
 11
976.6666666666667
 21
705.0
 31
0.0
  0
TEXT
  5
39F
330
17
100
AcDbEntity
  8
TEXT
100
AcDbText
 10
968.6666666666667
 20
699.6
 30
0.0
 40
1.8
  1
TV-502
 11
968.6666666666667
 21
699.6
 31
0.0
100
AcDbText
  0
INSERT
  5
3A0
330
17
100
AcDbEntity
  8
SYMBOLS
100
AcDbBlockReference
  2
YAML_PID_MANUAL_BLOCK_VALVE
 10
838.3333333333334
 20
690.0
 30
0.0
 41
9.0
 42
4.0
  0
TEXT
  5
3A2
330
17
100
AcDbEntity
  8
TEXT
100
AcDbText
 10
830.3333333333334
 20
696.0
 30
0.0
 40
1.8
  1
HV-513
 11
830.3333333333334
 21
696.0
 31
0.0
100
AcDbText
  0
INSERT
  5
3A3
330
17
100
AcDbEntity
  8
SYMBOLS
100
AcDbBlockReference
  2
YAML_PID_MANUAL_BLOCK_VALVE
 10
907.5
 20
560.0
 30
0.0
 41
9.0
 42
4.0
  0
TEXT
  5
3A5
330
17
100
AcDbEntity
  8
TEXT
100
AcDbText
 10
899.5
 20
566.0
 30
0.0
 40
1.8
  1
HV-514
 11
899.5
 21
566.0
 31
0.0
100
AcDbText
  0
INSERT
  5
3A6
330
17
100
AcDbEntity
  8
SYMBOLS
100
AcDbBlockReference
  2
YAML_PID_RELIEF_VALVE
 10
430.0
 20
603.2
 30
0.0
 41
1.0582650500408188
 42
2.267745105450147
 50
90.0
  0
LINE
  5
3A8
330
17
100
AcDbEntity
  8
INSTRUMENT
100
AcDbLine
 10
430.0
 20
606.2
 30
0.0
 11
430.0
 21
618.2
 31
0.0
  0
TEXT
  5
3A9
330
17
100
AcDbEntity
  8
TEXT
100
AcDbText
 10
439.1
 20
602.2
 30
0.0
 40
1.8
  1
PSV-501A
 11
439.1
 21
602.2
 31
0.0
100
AcDbText
  0
INSERT
  5
3AA
330
17
100
AcDbEntity
  8
SYMBOLS
100
AcDbBlockReference
  2
YAML_PID_RELIEF_VALVE
 10
465.0
 20
603.2
 30
0.0
 41
1.0582650500408188
 42
2.267745105450147
 50
90.0
  0
LINE
  5
3AC
330
17
100
AcDbEntity
  8
INSTRUMENT
100
AcDbLine
 10
465.0
 20
606.2
 30
0.0
 11
465.0
 21
618.2
 31
0.0
  0
TEXT
  5
3AD
330
17
100
AcDbEntity
  8
TEXT
100
AcDbText
 10
474.1
 20
602.2
 30
0.0
 40
1.8
  1
PSV-501B
 11
474.1
 21
602.2
 31
0.0
100
AcDbText
  0
INSERT
  5
3AE
330
17
100
AcDbEntity
  8
SYMBOLS
100
AcDbBlockReference
  2
YAML_PID_RELIEF_VALVE
 10
816.0
 20
665.0
 30
0.0
 41
1.0582650500408188
 42
2.267745105450147
 50
90.0
  0
LINE
  5
3B0
330
17
100
AcDbEntity
  8
INSTRUMENT
100
AcDbLine
 10
820.0
 20
668.0
 30
0.0
 11
820.0
 21
680.0
 31
0.0
  0
TEXT
  5
3B1
330
17
100
AcDbEntity
  8
TEXT
100
AcDbText
 10
825.1
 20
664.0
 30
0.0
 40
1.8
  1
PSV-502
 11
829.1
 21
664.0
 31
0.0
100
AcDbText
  0
INSERT
  5
3B2
330
17
100
AcDbEntity
  8
SYMBOLS
100
AcDbBlockReference
  2
YAML_PID_MANUAL_BLOCK_VALVE
 10
600.0
 20
710.0
 30
0.0
 41
9.0
 42
4.0
 50
90.0
  0
TEXT
  5
3B4
330
17
100
AcDbEntity
  8
TEXT
100
AcDbText
 10
610.0
 20
710.0
 30
0.0
 40
1.8
  1
HV-515
 11
610.0
 21
710.0
 31
0.0
100
AcDbText
  0
INSERT
  5
3B5
330
17
100
AcDbEntity
  8
SYMBOLS
100
AcDbBlockReference
  2
YAML_PID_MANUAL_BLOCK_VALVE
 10
840.0
 20
710.0
 30
0.0
 41
9.0
 42
4.0
 50
90.0
  0
TEXT
  5
3B7
330
17
100
AcDbEntity
  8
TEXT
100
AcDbText
 10
850.0
 20
710.0
 30
0.0
 40
1.8
  1
HV-516
 11
850.0
 21
710.0
 31
0.0
100
AcDbText
  0
INSERT
  5
3B8
330
17
100
AcDbEntity
  8
SYMBOLS
100
AcDbBlockReference
  2
YAML_PID_MANUAL_BLOCK_VALVE
 10
720.0
 20
120.0
 30
0.0
 41
9.0
 42
4.0
 50
90.0
  0
TEXT
  5
3BA
330
17
100
AcDbEntity
  8
TEXT
100
AcDbText
 10
730.0
 20
120.0
 30
0.0
 40
1.8
  1
HV-517
 11
730.0
 21
120.0
 31
0.0
100
AcDbText
  0
INSERT
  5
3BB
330
17
100
AcDbEntity
  8
SYMBOLS
100
AcDbBlockReference
  2
YAML_PID_MANUAL_BLOCK_VALVE
 10
1080.0
 20
120.0
 30
0.0
 41
9.0
 42
4.0
 50
90.0
  0
TEXT
  5
3BD
330
17
100
AcDbEntity
  8
TEXT
100
AcDbText
 10
1090.0
 20
120.0
 30
0.0
 40
1.8
  1
HV-518
 11
1090.0
 21
120.0
 31
0.0
100
AcDbText
  0
INSERT
  5
3BE
330
17
100
AcDbEntity
  8
SYMBOLS
100
AcDbBlockReference
  2
YAML_PID_MANUAL_BLOCK_VALVE
 10
734.0
 20
120.0
 30
0.0
 41
9.0
 42
4.0
 50
90.0
  0
TEXT
  5
3C0
330
17
100
AcDbEntity
  8
TEXT
100
AcDbText
 10
744.0
 20
120.0
 30
0.0
 40
1.8
  1
HV-519
 11
744.0
 21
120.0
 31
0.0
100
AcDbText
  0
INSERT
  5
3C1
330
17
100
AcDbEntity
  8
SYMBOLS
100
AcDbBlockReference
  2
YAML_PID_MANUAL_BLOCK_VALVE
 10
680.0
 20
595.2
 30
0.0
 41
9.0
 42
4.0
 50
90.0
  0
TEXT
  5
3C3
330
17
100
AcDbEntity
  8
TEXT
100
AcDbText
 10
690.0
 20
595.2
 30
0.0
 40
1.8
  1
HV-520
 11
690.0
 21
595.2
 31
0.0
100
AcDbText
  0
INSERT
  5
3C4
330
17
100
AcDbEntity
  8
SYMBOLS
100
AcDbBlockReference
  2
YAML_PID_FIELD_INSTRUMENT
 10
462.0
 20
522.0
 30
0.0
 41
14.0
 42
14.0
  0
TEXT
  5
3C6
330
17
100
AcDbEntity
  8
TEXT
100
AcDbText
 10
456.6
 20
520.5
 30
0.0
 40
2.0
  1
PT-501
 11
456.6
 21
520.5
 31
0.0
100
AcDbText
  0
INSERT
  5
3C7
330
17
100
AcDbEntity
  8
SYMBOLS
100
AcDbBlockReference
  2
YAML_PID_FIELD_INSTRUMENT
 10
444.0
 20
452.0
 30
0.0
 41
14.0
 42
14.0
  0
TEXT
  5
3C9
330
17
100
AcDbEntity
  8
TEXT
100
AcDbText
 10
437.7
 20
450.5
 30
0.0
 40
2.0
  1
DPI-501
 11
437.7
 21
450.5
 31
0.0
100
AcDbText
  0
TEXT
  5
3CA
330
17
100
AcDbEntity
  8
TEXT
100
AcDbText
 10
751.0
 20
614.0
 30
0.0
 40
2.0
  1
H
 11
453.0
 21
456.0
 31
0.0
100
AcDbText
  0
TEXT
  5
3CB
330
17
100
AcDbEntity
  8
TEXT
100
AcDbText
 10
751.0
 20
606.0
 30
0.0
 40
2.0
  1
L
 11
453.0
 21
448.0
 31
0.0
100
AcDbText
  0
TEXT
  5
3CC
330
17
100
AcDbEntity
  8
TEXT
100
AcDbText
 10
751.0
 20
598.0
 30
0.0
 40
2.0
  1
HH
 11
453.0
 21
440.0
 31
0.0
100
AcDbText
  0
INSERT
  5
3CD
330
17
100
AcDbEntity
  8
SYMBOLS
100
AcDbBlockReference
  2
YAML_PID_FIELD_INSTRUMENT
 10
462.0
 20
430.0
 30
0.0
 41
14.0
 42
14.0
  0
TEXT
  5
3CF
330
17
100
AcDbEntity
  8
TEXT
100
AcDbText
 10
455.7
 20
428.5
 30
0.0
 40
2.0
  1
DPT-501
 11
455.7
 21
428.5
 31
0.0
100
AcDbText
  0
INSERT
  5
3D0
330
17
100
AcDbEntity
  8
SYMBOLS
100
AcDbBlockReference
  2
YAML_PID_FIELD_INSTRUMENT
 10
465.0
 20
325.0
 30
0.0
 41
14.0
 42
14.0
  0
TEXT
  5
3D2
330
17
100
AcDbEntity
  8
TEXT
100
AcDbText
 10
459.6
 20
323.5
 30
0.0
 40
2.0
  1
LT-502
 11
459.6
 21
323.5
 31
0.0
100
AcDbText
  0
INSERT
  5
3D3
330
17
100
AcDbEntity
  8
SYMBOLS
100
AcDbBlockReference
  2
YAML_PID_DCS_CONTROLLER
 10
465.0
 20
303.0
 30
0.0
 41
18.0
 42
18.0
  0
TEXT
  5
3D5
330
17
100
AcDbEntity
  8
TEXT
100
AcDbText
 10
458.7
 20
301.5
 30
0.0
 40
2.0
  1
LIC-502
 11
458.7
 21
301.5
 31
0.0
100
AcDbText
  0
TEXT
  5
3D6
330
17
100
AcDbEntity
  8
TEXT
100
AcDbText
 10
751.0
 20
614.0
 30
0.0
 40
2.0
  1
H
 11
476.0
 21
307.0
 31
0.0
100
AcDbText
  0
TEXT
  5
3D7
330
17
100
AcDbEntity
  8
TEXT
100
AcDbText
 10
751.0
 20
606.0
 30
0.0
 40
2.0
  1
L
 11
476.0
 21
299.0
 31
0.0
100
AcDbText
  0
INSERT
  5
3D8
330
17
100
AcDbEntity
  8
SYMBOLS
100
AcDbBlockReference
  2
YAML_PID_FIELD_INSTRUMENT
 10
604.0
 20
480.0
 30
0.0
 41
14.0
 42
14.0
  0
TEXT
  5
3DA
330
17
100
AcDbEntity
  8
TEXT
100
AcDbText
 10
597.7
 20
478.5
 30
0.0
 40
2.0
  1
TT-501A
 11
597.7
 21
478.5
 31
0.0
100
AcDbText
  0
INSERT
  5
3DB
330
17
100
AcDbEntity
  8
SYMBOLS
100
AcDbBlockReference
  2
YAML_PID_FIELD_INSTRUMENT
 10
626.0
 20
480.0
 30
0.0
 41
14.0
 42
14.0
  0
TEXT
  5
3DD
330
17
100
AcDbEntity
  8
TEXT
100
AcDbText
 10
619.7
 20
478.5
 30
0.0
 40
2.0
  1
TI-501A
 11
619.7
 21
478.5
 31
0.0
100
AcDbText
  0
INSERT
  5
3DE
330
17
100
AcDbEntity
  8
SYMBOLS
100
AcDbBlockReference
  2
YAML_PID_FIELD_INSTRUMENT
 10
604.0
 20
430.0
 30
0.0
 41
14.0
 42
14.0
  0
TEXT
  5
3E0
330
17
100
AcDbEntity
  8
TEXT
100
AcDbText
 10
597.7
 20
428.5
 30
0.0
 40
2.0
  1
TT-501B
 11
597.7
 21
428.5
 31
0.0
100
AcDbText
  0
INSERT
  5
3E1
330
17
100
AcDbEntity
  8
SYMBOLS
100
AcDbBlockReference
  2
YAML_PID_DCS_CONTROLLER
 10
626.0
 20
430.0
 30
0.0
 41
18.0
 42
18.0
  0
TEXT
  5
3E3
330
17
100
AcDbEntity
  8
TEXT
100
AcDbText
 10
619.7
 20
428.5
 30
0.0
 40
2.0
  1
TIC-501
 11
619.7
 21
428.5
 31
0.0
100
AcDbText
  0
TEXT
  5
3E4
330
17
100
AcDbEntity
  8
TEXT
100
AcDbText
 10
751.0
 20
614.0
 30
0.0
 40
2.0
  1
H
 11
637.0
 21
434.0
 31
0.0
100
AcDbText
  0
TEXT
  5
3E5
330
17
100
AcDbEntity
  8
TEXT
100
AcDbText
 10
751.0
 20
606.0
 30
0.0
 40
2.0
  1
L
 11
637.0
 21
426.0
 31
0.0
100
AcDbText
  0
INSERT
  5
3E6
330
17
100
AcDbEntity
  8
SYMBOLS
100
AcDbBlockReference
  2
YAML_PID_FIELD_INSTRUMENT
 10
604.0
 20
392.0
 30
0.0
 41
14.0
 42
14.0
  0
TEXT
  5
3E8
330
17
100
AcDbEntity
  8
TEXT
100
AcDbText
 10
597.7
 20
390.5
 30
0.0
 40
2.0
  1
TT-501C
 11
597.7
 21
390.5
 31
0.0
100
AcDbText
  0
INSERT
  5
3E9
330
17
100
AcDbEntity
  8
SYMBOLS
100
AcDbBlockReference
  2
YAML_PID_FIELD_INSTRUMENT
 10
626.0
 20
392.0
 30
0.0
 41
14.0
 42
14.0
  0
TEXT
  5
3EB
330
17
100
AcDbEntity
  8
TEXT
100
AcDbText
 10
619.7
 20
390.5
 30
0.0
 40
2.0
  1
TI-501C
 11
619.7
 21
390.5
 31
0.0
100
AcDbText
  0
INSERT
  5
3EC
330
17
100
AcDbEntity
  8
SYMBOLS
100
AcDbBlockReference
  2
YAML_PID_FIELD_INSTRUMENT
 10
370.0
 20
435.0
 30
0.0
 41
14.0
 42
14.0
  0
TEXT
  5
3EE
330
17
100
AcDbEntity
  8
TEXT
100
AcDbText
 10
364.6
 20
433.5
 30
0.0
 40
2.0
  1
FT-501
 11
364.6
 21
433.5
 31
0.0
100
AcDbText
  0
LWPOLYLINE
  5
3EF
330
17
100
AcDbEntity
  8
INSTRUMENT
100
AcDbPolyline
 90
5
 70
0
 10
403.0
 20
428.0
 10
425.0
 20
428.0
 10
425.0
 20
442.0
 10
403.0
 20
442.0
 10
403.0
 20
428.0
  0
TEXT
  5
3F0
330
17
100
AcDbEntity
  8
TEXT
100
AcDbText
 10
407.7
 20
433.5
 30
0.0
 40
2.0
  1
FIC-501
 11
407.7
 21
433.5
 31
0.0
100
AcDbText
  0
INSERT
  5
3F1
330
17
100
AcDbEntity
  8
SYMBOLS
100
AcDbBlockReference
  2
YAML_PID_DCS_CONTROLLER
 10
548.0
 20
690.0
 30
0.0
 41
18.0
 42
18.0
  0
TEXT
  5
3F3
330
17
100
AcDbEntity
  8
TEXT
100
AcDbText
 10
541.7
 20
688.5
 30
0.0
 40
2.0
  1
PIC-501
 11
541.7
 21
688.5
 31
0.0
100
AcDbText
  0
TEXT
  5
3F4
330
17
100
AcDbEntity
  8
TEXT
100
AcDbText
 10
751.0
 20
614.0
 30
0.0
 40
2.0
  1
H
 11
559.0
 21
694.0
 31
0.0
100
AcDbText
  0
TEXT
  5
3F5
330
17
100
AcDbEntity
  8
TEXT
100
AcDbText
 10
751.0
 20
606.0
 30
0.0
 40
2.0
  1
L
 11
559.0
 21
686.0
 31
0.0
100
AcDbText
  0
TEXT
  5
3F6
330
17
100
AcDbEntity
  8
TEXT
100
AcDbText
 10
751.0
 20
598.0
 30
0.0
 40
2.0
  1
HH
 11
559.0
 21
678.0
 31
0.0
100
AcDbText
  0
INSERT
  5
3F7
330
17
100
AcDbEntity
  8
SYMBOLS
100
AcDbBlockReference
  2
YAML_PID_FIELD_INSTRUMENT
 10
770.0
 20
610.0
 30
0.0
 41
14.0
 42
14.0
  0
TEXT
  5
3F9
330
17
100
AcDbEntity
  8
TEXT
100
AcDbText
 10
764.6
 20
608.5
 30
0.0
 40
2.0
  1
LT-501
 11
764.6
 21
608.5
 31
0.0
100
AcDbText
  0
INSERT
  5
3FA
330
17
100
AcDbEntity
  8
SYMBOLS
100
AcDbBlockReference
  2
YAML_PID_DCS_CONTROLLER
 10
740.0
 20
610.0
 30
0.0
 41
18.0
 42
18.0
  0
TEXT
  5
3FC
330
17
100
AcDbEntity
  8
TEXT
100
AcDbText
 10
733.7
 20
608.5
 30
0.0
 40
2.0
  1
LIC-501
 11
733.7
 21
608.5
 31
0.0
100
AcDbText
  0
TEXT
  5
3FD
330
17
100
AcDbEntity
  8
TEXT
100
AcDbText
 10
751.0
 20
614.0
 30
0.0
 40
2.0
  1
H
 11
751.0
 21
614.0
 31
0.0
100
AcDbText
  0
TEXT
  5
3FE
330
17
100
AcDbEntity
  8
TEXT
100
AcDbText
 10
751.0
 20
606.0
 30
0.0
 40
2.0
  1
L
 11
751.0
 21
606.0
 31
0.0
100
AcDbText
  0
TEXT
  5
3FF
330
17
100
AcDbEntity
  8
TEXT
100
AcDbText
 10
751.0
 20
598.0
 30
0.0
 40
2.0
  1
HH
 11
751.0
 21
598.0
 31
0.0
100
AcDbText
  0
INSERT
  5
400
330
17
100
AcDbEntity
  8
SYMBOLS
100
AcDbBlockReference
  2
YAML_PID_FIELD_INSTRUMENT
 10
872.0
 20
655.0
 30
0.0
 41
14.0
 42
14.0
  0
TEXT
  5
402
330
17
100
AcDbEntity
  8
TEXT
100
AcDbText
 10
866.6
 20
653.5
 30
0.0
 40
2.0
  1
PT-502
 11
866.6
 21
653.5
 31
0.0
100
AcDbText
  0
INSERT
  5
403
330
17
100
AcDbEntity
  8
SYMBOLS
100
AcDbBlockReference
  2
YAML_PID_FIELD_INSTRUMENT
 10
872.0
 20
675.0
 30
0.0
 41
14.0
 42
14.0
  0
TEXT
  5
405
330
17
100
AcDbEntity
  8
TEXT
100
AcDbText
 10
866.6
 20
673.5
 30
0.0
 40
2.0
  1
PI-502
 11
866.6
 21
673.5
 31
0.0
100
AcDbText
  0
INSERT
  5
406
330
17
100
AcDbEntity
  8
SYMBOLS
100
AcDbBlockReference
  2
YAML_PID_FIELD_INSTRUMENT
 10
715.0
 20
505.0
 30
0.0
 41
14.0
 42
14.0
  0
TEXT
  5
408
330
17
100
AcDbEntity
  8
TEXT
100
AcDbText
 10
709.6
 20
503.5
 30
0.0
 40
2.0
  1
FT-502
 11
709.6
 21
503.5
 31
0.0
100
AcDbText
  0
LWPOLYLINE
  5
409
330
17
100
AcDbEntity
  8
INSTRUMENT
100
AcDbPolyline
 90
5
 70
0
 10
724.0
 20
498.0
 10
746.0
 20
498.0
 10
746.0
 20
512.0
 10
724.0
 20
512.0
 10
724.0
 20
498.0
  0
TEXT
  5
40A
330
17
100
AcDbEntity
  8
TEXT
100
AcDbText
 10
728.7
 20
503.5
 30
0.0
 40
2.0
  1
FIC-502
 11
728.7
 21
503.5
 31
0.0
100
AcDbText
  0
INSERT
  5
40B
330
17
100
AcDbEntity
  8
SYMBOLS
100
AcDbBlockReference
  2
YAML_PID_FIELD_INSTRUMENT
 10
760.0
 20
355.0
 30
0.0
 41
14.0
 42
14.0
  0
TEXT
  5
40D
330
17
100
AcDbEntity
  8
TEXT
100
AcDbText
 10
754.6
 20
353.5
 30
0.0
 40
2.0
  1
TT-503
 11
754.6
 21
353.5
 31
0.0
100
AcDbText
  0
INSERT
  5
40E
330
17
100
AcDbEntity
  8
SYMBOLS
100
AcDbBlockReference
  2
YAML_PID_FIELD_INSTRUMENT
 10
782.0
 20
355.0
 30
0.0
 41
14.0
 42
14.0
  0
TEXT
  5
410
330
17
100
AcDbEntity
  8
TEXT
100
AcDbText
 10
776.6
 20
353.5
 30
0.0
 40
2.0
  1
TI-503
 11
776.6
 21
353.5
 31
0.0
100
AcDbText
  0
INSERT
  5
411
330
17
100
AcDbEntity
  8
SYMBOLS
100
AcDbBlockReference
  2
YAML_PID_ANALYZER
 10
1010.0
 20
700.0
 30
0.0
 41
1.1638494030954656
 42
1.1638494030954656
  0
TEXT
  5
413
330
17
100
AcDbEntity
  8
TEXT
100
AcDbText
 10
1003.7
 20
698.5
 30
0.0
 40
2.0
  1
AIT-501
 11
1003.7
 21
698.5
 31
0.0
100
AcDbText
  0
INSERT
  5
414
330
17
100
AcDbEntity
  8
SYMBOLS
100
AcDbBlockReference
  2
YAML_PID_DCS_CONTROLLER
 10
1010.0
 20
675.0
 30
0.0
 41
18.0
 42
18.0
  0
TEXT
  5
416
330
17
100
AcDbEntity
  8
TEXT
100
AcDbText
 10
1003.7
 20
673.5
 30
0.0
 40
2.0
  1
AIC-501
 11
1003.7
 21
673.5
 31
0.0
100
AcDbText
  0
INSERT
  5
417
330
17
100
AcDbEntity
  8
SYMBOLS
100
AcDbBlockReference
  2
YAML_PID_SAMPLE_POINT
 10
1010.0
 20
650.0
 30
0.0
 41
0.8782329952136302
 42
1.8897518755787364
  0
TEXT
  5
419
330
17
100
AcDbEntity
  8
TEXT
100
AcDbText
 10
1004.6
 20
648.5
 30
0.0
 40
2.0
  1
AS-501
 11
1004.6
 21
648.5
 31
0.0
100
AcDbText
  0
INSERT
  5
41A
330
17
100
AcDbEntity
  8
SYMBOLS
100
AcDbBlockReference
  2
YAML_PID_ANALYZER
 10
250.0
 20
310.0
 30
0.0
 41
1.1638494030954656
 42
1.1638494030954656
  0
TEXT
  5
41C
330
17
100
AcDbEntity
  8
TEXT
100
AcDbText
 10
243.7
 20
308.5
 30
0.0
 40
2.0
  1
AIT-502
 11
243.7
 21
308.5
 31
0.0
100
AcDbText
  0
INSERT
  5
41D
330
17
100
AcDbEntity
  8
SYMBOLS
100
AcDbBlockReference
  2
YAML_PID_DCS_CONTROLLER
 10
250.0
 20
285.0
 30
0.0
 41
18.0
 42
18.0
  0
TEXT
  5
41F
330
17
100
AcDbEntity
  8
TEXT
100
AcDbText
 10
243.7
 20
283.5
 30
0.0
 40
2.0
  1
AIC-502
 11
243.7
 21
283.5
 31
0.0
100
AcDbText
  0
INSERT
  5
420
330
17
100
AcDbEntity
  8
SYMBOLS
100
AcDbBlockReference
  2
YAML_PID_SAMPLE_POINT
 10
250.0
 20
260.0
 30
0.0
 41
0.8782329952136302
 42
1.8897518755787364
  0
TEXT
  5
422
330
17
100
AcDbEntity
  8
TEXT
100
AcDbText
 10
244.6
 20
258.5
 30
0.0
 40
2.0
  1
AS-502
 11
244.6
 21
258.5
 31
0.0
100
AcDbText
  0
INSERT
  5
423
330
17
100
AcDbEntity
  8
SYMBOLS
100
AcDbBlockReference
  2
YAML_PID_FIELD_INSTRUMENT
 10
600.0
 20
125.0
 30
0.0
 41
14.0
 42
14.0
  0
TEXT
  5
425
330
17
100
AcDbEntity
  8
TEXT
100
AcDbText
 10
593.7
 20
123.5
 30
0.0
 40
2.0
  1
XS-501A
 11
593.7
 21
123.5
 31
0.0
100
AcDbText
  0
INSERT
  5
426
330
17
100
AcDbEntity
  8
SYMBOLS
100
AcDbBlockReference
  2
YAML_PID_FIELD_INSTRUMENT
 10
628.0
 20
125.0
 30
0.0
 41
14.0
 42
14.0
  0
TEXT
  5
428
330
17
100
AcDbEntity
  8
TEXT
100
AcDbText
 10
621.7
 20
123.5
 30
0.0
 40
2.0
  1
XS-501B
 11
621.7
 21
123.5
 31
0.0
100
AcDbText
  0
INSERT
  5
429
330
17
100
AcDbEntity
  8
SYMBOLS
100
AcDbBlockReference
  2
YAML_PID_FIELD_INSTRUMENT
 10
656.0
 20
125.0
 30
0.0
 41
14.0
 42
14.0
  0
TEXT
  5
42B
330
17
100
AcDbEntity
  8
TEXT
100
AcDbText
 10
649.7
 20
123.5
 30
0.0
 40
2.0
  1
XS-502A
 11
649.7
 21
123.5
 31
0.0
100
AcDbText
  0
INSERT
  5
42C
330
17
100
AcDbEntity
  8
SYMBOLS
100
AcDbBlockReference
  2
YAML_PID_FIELD_INSTRUMENT
 10
684.0
 20
125.0
 30
0.0
 41
14.0
 42
14.0
  0
TEXT
  5
42E
330
17
100
AcDbEntity
  8
TEXT
100
AcDbText
 10
677.7
 20
123.5
 30
0.0
 40
2.0
  1
XS-502B
 11
677.7
 21
123.5
 31
0.0
100
AcDbText
  0
INSERT
  5
42F
330
17
100
AcDbEntity
  8
SYMBOLS
100
AcDbBlockReference
  2
YAML_PID_FIELD_INSTRUMENT
 10
205.0
 20
450.0
 30
0.0
 41
14.0
 42
14.0
  0
TEXT
  5
431
330
17
100
AcDbEntity
  8
TEXT
100
AcDbText
 10
198.7
 20
448.5
 30
0.0
 40
2.0
  1
ZSO-501
 11
203.7
 21
448.5
 31
0.0
100
AcDbText
  0
INSERT
  5
432
330
17
100
AcDbEntity
  8
SYMBOLS
100
AcDbBlockReference
  2
YAML_PID_FIELD_INSTRUMENT
 10
238.0
 20
450.0
 30
0.0
 41
14.0
 42
14.0
  0
TEXT
  5
434
330
17
100
AcDbEntity
  8
TEXT
100
AcDbText
 10
231.7
 20
448.5
 30
0.0
 40
2.0
  1
ZSC-501
 11
203.7
 21
430.5
 31
0.0
100
AcDbText
  0
INSERT
  5
437
330
17
100
AcDbEntity
  8
SYMBOLS
100
AcDbBlockReference
  2
YAML_PID_MANUAL_BLOCK_VALVE
 10
476.3
 20
522.0
 30
0.0
 41
0.75
 42
0.75
  0
LINE
  5
43A
330
17
100
AcDbEntity
  8
IMPULSE_LINE
370
18
100
AcDbLine
 10
462.0
 20
502.0
 30
0.0
 11
462.0
 21
439.0
 31
0.0
  0
INSERT
  5
43B
330
17
100
AcDbEntity
  8
SYMBOLS
100
AcDbBlockReference
  2
YAML_PID_MANUAL_BLOCK_VALVE
 10
476.3
 20
502.0
 30
0.0
 41
0.75
 42
0.75
  0
INSERT
  5
43F
330
17
100
AcDbEntity
  8
SYMBOLS
100
AcDbBlockReference
  2
YAML_PID_MANUAL_BLOCK_VALVE
 10
476.3
 20
358.0
 30
0.0
 41
0.75
 42
0.75
  0
INSERT
  5
443
330
17
100
AcDbEntity
  8
SYMBOLS
100
AcDbBlockReference
  2
YAML_PID_MANUAL_BLOCK_VALVE
 10
476.264
 20
348.0
 30
0.0
 41
0.75
 42
0.75
  0
INSERT
  5
447
330
17
100
AcDbEntity
  8
SYMBOLS
100
AcDbBlockReference
  2
YAML_PID_MANUAL_BLOCK_VALVE
 10
479.036
 20
326.0
 30
0.0
 41
0.75
 42
0.75
  0
INSERT
  5
449
330
17
100
AcDbEntity
  8
SYMBOLS
100
AcDbBlockReference
  2
YAML_PID_FIELD_INSTRUMENT
 10
564.0
 20
478.0
 30
0.0
 41
0.65
 42
0.65
  0
TEXT
  5
44B
330
17
100
AcDbEntity
  8
TEXT
100
AcDbText
 10
556.0
 20
468.0
 30
0.0
 40
2.0
  1
TW-501A
 11
556.0
 21
468.0
 31
0.0
100
AcDbText
  0
LINE
  5
44C
330
17
100
AcDbEntity
  8
IMPULSE_LINE
370
18
100
AcDbLine
 10
552.0
 20
478.0
 30
0.0
 11
564.0
 21
478.0
 31
0.0
  0
LINE
  5
44D
330
17
100
AcDbEntity
  8
IMPULSE_LINE
370
18
100
AcDbLine
 10
564.0
 20
478.0
 30
0.0
 11
604.0
 21
478.0
 31
0.0
  0
LINE
  5
44E
330
17
100
AcDbEntity
  8
IMPULSE_LINE
370
18
100
AcDbLine
 10
604.0
 20
478.0
 30
0.0
 11
604.0
 21
471.0
 31
0.0
  0
INSERT
  5
44F
330
17
100
AcDbEntity
  8
SYMBOLS
100
AcDbBlockReference
  2
YAML_PID_FIELD_INSTRUMENT
 10
564.0
 20
430.0
 30
0.0
 41
0.65
 42
0.65
  0
TEXT
  5
451
330
17
100
AcDbEntity
  8
TEXT
100
AcDbText
 10
556.0
 20
420.0
 30
0.0
 40
2.0
  1
TW-501B
 11
556.0
 21
420.0
 31
0.0
100
AcDbText
  0
LINE
  5
452
330
17
100
AcDbEntity
  8
IMPULSE_LINE
370
18
100
AcDbLine
 10
552.0
 20
430.0
 30
0.0
 11
564.0
 21
430.0
 31
0.0
  0
LINE
  5
453
330
17
100
AcDbEntity
  8
IMPULSE_LINE
370
18
100
AcDbLine
 10
564.0
 20
430.0
 30
0.0
 11
604.0
 21
430.0
 31
0.0
  0
LINE
  5
454
330
17
100
AcDbEntity
  8
IMPULSE_LINE
370
18
100
AcDbLine
 10
604.0
 20
430.0
 30
0.0
 11
604.0
 21
421.0
 31
0.0
  0
INSERT
  5
455
330
17
100
AcDbEntity
  8
SYMBOLS
100
AcDbBlockReference
  2
YAML_PID_FIELD_INSTRUMENT
 10
564.0
 20
392.0
 30
0.0
 41
0.65
 42
0.65
  0
TEXT
  5
457
330
17
100
AcDbEntity
  8
TEXT
100
AcDbText
 10
556.0
 20
382.0
 30
0.0
 40
2.0
  1
TW-501C
 11
556.0
 21
382.0
 31
0.0
100
AcDbText
  0
LINE
  5
458
330
17
100
AcDbEntity
  8
IMPULSE_LINE
370
18
100
AcDbLine
 10
552.0
 20
392.0
 30
0.0
 11
564.0
 21
392.0
 31
0.0
  0
LINE
  5
459
330
17
100
AcDbEntity
  8
IMPULSE_LINE
370
18
100
AcDbLine
 10
564.0
 20
392.0
 30
0.0
 11
604.0
 21
392.0
 31
0.0
  0
LINE
  5
45A
330
17
100
AcDbEntity
  8
IMPULSE_LINE
370
18
100
AcDbLine
 10
604.0
 20
392.0
 30
0.0
 11
604.0
 21
383.0
 31
0.0
  0
LINE
  5
45B
330
17
100
AcDbEntity
  8
INSTRUMENT
370
18
100
AcDbLine
 10
367.8
 20
385.0
 30
0.0
 11
367.8
 21
399.0
 31
0.0
  0
LINE
  5
45C
330
17
100
AcDbEntity
  8
INSTRUMENT
370
18
100
AcDbLine
 10
372.2
 20
385.0
 30
0.0
 11
372.2
 21
399.0
 31
0.0
  0
LINE
  5
45D
330
17
100
AcDbEntity
  8
IMPULSE_LINE
370
18
100
AcDbLine
 10
364.0
 20
392.0
 30
0.0
 11
364.0
 21
398.0
 31
0.0
  0
LINE
  5
45E
330
17
100
AcDbEntity
  8
IMPULSE_LINE
370
18
100
AcDbLine
 10
376.0
 20
392.0
 30
0.0
 11
376.0
 21
398.0
 31
0.0
  0
TEXT
  5
45F
330
17
100
AcDbEntity
  8
TEXT
100
AcDbText
 10
364.6
 20
379.0
 30
0.0
 40
2.0
  1
FE-501
 11
364.6
 21
379.0
 31
0.0
100
AcDbText
  0
LINE
  5
460
330
17
100
AcDbEntity
  8
IMPULSE_LINE
370
18
100
AcDbLine
 10
364.0
 20
398.0
 30
0.0
 11
348.0
 21
406.0
 31
0.0
  0
LINE
  5
461
330
17
100
AcDbEntity
  8
IMPULSE_LINE
370
18
100
AcDbLine
 10
348.0
 20
406.0
 30
0.0
 11
348.0
 21
423.0
 31
0.0
  0
LINE
  5
462
330
17
100
AcDbEntity
  8
IMPULSE_LINE
370
18
100
AcDbLine
 10
348.0
 20
423.0
 30
0.0
 11
363.0
 21
435.0
 31
0.0
  0
LINE
  5
463
330
17
100
AcDbEntity
  8
IMPULSE_LINE
370
18
100
AcDbLine
 10
376.0
 20
398.0
 30
0.0
 11
392.0
 21
406.0
 31
0.0
  0
LINE
  5
464
330
17
100
AcDbEntity
  8
IMPULSE_LINE
370
18
100
AcDbLine
 10
392.0
 20
406.0
 30
0.0
 11
392.0
 21
423.0
 31
0.0
  0
LINE
  5
465
330
17
100
AcDbEntity
  8
IMPULSE_LINE
370
18
100
AcDbLine
 10
392.0
 20
423.0
 30
0.0
 11
377.0
 21
435.0
 31
0.0
  0
LWPOLYLINE
  5
466
330
17
100
AcDbEntity
  8
VALVES
100
AcDbPolyline
 90
4
 70
0
 10
343.5
 20
420.3
 10
348.0
 20
414.5
 10
352.5
 20
420.3
 10
343.5
 20
420.3
  0
LWPOLYLINE
  5
467
330
17
100
AcDbEntity
  8
VALVES
100
AcDbPolyline
 90
4
 70
0
 10
343.5
 20
408.7
 10
348.0
 20
414.5
 10
352.5
 20
408.7
 10
343.5
 20
408.7
  0
LWPOLYLINE
  5
468
330
17
100
AcDbEntity
  8
VALVES
100
AcDbPolyline
 90
4
 70
0
 10
387.5
 20
420.3
 10
392.0
 20
414.5
 10
396.5
 20
420.3
 10
387.5
 20
420.3
  0
LWPOLYLINE
  5
469
330
17
100
AcDbEntity
  8
VALVES
100
AcDbPolyline
 90
4
 70
0
 10
387.5
 20
408.7
 10
392.0
 20
414.5
 10
396.5
 20
408.7
 10
387.5
 20
408.7
  0
LINE
  5
46A
330
17
100
AcDbEntity
  8
IMPULSE_LINE
370
18
100
AcDbLine
 10
790.0
 20
620.0
 30
0.0
 11
766.92
 21
620.0
 31
0.0
  0
INSERT
  5
46C
330
17
100
AcDbEntity
  8
SYMBOLS
100
AcDbBlockReference
  2
YAML_PID_MANUAL_BLOCK_VALVE
 10
779.614
 20
620.0
 30
0.0
 41
0.75
 42
0.75
  0
INSERT
  5
470
330
17
100
AcDbEntity
  8
SYMBOLS
100
AcDbBlockReference
  2
YAML_PID_MANUAL_BLOCK_VALVE
 10
782.386
 20
600.0
 30
0.0
 41
0.75
 42
0.75
  0
INSERT
  5
473
330
17
100
AcDbEntity
  8
SYMBOLS
100
AcDbBlockReference
  2
YAML_PID_MANUAL_BLOCK_VALVE
 10
872.0
 20
638.85
 30
0.0
 41
0.75
 42
0.75
 50
90.0
  0
LINE
  5
475
330
17
100
AcDbEntity
  8
INSTRUMENT
370
18
100
AcDbLine
 10
712.8
 20
518.0
 30
0.0
 11
712.8
 21
532.0
 31
0.0
  0
LINE
  5
476
330
17
100
AcDbEntity
  8
INSTRUMENT
370
18
100
AcDbLine
 10
717.2
 20
518.0
 30
0.0
 11
717.2
 21
532.0
 31
0.0
  0
LINE
  5
477
330
17
100
AcDbEntity
  8
IMPULSE_LINE
370
18
100
AcDbLine
 10
709.0
 20
525.0
 30
0.0
 11
709.0
 21
519.0
 31
0.0
  0
LINE
  5
478
330
17
100
AcDbEntity
  8
IMPULSE_LINE
370
18
100
AcDbLine
 10
721.0
 20
525.0
 30
0.0
 11
721.0
 21
519.0
 31
0.0
  0
TEXT
  5
479
330
17
100
AcDbEntity
  8
TEXT
100
AcDbText
 10
709.6
 20
538.0
 30
0.0
 40
2.0
  1
FE-502
 11
709.6
 21
538.0
 31
0.0
100
AcDbText
  0
LINE
  5
47A
330
17
100
AcDbEntity
  8
IMPULSE_LINE
370
18
100
AcDbLine
 10
709.0
 20
519.0
 30
0.0
 11
693.0
 21
511.0
 31
0.0
  0
LINE
  5
47B
330
17
100
AcDbEntity
  8
IMPULSE_LINE
370
18
100
AcDbLine
 10
693.0
 20
511.0
 30
0.0
 11
693.0
 21
494.0
 31
0.0
  0
LINE
  5
47C
330
17
100
AcDbEntity
  8
IMPULSE_LINE
370
18
100
AcDbLine
 10
693.0
 20
494.0
 30
0.0
 11
708.0
 21
505.0
 31
0.0
  0
LINE
  5
47D
330
17
100
AcDbEntity
  8
IMPULSE_LINE
370
18
100
AcDbLine
 10
721.0
 20
519.0
 30
0.0
 11
737.0
 21
511.0
 31
0.0
  0
LINE
  5
47E
330
17
100
AcDbEntity
  8
IMPULSE_LINE
370
18
100
AcDbLine
 10
737.0
 20
511.0
 30
0.0
 11
737.0
 21
494.0
 31
0.0
  0
LINE
  5
47F
330
17
100
AcDbEntity
  8
IMPULSE_LINE
370
18
100
AcDbLine
 10
737.0
 20
494.0
 30
0.0
 11
722.0
 21
505.0
 31
0.0
  0
LWPOLYLINE
  5
480
330
17
100
AcDbEntity
  8
VALVES
100
AcDbPolyline
 90
4
 70
0
 10
688.5
 20
508.3
 10
693.0
 20
502.5
 10
697.5
 20
508.3
 10
688.5
 20
508.3
  0
LWPOLYLINE
  5
481
330
17
100
AcDbEntity
  8
VALVES
100
AcDbPolyline
 90
4
 70
0
 10
688.5
 20
496.7
 10
693.0
 20
502.5
 10
697.5
 20
496.7
 10
688.5
 20
496.7
  0
LWPOLYLINE
  5
482
330
17
100
AcDbEntity
  8
VALVES
100
AcDbPolyline
 90
4
 70
0
 10
732.5
 20
508.3
 10
737.0
 20
502.5
 10
741.5
 20
508.3
 10
732.5
 20
508.3
  0
LWPOLYLINE
  5
483
330
17
100
AcDbEntity
  8
VALVES
100
AcDbPolyline
 90
4
 70
0
 10
732.5
 20
496.7
 10
737.0
 20
502.5
 10
741.5
 20
496.7
 10
732.5
 20
496.7
  0
INSERT
  5
484
330
17
100
AcDbEntity
  8
SYMBOLS
100
AcDbBlockReference
  2
YAML_PID_FIELD_INSTRUMENT
 10
665.6
 20
327.0
 30
0.0
 41
0.65
 42
0.65
  0
TEXT
  5
486
330
17
100
AcDbEntity
  8
TEXT
100
AcDbText
 10
657.6
 20
317.0
 30
0.0
 40
2.0
  1
TW-503
 11
657.6
 21
317.0
 31
0.0
100
AcDbText
  0
LINE
  5
48A
330
17
100
AcDbEntity
  8
SIGNAL_ELECTRIC
370
18
100
AcDbLine
 10
613.0
 20
480.0
 30
0.0
 11
617.0
 21
480.0
 31
0.0
  0
LINE
  5
48B
330
17
100
AcDbEntity
  8
SIGNAL_ELECTRIC
370
18
100
AcDbLine
 10
613.0
 20
392.0
 30
0.0
 11
617.0
 21
392.0
 31
0.0
  0
LINE
  5
491
330
17
100
AcDbEntity
  8
SIGNAL_ELECTRIC
370
18
100
AcDbLine
 10
872.0
 20
673.0
 30
0.0
 11
872.0
 21
675.0
 31
0.0
  0
LINE
  5
492
330
17
100
AcDbEntity
  8
SIGNAL_ELECTRIC
370
18
100
AcDbLine
 10
872.0
 20
675.0
 30
0.0
 11
868.0
 21
675.0
 31
0.0
  0
LINE
  5
493
330
17
100
AcDbEntity
  8
SIGNAL_ELECTRIC
370
18
100
AcDbLine
 10
866.0
 20
675.0
 30
0.0
 11
863.0
 21
675.0
 31
0.0
  0
LINE
  5
494
330
17
100
AcDbEntity
  8
SIGNAL_ELECTRIC
370
18
100
AcDbLine
 10
769.0
 20
355.0
 30
0.0
 11
773.0
 21
355.0
 31
0.0
  0
LINE
  5
4BC
330
17
100
AcDbEntity
  8
SIGNAL_PNEUMATIC
370
18
100
AcDbLine
 10
559.0
 20
690.0
 30
0.0
 11
559.0
 21
712.0
 31
0.0
  0
LINE
  5
4BD
330
17
100
AcDbEntity
  8
SIGNAL_PNEUMATIC
370
18
100
AcDbLine
 10
555.2
 20
698.0
 30
0.0
 11
559.2
 21
704.0
 31
0.0
  0
LINE
  5
4BE
330
17
100
AcDbEntity
  8
SIGNAL_PNEUMATIC
370
18
100
AcDbLine
 10
558.8
 20
698.0
 30
0.0
 11
562.8
 21
704.0
 31
0.0
  0
LINE
  5
4BF
330
17
100
AcDbEntity
  8
SIGNAL_PNEUMATIC
370
18
100
AcDbLine
 10
582.16
 20
712.0
 30
0.0
 11
582.16
 21
665.0
 31
0.0
  0
LINE
  5
4C0
330
17
100
AcDbEntity
  8
SIGNAL_PNEUMATIC
370
18
100
AcDbLine
 10
578.36
 20
691.0
 30
0.0
 11
582.36
 21
697.0
 31
0.0
  0
LINE
  5
4C1
330
17
100
AcDbEntity
  8
SIGNAL_PNEUMATIC
370
18
100
AcDbLine
 10
581.9599999999999
 20
691.0
 30
0.0
 11
585.9599999999999
 21
697.0
 31
0.0
  0
LINE
  5
4C2
330
17
100
AcDbEntity
  8
SIGNAL_ELECTRIC
370
18
100
AcDbLine
 10
379.0
 20
435.0
 30
0.0
 11
379.0
 21
439.0
 31
0.0
  0
LINE
  5
4C3
330
17
100
AcDbEntity
  8
SIGNAL_ELECTRIC
370
18
100
AcDbLine
 10
379.0
 20
441.0
 30
0.0
 11
379.0
 21
445.0
 31
0.0
  0
LINE
  5
4C4
330
17
100
AcDbEntity
  8
SIGNAL_ELECTRIC
370
18
100
AcDbLine
 10
379.0
 20
447.0
 30
0.0
 11
379.0
 21
451.0
 31
0.0
  0
LINE
  5
4C5
330
17
100
AcDbEntity
  8
SIGNAL_ELECTRIC
370
18
100
AcDbLine
 10
379.0
 20
453.0
 30
0.0
 11
379.0
 21
455.0
 31
0.0
  0
LINE
  5
4C6
330
17
100
AcDbEntity
  8
SIGNAL_ELECTRIC
370
18
100
AcDbLine
 10
401.0
 20
455.0
 30
0.0
 11
401.0
 21
451.0
 31
0.0
  0
LINE
  5
4C7
330
17
100
AcDbEntity
  8
SIGNAL_ELECTRIC
370
18
100
AcDbLine
 10
401.0
 20
449.0
 30
0.0
 11
401.0
 21
445.0
 31
0.0
  0
LINE
  5
4C8
330
17
100
AcDbEntity
  8
SIGNAL_ELECTRIC
370
18
100
AcDbLine
 10
401.0
 20
443.0
 30
0.0
 11
401.0
 21
439.0
 31
0.0
  0
LINE
  5
4C9
330
17
100
AcDbEntity
  8
SIGNAL_ELECTRIC
370
18
100
AcDbLine
 10
401.0
 20
437.0
 30
0.0
 11
401.0
 21
435.0
 31
0.0
  0
LINE
  5
4E3
330
17
100
AcDbEntity
  8
SIGNAL_ELECTRIC
370
18
100
AcDbLine
 10
613.0
 20
430.0
 30
0.0
 11
617.0
 21
430.0
 31
0.0
  0
LINE
  5
4E4
330
17
100
AcDbEntity
  8
SIGNAL_ELECTRIC
370
18
100
AcDbLine
 10
619.0
 20
430.0
 30
0.0
 11
623.0
 21
430.0
 31
0.0
  0
LINE
  5
4E5
330
17
100
AcDbEntity
  8
SIGNAL_ELECTRIC
370
18
100
AcDbLine
 10
625.0
 20
430.0
 30
0.0
 11
629.0
 21
430.0
 31
0.0
  0
LINE
  5
4E6
330
17
100
AcDbEntity
  8
SIGNAL_ELECTRIC
370
18
100
AcDbLine
 10
631.0
 20
430.0
 30
0.0
 11
635.0
 21
430.0
 31
0.0
  0
LINE
  5
4E7
330
17
100
AcDbEntity
  8
SIGNAL_ELECTRIC
370
18
100
AcDbLine
 10
637.0
 20
430.0
 30
0.0
 11
641.0
 21
430.0
 31
0.0
  0
LINE
  5
4E8
330
17
100
AcDbEntity
  8
SIGNAL_ELECTRIC
370
18
100
AcDbLine
 10
643.0
 20
430.0
 30
0.0
 11
647.0
 21
430.0
 31
0.0
  0
LINE
  5
4E9
330
17
100
AcDbEntity
  8
SIGNAL_ELECTRIC
370
18
100
AcDbLine
 10
649.0
 20
430.0
 30
0.0
 11
653.0
 21
430.0
 31
0.0
  0
LINE
  5
4EA
330
17
100
AcDbEntity
  8
SIGNAL_ELECTRIC
370
18
100
AcDbLine
 10
655.0
 20
430.0
 30
0.0
 11
659.0
 21
430.0
 31
0.0
  0
LINE
  5
4EB
330
17
100
AcDbEntity
  8
SIGNAL_ELECTRIC
370
18
100
AcDbLine
 10
661.0
 20
430.0
 30
0.0
 11
665.0
 21
430.0
 31
0.0
  0
LINE
  5
4EC
330
17
100
AcDbEntity
  8
SIGNAL_ELECTRIC
370
18
100
AcDbLine
 10
667.0
 20
430.0
 30
0.0
 11
671.0
 21
430.0
 31
0.0
  0
LINE
  5
4ED
330
17
100
AcDbEntity
  8
SIGNAL_ELECTRIC
370
18
100
AcDbLine
 10
673.0
 20
430.0
 30
0.0
 11
677.0
 21
430.0
 31
0.0
  0
LINE
  5
4EE
330
17
100
AcDbEntity
  8
SIGNAL_ELECTRIC
370
18
100
AcDbLine
 10
679.0
 20
430.0
 30
0.0
 11
683.0
 21
430.0
 31
0.0
  0
LINE
  5
4EF
330
17
100
AcDbEntity
  8
SIGNAL_ELECTRIC
370
18
100
AcDbLine
 10
685.0
 20
430.0
 30
0.0
 11
689.0
 21
430.0
 31
0.0
  0
LINE
  5
4F0
330
17
100
AcDbEntity
  8
SIGNAL_ELECTRIC
370
18
100
AcDbLine
 10
691.0
 20
430.0
 30
0.0
 11
695.0
 21
430.0
 31
0.0
  0
LINE
  5
4F1
330
17
100
AcDbEntity
  8
SIGNAL_ELECTRIC
370
18
100
AcDbLine
 10
697.0
 20
430.0
 30
0.0
 11
701.0
 21
430.0
 31
0.0
  0
LINE
  5
4F2
330
17
100
AcDbEntity
  8
SIGNAL_ELECTRIC
370
18
100
AcDbLine
 10
703.0
 20
430.0
 30
0.0
 11
707.0
 21
430.0
 31
0.0
  0
LINE
  5
4F3
330
17
100
AcDbEntity
  8
SIGNAL_ELECTRIC
370
18
100
AcDbLine
 10
709.0
 20
430.0
 30
0.0
 11
713.0
 21
430.0
 31
0.0
  0
LINE
  5
4F4
330
17
100
AcDbEntity
  8
SIGNAL_ELECTRIC
370
18
100
AcDbLine
 10
715.0
 20
430.0
 30
0.0
 11
719.0
 21
430.0
 31
0.0
  0
LINE
  5
4F5
330
17
100
AcDbEntity
  8
SIGNAL_ELECTRIC
370
18
100
AcDbLine
 10
721.0
 20
430.0
 30
0.0
 11
725.0
 21
430.0
 31
0.0
  0
LINE
  5
4F6
330
17
100
AcDbEntity
  8
SIGNAL_ELECTRIC
370
18
100
AcDbLine
 10
727.0
 20
430.0
 30
0.0
 11
731.0
 21
430.0
 31
0.0
  0
LINE
  5
4F7
330
17
100
AcDbEntity
  8
SIGNAL_ELECTRIC
370
18
100
AcDbLine
 10
733.0
 20
430.0
 30
0.0
 11
737.0
 21
430.0
 31
0.0
  0
LINE
  5
4F8
330
17
100
AcDbEntity
  8
SIGNAL_ELECTRIC
370
18
100
AcDbLine
 10
739.0
 20
430.0
 30
0.0
 11
743.0
 21
430.0
 31
0.0
  0
LINE
  5
4F9
330
17
100
AcDbEntity
  8
SIGNAL_ELECTRIC
370
18
100
AcDbLine
 10
745.0
 20
430.0
 30
0.0
 11
741.0
 21
430.0
 31
0.0
  0
LINE
  5
4FA
330
17
100
AcDbEntity
  8
SIGNAL_ELECTRIC
370
18
100
AcDbLine
 10
739.0
 20
430.0
 30
0.0
 11
735.0
 21
430.0
 31
0.0
  0
LINE
  5
4FB
330
17
100
AcDbEntity
  8
SIGNAL_ELECTRIC
370
18
100
AcDbLine
 10
733.0
 20
430.0
 30
0.0
 11
729.0
 21
430.0
 31
0.0
  0
LINE
  5
4FC
330
17
100
AcDbEntity
  8
SIGNAL_ELECTRIC
370
18
100
AcDbLine
 10
727.0
 20
430.0
 30
0.0
 11
723.0
 21
430.0
 31
0.0
  0
LINE
  5
4FD
330
17
100
AcDbEntity
  8
SIGNAL_ELECTRIC
370
18
100
AcDbLine
 10
721.0
 20
430.0
 30
0.0
 11
717.0
 21
430.0
 31
0.0
  0
LINE
  5
4FE
330
17
100
AcDbEntity
  8
SIGNAL_ELECTRIC
370
18
100
AcDbLine
 10
715.0
 20
430.0
 30
0.0
 11
711.0
 21
430.0
 31
0.0
  0
LINE
  5
4FF
330
17
100
AcDbEntity
  8
SIGNAL_ELECTRIC
370
18
100
AcDbLine
 10
709.0
 20
430.0
 30
0.0
 11
705.0
 21
430.0
 31
0.0
  0
LINE
  5
500
330
17
100
AcDbEntity
  8
SIGNAL_ELECTRIC
370
18
100
AcDbLine
 10
703.0
 20
430.0
 30
0.0
 11
699.0
 21
430.0
 31
0.0
  0
LINE
  5
501
330
17
100
AcDbEntity
  8
SIGNAL_ELECTRIC
370
18
100
AcDbLine
 10
697.0
 20
430.0
 30
0.0
 11
693.0
 21
430.0
 31
0.0
  0
LINE
  5
502
330
17
100
AcDbEntity
  8
SIGNAL_ELECTRIC
370
18
100
AcDbLine
 10
691.0
 20
430.0
 30
0.0
 11
687.0
 21
430.0
 31
0.0
  0
LINE
  5
503
330
17
100
AcDbEntity
  8
SIGNAL_ELECTRIC
370
18
100
AcDbLine
 10
685.0
 20
430.0
 30
0.0
 11
681.0
 21
430.0
 31
0.0
  0
LINE
  5
504
330
17
100
AcDbEntity
  8
SIGNAL_ELECTRIC
370
18
100
AcDbLine
 10
679.0
 20
430.0
 30
0.0
 11
675.0
 21
430.0
 31
0.0
  0
LINE
  5
505
330
17
100
AcDbEntity
  8
SIGNAL_ELECTRIC
370
18
100
AcDbLine
 10
673.0
 20
430.0
 30
0.0
 11
669.0
 21
430.0
 31
0.0
  0
LINE
  5
506
330
17
100
AcDbEntity
  8
SIGNAL_ELECTRIC
370
18
100
AcDbLine
 10
667.0
 20
430.0
 30
0.0
 11
663.0
 21
430.0
 31
0.0
  0
LINE
  5
507
330
17
100
AcDbEntity
  8
SIGNAL_ELECTRIC
370
18
100
AcDbLine
 10
661.0
 20
430.0
 30
0.0
 11
657.0
 21
430.0
 31
0.0
  0
LINE
  5
508
330
17
100
AcDbEntity
  8
SIGNAL_ELECTRIC
370
18
100
AcDbLine
 10
655.0
 20
430.0
 30
0.0
 11
651.0
 21
430.0
 31
0.0
  0
LINE
  5
509
330
17
100
AcDbEntity
  8
SIGNAL_ELECTRIC
370
18
100
AcDbLine
 10
649.0
 20
430.0
 30
0.0
 11
645.0
 21
430.0
 31
0.0
  0
LINE
  5
50A
330
17
100
AcDbEntity
  8
SIGNAL_ELECTRIC
370
18
100
AcDbLine
 10
643.0
 20
430.0
 30
0.0
 11
639.0
 21
430.0
 31
0.0
  0
LINE
  5
50B
330
17
100
AcDbEntity
  8
SIGNAL_ELECTRIC
370
18
100
AcDbLine
 10
637.0
 20
430.0
 30
0.0
 11
633.0
 21
430.0
 31
0.0
  0
LINE
  5
50C
330
17
100
AcDbEntity
  8
SIGNAL_ELECTRIC
370
18
100
AcDbLine
 10
631.0
 20
430.0
 30
0.0
 11
627.0
 21
430.0
 31
0.0
  0
LINE
  5
50D
330
17
100
AcDbEntity
  8
SIGNAL_ELECTRIC
370
18
100
AcDbLine
 10
625.0
 20
430.0
 30
0.0
 11
621.0
 21
430.0
 31
0.0
  0
LINE
  5
50E
330
17
100
AcDbEntity
  8
SIGNAL_ELECTRIC
370
18
100
AcDbLine
 10
619.0
 20
430.0
 30
0.0
 11
615.0
 21
430.0
 31
0.0
  0
LINE
  5
50F
330
17
100
AcDbEntity
  8
SIGNAL_PNEUMATIC
370
18
100
AcDbLine
 10
637.0
 20
430.0
 30
0.0
 11
737.0
 21
430.0
 31
0.0
  0
LINE
  5
510
330
17
100
AcDbEntity
  8
SIGNAL_PNEUMATIC
370
18
100
AcDbLine
 10
651.2
 20
427.0
 30
0.0
 11
655.2
 21
433.0
 31
0.0
  0
LINE
  5
511
330
17
100
AcDbEntity
  8
SIGNAL_PNEUMATIC
370
18
100
AcDbLine
 10
654.8
 20
427.0
 30
0.0
 11
658.8
 21
433.0
 31
0.0
  0
LINE
  5
512
330
17
100
AcDbEntity
  8
SIGNAL_PNEUMATIC
370
18
100
AcDbLine
 10
679.2
 20
427.0
 30
0.0
 11
683.2
 21
433.0
 31
0.0
  0
LINE
  5
513
330
17
100
AcDbEntity
  8
SIGNAL_PNEUMATIC
370
18
100
AcDbLine
 10
682.8
 20
427.0
 30
0.0
 11
686.8
 21
433.0
 31
0.0
  0
LINE
  5
514
330
17
100
AcDbEntity
  8
SIGNAL_PNEUMATIC
370
18
100
AcDbLine
 10
707.2
 20
427.0
 30
0.0
 11
711.2
 21
433.0
 31
0.0
  0
LINE
  5
515
330
17
100
AcDbEntity
  8
SIGNAL_PNEUMATIC
370
18
100
AcDbLine
 10
710.8
 20
427.0
 30
0.0
 11
714.8
 21
433.0
 31
0.0
  0
LINE
  5
516
330
17
100
AcDbEntity
  8
SIGNAL_PNEUMATIC
370
18
100
AcDbLine
 10
737.0
 20
385.0
 30
0.0
 11
983.3333333333334
 21
385.0
 31
0.0
  0
LINE
  5
517
330
17
100
AcDbEntity
  8
SIGNAL_PNEUMATIC
370
18
100
AcDbLine
 10
751.2
 20
382.0
 30
0.0
 11
755.2
 21
388.0
 31
0.0
  0
LINE
  5
518
330
17
100
AcDbEntity
  8
SIGNAL_PNEUMATIC
370
18
100
AcDbLine
 10
754.8
 20
382.0
 30
0.0
 11
758.8
 21
388.0
 31
0.0
  0
LINE
  5
519
330
17
100
AcDbEntity
  8
SIGNAL_PNEUMATIC
370
18
100
AcDbLine
 10
779.2
 20
382.0
 30
0.0
 11
783.2
 21
388.0
 31
0.0
  0
LINE
  5
51A
330
17
100
AcDbEntity
  8
SIGNAL_PNEUMATIC
370
18
100
AcDbLine
 10
782.8
 20
382.0
 30
0.0
 11
786.8
 21
388.0
 31
0.0
  0
LINE
  5
51B
330
17
100
AcDbEntity
  8
SIGNAL_PNEUMATIC
370
18
100
AcDbLine
 10
807.2
 20
382.0
 30
0.0
 11
811.2
 21
388.0
 31
0.0
  0
LINE
  5
51C
330
17
100
AcDbEntity
  8
SIGNAL_PNEUMATIC
370
18
100
AcDbLine
 10
810.8
 20
382.0
 30
0.0
 11
814.8
 21
388.0
 31
0.0
  0
LINE
  5
51D
330
17
100
AcDbEntity
  8
SIGNAL_PNEUMATIC
370
18
100
AcDbLine
 10
835.2
 20
382.0
 30
0.0
 11
839.2
 21
388.0
 31
0.0
  0
LINE
  5
51E
330
17
100
AcDbEntity
  8
SIGNAL_PNEUMATIC
370
18
100
AcDbLine
 10
838.8
 20
382.0
 30
0.0
 11
842.8
 21
388.0
 31
0.0
  0
LINE
  5
51F
330
17
100
AcDbEntity
  8
SIGNAL_PNEUMATIC
370
18
100
AcDbLine
 10
863.2
 20
382.0
 30
0.0
 11
867.2
 21
388.0
 31
0.0
  0
LINE
  5
520
330
17
100
AcDbEntity
  8
SIGNAL_PNEUMATIC
370
18
100
AcDbLine
 10
866.8
 20
382.0
 30
0.0
 11
870.8
 21
388.0
 31
0.0
  0
LINE
  5
521
330
17
100
AcDbEntity
  8
SIGNAL_PNEUMATIC
370
18
100
AcDbLine
 10
891.2
 20
382.0
 30
0.0
 11
895.2
 21
388.0
 31
0.0
  0
LINE
  5
522
330
17
100
AcDbEntity
  8
SIGNAL_PNEUMATIC
370
18
100
AcDbLine
 10
894.8
 20
382.0
 30
0.0
 11
898.8
 21
388.0
 31
0.0
  0
LINE
  5
523
330
17
100
AcDbEntity
  8
SIGNAL_PNEUMATIC
370
18
100
AcDbLine
 10
919.2
 20
382.0
 30
0.0
 11
923.2
 21
388.0
 31
0.0
  0
LINE
  5
524
330
17
100
AcDbEntity
  8
SIGNAL_PNEUMATIC
370
18
100
AcDbLine
 10
922.8
 20
382.0
 30
0.0
 11
926.8
 21
388.0
 31
0.0
  0
LINE
  5
525
330
17
100
AcDbEntity
  8
SIGNAL_PNEUMATIC
370
18
100
AcDbLine
 10
947.2
 20
382.0
 30
0.0
 11
951.2
 21
388.0
 31
0.0
  0
LINE
  5
526
330
17
100
AcDbEntity
  8
SIGNAL_PNEUMATIC
370
18
100
AcDbLine
 10
950.8
 20
382.0
 30
0.0
 11
954.8
 21
388.0
 31
0.0
  0
LINE
  5
527
330
17
100
AcDbEntity
  8
SIGNAL_PNEUMATIC
370
18
100
AcDbLine
 10
975.2
 20
382.0
 30
0.0
 11
979.2
 21
388.0
 31
0.0
  0
LINE
  5
528
330
17
100
AcDbEntity
  8
SIGNAL_PNEUMATIC
370
18
100
AcDbLine
 10
978.8
 20
382.0
 30
0.0
 11
982.8
 21
388.0
 31
0.0
  0
LINE
  5
533
330
17
100
AcDbEntity
  8
SIGNAL_ELECTRIC
370
18
100
AcDbLine
 10
414.0
 20
325.0
 30
0.0
 11
410.0
 21
325.0
 31
0.0
  0
LINE
  5
534
330
17
100
AcDbEntity
  8
SIGNAL_ELECTRIC
370
18
100
AcDbLine
 10
408.0
 20
325.0
 30
0.0
 11
404.0
 21
325.0
 31
0.0
  0
LINE
  5
535
330
17
100
AcDbEntity
  8
SIGNAL_ELECTRIC
370
18
100
AcDbLine
 10
402.0
 20
325.0
 30
0.0
 11
398.0
 21
325.0
 31
0.0
  0
LINE
  5
536
330
17
100
AcDbEntity
  8
SIGNAL_ELECTRIC
370
18
100
AcDbLine
 10
396.0
 20
325.0
 30
0.0
 11
392.0
 21
325.0
 31
0.0
  0
LINE
  5
537
330
17
100
AcDbEntity
  8
SIGNAL_ELECTRIC
370
18
100
AcDbLine
 10
390.0
 20
303.0
 30
0.0
 11
394.0
 21
303.0
 31
0.0
  0
LINE
  5
538
330
17
100
AcDbEntity
  8
SIGNAL_ELECTRIC
370
18
100
AcDbLine
 10
396.0
 20
303.0
 30
0.0
 11
400.0
 21
303.0
 31
0.0
  0
LINE
  5
539
330
17
100
AcDbEntity
  8
SIGNAL_ELECTRIC
370
18
100
AcDbLine
 10
402.0
 20
303.0
 30
0.0
 11
406.0
 21
303.0
 31
0.0
  0
LINE
  5
53A
330
17
100
AcDbEntity
  8
SIGNAL_ELECTRIC
370
18
100
AcDbLine
 10
408.0
 20
303.0
 30
0.0
 11
412.0
 21
303.0
 31
0.0
  0
LINE
  5
53B
330
17
100
AcDbEntity
  8
SIGNAL_ELECTRIC
370
18
100
AcDbLine
 10
414.0
 20
303.0
 30
0.0
 11
418.0
 21
303.0
 31
0.0
  0
LINE
  5
58B
330
17
100
AcDbEntity
  8
SIGNAL_ELECTRIC
370
18
100
AcDbLine
 10
746.0
 20
610.0
 30
0.0
 11
742.0
 21
610.0
 31
0.0
  0
LINE
  5
58C
330
17
100
AcDbEntity
  8
SIGNAL_ELECTRIC
370
18
100
AcDbLine
 10
740.0
 20
610.0
 30
0.0
 11
736.0
 21
610.0
 31
0.0
  0
LINE
  5
58D
330
17
100
AcDbEntity
  8
SIGNAL_ELECTRIC
370
18
100
AcDbLine
 10
734.0
 20
610.0
 30
0.0
 11
730.0
 21
610.0
 31
0.0
  0
LINE
  5
59D
330
17
100
AcDbEntity
  8
SIGNAL_PNEUMATIC
370
18
100
AcDbLine
 10
942.0
 20
625.0
 30
0.0
 11
931.8
 21
625.0
 31
0.0
  0
LINE
  5
59E
330
17
100
AcDbEntity
  8
SIGNAL_ELECTRIC
370
18
100
AcDbLine
 10
724.0
 20
505.0
 30
0.0
 11
724.0
 21
509.0
 31
0.0
  0
LINE
  5
59F
330
17
100
AcDbEntity
  8
SIGNAL_ELECTRIC
370
18
100
AcDbLine
 10
724.0
 20
511.0
 30
0.0
 11
724.0
 21
515.0
 31
0.0
  0
LINE
  5
5A0
330
17
100
AcDbEntity
  8
SIGNAL_ELECTRIC
370
18
100
AcDbLine
 10
724.0
 20
517.0
 30
0.0
 11
724.0
 21
521.0
 31
0.0
  0
LINE
  5
5A1
330
17
100
AcDbEntity
  8
SIGNAL_ELECTRIC
370
18
100
AcDbLine
 10
724.0
 20
523.0
 30
0.0
 11
724.0
 21
527.0
 31
0.0
  0
LINE
  5
5A2
330
17
100
AcDbEntity
  8
SIGNAL_ELECTRIC
370
18
100
AcDbLine
 10
724.0
 20
529.0
 30
0.0
 11
724.0
 21
533.0
 31
0.0
  0
LINE
  5
5A3
330
17
100
AcDbEntity
  8
SIGNAL_ELECTRIC
370
18
100
AcDbLine
 10
724.0
 20
535.0
 30
0.0
 11
724.0
 21
539.0
 31
0.0
  0
LINE
  5
5A4
330
17
100
AcDbEntity
  8
SIGNAL_ELECTRIC
370
18
100
AcDbLine
 10
724.0
 20
541.0
 30
0.0
 11
724.0
 21
545.0
 31
0.0
  0
LINE
  5
5A5
330
17
100
AcDbEntity
  8
SIGNAL_ELECTRIC
370
18
100
AcDbLine
 10
724.0
 20
547.0
 30
0.0
 11
724.0
 21
551.0
 31
0.0
  0
LINE
  5
5A6
330
17
100
AcDbEntity
  8
SIGNAL_ELECTRIC
370
18
100
AcDbLine
 10
724.0
 20
553.0
 30
0.0
 11
724.0
 21
557.0
 31
0.0
  0
LINE
  5
5A7
330
17
100
AcDbEntity
  8
SIGNAL_ELECTRIC
370
18
100
AcDbLine
 10
724.0
 20
559.0
 30
0.0
 11
724.0
 21
563.0
 31
0.0
  0
LINE
  5
5A8
330
17
100
AcDbEntity
  8
SIGNAL_ELECTRIC
370
18
100
AcDbLine
 10
724.0
 20
565.0
 30
0.0
 11
724.0
 21
569.0
 31
0.0
  0
LINE
  5
5A9
330
17
100
AcDbEntity
  8
SIGNAL_ELECTRIC
370
18
100
AcDbLine
 10
724.0
 20
571.0
 30
0.0
 11
724.0
 21
575.0
 31
0.0
  0
LINE
  5
5AA
330
17
100
AcDbEntity
  8
SIGNAL_ELECTRIC
370
18
100
AcDbLine
 10
724.0
 20
577.0
 30
0.0
 11
724.0
 21
581.0
 31
0.0
  0
LINE
  5
5AB
330
17
100
AcDbEntity
  8
SIGNAL_ELECTRIC
370
18
100
AcDbLine
 10
724.0
 20
583.0
 30
0.0
 11
724.0
 21
585.0
 31
0.0
  0
LINE
  5
5AC
330
17
100
AcDbEntity
  8
SIGNAL_ELECTRIC
370
18
100
AcDbLine
 10
722.0
 20
585.0
 30
0.0
 11
722.0
 21
581.0
 31
0.0
  0
LINE
  5
5AD
330
17
100
AcDbEntity
  8
SIGNAL_ELECTRIC
370
18
100
AcDbLine
 10
722.0
 20
579.0
 30
0.0
 11
722.0
 21
575.0
 31
0.0
  0
LINE
  5
5AE
330
17
100
AcDbEntity
  8
SIGNAL_ELECTRIC
370
18
100
AcDbLine
 10
722.0
 20
573.0
 30
0.0
 11
722.0
 21
569.0
 31
0.0
  0
LINE
  5
5AF
330
17
100
AcDbEntity
  8
SIGNAL_ELECTRIC
370
18
100
AcDbLine
 10
722.0
 20
567.0
 30
0.0
 11
722.0
 21
563.0
 31
0.0
  0
LINE
  5
5B0
330
17
100
AcDbEntity
  8
SIGNAL_ELECTRIC
370
18
100
AcDbLine
 10
722.0
 20
561.0
 30
0.0
 11
722.0
 21
557.0
 31
0.0
  0
LINE
  5
5B1
330
17
100
AcDbEntity
  8
SIGNAL_ELECTRIC
370
18
100
AcDbLine
 10
722.0
 20
555.0
 30
0.0
 11
722.0
 21
551.0
 31
0.0
  0
LINE
  5
5B2
330
17
100
AcDbEntity
  8
SIGNAL_ELECTRIC
370
18
100
AcDbLine
 10
722.0
 20
549.0
 30
0.0
 11
722.0
 21
545.0
 31
0.0
  0
LINE
  5
5B3
330
17
100
AcDbEntity
  8
SIGNAL_ELECTRIC
370
18
100
AcDbLine
 10
722.0
 20
543.0
 30
0.0
 11
722.0
 21
539.0
 31
0.0
  0
LINE
  5
5B4
330
17
100
AcDbEntity
  8
SIGNAL_ELECTRIC
370
18
100
AcDbLine
 10
722.0
 20
537.0
 30
0.0
 11
722.0
 21
533.0
 31
0.0
  0
LINE
  5
5B5
330
17
100
AcDbEntity
  8
SIGNAL_ELECTRIC
370
18
100
AcDbLine
 10
722.0
 20
531.0
 30
0.0
 11
722.0
 21
527.0
 31
0.0
  0
LINE
  5
5B6
330
17
100
AcDbEntity
  8
SIGNAL_ELECTRIC
370
18
100
AcDbLine
 10
722.0
 20
525.0
 30
0.0
 11
722.0
 21
521.0
 31
0.0
  0
LINE
  5
5B7
330
17
100
AcDbEntity
  8
SIGNAL_ELECTRIC
370
18
100
AcDbLine
 10
722.0
 20
519.0
 30
0.0
 11
722.0
 21
515.0
 31
0.0
  0
LINE
  5
5B8
330
17
100
AcDbEntity
  8
SIGNAL_ELECTRIC
370
18
100
AcDbLine
 10
722.0
 20
513.0
 30
0.0
 11
722.0
 21
509.0
 31
0.0
  0
LINE
  5
5B9
330
17
100
AcDbEntity
  8
SIGNAL_ELECTRIC
370
18
100
AcDbLine
 10
722.0
 20
507.0
 30
0.0
 11
722.0
 21
505.0
 31
0.0
  0
LINE
  5
5BA
330
17
100
AcDbEntity
  8
SIGNAL_PNEUMATIC
370
18
100
AcDbLine
 10
748.0
 20
505.0
 30
0.0
 11
748.0
 21
577.0
 31
0.0
  0
LINE
  5
5BB
330
17
100
AcDbEntity
  8
SIGNAL_PNEUMATIC
370
18
100
AcDbLine
 10
744.2
 20
520.0
 30
0.0
 11
748.2
 21
526.0
 31
0.0
  0
LINE
  5
5BC
330
17
100
AcDbEntity
  8
SIGNAL_PNEUMATIC
370
18
100
AcDbLine
 10
747.8
 20
520.0
 30
0.0
 11
751.8
 21
526.0
 31
0.0
  0
LINE
  5
5BD
330
17
100
AcDbEntity
  8
SIGNAL_PNEUMATIC
370
18
100
AcDbLine
 10
744.2
 20
548.0
 30
0.0
 11
748.2
 21
554.0
 31
0.0
  0
LINE
  5
5BE
330
17
100
AcDbEntity
  8
SIGNAL_PNEUMATIC
370
18
100
AcDbLine
 10
747.8
 20
548.0
 30
0.0
 11
751.8
 21
554.0
 31
0.0
  0
LINE
  5
5BF
330
17
100
AcDbEntity
  8
SIGNAL_PNEUMATIC
370
18
100
AcDbLine
 10
795.0
 20
577.0
 30
0.0
 11
795.0
 21
540.0
 31
0.0
  0
LINE
  5
5C0
330
17
100
AcDbEntity
  8
SIGNAL_PNEUMATIC
370
18
100
AcDbLine
 10
791.2
 20
556.0
 30
0.0
 11
795.2
 21
562.0
 31
0.0
  0
LINE
  5
5C1
330
17
100
AcDbEntity
  8
SIGNAL_PNEUMATIC
370
18
100
AcDbLine
 10
794.8
 20
556.0
 30
0.0
 11
798.8
 21
562.0
 31
0.0
  0
LINE
  5
5C2
330
17
100
AcDbEntity
  8
SIGNAL_ELECTRIC
370
18
100
AcDbLine
 10
1020.0
 20
700.0
 30
0.0
 11
1016.0
 21
700.0
 31
0.0
  0
LINE
  5
5C3
330
17
100
AcDbEntity
  8
SIGNAL_ELECTRIC
370
18
100
AcDbLine
 10
1014.0
 20
700.0
 30
0.0
 11
1010.0
 21
700.0
 31
0.0
  0
LINE
  5
5C4
330
17
100
AcDbEntity
  8
SIGNAL_ELECTRIC
370
18
100
AcDbLine
 10
1008.0
 20
700.0
 30
0.0
 11
1004.0
 21
700.0
 31
0.0
  0
LINE
  5
5C5
330
17
100
AcDbEntity
  8
SIGNAL_ELECTRIC
370
18
100
AcDbLine
 10
1002.0
 20
700.0
 30
0.0
 11
998.0
 21
700.0
 31
0.0
  0
LINE
  5
5C6
330
17
100
AcDbEntity
  8
SIGNAL_ELECTRIC
370
18
100
AcDbLine
 10
996.0
 20
700.0
 30
0.0
 11
992.0
 21
700.0
 31
0.0
  0
LINE
  5
5C7
330
17
100
AcDbEntity
  8
SIGNAL_ELECTRIC
370
18
100
AcDbLine
 10
990.0
 20
700.0
 30
0.0
 11
986.0
 21
700.0
 31
0.0
  0
LINE
  5
5C8
330
17
100
AcDbEntity
  8
SIGNAL_ELECTRIC
370
18
100
AcDbLine
 10
984.0
 20
700.0
 30
0.0
 11
980.0
 21
700.0
 31
0.0
  0
LINE
  5
5C9
330
17
100
AcDbEntity
  8
SIGNAL_ELECTRIC
370
18
100
AcDbLine
 10
978.0
 20
700.0
 30
0.0
 11
974.0
 21
700.0
 31
0.0
  0
LINE
  5
5CA
330
17
100
AcDbEntity
  8
SIGNAL_ELECTRIC
370
18
100
AcDbLine
 10
972.0
 20
700.0
 30
0.0
 11
970.0
 21
700.0
 31
0.0
  0
LINE
  5
5CB
330
17
100
AcDbEntity
  8
SIGNAL_ELECTRIC
370
18
100
AcDbLine
 10
970.0
 20
675.0
 30
0.0
 11
974.0
 21
675.0
 31
0.0
  0
LINE
  5
5CC
330
17
100
AcDbEntity
  8
SIGNAL_ELECTRIC
370
18
100
AcDbLine
 10
976.0
 20
675.0
 30
0.0
 11
980.0
 21
675.0
 31
0.0
  0
LINE
  5
5CD
330
17
100
AcDbEntity
  8
SIGNAL_ELECTRIC
370
18
100
AcDbLine
 10
982.0
 20
675.0
 30
0.0
 11
986.0
 21
675.0
 31
0.0
  0
LINE
  5
5CE
330
17
100
AcDbEntity
  8
SIGNAL_ELECTRIC
370
18
100
AcDbLine
 10
988.0
 20
675.0
 30
0.0
 11
992.0
 21
675.0
 31
0.0
  0
LINE
  5
5CF
330
17
100
AcDbEntity
  8
SIGNAL_ELECTRIC
370
18
100
AcDbLine
 10
994.0
 20
675.0
 30
0.0
 11
998.0
 21
675.0
 31
0.0
  0
LINE
  5
5D0
330
17
100
AcDbEntity
  8
SIGNAL_ELECTRIC
370
18
100
AcDbLine
 10
260.0
 20
310.0
 30
0.0
 11
264.0
 21
310.0
 31
0.0
  0
LINE
  5
5D1
330
17
100
AcDbEntity
  8
SIGNAL_ELECTRIC
370
18
100
AcDbLine
 10
266.0
 20
310.0
 30
0.0
 11
270.0
 21
310.0
 31
0.0
  0
LINE
  5
5D2
330
17
100
AcDbEntity
  8
SIGNAL_ELECTRIC
370
18
100
AcDbLine
 10
272.0
 20
310.0
 30
0.0
 11
276.0
 21
310.0
 31
0.0
  0
LINE
  5
5D3
330
17
100
AcDbEntity
  8
SIGNAL_ELECTRIC
370
18
100
AcDbLine
 10
278.0
 20
310.0
 30
0.0
 11
282.0
 21
310.0
 31
0.0
  0
LINE
  5
5D4
330
17
100
AcDbEntity
  8
SIGNAL_ELECTRIC
370
18
100
AcDbLine
 10
284.0
 20
310.0
 30
0.0
 11
288.0
 21
310.0
 31
0.0
  0
LINE
  5
5D5
330
17
100
AcDbEntity
  8
SIGNAL_ELECTRIC
370
18
100
AcDbLine
 10
290.0
 20
310.0
 30
0.0
 11
294.0
 21
310.0
 31
0.0
  0
LINE
  5
5D6
330
17
100
AcDbEntity
  8
SIGNAL_ELECTRIC
370
18
100
AcDbLine
 10
296.0
 20
310.0
 30
0.0
 11
300.0
 21
310.0
 31
0.0
  0
LINE
  5
5D7
330
17
100
AcDbEntity
  8
SIGNAL_ELECTRIC
370
18
100
AcDbLine
 10
302.0
 20
310.0
 30
0.0
 11
306.0
 21
310.0
 31
0.0
  0
LINE
  5
5D8
330
17
100
AcDbEntity
  8
SIGNAL_ELECTRIC
370
18
100
AcDbLine
 10
308.0
 20
310.0
 30
0.0
 11
312.0
 21
310.0
 31
0.0
  0
LINE
  5
5D9
330
17
100
AcDbEntity
  8
SIGNAL_ELECTRIC
370
18
100
AcDbLine
 10
314.0
 20
310.0
 30
0.0
 11
318.0
 21
310.0
 31
0.0
  0
LINE
  5
5DA
330
17
100
AcDbEntity
  8
SIGNAL_ELECTRIC
370
18
100
AcDbLine
 10
320.0
 20
310.0
 30
0.0
 11
324.0
 21
310.0
 31
0.0
  0
LINE
  5
5DB
330
17
100
AcDbEntity
  8
SIGNAL_ELECTRIC
370
18
100
AcDbLine
 10
326.0
 20
310.0
 30
0.0
 11
330.0
 21
310.0
 31
0.0
  0
LINE
  5
5DC
330
17
100
AcDbEntity
  8
SIGNAL_ELECTRIC
370
18
100
AcDbLine
 10
332.0
 20
310.0
 30
0.0
 11
336.0
 21
310.0
 31
0.0
  0
LINE
  5
5DD
330
17
100
AcDbEntity
  8
SIGNAL_ELECTRIC
370
18
100
AcDbLine
 10
338.0
 20
310.0
 30
0.0
 11
342.0
 21
310.0
 31
0.0
  0
LINE
  5
5DE
330
17
100
AcDbEntity
  8
SIGNAL_ELECTRIC
370
18
100
AcDbLine
 10
344.0
 20
310.0
 30
0.0
 11
348.0
 21
310.0
 31
0.0
  0
LINE
  5
5DF
330
17
100
AcDbEntity
  8
SIGNAL_ELECTRIC
370
18
100
AcDbLine
 10
350.0
 20
310.0
 30
0.0
 11
354.0
 21
310.0
 31
0.0
  0
LINE
  5
5E0
330
17
100
AcDbEntity
  8
SIGNAL_ELECTRIC
370
18
100
AcDbLine
 10
356.0
 20
310.0
 30
0.0
 11
360.0
 21
310.0
 31
0.0
  0
LINE
  5
5E1
330
17
100
AcDbEntity
  8
SIGNAL_ELECTRIC
370
18
100
AcDbLine
 10
362.0
 20
310.0
 30
0.0
 11
366.0
 21
310.0
 31
0.0
  0
LINE
  5
5E2
330
17
100
AcDbEntity
  8
SIGNAL_ELECTRIC
370
18
100
AcDbLine
 10
368.0
 20
310.0
 30
0.0
 11
372.0
 21
310.0
 31
0.0
  0
LINE
  5
5E3
330
17
100
AcDbEntity
  8
SIGNAL_ELECTRIC
370
18
100
AcDbLine
 10
374.0
 20
310.0
 30
0.0
 11
378.0
 21
310.0
 31
0.0
  0
LINE
  5
5E4
330
17
100
AcDbEntity
  8
SIGNAL_ELECTRIC
370
18
100
AcDbLine
 10
380.0
 20
310.0
 30
0.0
 11
384.0
 21
310.0
 31
0.0
  0
LINE
  5
5E5
330
17
100
AcDbEntity
  8
SIGNAL_ELECTRIC
370
18
100
AcDbLine
 10
386.0
 20
310.0
 30
0.0
 11
390.0
 21
310.0
 31
0.0
  0
LINE
  5
5E6
330
17
100
AcDbEntity
  8
SIGNAL_ELECTRIC
370
18
100
AcDbLine
 10
392.0
 20
310.0
 30
0.0
 11
396.0
 21
310.0
 31
0.0
  0
LINE
  5
5E7
330
17
100
AcDbEntity
  8
SIGNAL_ELECTRIC
370
18
100
AcDbLine
 10
398.0
 20
310.0
 30
0.0
 11
402.0
 21
310.0
 31
0.0
  0
LINE
  5
5E8
330
17
100
AcDbEntity
  8
SIGNAL_ELECTRIC
370
18
100
AcDbLine
 10
404.0
 20
310.0
 30
0.0
 11
408.0
 21
310.0
 31
0.0
  0
LINE
  5
5E9
330
17
100
AcDbEntity
  8
SIGNAL_ELECTRIC
370
18
100
AcDbLine
 10
410.0
 20
310.0
 30
0.0
 11
414.0
 21
310.0
 31
0.0
  0
LINE
  5
5F9
330
17
100
AcDbEntity
  8
SIGNAL_ELECTRIC
370
18
100
AcDbLine
 10
506.0
 20
310.0
 30
0.0
 11
510.0
 21
310.0
 31
0.0
  0
LINE
  5
5FA
330
17
100
AcDbEntity
  8
SIGNAL_ELECTRIC
370
18
100
AcDbLine
 10
512.0
 20
310.0
 30
0.0
 11
516.0
 21
310.0
 31
0.0
  0
LINE
  5
5FB
330
17
100
AcDbEntity
  8
SIGNAL_ELECTRIC
370
18
100
AcDbLine
 10
518.0
 20
310.0
 30
0.0
 11
522.0
 21
310.0
 31
0.0
  0
LINE
  5
5FC
330
17
100
AcDbEntity
  8
SIGNAL_ELECTRIC
370
18
100
AcDbLine
 10
524.0
 20
310.0
 30
0.0
 11
528.0
 21
310.0
 31
0.0
  0
LINE
  5
5FD
330
17
100
AcDbEntity
  8
SIGNAL_ELECTRIC
370
18
100
AcDbLine
 10
530.0
 20
310.0
 30
0.0
 11
534.0
 21
310.0
 31
0.0
  0
LINE
  5
5FE
330
17
100
AcDbEntity
  8
SIGNAL_ELECTRIC
370
18
100
AcDbLine
 10
536.0
 20
310.0
 30
0.0
 11
540.0
 21
310.0
 31
0.0
  0
LINE
  5
5FF
330
17
100
AcDbEntity
  8
SIGNAL_ELECTRIC
370
18
100
AcDbLine
 10
542.0
 20
310.0
 30
0.0
 11
546.0
 21
310.0
 31
0.0
  0
LINE
  5
600
330
17
100
AcDbEntity
  8
SIGNAL_ELECTRIC
370
18
100
AcDbLine
 10
548.0
 20
310.0
 30
0.0
 11
552.0
 21
310.0
 31
0.0
  0
LINE
  5
601
330
17
100
AcDbEntity
  8
SIGNAL_ELECTRIC
370
18
100
AcDbLine
 10
554.0
 20
310.0
 30
0.0
 11
558.0
 21
310.0
 31
0.0
  0
LINE
  5
602
330
17
100
AcDbEntity
  8
SIGNAL_ELECTRIC
370
18
100
AcDbLine
 10
560.0
 20
310.0
 30
0.0
 11
564.0
 21
310.0
 31
0.0
  0
LINE
  5
603
330
17
100
AcDbEntity
  8
SIGNAL_ELECTRIC
370
18
100
AcDbLine
 10
566.0
 20
310.0
 30
0.0
 11
570.0
 21
310.0
 31
0.0
  0
LINE
  5
604
330
17
100
AcDbEntity
  8
SIGNAL_ELECTRIC
370
18
100
AcDbLine
 10
572.0
 20
310.0
 30
0.0
 11
576.0
 21
310.0
 31
0.0
  0
LINE
  5
605
330
17
100
AcDbEntity
  8
SIGNAL_ELECTRIC
370
18
100
AcDbLine
 10
578.0
 20
310.0
 30
0.0
 11
582.0
 21
310.0
 31
0.0
  0
LINE
  5
606
330
17
100
AcDbEntity
  8
SIGNAL_ELECTRIC
370
18
100
AcDbLine
 10
584.0
 20
310.0
 30
0.0
 11
588.0
 21
310.0
 31
0.0
  0
LINE
  5
607
330
17
100
AcDbEntity
  8
SIGNAL_ELECTRIC
370
18
100
AcDbLine
 10
590.0
 20
310.0
 30
0.0
 11
594.0
 21
310.0
 31
0.0
  0
LINE
  5
608
330
17
100
AcDbEntity
  8
SIGNAL_ELECTRIC
370
18
100
AcDbLine
 10
596.0
 20
310.0
 30
0.0
 11
600.0
 21
310.0
 31
0.0
  0
LINE
  5
609
330
17
100
AcDbEntity
  8
SIGNAL_ELECTRIC
370
18
100
AcDbLine
 10
602.0
 20
310.0
 30
0.0
 11
606.0
 21
310.0
 31
0.0
  0
LINE
  5
60A
330
17
100
AcDbEntity
  8
SIGNAL_ELECTRIC
370
18
100
AcDbLine
 10
608.0
 20
310.0
 30
0.0
 11
612.0
 21
310.0
 31
0.0
  0
LINE
  5
60B
330
17
100
AcDbEntity
  8
SIGNAL_ELECTRIC
370
18
100
AcDbLine
 10
614.0
 20
310.0
 30
0.0
 11
618.0
 21
310.0
 31
0.0
  0
LINE
  5
60C
330
17
100
AcDbEntity
  8
SIGNAL_ELECTRIC
370
18
100
AcDbLine
 10
620.0
 20
310.0
 30
0.0
 11
624.0
 21
310.0
 31
0.0
  0
LINE
  5
60D
330
17
100
AcDbEntity
  8
SIGNAL_ELECTRIC
370
18
100
AcDbLine
 10
626.0
 20
310.0
 30
0.0
 11
630.0
 21
310.0
 31
0.0
  0
LINE
  5
60E
330
17
100
AcDbEntity
  8
SIGNAL_ELECTRIC
370
18
100
AcDbLine
 10
632.0
 20
310.0
 30
0.0
 11
636.0
 21
310.0
 31
0.0
  0
LINE
  5
60F
330
17
100
AcDbEntity
  8
SIGNAL_ELECTRIC
370
18
100
AcDbLine
 10
638.0
 20
310.0
 30
0.0
 11
642.0
 21
310.0
 31
0.0
  0
LINE
  5
610
330
17
100
AcDbEntity
  8
SIGNAL_ELECTRIC
370
18
100
AcDbLine
 10
644.0
 20
310.0
 30
0.0
 11
648.0
 21
310.0
 31
0.0
  0
LINE
  5
611
330
17
100
AcDbEntity
  8
SIGNAL_ELECTRIC
370
18
100
AcDbLine
 10
650.0
 20
310.0
 30
0.0
 11
654.0
 21
310.0
 31
0.0
  0
LINE
  5
612
330
17
100
AcDbEntity
  8
SIGNAL_ELECTRIC
370
18
100
AcDbLine
 10
656.0
 20
310.0
 30
0.0
 11
660.0
 21
310.0
 31
0.0
  0
LINE
  5
613
330
17
100
AcDbEntity
  8
SIGNAL_ELECTRIC
370
18
100
AcDbLine
 10
662.0
 20
310.0
 30
0.0
 11
666.0
 21
310.0
 31
0.0
  0
LINE
  5
614
330
17
100
AcDbEntity
  8
SIGNAL_ELECTRIC
370
18
100
AcDbLine
 10
668.0
 20
310.0
 30
0.0
 11
672.0
 21
310.0
 31
0.0
  0
LINE
  5
615
330
17
100
AcDbEntity
  8
SIGNAL_ELECTRIC
370
18
100
AcDbLine
 10
674.0
 20
310.0
 30
0.0
 11
678.0
 21
310.0
 31
0.0
  0
LINE
  5
616
330
17
100
AcDbEntity
  8
SIGNAL_ELECTRIC
370
18
100
AcDbLine
 10
680.0
 20
310.0
 30
0.0
 11
684.0
 21
310.0
 31
0.0
  0
LINE
  5
617
330
17
100
AcDbEntity
  8
SIGNAL_ELECTRIC
370
18
100
AcDbLine
 10
686.0
 20
310.0
 30
0.0
 11
690.0
 21
310.0
 31
0.0
  0
LINE
  5
618
330
17
100
AcDbEntity
  8
SIGNAL_ELECTRIC
370
18
100
AcDbLine
 10
692.0
 20
310.0
 30
0.0
 11
696.0
 21
310.0
 31
0.0
  0
LINE
  5
619
330
17
100
AcDbEntity
  8
SIGNAL_ELECTRIC
370
18
100
AcDbLine
 10
698.0
 20
310.0
 30
0.0
 11
702.0
 21
310.0
 31
0.0
  0
LINE
  5
61A
330
17
100
AcDbEntity
  8
SIGNAL_ELECTRIC
370
18
100
AcDbLine
 10
704.0
 20
310.0
 30
0.0
 11
708.0
 21
310.0
 31
0.0
  0
LINE
  5
61B
330
17
100
AcDbEntity
  8
SIGNAL_ELECTRIC
370
18
100
AcDbLine
 10
710.0
 20
310.0
 30
0.0
 11
714.0
 21
310.0
 31
0.0
  0
LINE
  5
61C
330
17
100
AcDbEntity
  8
SIGNAL_ELECTRIC
370
18
100
AcDbLine
 10
716.0
 20
310.0
 30
0.0
 11
720.0
 21
310.0
 31
0.0
  0
LINE
  5
61D
330
17
100
AcDbEntity
  8
SIGNAL_ELECTRIC
370
18
100
AcDbLine
 10
722.0
 20
310.0
 30
0.0
 11
726.0
 21
310.0
 31
0.0
  0
LINE
  5
61E
330
17
100
AcDbEntity
  8
SIGNAL_ELECTRIC
370
18
100
AcDbLine
 10
728.0
 20
310.0
 30
0.0
 11
732.0
 21
310.0
 31
0.0
  0
LINE
  5
61F
330
17
100
AcDbEntity
  8
SIGNAL_ELECTRIC
370
18
100
AcDbLine
 10
734.0
 20
310.0
 30
0.0
 11
738.0
 21
310.0
 31
0.0
  0
LINE
  5
620
330
17
100
AcDbEntity
  8
SIGNAL_ELECTRIC
370
18
100
AcDbLine
 10
740.0
 20
310.0
 30
0.0
 11
744.0
 21
310.0
 31
0.0
  0
LINE
  5
621
330
17
100
AcDbEntity
  8
SIGNAL_ELECTRIC
370
18
100
AcDbLine
 10
746.0
 20
310.0
 30
0.0
 11
750.0
 21
310.0
 31
0.0
  0
LINE
  5
622
330
17
100
AcDbEntity
  8
SIGNAL_ELECTRIC
370
18
100
AcDbLine
 10
752.0
 20
310.0
 30
0.0
 11
756.0
 21
310.0
 31
0.0
  0
LINE
  5
623
330
17
100
AcDbEntity
  8
SIGNAL_ELECTRIC
370
18
100
AcDbLine
 10
758.0
 20
310.0
 30
0.0
 11
762.0
 21
310.0
 31
0.0
  0
LINE
  5
624
330
17
100
AcDbEntity
  8
SIGNAL_ELECTRIC
370
18
100
AcDbLine
 10
764.0
 20
310.0
 30
0.0
 11
768.0
 21
310.0
 31
0.0
  0
LINE
  5
625
330
17
100
AcDbEntity
  8
SIGNAL_ELECTRIC
370
18
100
AcDbLine
 10
770.0
 20
310.0
 30
0.0
 11
774.0
 21
310.0
 31
0.0
  0
LINE
  5
626
330
17
100
AcDbEntity
  8
SIGNAL_ELECTRIC
370
18
100
AcDbLine
 10
776.0
 20
310.0
 30
0.0
 11
780.0
 21
310.0
 31
0.0
  0
LINE
  5
627
330
17
100
AcDbEntity
  8
SIGNAL_ELECTRIC
370
18
100
AcDbLine
 10
782.0
 20
310.0
 30
0.0
 11
786.0
 21
310.0
 31
0.0
  0
LINE
  5
628
330
17
100
AcDbEntity
  8
SIGNAL_ELECTRIC
370
18
100
AcDbLine
 10
788.0
 20
310.0
 30
0.0
 11
792.0
 21
310.0
 31
0.0
  0
LINE
  5
629
330
17
100
AcDbEntity
  8
SIGNAL_ELECTRIC
370
18
100
AcDbLine
 10
794.0
 20
310.0
 30
0.0
 11
798.0
 21
310.0
 31
0.0
  0
LINE
  5
62A
330
17
100
AcDbEntity
  8
SIGNAL_ELECTRIC
370
18
100
AcDbLine
 10
800.0
 20
310.0
 30
0.0
 11
804.0
 21
310.0
 31
0.0
  0
LINE
  5
62B
330
17
100
AcDbEntity
  8
SIGNAL_ELECTRIC
370
18
100
AcDbLine
 10
806.0
 20
310.0
 30
0.0
 11
810.0
 21
310.0
 31
0.0
  0
LINE
  5
62C
330
17
100
AcDbEntity
  8
SIGNAL_ELECTRIC
370
18
100
AcDbLine
 10
812.0
 20
310.0
 30
0.0
 11
816.0
 21
310.0
 31
0.0
  0
LINE
  5
62D
330
17
100
AcDbEntity
  8
SIGNAL_ELECTRIC
370
18
100
AcDbLine
 10
818.0
 20
310.0
 30
0.0
 11
822.0
 21
310.0
 31
0.0
  0
LINE
  5
62E
330
17
100
AcDbEntity
  8
SIGNAL_ELECTRIC
370
18
100
AcDbLine
 10
824.0
 20
310.0
 30
0.0
 11
828.0
 21
310.0
 31
0.0
  0
LINE
  5
62F
330
17
100
AcDbEntity
  8
SIGNAL_ELECTRIC
370
18
100
AcDbLine
 10
830.0
 20
310.0
 30
0.0
 11
834.0
 21
310.0
 31
0.0
  0
LINE
  5
630
330
17
100
AcDbEntity
  8
SIGNAL_ELECTRIC
370
18
100
AcDbLine
 10
836.0
 20
310.0
 30
0.0
 11
840.0
 21
310.0
 31
0.0
  0
LINE
  5
631
330
17
100
AcDbEntity
  8
SIGNAL_ELECTRIC
370
18
100
AcDbLine
 10
842.0
 20
310.0
 30
0.0
 11
846.0
 21
310.0
 31
0.0
  0
LINE
  5
632
330
17
100
AcDbEntity
  8
SIGNAL_ELECTRIC
370
18
100
AcDbLine
 10
848.0
 20
310.0
 30
0.0
 11
852.0
 21
310.0
 31
0.0
  0
LINE
  5
633
330
17
100
AcDbEntity
  8
SIGNAL_ELECTRIC
370
18
100
AcDbLine
 10
854.0
 20
310.0
 30
0.0
 11
858.0
 21
310.0
 31
0.0
  0
LINE
  5
634
330
17
100
AcDbEntity
  8
SIGNAL_ELECTRIC
370
18
100
AcDbLine
 10
860.0
 20
310.0
 30
0.0
 11
864.0
 21
310.0
 31
0.0
  0
LINE
  5
635
330
17
100
AcDbEntity
  8
SIGNAL_ELECTRIC
370
18
100
AcDbLine
 10
866.0
 20
310.0
 30
0.0
 11
870.0
 21
310.0
 31
0.0
  0
LINE
  5
636
330
17
100
AcDbEntity
  8
SIGNAL_ELECTRIC
370
18
100
AcDbLine
 10
872.0
 20
310.0
 30
0.0
 11
876.0
 21
310.0
 31
0.0
  0
LINE
  5
637
330
17
100
AcDbEntity
  8
SIGNAL_ELECTRIC
370
18
100
AcDbLine
 10
878.0
 20
310.0
 30
0.0
 11
882.0
 21
310.0
 31
0.0
  0
LINE
  5
638
330
17
100
AcDbEntity
  8
SIGNAL_ELECTRIC
370
18
100
AcDbLine
 10
884.0
 20
310.0
 30
0.0
 11
888.0
 21
310.0
 31
0.0
  0
LINE
  5
639
330
17
100
AcDbEntity
  8
SIGNAL_ELECTRIC
370
18
100
AcDbLine
 10
890.0
 20
310.0
 30
0.0
 11
894.0
 21
310.0
 31
0.0
  0
LINE
  5
63A
330
17
100
AcDbEntity
  8
SIGNAL_ELECTRIC
370
18
100
AcDbLine
 10
896.0
 20
310.0
 30
0.0
 11
900.0
 21
310.0
 31
0.0
  0
LINE
  5
63B
330
17
100
AcDbEntity
  8
SIGNAL_ELECTRIC
370
18
100
AcDbLine
 10
902.0
 20
310.0
 30
0.0
 11
906.0
 21
310.0
 31
0.0
  0
LINE
  5
63C
330
17
100
AcDbEntity
  8
SIGNAL_ELECTRIC
370
18
100
AcDbLine
 10
908.0
 20
310.0
 30
0.0
 11
912.0
 21
310.0
 31
0.0
  0
LINE
  5
63D
330
17
100
AcDbEntity
  8
SIGNAL_ELECTRIC
370
18
100
AcDbLine
 10
914.0
 20
310.0
 30
0.0
 11
918.0
 21
310.0
 31
0.0
  0
LINE
  5
63E
330
17
100
AcDbEntity
  8
SIGNAL_ELECTRIC
370
18
100
AcDbLine
 10
920.0
 20
310.0
 30
0.0
 11
924.0
 21
310.0
 31
0.0
  0
LINE
  5
63F
330
17
100
AcDbEntity
  8
SIGNAL_ELECTRIC
370
18
100
AcDbLine
 10
926.0
 20
310.0
 30
0.0
 11
930.0
 21
310.0
 31
0.0
  0
LINE
  5
640
330
17
100
AcDbEntity
  8
SIGNAL_ELECTRIC
370
18
100
AcDbLine
 10
932.0
 20
310.0
 30
0.0
 11
936.0
 21
310.0
 31
0.0
  0
LINE
  5
641
330
17
100
AcDbEntity
  8
SIGNAL_ELECTRIC
370
18
100
AcDbLine
 10
938.0
 20
310.0
 30
0.0
 11
942.0
 21
310.0
 31
0.0
  0
LINE
  5
642
330
17
100
AcDbEntity
  8
SIGNAL_ELECTRIC
370
18
100
AcDbLine
 10
944.0
 20
310.0
 30
0.0
 11
948.0
 21
310.0
 31
0.0
  0
LINE
  5
643
330
17
100
AcDbEntity
  8
SIGNAL_ELECTRIC
370
18
100
AcDbLine
 10
950.0
 20
310.0
 30
0.0
 11
954.0
 21
310.0
 31
0.0
  0
LINE
  5
644
330
17
100
AcDbEntity
  8
SIGNAL_ELECTRIC
370
18
100
AcDbLine
 10
956.0
 20
310.0
 30
0.0
 11
960.0
 21
310.0
 31
0.0
  0
LINE
  5
645
330
17
100
AcDbEntity
  8
SIGNAL_ELECTRIC
370
18
100
AcDbLine
 10
962.0
 20
310.0
 30
0.0
 11
966.0
 21
310.0
 31
0.0
  0
LINE
  5
646
330
17
100
AcDbEntity
  8
SIGNAL_ELECTRIC
370
18
100
AcDbLine
 10
968.0
 20
310.0
 30
0.0
 11
970.0
 21
310.0
 31
0.0
  0
LINE
  5
647
330
17
100
AcDbEntity
  8
SIGNAL_ELECTRIC
370
18
100
AcDbLine
 10
970.0
 20
285.0
 30
0.0
 11
966.0
 21
285.0
 31
0.0
  0
LINE
  5
648
330
17
100
AcDbEntity
  8
SIGNAL_ELECTRIC
370
18
100
AcDbLine
 10
964.0
 20
285.0
 30
0.0
 11
960.0
 21
285.0
 31
0.0
  0
LINE
  5
649
330
17
100
AcDbEntity
  8
SIGNAL_ELECTRIC
370
18
100
AcDbLine
 10
958.0
 20
285.0
 30
0.0
 11
954.0
 21
285.0
 31
0.0
  0
LINE
  5
64A
330
17
100
AcDbEntity
  8
SIGNAL_ELECTRIC
370
18
100
AcDbLine
 10
952.0
 20
285.0
 30
0.0
 11
948.0
 21
285.0
 31
0.0
  0
LINE
  5
64B
330
17
100
AcDbEntity
  8
SIGNAL_ELECTRIC
370
18
100
AcDbLine
 10
946.0
 20
285.0
 30
0.0
 11
942.0
 21
285.0
 31
0.0
  0
LINE
  5
64C
330
17
100
AcDbEntity
  8
SIGNAL_ELECTRIC
370
18
100
AcDbLine
 10
940.0
 20
285.0
 30
0.0
 11
936.0
 21
285.0
 31
0.0
  0
LINE
  5
64D
330
17
100
AcDbEntity
  8
SIGNAL_ELECTRIC
370
18
100
AcDbLine
 10
934.0
 20
285.0
 30
0.0
 11
930.0
 21
285.0
 31
0.0
  0
LINE
  5
64E
330
17
100
AcDbEntity
  8
SIGNAL_ELECTRIC
370
18
100
AcDbLine
 10
928.0
 20
285.0
 30
0.0
 11
924.0
 21
285.0
 31
0.0
  0
LINE
  5
64F
330
17
100
AcDbEntity
  8
SIGNAL_ELECTRIC
370
18
100
AcDbLine
 10
922.0
 20
285.0
 30
0.0
 11
918.0
 21
285.0
 31
0.0
  0
LINE
  5
650
330
17
100
AcDbEntity
  8
SIGNAL_ELECTRIC
370
18
100
AcDbLine
 10
916.0
 20
285.0
 30
0.0
 11
912.0
 21
285.0
 31
0.0
  0
LINE
  5
651
330
17
100
AcDbEntity
  8
SIGNAL_ELECTRIC
370
18
100
AcDbLine
 10
910.0
 20
285.0
 30
0.0
 11
906.0
 21
285.0
 31
0.0
  0
LINE
  5
652
330
17
100
AcDbEntity
  8
SIGNAL_ELECTRIC
370
18
100
AcDbLine
 10
904.0
 20
285.0
 30
0.0
 11
900.0
 21
285.0
 31
0.0
  0
LINE
  5
653
330
17
100
AcDbEntity
  8
SIGNAL_ELECTRIC
370
18
100
AcDbLine
 10
898.0
 20
285.0
 30
0.0
 11
894.0
 21
285.0
 31
0.0
  0
LINE
  5
654
330
17
100
AcDbEntity
  8
SIGNAL_ELECTRIC
370
18
100
AcDbLine
 10
892.0
 20
285.0
 30
0.0
 11
888.0
 21
285.0
 31
0.0
  0
LINE
  5
655
330
17
100
AcDbEntity
  8
SIGNAL_ELECTRIC
370
18
100
AcDbLine
 10
886.0
 20
285.0
 30
0.0
 11
882.0
 21
285.0
 31
0.0
  0
LINE
  5
656
330
17
100
AcDbEntity
  8
SIGNAL_ELECTRIC
370
18
100
AcDbLine
 10
880.0
 20
285.0
 30
0.0
 11
876.0
 21
285.0
 31
0.0
  0
LINE
  5
657
330
17
100
AcDbEntity
  8
SIGNAL_ELECTRIC
370
18
100
AcDbLine
 10
874.0
 20
285.0
 30
0.0
 11
870.0
 21
285.0
 31
0.0
  0
LINE
  5
658
330
17
100
AcDbEntity
  8
SIGNAL_ELECTRIC
370
18
100
AcDbLine
 10
868.0
 20
285.0
 30
0.0
 11
864.0
 21
285.0
 31
0.0
  0
LINE
  5
659
330
17
100
AcDbEntity
  8
SIGNAL_ELECTRIC
370
18
100
AcDbLine
 10
862.0
 20
285.0
 30
0.0
 11
858.0
 21
285.0
 31
0.0
  0
LINE
  5
65A
330
17
100
AcDbEntity
  8
SIGNAL_ELECTRIC
370
18
100
AcDbLine
 10
856.0
 20
285.0
 30
0.0
 11
852.0
 21
285.0
 31
0.0
  0
LINE
  5
65B
330
17
100
AcDbEntity
  8
SIGNAL_ELECTRIC
370
18
100
AcDbLine
 10
850.0
 20
285.0
 30
0.0
 11
846.0
 21
285.0
 31
0.0
  0
LINE
  5
65C
330
17
100
AcDbEntity
  8
SIGNAL_ELECTRIC
370
18
100
AcDbLine
 10
844.0
 20
285.0
 30
0.0
 11
840.0
 21
285.0
 31
0.0
  0
LINE
  5
65D
330
17
100
AcDbEntity
  8
SIGNAL_ELECTRIC
370
18
100
AcDbLine
 10
838.0
 20
285.0
 30
0.0
 11
834.0
 21
285.0
 31
0.0
  0
LINE
  5
65E
330
17
100
AcDbEntity
  8
SIGNAL_ELECTRIC
370
18
100
AcDbLine
 10
832.0
 20
285.0
 30
0.0
 11
828.0
 21
285.0
 31
0.0
  0
LINE
  5
65F
330
17
100
AcDbEntity
  8
SIGNAL_ELECTRIC
370
18
100
AcDbLine
 10
826.0
 20
285.0
 30
0.0
 11
822.0
 21
285.0
 31
0.0
  0
LINE
  5
660
330
17
100
AcDbEntity
  8
SIGNAL_ELECTRIC
370
18
100
AcDbLine
 10
820.0
 20
285.0
 30
0.0
 11
816.0
 21
285.0
 31
0.0
  0
LINE
  5
661
330
17
100
AcDbEntity
  8
SIGNAL_ELECTRIC
370
18
100
AcDbLine
 10
814.0
 20
285.0
 30
0.0
 11
810.0
 21
285.0
 31
0.0
  0
LINE
  5
662
330
17
100
AcDbEntity
  8
SIGNAL_ELECTRIC
370
18
100
AcDbLine
 10
808.0
 20
285.0
 30
0.0
 11
804.0
 21
285.0
 31
0.0
  0
LINE
  5
663
330
17
100
AcDbEntity
  8
SIGNAL_ELECTRIC
370
18
100
AcDbLine
 10
802.0
 20
285.0
 30
0.0
 11
798.0
 21
285.0
 31
0.0
  0
LINE
  5
664
330
17
100
AcDbEntity
  8
SIGNAL_ELECTRIC
370
18
100
AcDbLine
 10
796.0
 20
285.0
 30
0.0
 11
792.0
 21
285.0
 31
0.0
  0
LINE
  5
665
330
17
100
AcDbEntity
  8
SIGNAL_ELECTRIC
370
18
100
AcDbLine
 10
790.0
 20
285.0
 30
0.0
 11
786.0
 21
285.0
 31
0.0
  0
LINE
  5
666
330
17
100
AcDbEntity
  8
SIGNAL_ELECTRIC
370
18
100
AcDbLine
 10
784.0
 20
285.0
 30
0.0
 11
780.0
 21
285.0
 31
0.0
  0
LINE
  5
667
330
17
100
AcDbEntity
  8
SIGNAL_ELECTRIC
370
18
100
AcDbLine
 10
778.0
 20
285.0
 30
0.0
 11
774.0
 21
285.0
 31
0.0
  0
LINE
  5
668
330
17
100
AcDbEntity
  8
SIGNAL_ELECTRIC
370
18
100
AcDbLine
 10
772.0
 20
285.0
 30
0.0
 11
768.0
 21
285.0
 31
0.0
  0
LINE
  5
669
330
17
100
AcDbEntity
  8
SIGNAL_ELECTRIC
370
18
100
AcDbLine
 10
766.0
 20
285.0
 30
0.0
 11
762.0
 21
285.0
 31
0.0
  0
LINE
  5
66A
330
17
100
AcDbEntity
  8
SIGNAL_ELECTRIC
370
18
100
AcDbLine
 10
760.0
 20
285.0
 30
0.0
 11
756.0
 21
285.0
 31
0.0
  0
LINE
  5
66B
330
17
100
AcDbEntity
  8
SIGNAL_ELECTRIC
370
18
100
AcDbLine
 10
754.0
 20
285.0
 30
0.0
 11
750.0
 21
285.0
 31
0.0
  0
LINE
  5
66C
330
17
100
AcDbEntity
  8
SIGNAL_ELECTRIC
370
18
100
AcDbLine
 10
748.0
 20
285.0
 30
0.0
 11
744.0
 21
285.0
 31
0.0
  0
LINE
  5
66D
330
17
100
AcDbEntity
  8
SIGNAL_ELECTRIC
370
18
100
AcDbLine
 10
742.0
 20
285.0
 30
0.0
 11
738.0
 21
285.0
 31
0.0
  0
LINE
  5
66E
330
17
100
AcDbEntity
  8
SIGNAL_ELECTRIC
370
18
100
AcDbLine
 10
736.0
 20
285.0
 30
0.0
 11
732.0
 21
285.0
 31
0.0
  0
LINE
  5
66F
330
17
100
AcDbEntity
  8
SIGNAL_ELECTRIC
370
18
100
AcDbLine
 10
730.0
 20
285.0
 30
0.0
 11
726.0
 21
285.0
 31
0.0
  0
LINE
  5
670
330
17
100
AcDbEntity
  8
SIGNAL_ELECTRIC
370
18
100
AcDbLine
 10
724.0
 20
285.0
 30
0.0
 11
720.0
 21
285.0
 31
0.0
  0
LINE
  5
671
330
17
100
AcDbEntity
  8
SIGNAL_ELECTRIC
370
18
100
AcDbLine
 10
718.0
 20
285.0
 30
0.0
 11
714.0
 21
285.0
 31
0.0
  0
LINE
  5
672
330
17
100
AcDbEntity
  8
SIGNAL_ELECTRIC
370
18
100
AcDbLine
 10
712.0
 20
285.0
 30
0.0
 11
708.0
 21
285.0
 31
0.0
  0
LINE
  5
673
330
17
100
AcDbEntity
  8
SIGNAL_ELECTRIC
370
18
100
AcDbLine
 10
706.0
 20
285.0
 30
0.0
 11
702.0
 21
285.0
 31
0.0
  0
LINE
  5
674
330
17
100
AcDbEntity
  8
SIGNAL_ELECTRIC
370
18
100
AcDbLine
 10
700.0
 20
285.0
 30
0.0
 11
696.0
 21
285.0
 31
0.0
  0
LINE
  5
675
330
17
100
AcDbEntity
  8
SIGNAL_ELECTRIC
370
18
100
AcDbLine
 10
694.0
 20
285.0
 30
0.0
 11
690.0
 21
285.0
 31
0.0
  0
LINE
  5
676
330
17
100
AcDbEntity
  8
SIGNAL_ELECTRIC
370
18
100
AcDbLine
 10
688.0
 20
285.0
 30
0.0
 11
684.0
 21
285.0
 31
0.0
  0
LINE
  5
677
330
17
100
AcDbEntity
  8
SIGNAL_ELECTRIC
370
18
100
AcDbLine
 10
682.0
 20
285.0
 30
0.0
 11
678.0
 21
285.0
 31
0.0
  0
LINE
  5
678
330
17
100
AcDbEntity
  8
SIGNAL_ELECTRIC
370
18
100
AcDbLine
 10
676.0
 20
285.0
 30
0.0
 11
672.0
 21
285.0
 31
0.0
  0
LINE
  5
679
330
17
100
AcDbEntity
  8
SIGNAL_ELECTRIC
370
18
100
AcDbLine
 10
670.0
 20
285.0
 30
0.0
 11
666.0
 21
285.0
 31
0.0
  0
LINE
  5
67A
330
17
100
AcDbEntity
  8
SIGNAL_ELECTRIC
370
18
100
AcDbLine
 10
664.0
 20
285.0
 30
0.0
 11
660.0
 21
285.0
 31
0.0
  0
LINE
  5
67B
330
17
100
AcDbEntity
  8
SIGNAL_ELECTRIC
370
18
100
AcDbLine
 10
658.0
 20
285.0
 30
0.0
 11
654.0
 21
285.0
 31
0.0
  0
LINE
  5
67C
330
17
100
AcDbEntity
  8
SIGNAL_ELECTRIC
370
18
100
AcDbLine
 10
652.0
 20
285.0
 30
0.0
 11
648.0
 21
285.0
 31
0.0
  0
LINE
  5
67D
330
17
100
AcDbEntity
  8
SIGNAL_ELECTRIC
370
18
100
AcDbLine
 10
646.0
 20
285.0
 30
0.0
 11
642.0
 21
285.0
 31
0.0
  0
LINE
  5
67E
330
17
100
AcDbEntity
  8
SIGNAL_ELECTRIC
370
18
100
AcDbLine
 10
640.0
 20
285.0
 30
0.0
 11
636.0
 21
285.0
 31
0.0
  0
LINE
  5
67F
330
17
100
AcDbEntity
  8
SIGNAL_ELECTRIC
370
18
100
AcDbLine
 10
634.0
 20
285.0
 30
0.0
 11
630.0
 21
285.0
 31
0.0
  0
LINE
  5
680
330
17
100
AcDbEntity
  8
SIGNAL_ELECTRIC
370
18
100
AcDbLine
 10
628.0
 20
285.0
 30
0.0
 11
624.0
 21
285.0
 31
0.0
  0
LINE
  5
681
330
17
100
AcDbEntity
  8
SIGNAL_ELECTRIC
370
18
100
AcDbLine
 10
622.0
 20
285.0
 30
0.0
 11
618.0
 21
285.0
 31
0.0
  0
LINE
  5
682
330
17
100
AcDbEntity
  8
SIGNAL_ELECTRIC
370
18
100
AcDbLine
 10
616.0
 20
285.0
 30
0.0
 11
612.0
 21
285.0
 31
0.0
  0
LINE
  5
683
330
17
100
AcDbEntity
  8
SIGNAL_ELECTRIC
370
18
100
AcDbLine
 10
610.0
 20
285.0
 30
0.0
 11
606.0
 21
285.0
 31
0.0
  0
LINE
  5
684
330
17
100
AcDbEntity
  8
SIGNAL_ELECTRIC
370
18
100
AcDbLine
 10
604.0
 20
285.0
 30
0.0
 11
600.0
 21
285.0
 31
0.0
  0
LINE
  5
685
330
17
100
AcDbEntity
  8
SIGNAL_ELECTRIC
370
18
100
AcDbLine
 10
598.0
 20
285.0
 30
0.0
 11
594.0
 21
285.0
 31
0.0
  0
LINE
  5
686
330
17
100
AcDbEntity
  8
SIGNAL_ELECTRIC
370
18
100
AcDbLine
 10
592.0
 20
285.0
 30
0.0
 11
588.0
 21
285.0
 31
0.0
  0
LINE
  5
687
330
17
100
AcDbEntity
  8
SIGNAL_ELECTRIC
370
18
100
AcDbLine
 10
586.0
 20
285.0
 30
0.0
 11
582.0
 21
285.0
 31
0.0
  0
LINE
  5
688
330
17
100
AcDbEntity
  8
SIGNAL_ELECTRIC
370
18
100
AcDbLine
 10
580.0
 20
285.0
 30
0.0
 11
576.0
 21
285.0
 31
0.0
  0
LINE
  5
689
330
17
100
AcDbEntity
  8
SIGNAL_ELECTRIC
370
18
100
AcDbLine
 10
574.0
 20
285.0
 30
0.0
 11
570.0
 21
285.0
 31
0.0
  0
LINE
  5
68A
330
17
100
AcDbEntity
  8
SIGNAL_ELECTRIC
370
18
100
AcDbLine
 10
568.0
 20
285.0
 30
0.0
 11
564.0
 21
285.0
 31
0.0
  0
LINE
  5
68B
330
17
100
AcDbEntity
  8
SIGNAL_ELECTRIC
370
18
100
AcDbLine
 10
562.0
 20
285.0
 30
0.0
 11
558.0
 21
285.0
 31
0.0
  0
LINE
  5
68C
330
17
100
AcDbEntity
  8
SIGNAL_ELECTRIC
370
18
100
AcDbLine
 10
556.0
 20
285.0
 30
0.0
 11
552.0
 21
285.0
 31
0.0
  0
LINE
  5
68D
330
17
100
AcDbEntity
  8
SIGNAL_ELECTRIC
370
18
100
AcDbLine
 10
550.0
 20
285.0
 30
0.0
 11
546.0
 21
285.0
 31
0.0
  0
LINE
  5
68E
330
17
100
AcDbEntity
  8
SIGNAL_ELECTRIC
370
18
100
AcDbLine
 10
544.0
 20
285.0
 30
0.0
 11
540.0
 21
285.0
 31
0.0
  0
LINE
  5
68F
330
17
100
AcDbEntity
  8
SIGNAL_ELECTRIC
370
18
100
AcDbLine
 10
538.0
 20
285.0
 30
0.0
 11
534.0
 21
285.0
 31
0.0
  0
LINE
  5
690
330
17
100
AcDbEntity
  8
SIGNAL_ELECTRIC
370
18
100
AcDbLine
 10
532.0
 20
285.0
 30
0.0
 11
528.0
 21
285.0
 31
0.0
  0
LINE
  5
691
330
17
100
AcDbEntity
  8
SIGNAL_ELECTRIC
370
18
100
AcDbLine
 10
526.0
 20
285.0
 30
0.0
 11
522.0
 21
285.0
 31
0.0
  0
LINE
  5
692
330
17
100
AcDbEntity
  8
SIGNAL_ELECTRIC
370
18
100
AcDbLine
 10
520.0
 20
285.0
 30
0.0
 11
516.0
 21
285.0
 31
0.0
  0
LINE
  5
693
330
17
100
AcDbEntity
  8
SIGNAL_ELECTRIC
370
18
100
AcDbLine
 10
514.0
 20
285.0
 30
0.0
 11
510.0
 21
285.0
 31
0.0
  0
LINE
  5
6A3
330
17
100
AcDbEntity
  8
SIGNAL_ELECTRIC
370
18
100
AcDbLine
 10
418.0
 20
285.0
 30
0.0
 11
414.0
 21
285.0
 31
0.0
  0
LINE
  5
6A4
330
17
100
AcDbEntity
  8
SIGNAL_ELECTRIC
370
18
100
AcDbLine
 10
412.0
 20
285.0
 30
0.0
 11
408.0
 21
285.0
 31
0.0
  0
LINE
  5
6A5
330
17
100
AcDbEntity
  8
SIGNAL_ELECTRIC
370
18
100
AcDbLine
 10
406.0
 20
285.0
 30
0.0
 11
402.0
 21
285.0
 31
0.0
  0
LINE
  5
6A6
330
17
100
AcDbEntity
  8
SIGNAL_ELECTRIC
370
18
100
AcDbLine
 10
400.0
 20
285.0
 30
0.0
 11
396.0
 21
285.0
 31
0.0
  0
LINE
  5
6A7
330
17
100
AcDbEntity
  8
SIGNAL_ELECTRIC
370
18
100
AcDbLine
 10
394.0
 20
285.0
 30
0.0
 11
390.0
 21
285.0
 31
0.0
  0
LINE
  5
6A8
330
17
100
AcDbEntity
  8
SIGNAL_ELECTRIC
370
18
100
AcDbLine
 10
388.0
 20
285.0
 30
0.0
 11
384.0
 21
285.0
 31
0.0
  0
LINE
  5
6A9
330
17
100
AcDbEntity
  8
SIGNAL_ELECTRIC
370
18
100
AcDbLine
 10
382.0
 20
285.0
 30
0.0
 11
378.0
 21
285.0
 31
0.0
  0
LINE
  5
6AA
330
17
100
AcDbEntity
  8
SIGNAL_ELECTRIC
370
18
100
AcDbLine
 10
376.0
 20
285.0
 30
0.0
 11
372.0
 21
285.0
 31
0.0
  0
LINE
  5
6AB
330
17
100
AcDbEntity
  8
SIGNAL_ELECTRIC
370
18
100
AcDbLine
 10
370.0
 20
285.0
 30
0.0
 11
366.0
 21
285.0
 31
0.0
  0
LINE
  5
6AC
330
17
100
AcDbEntity
  8
SIGNAL_ELECTRIC
370
18
100
AcDbLine
 10
364.0
 20
285.0
 30
0.0
 11
360.0
 21
285.0
 31
0.0
  0
LINE
  5
6AD
330
17
100
AcDbEntity
  8
SIGNAL_ELECTRIC
370
18
100
AcDbLine
 10
358.0
 20
285.0
 30
0.0
 11
354.0
 21
285.0
 31
0.0
  0
LINE
  5
6AE
330
17
100
AcDbEntity
  8
SIGNAL_ELECTRIC
370
18
100
AcDbLine
 10
352.0
 20
285.0
 30
0.0
 11
348.0
 21
285.0
 31
0.0
  0
LINE
  5
6AF
330
17
100
AcDbEntity
  8
SIGNAL_ELECTRIC
370
18
100
AcDbLine
 10
346.0
 20
285.0
 30
0.0
 11
342.0
 21
285.0
 31
0.0
  0
LINE
  5
6B0
330
17
100
AcDbEntity
  8
SIGNAL_ELECTRIC
370
18
100
AcDbLine
 10
340.0
 20
285.0
 30
0.0
 11
336.0
 21
285.0
 31
0.0
  0
LINE
  5
6B1
330
17
100
AcDbEntity
  8
SIGNAL_ELECTRIC
370
18
100
AcDbLine
 10
334.0
 20
285.0
 30
0.0
 11
330.0
 21
285.0
 31
0.0
  0
LINE
  5
6B2
330
17
100
AcDbEntity
  8
SIGNAL_ELECTRIC
370
18
100
AcDbLine
 10
328.0
 20
285.0
 30
0.0
 11
324.0
 21
285.0
 31
0.0
  0
LINE
  5
6B3
330
17
100
AcDbEntity
  8
SIGNAL_ELECTRIC
370
18
100
AcDbLine
 10
322.0
 20
285.0
 30
0.0
 11
318.0
 21
285.0
 31
0.0
  0
LINE
  5
6B4
330
17
100
AcDbEntity
  8
SIGNAL_ELECTRIC
370
18
100
AcDbLine
 10
316.0
 20
285.0
 30
0.0
 11
312.0
 21
285.0
 31
0.0
  0
LINE
  5
6B5
330
17
100
AcDbEntity
  8
SIGNAL_ELECTRIC
370
18
100
AcDbLine
 10
310.0
 20
285.0
 30
0.0
 11
306.0
 21
285.0
 31
0.0
  0
LINE
  5
6B6
330
17
100
AcDbEntity
  8
SIGNAL_ELECTRIC
370
18
100
AcDbLine
 10
304.0
 20
285.0
 30
0.0
 11
300.0
 21
285.0
 31
0.0
  0
LINE
  5
6B7
330
17
100
AcDbEntity
  8
SIGNAL_ELECTRIC
370
18
100
AcDbLine
 10
298.0
 20
285.0
 30
0.0
 11
294.0
 21
285.0
 31
0.0
  0
LINE
  5
6B8
330
17
100
AcDbEntity
  8
SIGNAL_ELECTRIC
370
18
100
AcDbLine
 10
292.0
 20
285.0
 30
0.0
 11
288.0
 21
285.0
 31
0.0
  0
LINE
  5
6B9
330
17
100
AcDbEntity
  8
SIGNAL_ELECTRIC
370
18
100
AcDbLine
 10
286.0
 20
285.0
 30
0.0
 11
282.0
 21
285.0
 31
0.0
  0
LINE
  5
6BA
330
17
100
AcDbEntity
  8
SIGNAL_ELECTRIC
370
18
100
AcDbLine
 10
280.0
 20
285.0
 30
0.0
 11
276.0
 21
285.0
 31
0.0
  0
LINE
  5
6BB
330
17
100
AcDbEntity
  8
SIGNAL_ELECTRIC
370
18
100
AcDbLine
 10
274.0
 20
285.0
 30
0.0
 11
270.0
 21
285.0
 31
0.0
  0
LINE
  5
6BC
330
17
100
AcDbEntity
  8
SIGNAL_ELECTRIC
370
18
100
AcDbLine
 10
268.0
 20
285.0
 30
0.0
 11
264.0
 21
285.0
 31
0.0
  0
LINE
  5
6BD
330
17
100
AcDbEntity
  8
SIGNAL_ELECTRIC
370
18
100
AcDbLine
 10
262.0
 20
285.0
 30
0.0
 11
258.0
 21
285.0
 31
0.0
  0
LINE
  5
6BE
330
17
100
AcDbEntity
  8
SIGNAL_ELECTRIC
370
18
100
AcDbLine
 10
256.0
 20
285.0
 30
0.0
 11
252.0
 21
285.0
 31
0.0
  0
LINE
  5
6BF
330
17
100
AcDbEntity
  8
SIGNAL_ELECTRIC
370
18
100
AcDbLine
 10
250.0
 20
285.0
 30
0.0
 11
246.0
 21
285.0
 31
0.0
  0
LINE
  5
6C0
330
17
100
AcDbEntity
  8
SIGNAL_ELECTRIC
370
18
100
AcDbLine
 10
244.0
 20
285.0
 30
0.0
 11
240.0
 21
285.0
 31
0.0
  0
LINE
  5
6C1
330
17
100
AcDbEntity
  8
SIGNAL_ELECTRIC
370
18
100
AcDbLine
 10
820.0
 20
521.0
 30
0.0
 11
820.0
 21
517.0
 31
0.0
  0
LINE
  5
6C2
330
17
100
AcDbEntity
  8
SIGNAL_ELECTRIC
370
18
100
AcDbLine
 10
820.0
 20
515.0
 30
0.0
 11
820.0
 21
511.0
 31
0.0
  0
LINE
  5
6C3
330
17
100
AcDbEntity
  8
SIGNAL_ELECTRIC
370
18
100
AcDbLine
 10
820.0
 20
509.0
 30
0.0
 11
820.0
 21
505.0
 31
0.0
  0
LINE
  5
6C4
330
17
100
AcDbEntity
  8
SIGNAL_ELECTRIC
370
18
100
AcDbLine
 10
820.0
 20
503.0
 30
0.0
 11
820.0
 21
499.0
 31
0.0
  0
LINE
  5
6C5
330
17
100
AcDbEntity
  8
SIGNAL_ELECTRIC
370
18
100
AcDbLine
 10
820.0
 20
497.0
 30
0.0
 11
820.0
 21
493.0
 31
0.0
  0
LINE
  5
6C6
330
17
100
AcDbEntity
  8
SIGNAL_ELECTRIC
370
18
100
AcDbLine
 10
820.0
 20
491.0
 30
0.0
 11
820.0
 21
487.0
 31
0.0
  0
LINE
  5
6C7
330
17
100
AcDbEntity
  8
SIGNAL_ELECTRIC
370
18
100
AcDbLine
 10
820.0
 20
485.0
 30
0.0
 11
820.0
 21
481.0
 31
0.0
  0
LINE
  5
6C8
330
17
100
AcDbEntity
  8
SIGNAL_ELECTRIC
370
18
100
AcDbLine
 10
820.0
 20
479.0
 30
0.0
 11
820.0
 21
475.0
 31
0.0
  0
LINE
  5
6C9
330
17
100
AcDbEntity
  8
SIGNAL_ELECTRIC
370
18
100
AcDbLine
 10
820.0
 20
473.0
 30
0.0
 11
820.0
 21
469.0
 31
0.0
  0
LINE
  5
6CA
330
17
100
AcDbEntity
  8
SIGNAL_ELECTRIC
370
18
100
AcDbLine
 10
820.0
 20
467.0
 30
0.0
 11
820.0
 21
463.0
 31
0.0
  0
LINE
  5
6CB
330
17
100
AcDbEntity
  8
SIGNAL_ELECTRIC
370
18
100
AcDbLine
 10
820.0
 20
461.0
 30
0.0
 11
820.0
 21
457.0
 31
0.0
  0
LINE
  5
6CC
330
17
100
AcDbEntity
  8
SIGNAL_ELECTRIC
370
18
100
AcDbLine
 10
820.0
 20
455.0
 30
0.0
 11
820.0
 21
451.0
 31
0.0
  0
LINE
  5
6CD
330
17
100
AcDbEntity
  8
SIGNAL_ELECTRIC
370
18
100
AcDbLine
 10
820.0
 20
449.0
 30
0.0
 11
820.0
 21
445.0
 31
0.0
  0
LINE
  5
6CE
330
17
100
AcDbEntity
  8
SIGNAL_ELECTRIC
370
18
100
AcDbLine
 10
820.0
 20
443.0
 30
0.0
 11
820.0
 21
439.0
 31
0.0
  0
LINE
  5
6CF
330
17
100
AcDbEntity
  8
SIGNAL_ELECTRIC
370
18
100
AcDbLine
 10
820.0
 20
437.0
 30
0.0
 11
820.0
 21
433.0
 31
0.0
  0
LINE
  5
6D0
330
17
100
AcDbEntity
  8
SIGNAL_ELECTRIC
370
18
100
AcDbLine
 10
820.0
 20
431.0
 30
0.0
 11
820.0
 21
427.0
 31
0.0
  0
LINE
  5
6D1
330
17
100
AcDbEntity
  8
SIGNAL_ELECTRIC
370
18
100
AcDbLine
 10
820.0
 20
425.0
 30
0.0
 11
820.0
 21
421.0
 31
0.0
  0
LINE
  5
6D2
330
17
100
AcDbEntity
  8
SIGNAL_ELECTRIC
370
18
100
AcDbLine
 10
820.0
 20
419.0
 30
0.0
 11
820.0
 21
415.0
 31
0.0
  0
LINE
  5
6D3
330
17
100
AcDbEntity
  8
SIGNAL_ELECTRIC
370
18
100
AcDbLine
 10
820.0
 20
413.0
 30
0.0
 11
820.0
 21
409.0
 31
0.0
  0
LINE
  5
6D4
330
17
100
AcDbEntity
  8
SIGNAL_ELECTRIC
370
18
100
AcDbLine
 10
820.0
 20
407.0
 30
0.0
 11
820.0
 21
403.0
 31
0.0
  0
LINE
  5
6D5
330
17
100
AcDbEntity
  8
SIGNAL_ELECTRIC
370
18
100
AcDbLine
 10
820.0
 20
401.0
 30
0.0
 11
820.0
 21
397.0
 31
0.0
  0
LINE
  5
6D6
330
17
100
AcDbEntity
  8
SIGNAL_ELECTRIC
370
18
100
AcDbLine
 10
820.0
 20
395.0
 30
0.0
 11
820.0
 21
391.0
 31
0.0
  0
LINE
  5
6D7
330
17
100
AcDbEntity
  8
SIGNAL_ELECTRIC
370
18
100
AcDbLine
 10
820.0
 20
389.0
 30
0.0
 11
820.0
 21
385.0
 31
0.0
  0
LINE
  5
6D8
330
17
100
AcDbEntity
  8
SIGNAL_ELECTRIC
370
18
100
AcDbLine
 10
820.0
 20
383.0
 30
0.0
 11
820.0
 21
379.0
 31
0.0
  0
LINE
  5
6D9
330
17
100
AcDbEntity
  8
SIGNAL_ELECTRIC
370
18
100
AcDbLine
 10
820.0
 20
377.0
 30
0.0
 11
820.0
 21
373.0
 31
0.0
  0
LINE
  5
6DA
330
17
100
AcDbEntity
  8
SIGNAL_ELECTRIC
370
18
100
AcDbLine
 10
820.0
 20
371.0
 30
0.0
 11
820.0
 21
367.0
 31
0.0
  0
LINE
  5
6DB
330
17
100
AcDbEntity
  8
SIGNAL_ELECTRIC
370
18
100
AcDbLine
 10
820.0
 20
365.0
 30
0.0
 11
820.0
 21
361.0
 31
0.0
  0
LINE
  5
6DC
330
17
100
AcDbEntity
  8
SIGNAL_ELECTRIC
370
18
100
AcDbLine
 10
820.0
 20
359.0
 30
0.0
 11
820.0
 21
355.0
 31
0.0
  0
LINE
  5
6DD
330
17
100
AcDbEntity
  8
SIGNAL_ELECTRIC
370
18
100
AcDbLine
 10
820.0
 20
353.0
 30
0.0
 11
820.0
 21
349.0
 31
0.0
  0
LINE
  5
6DE
330
17
100
AcDbEntity
  8
SIGNAL_ELECTRIC
370
18
100
AcDbLine
 10
820.0
 20
347.0
 30
0.0
 11
820.0
 21
343.0
 31
0.0
  0
LINE
  5
6DF
330
17
100
AcDbEntity
  8
SIGNAL_ELECTRIC
370
18
100
AcDbLine
 10
820.0
 20
341.0
 30
0.0
 11
820.0
 21
337.0
 31
0.0
  0
LINE
  5
6E0
330
17
100
AcDbEntity
  8
SIGNAL_ELECTRIC
370
18
100
AcDbLine
 10
820.0
 20
335.0
 30
0.0
 11
820.0
 21
331.0
 31
0.0
  0
LINE
  5
6E1
330
17
100
AcDbEntity
  8
SIGNAL_ELECTRIC
370
18
100
AcDbLine
 10
820.0
 20
329.0
 30
0.0
 11
820.0
 21
325.0
 31
0.0
  0
LINE
  5
6E2
330
17
100
AcDbEntity
  8
SIGNAL_ELECTRIC
370
18
100
AcDbLine
 10
820.0
 20
323.0
 30
0.0
 11
820.0
 21
319.0
 31
0.0
  0
LINE
  5
6E3
330
17
100
AcDbEntity
  8
SIGNAL_ELECTRIC
370
18
100
AcDbLine
 10
820.0
 20
317.0
 30
0.0
 11
820.0
 21
313.0
 31
0.0
  0
LINE
  5
6E4
330
17
100
AcDbEntity
  8
SIGNAL_ELECTRIC
370
18
100
AcDbLine
 10
820.0
 20
311.0
 30
0.0
 11
820.0
 21
307.0
 31
0.0
  0
LINE
  5
6E5
330
17
100
AcDbEntity
  8
SIGNAL_ELECTRIC
370
18
100
AcDbLine
 10
820.0
 20
305.0
 30
0.0
 11
820.0
 21
301.0
 31
0.0
  0
LINE
  5
6E6
330
17
100
AcDbEntity
  8
SIGNAL_ELECTRIC
370
18
100
AcDbLine
 10
591.0
 20
300.0
 30
0.0
 11
591.0
 21
296.0
 31
0.0
  0
LINE
  5
6E7
330
17
100
AcDbEntity
  8
SIGNAL_ELECTRIC
370
18
100
AcDbLine
 10
591.0
 20
294.0
 30
0.0
 11
591.0
 21
290.0
 31
0.0
  0
LINE
  5
6E8
330
17
100
AcDbEntity
  8
SIGNAL_ELECTRIC
370
18
100
AcDbLine
 10
591.0
 20
288.0
 30
0.0
 11
591.0
 21
284.0
 31
0.0
  0
LINE
  5
6E9
330
17
100
AcDbEntity
  8
SIGNAL_ELECTRIC
370
18
100
AcDbLine
 10
591.0
 20
282.0
 30
0.0
 11
591.0
 21
278.0
 31
0.0
  0
LINE
  5
6EA
330
17
100
AcDbEntity
  8
SIGNAL_ELECTRIC
370
18
100
AcDbLine
 10
591.0
 20
276.0
 30
0.0
 11
591.0
 21
272.0
 31
0.0
  0
LINE
  5
6EB
330
17
100
AcDbEntity
  8
SIGNAL_ELECTRIC
370
18
100
AcDbLine
 10
591.0
 20
270.0
 30
0.0
 11
591.0
 21
266.0
 31
0.0
  0
LINE
  5
6EC
330
17
100
AcDbEntity
  8
SIGNAL_ELECTRIC
370
18
100
AcDbLine
 10
591.0
 20
264.0
 30
0.0
 11
591.0
 21
260.0
 31
0.0
  0
LINE
  5
6ED
330
17
100
AcDbEntity
  8
SIGNAL_ELECTRIC
370
18
100
AcDbLine
 10
591.0
 20
258.0
 30
0.0
 11
591.0
 21
254.0
 31
0.0
  0
LINE
  5
6EE
330
17
100
AcDbEntity
  8
SIGNAL_ELECTRIC
370
18
100
AcDbLine
 10
591.0
 20
252.0
 30
0.0
 11
591.0
 21
248.0
 31
0.0
  0
LINE
  5
6EF
330
17
100
AcDbEntity
  8
SIGNAL_ELECTRIC
370
18
100
AcDbLine
 10
591.0
 20
246.0
 30
0.0
 11
591.0
 21
242.0
 31
0.0
  0
LINE
  5
6F0
330
17
100
AcDbEntity
  8
SIGNAL_ELECTRIC
370
18
100
AcDbLine
 10
591.0
 20
240.0
 30
0.0
 11
591.0
 21
236.0
 31
0.0
  0
LINE
  5
6F1
330
17
100
AcDbEntity
  8
SIGNAL_ELECTRIC
370
18
100
AcDbLine
 10
591.0
 20
234.0
 30
0.0
 11
591.0
 21
230.0
 31
0.0
  0
LINE
  5
6F2
330
17
100
AcDbEntity
  8
SIGNAL_ELECTRIC
370
18
100
AcDbLine
 10
591.0
 20
228.0
 30
0.0
 11
591.0
 21
224.0
 31
0.0
  0
LINE
  5
6F3
330
17
100
AcDbEntity
  8
SIGNAL_ELECTRIC
370
18
100
AcDbLine
 10
591.0
 20
222.0
 30
0.0
 11
591.0
 21
218.0
 31
0.0
  0
LINE
  5
6F4
330
17
100
AcDbEntity
  8
SIGNAL_ELECTRIC
370
18
100
AcDbLine
 10
591.0
 20
216.0
 30
0.0
 11
591.0
 21
212.0
 31
0.0
  0
LINE
  5
6F5
330
17
100
AcDbEntity
  8
SIGNAL_ELECTRIC
370
18
100
AcDbLine
 10
591.0
 20
210.0
 30
0.0
 11
591.0
 21
206.0
 31
0.0
  0
LINE
  5
6F6
330
17
100
AcDbEntity
  8
SIGNAL_ELECTRIC
370
18
100
AcDbLine
 10
591.0
 20
204.0
 30
0.0
 11
591.0
 21
200.0
 31
0.0
  0
LINE
  5
6F7
330
17
100
AcDbEntity
  8
SIGNAL_ELECTRIC
370
18
100
AcDbLine
 10
591.0
 20
198.0
 30
0.0
 11
591.0
 21
194.0
 31
0.0
  0
LINE
  5
6F8
330
17
100
AcDbEntity
  8
SIGNAL_ELECTRIC
370
18
100
AcDbLine
 10
591.0
 20
192.0
 30
0.0
 11
591.0
 21
188.0
 31
0.0
  0
LINE
  5
6F9
330
17
100
AcDbEntity
  8
SIGNAL_ELECTRIC
370
18
100
AcDbLine
 10
591.0
 20
186.0
 30
0.0
 11
591.0
 21
182.0
 31
0.0
  0
LINE
  5
6FA
330
17
100
AcDbEntity
  8
SIGNAL_ELECTRIC
370
18
100
AcDbLine
 10
591.0
 20
180.0
 30
0.0
 11
591.0
 21
176.0
 31
0.0
  0
LINE
  5
6FB
330
17
100
AcDbEntity
  8
SIGNAL_ELECTRIC
370
18
100
AcDbLine
 10
591.0
 20
174.0
 30
0.0
 11
591.0
 21
170.0
 31
0.0
  0
LINE
  5
6FC
330
17
100
AcDbEntity
  8
SIGNAL_ELECTRIC
370
18
100
AcDbLine
 10
591.0
 20
168.0
 30
0.0
 11
591.0
 21
164.0
 31
0.0
  0
LINE
  5
6FD
330
17
100
AcDbEntity
  8
SIGNAL_ELECTRIC
370
18
100
AcDbLine
 10
591.0
 20
162.0
 30
0.0
 11
591.0
 21
158.0
 31
0.0
  0
LINE
  5
6FE
330
17
100
AcDbEntity
  8
SIGNAL_ELECTRIC
370
18
100
AcDbLine
 10
591.0
 20
156.0
 30
0.0
 11
591.0
 21
152.0
 31
0.0
  0
LINE
  5
6FF
330
17
100
AcDbEntity
  8
SIGNAL_ELECTRIC
370
18
100
AcDbLine
 10
591.0
 20
150.0
 30
0.0
 11
591.0
 21
146.0
 31
0.0
  0
LINE
  5
700
330
17
100
AcDbEntity
  8
SIGNAL_ELECTRIC
370
18
100
AcDbLine
 10
591.0
 20
144.0
 30
0.0
 11
591.0
 21
140.0
 31
0.0
  0
LINE
  5
701
330
17
100
AcDbEntity
  8
SIGNAL_ELECTRIC
370
18
100
AcDbLine
 10
591.0
 20
138.0
 30
0.0
 11
591.0
 21
134.0
 31
0.0
  0
LINE
  5
702
330
17
100
AcDbEntity
  8
SIGNAL_ELECTRIC
370
18
100
AcDbLine
 10
591.0
 20
132.0
 30
0.0
 11
591.0
 21
128.0
 31
0.0
  0
LINE
  5
703
330
17
100
AcDbEntity
  8
SIGNAL_ELECTRIC
370
18
100
AcDbLine
 10
591.0
 20
126.0
 30
0.0
 11
591.0
 21
125.0
 31
0.0
  0
LINE
  5
704
330
17
100
AcDbEntity
  8
SIGNAL_ELECTRIC
370
18
100
AcDbLine
 10
820.0
 20
476.0
 30
0.0
 11
820.0
 21
472.0
 31
0.0
  0
LINE
  5
705
330
17
100
AcDbEntity
  8
SIGNAL_ELECTRIC
370
18
100
AcDbLine
 10
820.0
 20
470.0
 30
0.0
 11
820.0
 21
466.0
 31
0.0
  0
LINE
  5
706
330
17
100
AcDbEntity
  8
SIGNAL_ELECTRIC
370
18
100
AcDbLine
 10
820.0
 20
464.0
 30
0.0
 11
820.0
 21
460.0
 31
0.0
  0
LINE
  5
707
330
17
100
AcDbEntity
  8
SIGNAL_ELECTRIC
370
18
100
AcDbLine
 10
820.0
 20
458.0
 30
0.0
 11
820.0
 21
454.0
 31
0.0
  0
LINE
  5
708
330
17
100
AcDbEntity
  8
SIGNAL_ELECTRIC
370
18
100
AcDbLine
 10
820.0
 20
452.0
 30
0.0
 11
820.0
 21
448.0
 31
0.0
  0
LINE
  5
709
330
17
100
AcDbEntity
  8
SIGNAL_ELECTRIC
370
18
100
AcDbLine
 10
820.0
 20
446.0
 30
0.0
 11
820.0
 21
442.0
 31
0.0
  0
LINE
  5
70A
330
17
100
AcDbEntity
  8
SIGNAL_ELECTRIC
370
18
100
AcDbLine
 10
820.0
 20
440.0
 30
0.0
 11
820.0
 21
436.0
 31
0.0
  0
LINE
  5
70B
330
17
100
AcDbEntity
  8
SIGNAL_ELECTRIC
370
18
100
AcDbLine
 10
820.0
 20
434.0
 30
0.0
 11
820.0
 21
430.0
 31
0.0
  0
LINE
  5
70C
330
17
100
AcDbEntity
  8
SIGNAL_ELECTRIC
370
18
100
AcDbLine
 10
820.0
 20
428.0
 30
0.0
 11
820.0
 21
424.0
 31
0.0
  0
LINE
  5
70D
330
17
100
AcDbEntity
  8
SIGNAL_ELECTRIC
370
18
100
AcDbLine
 10
820.0
 20
422.0
 30
0.0
 11
820.0
 21
418.0
 31
0.0
  0
LINE
  5
70E
330
17
100
AcDbEntity
  8
SIGNAL_ELECTRIC
370
18
100
AcDbLine
 10
820.0
 20
416.0
 30
0.0
 11
820.0
 21
412.0
 31
0.0
  0
LINE
  5
70F
330
17
100
AcDbEntity
  8
SIGNAL_ELECTRIC
370
18
100
AcDbLine
 10
820.0
 20
410.0
 30
0.0
 11
820.0
 21
406.0
 31
0.0
  0
LINE
  5
710
330
17
100
AcDbEntity
  8
SIGNAL_ELECTRIC
370
18
100
AcDbLine
 10
820.0
 20
404.0
 30
0.0
 11
820.0
 21
400.0
 31
0.0
  0
LINE
  5
711
330
17
100
AcDbEntity
  8
SIGNAL_ELECTRIC
370
18
100
AcDbLine
 10
820.0
 20
398.0
 30
0.0
 11
820.0
 21
394.0
 31
0.0
  0
LINE
  5
712
330
17
100
AcDbEntity
  8
SIGNAL_ELECTRIC
370
18
100
AcDbLine
 10
820.0
 20
392.0
 30
0.0
 11
820.0
 21
388.0
 31
0.0
  0
LINE
  5
713
330
17
100
AcDbEntity
  8
SIGNAL_ELECTRIC
370
18
100
AcDbLine
 10
820.0
 20
386.0
 30
0.0
 11
820.0
 21
382.0
 31
0.0
  0
LINE
  5
714
330
17
100
AcDbEntity
  8
SIGNAL_ELECTRIC
370
18
100
AcDbLine
 10
820.0
 20
380.0
 30
0.0
 11
820.0
 21
376.0
 31
0.0
  0
LINE
  5
715
330
17
100
AcDbEntity
  8
SIGNAL_ELECTRIC
370
18
100
AcDbLine
 10
820.0
 20
374.0
 30
0.0
 11
820.0
 21
370.0
 31
0.0
  0
LINE
  5
716
330
17
100
AcDbEntity
  8
SIGNAL_ELECTRIC
370
18
100
AcDbLine
 10
820.0
 20
368.0
 30
0.0
 11
820.0
 21
364.0
 31
0.0
  0
LINE
  5
717
330
17
100
AcDbEntity
  8
SIGNAL_ELECTRIC
370
18
100
AcDbLine
 10
820.0
 20
362.0
 30
0.0
 11
820.0
 21
358.0
 31
0.0
  0
LINE
  5
718
330
17
100
AcDbEntity
  8
SIGNAL_ELECTRIC
370
18
100
AcDbLine
 10
820.0
 20
356.0
 30
0.0
 11
820.0
 21
352.0
 31
0.0
  0
LINE
  5
719
330
17
100
AcDbEntity
  8
SIGNAL_ELECTRIC
370
18
100
AcDbLine
 10
820.0
 20
350.0
 30
0.0
 11
820.0
 21
346.0
 31
0.0
  0
LINE
  5
71A
330
17
100
AcDbEntity
  8
SIGNAL_ELECTRIC
370
18
100
AcDbLine
 10
820.0
 20
344.0
 30
0.0
 11
820.0
 21
340.0
 31
0.0
  0
LINE
  5
71B
330
17
100
AcDbEntity
  8
SIGNAL_ELECTRIC
370
18
100
AcDbLine
 10
820.0
 20
338.0
 30
0.0
 11
820.0
 21
334.0
 31
0.0
  0
LINE
  5
71C
330
17
100
AcDbEntity
  8
SIGNAL_ELECTRIC
370
18
100
AcDbLine
 10
820.0
 20
332.0
 30
0.0
 11
820.0
 21
328.0
 31
0.0
  0
LINE
  5
71D
330
17
100
AcDbEntity
  8
SIGNAL_ELECTRIC
370
18
100
AcDbLine
 10
820.0
 20
326.0
 30
0.0
 11
820.0
 21
322.0
 31
0.0
  0
LINE
  5
71E
330
17
100
AcDbEntity
  8
SIGNAL_ELECTRIC
370
18
100
AcDbLine
 10
820.0
 20
320.0
 30
0.0
 11
820.0
 21
316.0
 31
0.0
  0
LINE
  5
71F
330
17
100
AcDbEntity
  8
SIGNAL_ELECTRIC
370
18
100
AcDbLine
 10
820.0
 20
314.0
 30
0.0
 11
820.0
 21
310.0
 31
0.0
  0
LINE
  5
720
330
17
100
AcDbEntity
  8
SIGNAL_ELECTRIC
370
18
100
AcDbLine
 10
820.0
 20
308.0
 30
0.0
 11
820.0
 21
304.0
 31
0.0
  0
LINE
  5
721
330
17
100
AcDbEntity
  8
SIGNAL_ELECTRIC
370
18
100
AcDbLine
 10
820.0
 20
302.0
 30
0.0
 11
820.0
 21
300.0
 31
0.0
  0
LINE
  5
722
330
17
100
AcDbEntity
  8
SIGNAL_ELECTRIC
370
18
100
AcDbLine
 10
619.0
 20
300.0
 30
0.0
 11
619.0
 21
296.0
 31
0.0
  0
LINE
  5
723
330
17
100
AcDbEntity
  8
SIGNAL_ELECTRIC
370
18
100
AcDbLine
 10
619.0
 20
294.0
 30
0.0
 11
619.0
 21
290.0
 31
0.0
  0
LINE
  5
724
330
17
100
AcDbEntity
  8
SIGNAL_ELECTRIC
370
18
100
AcDbLine
 10
619.0
 20
288.0
 30
0.0
 11
619.0
 21
284.0
 31
0.0
  0
LINE
  5
725
330
17
100
AcDbEntity
  8
SIGNAL_ELECTRIC
370
18
100
AcDbLine
 10
619.0
 20
282.0
 30
0.0
 11
619.0
 21
278.0
 31
0.0
  0
LINE
  5
726
330
17
100
AcDbEntity
  8
SIGNAL_ELECTRIC
370
18
100
AcDbLine
 10
619.0
 20
276.0
 30
0.0
 11
619.0
 21
272.0
 31
0.0
  0
LINE
  5
727
330
17
100
AcDbEntity
  8
SIGNAL_ELECTRIC
370
18
100
AcDbLine
 10
619.0
 20
270.0
 30
0.0
 11
619.0
 21
266.0
 31
0.0
  0
LINE
  5
728
330
17
100
AcDbEntity
  8
SIGNAL_ELECTRIC
370
18
100
AcDbLine
 10
619.0
 20
264.0
 30
0.0
 11
619.0
 21
260.0
 31
0.0
  0
LINE
  5
729
330
17
100
AcDbEntity
  8
SIGNAL_ELECTRIC
370
18
100
AcDbLine
 10
619.0
 20
258.0
 30
0.0
 11
619.0
 21
254.0
 31
0.0
  0
LINE
  5
72A
330
17
100
AcDbEntity
  8
SIGNAL_ELECTRIC
370
18
100
AcDbLine
 10
619.0
 20
252.0
 30
0.0
 11
619.0
 21
248.0
 31
0.0
  0
LINE
  5
72B
330
17
100
AcDbEntity
  8
SIGNAL_ELECTRIC
370
18
100
AcDbLine
 10
619.0
 20
246.0
 30
0.0
 11
619.0
 21
242.0
 31
0.0
  0
LINE
  5
72C
330
17
100
AcDbEntity
  8
SIGNAL_ELECTRIC
370
18
100
AcDbLine
 10
619.0
 20
240.0
 30
0.0
 11
619.0
 21
236.0
 31
0.0
  0
LINE
  5
72D
330
17
100
AcDbEntity
  8
SIGNAL_ELECTRIC
370
18
100
AcDbLine
 10
619.0
 20
234.0
 30
0.0
 11
619.0
 21
230.0
 31
0.0
  0
LINE
  5
72E
330
17
100
AcDbEntity
  8
SIGNAL_ELECTRIC
370
18
100
AcDbLine
 10
619.0
 20
228.0
 30
0.0
 11
619.0
 21
224.0
 31
0.0
  0
LINE
  5
72F
330
17
100
AcDbEntity
  8
SIGNAL_ELECTRIC
370
18
100
AcDbLine
 10
619.0
 20
222.0
 30
0.0
 11
619.0
 21
218.0
 31
0.0
  0
LINE
  5
730
330
17
100
AcDbEntity
  8
SIGNAL_ELECTRIC
370
18
100
AcDbLine
 10
619.0
 20
216.0
 30
0.0
 11
619.0
 21
212.0
 31
0.0
  0
LINE
  5
731
330
17
100
AcDbEntity
  8
SIGNAL_ELECTRIC
370
18
100
AcDbLine
 10
619.0
 20
210.0
 30
0.0
 11
619.0
 21
206.0
 31
0.0
  0
LINE
  5
732
330
17
100
AcDbEntity
  8
SIGNAL_ELECTRIC
370
18
100
AcDbLine
 10
619.0
 20
204.0
 30
0.0
 11
619.0
 21
200.0
 31
0.0
  0
LINE
  5
733
330
17
100
AcDbEntity
  8
SIGNAL_ELECTRIC
370
18
100
AcDbLine
 10
619.0
 20
198.0
 30
0.0
 11
619.0
 21
194.0
 31
0.0
  0
LINE
  5
734
330
17
100
AcDbEntity
  8
SIGNAL_ELECTRIC
370
18
100
AcDbLine
 10
619.0
 20
192.0
 30
0.0
 11
619.0
 21
188.0
 31
0.0
  0
LINE
  5
735
330
17
100
AcDbEntity
  8
SIGNAL_ELECTRIC
370
18
100
AcDbLine
 10
619.0
 20
186.0
 30
0.0
 11
619.0
 21
182.0
 31
0.0
  0
LINE
  5
736
330
17
100
AcDbEntity
  8
SIGNAL_ELECTRIC
370
18
100
AcDbLine
 10
619.0
 20
180.0
 30
0.0
 11
619.0
 21
176.0
 31
0.0
  0
LINE
  5
737
330
17
100
AcDbEntity
  8
SIGNAL_ELECTRIC
370
18
100
AcDbLine
 10
619.0
 20
174.0
 30
0.0
 11
619.0
 21
170.0
 31
0.0
  0
LINE
  5
738
330
17
100
AcDbEntity
  8
SIGNAL_ELECTRIC
370
18
100
AcDbLine
 10
619.0
 20
168.0
 30
0.0
 11
619.0
 21
164.0
 31
0.0
  0
LINE
  5
739
330
17
100
AcDbEntity
  8
SIGNAL_ELECTRIC
370
18
100
AcDbLine
 10
619.0
 20
162.0
 30
0.0
 11
619.0
 21
158.0
 31
0.0
  0
LINE
  5
73A
330
17
100
AcDbEntity
  8
SIGNAL_ELECTRIC
370
18
100
AcDbLine
 10
619.0
 20
156.0
 30
0.0
 11
619.0
 21
152.0
 31
0.0
  0
LINE
  5
73B
330
17
100
AcDbEntity
  8
SIGNAL_ELECTRIC
370
18
100
AcDbLine
 10
619.0
 20
150.0
 30
0.0
 11
619.0
 21
146.0
 31
0.0
  0
LINE
  5
73C
330
17
100
AcDbEntity
  8
SIGNAL_ELECTRIC
370
18
100
AcDbLine
 10
619.0
 20
144.0
 30
0.0
 11
619.0
 21
140.0
 31
0.0
  0
LINE
  5
73D
330
17
100
AcDbEntity
  8
SIGNAL_ELECTRIC
370
18
100
AcDbLine
 10
619.0
 20
138.0
 30
0.0
 11
619.0
 21
134.0
 31
0.0
  0
LINE
  5
73E
330
17
100
AcDbEntity
  8
SIGNAL_ELECTRIC
370
18
100
AcDbLine
 10
619.0
 20
132.0
 30
0.0
 11
619.0
 21
128.0
 31
0.0
  0
LINE
  5
73F
330
17
100
AcDbEntity
  8
SIGNAL_ELECTRIC
370
18
100
AcDbLine
 10
619.0
 20
126.0
 30
0.0
 11
619.0
 21
125.0
 31
0.0
  0
LINE
  5
740
330
17
100
AcDbEntity
  8
SIGNAL_ELECTRIC
370
18
100
AcDbLine
 10
470.0
 20
231.0
 30
0.0
 11
470.0
 21
235.0
 31
0.0
  0
LINE
  5
741
330
17
100
AcDbEntity
  8
SIGNAL_ELECTRIC
370
18
100
AcDbLine
 10
470.0
 20
237.0
 30
0.0
 11
470.0
 21
241.0
 31
0.0
  0
LINE
  5
742
330
17
100
AcDbEntity
  8
SIGNAL_ELECTRIC
370
18
100
AcDbLine
 10
470.0
 20
243.0
 30
0.0
 11
470.0
 21
247.0
 31
0.0
  0
LINE
  5
743
330
17
100
AcDbEntity
  8
SIGNAL_ELECTRIC
370
18
100
AcDbLine
 10
470.0
 20
249.0
 30
0.0
 11
470.0
 21
253.0
 31
0.0
  0
LINE
  5
744
330
17
100
AcDbEntity
  8
SIGNAL_ELECTRIC
370
18
100
AcDbLine
 10
470.0
 20
255.0
 30
0.0
 11
470.0
 21
259.0
 31
0.0
  0
LINE
  5
745
330
17
100
AcDbEntity
  8
SIGNAL_ELECTRIC
370
18
100
AcDbLine
 10
470.0
 20
261.0
 30
0.0
 11
470.0
 21
265.0
 31
0.0
  0
LINE
  5
746
330
17
100
AcDbEntity
  8
SIGNAL_ELECTRIC
370
18
100
AcDbLine
 10
470.0
 20
267.0
 30
0.0
 11
470.0
 21
271.0
 31
0.0
  0
LINE
  5
747
330
17
100
AcDbEntity
  8
SIGNAL_ELECTRIC
370
18
100
AcDbLine
 10
470.0
 20
273.0
 30
0.0
 11
470.0
 21
277.0
 31
0.0
  0
LINE
  5
74C
330
17
100
AcDbEntity
  8
SIGNAL_ELECTRIC
370
18
100
AcDbLine
 10
647.0
 20
300.0
 30
0.0
 11
647.0
 21
296.0
 31
0.0
  0
LINE
  5
74D
330
17
100
AcDbEntity
  8
SIGNAL_ELECTRIC
370
18
100
AcDbLine
 10
647.0
 20
294.0
 30
0.0
 11
647.0
 21
290.0
 31
0.0
  0
LINE
  5
74E
330
17
100
AcDbEntity
  8
SIGNAL_ELECTRIC
370
18
100
AcDbLine
 10
647.0
 20
288.0
 30
0.0
 11
647.0
 21
284.0
 31
0.0
  0
LINE
  5
74F
330
17
100
AcDbEntity
  8
SIGNAL_ELECTRIC
370
18
100
AcDbLine
 10
647.0
 20
282.0
 30
0.0
 11
647.0
 21
278.0
 31
0.0
  0
LINE
  5
750
330
17
100
AcDbEntity
  8
SIGNAL_ELECTRIC
370
18
100
AcDbLine
 10
647.0
 20
276.0
 30
0.0
 11
647.0
 21
272.0
 31
0.0
  0
LINE
  5
751
330
17
100
AcDbEntity
  8
SIGNAL_ELECTRIC
370
18
100
AcDbLine
 10
647.0
 20
270.0
 30
0.0
 11
647.0
 21
266.0
 31
0.0
  0
LINE
  5
752
330
17
100
AcDbEntity
  8
SIGNAL_ELECTRIC
370
18
100
AcDbLine
 10
647.0
 20
264.0
 30
0.0
 11
647.0
 21
260.0
 31
0.0
  0
LINE
  5
753
330
17
100
AcDbEntity
  8
SIGNAL_ELECTRIC
370
18
100
AcDbLine
 10
647.0
 20
258.0
 30
0.0
 11
647.0
 21
254.0
 31
0.0
  0
LINE
  5
754
330
17
100
AcDbEntity
  8
SIGNAL_ELECTRIC
370
18
100
AcDbLine
 10
647.0
 20
252.0
 30
0.0
 11
647.0
 21
248.0
 31
0.0
  0
LINE
  5
755
330
17
100
AcDbEntity
  8
SIGNAL_ELECTRIC
370
18
100
AcDbLine
 10
647.0
 20
246.0
 30
0.0
 11
647.0
 21
242.0
 31
0.0
  0
LINE
  5
756
330
17
100
AcDbEntity
  8
SIGNAL_ELECTRIC
370
18
100
AcDbLine
 10
647.0
 20
240.0
 30
0.0
 11
647.0
 21
236.0
 31
0.0
  0
LINE
  5
757
330
17
100
AcDbEntity
  8
SIGNAL_ELECTRIC
370
18
100
AcDbLine
 10
647.0
 20
234.0
 30
0.0
 11
647.0
 21
230.0
 31
0.0
  0
LINE
  5
758
330
17
100
AcDbEntity
  8
SIGNAL_ELECTRIC
370
18
100
AcDbLine
 10
647.0
 20
228.0
 30
0.0
 11
647.0
 21
224.0
 31
0.0
  0
LINE
  5
759
330
17
100
AcDbEntity
  8
SIGNAL_ELECTRIC
370
18
100
AcDbLine
 10
647.0
 20
222.0
 30
0.0
 11
647.0
 21
218.0
 31
0.0
  0
LINE
  5
75A
330
17
100
AcDbEntity
  8
SIGNAL_ELECTRIC
370
18
100
AcDbLine
 10
647.0
 20
216.0
 30
0.0
 11
647.0
 21
212.0
 31
0.0
  0
LINE
  5
75B
330
17
100
AcDbEntity
  8
SIGNAL_ELECTRIC
370
18
100
AcDbLine
 10
647.0
 20
210.0
 30
0.0
 11
647.0
 21
206.0
 31
0.0
  0
LINE
  5
75C
330
17
100
AcDbEntity
  8
SIGNAL_ELECTRIC
370
18
100
AcDbLine
 10
647.0
 20
204.0
 30
0.0
 11
647.0
 21
200.0
 31
0.0
  0
LINE
  5
75D
330
17
100
AcDbEntity
  8
SIGNAL_ELECTRIC
370
18
100
AcDbLine
 10
647.0
 20
198.0
 30
0.0
 11
647.0
 21
194.0
 31
0.0
  0
LINE
  5
75E
330
17
100
AcDbEntity
  8
SIGNAL_ELECTRIC
370
18
100
AcDbLine
 10
647.0
 20
192.0
 30
0.0
 11
647.0
 21
188.0
 31
0.0
  0
LINE
  5
75F
330
17
100
AcDbEntity
  8
SIGNAL_ELECTRIC
370
18
100
AcDbLine
 10
647.0
 20
186.0
 30
0.0
 11
647.0
 21
182.0
 31
0.0
  0
LINE
  5
760
330
17
100
AcDbEntity
  8
SIGNAL_ELECTRIC
370
18
100
AcDbLine
 10
647.0
 20
180.0
 30
0.0
 11
647.0
 21
176.0
 31
0.0
  0
LINE
  5
761
330
17
100
AcDbEntity
  8
SIGNAL_ELECTRIC
370
18
100
AcDbLine
 10
647.0
 20
174.0
 30
0.0
 11
647.0
 21
170.0
 31
0.0
  0
LINE
  5
762
330
17
100
AcDbEntity
  8
SIGNAL_ELECTRIC
370
18
100
AcDbLine
 10
647.0
 20
168.0
 30
0.0
 11
647.0
 21
164.0
 31
0.0
  0
LINE
  5
763
330
17
100
AcDbEntity
  8
SIGNAL_ELECTRIC
370
18
100
AcDbLine
 10
647.0
 20
162.0
 30
0.0
 11
647.0
 21
158.0
 31
0.0
  0
LINE
  5
764
330
17
100
AcDbEntity
  8
SIGNAL_ELECTRIC
370
18
100
AcDbLine
 10
647.0
 20
156.0
 30
0.0
 11
647.0
 21
152.0
 31
0.0
  0
LINE
  5
765
330
17
100
AcDbEntity
  8
SIGNAL_ELECTRIC
370
18
100
AcDbLine
 10
647.0
 20
150.0
 30
0.0
 11
647.0
 21
146.0
 31
0.0
  0
LINE
  5
766
330
17
100
AcDbEntity
  8
SIGNAL_ELECTRIC
370
18
100
AcDbLine
 10
647.0
 20
144.0
 30
0.0
 11
647.0
 21
140.0
 31
0.0
  0
LINE
  5
767
330
17
100
AcDbEntity
  8
SIGNAL_ELECTRIC
370
18
100
AcDbLine
 10
647.0
 20
138.0
 30
0.0
 11
647.0
 21
134.0
 31
0.0
  0
LINE
  5
768
330
17
100
AcDbEntity
  8
SIGNAL_ELECTRIC
370
18
100
AcDbLine
 10
647.0
 20
132.0
 30
0.0
 11
647.0
 21
128.0
 31
0.0
  0
LINE
  5
769
330
17
100
AcDbEntity
  8
SIGNAL_ELECTRIC
370
18
100
AcDbLine
 10
647.0
 20
126.0
 30
0.0
 11
647.0
 21
125.0
 31
0.0
  0
LINE
  5
76A
330
17
100
AcDbEntity
  8
SIGNAL_ELECTRIC
370
18
100
AcDbLine
 10
470.0
 20
186.0
 30
0.0
 11
470.0
 21
190.0
 31
0.0
  0
LINE
  5
76B
330
17
100
AcDbEntity
  8
SIGNAL_ELECTRIC
370
18
100
AcDbLine
 10
470.0
 20
192.0
 30
0.0
 11
470.0
 21
196.0
 31
0.0
  0
LINE
  5
76C
330
17
100
AcDbEntity
  8
SIGNAL_ELECTRIC
370
18
100
AcDbLine
 10
470.0
 20
198.0
 30
0.0
 11
470.0
 21
202.0
 31
0.0
  0
LINE
  5
76D
330
17
100
AcDbEntity
  8
SIGNAL_ELECTRIC
370
18
100
AcDbLine
 10
470.0
 20
204.0
 30
0.0
 11
470.0
 21
208.0
 31
0.0
  0
LINE
  5
76E
330
17
100
AcDbEntity
  8
SIGNAL_ELECTRIC
370
18
100
AcDbLine
 10
470.0
 20
210.0
 30
0.0
 11
470.0
 21
214.0
 31
0.0
  0
LINE
  5
76F
330
17
100
AcDbEntity
  8
SIGNAL_ELECTRIC
370
18
100
AcDbLine
 10
470.0
 20
216.0
 30
0.0
 11
470.0
 21
220.0
 31
0.0
  0
LINE
  5
770
330
17
100
AcDbEntity
  8
SIGNAL_ELECTRIC
370
18
100
AcDbLine
 10
470.0
 20
222.0
 30
0.0
 11
470.0
 21
226.0
 31
0.0
  0
LINE
  5
771
330
17
100
AcDbEntity
  8
SIGNAL_ELECTRIC
370
18
100
AcDbLine
 10
470.0
 20
228.0
 30
0.0
 11
470.0
 21
232.0
 31
0.0
  0
LINE
  5
772
330
17
100
AcDbEntity
  8
SIGNAL_ELECTRIC
370
18
100
AcDbLine
 10
470.0
 20
234.0
 30
0.0
 11
470.0
 21
238.0
 31
0.0
  0
LINE
  5
773
330
17
100
AcDbEntity
  8
SIGNAL_ELECTRIC
370
18
100
AcDbLine
 10
470.0
 20
240.0
 30
0.0
 11
470.0
 21
244.0
 31
0.0
  0
LINE
  5
774
330
17
100
AcDbEntity
  8
SIGNAL_ELECTRIC
370
18
100
AcDbLine
 10
470.0
 20
246.0
 30
0.0
 11
470.0
 21
250.0
 31
0.0
  0
LINE
  5
775
330
17
100
AcDbEntity
  8
SIGNAL_ELECTRIC
370
18
100
AcDbLine
 10
470.0
 20
252.0
 30
0.0
 11
470.0
 21
256.0
 31
0.0
  0
LINE
  5
776
330
17
100
AcDbEntity
  8
SIGNAL_ELECTRIC
370
18
100
AcDbLine
 10
470.0
 20
258.0
 30
0.0
 11
470.0
 21
262.0
 31
0.0
  0
LINE
  5
777
330
17
100
AcDbEntity
  8
SIGNAL_ELECTRIC
370
18
100
AcDbLine
 10
470.0
 20
264.0
 30
0.0
 11
470.0
 21
268.0
 31
0.0
  0
LINE
  5
778
330
17
100
AcDbEntity
  8
SIGNAL_ELECTRIC
370
18
100
AcDbLine
 10
470.0
 20
270.0
 30
0.0
 11
470.0
 21
274.0
 31
0.0
  0
LINE
  5
77D
330
17
100
AcDbEntity
  8
SIGNAL_ELECTRIC
370
18
100
AcDbLine
 10
675.0
 20
300.0
 30
0.0
 11
675.0
 21
296.0
 31
0.0
  0
LINE
  5
77E
330
17
100
AcDbEntity
  8
SIGNAL_ELECTRIC
370
18
100
AcDbLine
 10
675.0
 20
294.0
 30
0.0
 11
675.0
 21
290.0
 31
0.0
  0
LINE
  5
77F
330
17
100
AcDbEntity
  8
SIGNAL_ELECTRIC
370
18
100
AcDbLine
 10
675.0
 20
288.0
 30
0.0
 11
675.0
 21
284.0
 31
0.0
  0
LINE
  5
780
330
17
100
AcDbEntity
  8
SIGNAL_ELECTRIC
370
18
100
AcDbLine
 10
675.0
 20
282.0
 30
0.0
 11
675.0
 21
278.0
 31
0.0
  0
LINE
  5
781
330
17
100
AcDbEntity
  8
SIGNAL_ELECTRIC
370
18
100
AcDbLine
 10
675.0
 20
276.0
 30
0.0
 11
675.0
 21
272.0
 31
0.0
  0
LINE
  5
782
330
17
100
AcDbEntity
  8
SIGNAL_ELECTRIC
370
18
100
AcDbLine
 10
675.0
 20
270.0
 30
0.0
 11
675.0
 21
266.0
 31
0.0
  0
LINE
  5
783
330
17
100
AcDbEntity
  8
SIGNAL_ELECTRIC
370
18
100
AcDbLine
 10
675.0
 20
264.0
 30
0.0
 11
675.0
 21
260.0
 31
0.0
  0
LINE
  5
784
330
17
100
AcDbEntity
  8
SIGNAL_ELECTRIC
370
18
100
AcDbLine
 10
675.0
 20
258.0
 30
0.0
 11
675.0
 21
254.0
 31
0.0
  0
LINE
  5
785
330
17
100
AcDbEntity
  8
SIGNAL_ELECTRIC
370
18
100
AcDbLine
 10
675.0
 20
252.0
 30
0.0
 11
675.0
 21
248.0
 31
0.0
  0
LINE
  5
786
330
17
100
AcDbEntity
  8
SIGNAL_ELECTRIC
370
18
100
AcDbLine
 10
675.0
 20
246.0
 30
0.0
 11
675.0
 21
242.0
 31
0.0
  0
LINE
  5
787
330
17
100
AcDbEntity
  8
SIGNAL_ELECTRIC
370
18
100
AcDbLine
 10
675.0
 20
240.0
 30
0.0
 11
675.0
 21
236.0
 31
0.0
  0
LINE
  5
788
330
17
100
AcDbEntity
  8
SIGNAL_ELECTRIC
370
18
100
AcDbLine
 10
675.0
 20
234.0
 30
0.0
 11
675.0
 21
230.0
 31
0.0
  0
LINE
  5
789
330
17
100
AcDbEntity
  8
SIGNAL_ELECTRIC
370
18
100
AcDbLine
 10
675.0
 20
228.0
 30
0.0
 11
675.0
 21
224.0
 31
0.0
  0
LINE
  5
78A
330
17
100
AcDbEntity
  8
SIGNAL_ELECTRIC
370
18
100
AcDbLine
 10
675.0
 20
222.0
 30
0.0
 11
675.0
 21
218.0
 31
0.0
  0
LINE
  5
78B
330
17
100
AcDbEntity
  8
SIGNAL_ELECTRIC
370
18
100
AcDbLine
 10
675.0
 20
216.0
 30
0.0
 11
675.0
 21
212.0
 31
0.0
  0
LINE
  5
78C
330
17
100
AcDbEntity
  8
SIGNAL_ELECTRIC
370
18
100
AcDbLine
 10
675.0
 20
210.0
 30
0.0
 11
675.0
 21
206.0
 31
0.0
  0
LINE
  5
78D
330
17
100
AcDbEntity
  8
SIGNAL_ELECTRIC
370
18
100
AcDbLine
 10
675.0
 20
204.0
 30
0.0
 11
675.0
 21
200.0
 31
0.0
  0
LINE
  5
78E
330
17
100
AcDbEntity
  8
SIGNAL_ELECTRIC
370
18
100
AcDbLine
 10
675.0
 20
198.0
 30
0.0
 11
675.0
 21
194.0
 31
0.0
  0
LINE
  5
78F
330
17
100
AcDbEntity
  8
SIGNAL_ELECTRIC
370
18
100
AcDbLine
 10
675.0
 20
192.0
 30
0.0
 11
675.0
 21
188.0
 31
0.0
  0
LINE
  5
790
330
17
100
AcDbEntity
  8
SIGNAL_ELECTRIC
370
18
100
AcDbLine
 10
675.0
 20
186.0
 30
0.0
 11
675.0
 21
182.0
 31
0.0
  0
LINE
  5
791
330
17
100
AcDbEntity
  8
SIGNAL_ELECTRIC
370
18
100
AcDbLine
 10
675.0
 20
180.0
 30
0.0
 11
675.0
 21
176.0
 31
0.0
  0
LINE
  5
792
330
17
100
AcDbEntity
  8
SIGNAL_ELECTRIC
370
18
100
AcDbLine
 10
675.0
 20
174.0
 30
0.0
 11
675.0
 21
170.0
 31
0.0
  0
LINE
  5
793
330
17
100
AcDbEntity
  8
SIGNAL_ELECTRIC
370
18
100
AcDbLine
 10
675.0
 20
168.0
 30
0.0
 11
675.0
 21
164.0
 31
0.0
  0
LINE
  5
794
330
17
100
AcDbEntity
  8
SIGNAL_ELECTRIC
370
18
100
AcDbLine
 10
675.0
 20
162.0
 30
0.0
 11
675.0
 21
158.0
 31
0.0
  0
LINE
  5
795
330
17
100
AcDbEntity
  8
SIGNAL_ELECTRIC
370
18
100
AcDbLine
 10
675.0
 20
156.0
 30
0.0
 11
675.0
 21
152.0
 31
0.0
  0
LINE
  5
796
330
17
100
AcDbEntity
  8
SIGNAL_ELECTRIC
370
18
100
AcDbLine
 10
675.0
 20
150.0
 30
0.0
 11
675.0
 21
146.0
 31
0.0
  0
LINE
  5
797
330
17
100
AcDbEntity
  8
SIGNAL_ELECTRIC
370
18
100
AcDbLine
 10
675.0
 20
144.0
 30
0.0
 11
675.0
 21
140.0
 31
0.0
  0
LINE
  5
798
330
17
100
AcDbEntity
  8
SIGNAL_ELECTRIC
370
18
100
AcDbLine
 10
675.0
 20
138.0
 30
0.0
 11
675.0
 21
134.0
 31
0.0
  0
LINE
  5
799
330
17
100
AcDbEntity
  8
SIGNAL_ELECTRIC
370
18
100
AcDbLine
 10
675.0
 20
132.0
 30
0.0
 11
675.0
 21
128.0
 31
0.0
  0
LINE
  5
79A
330
17
100
AcDbEntity
  8
SIGNAL_ELECTRIC
370
18
100
AcDbLine
 10
675.0
 20
126.0
 30
0.0
 11
675.0
 21
125.0
 31
0.0
  0
LINE
  5
79B
330
17
100
AcDbEntity
  8
SIGNAL_ELECTRIC
370
18
100
AcDbLine
 10
970.0
 20
285.0
 30
0.0
 11
970.0
 21
289.0
 31
0.0
  0
LINE
  5
79C
330
17
100
AcDbEntity
  8
SIGNAL_ELECTRIC
370
18
100
AcDbLine
 10
970.0
 20
291.0
 30
0.0
 11
970.0
 21
295.0
 31
0.0
  0
LINE
  5
79D
330
17
100
AcDbEntity
  8
SIGNAL_ELECTRIC
370
18
100
AcDbLine
 10
970.0
 20
297.0
 30
0.0
 11
970.0
 21
301.0
 31
0.0
  0
LINE
  5
79E
330
17
100
AcDbEntity
  8
SIGNAL_ELECTRIC
370
18
100
AcDbLine
 10
970.0
 20
303.0
 30
0.0
 11
970.0
 21
307.0
 31
0.0
  0
LINE
  5
79F
330
17
100
AcDbEntity
  8
SIGNAL_ELECTRIC
370
18
100
AcDbLine
 10
970.0
 20
309.0
 30
0.0
 11
970.0
 21
313.0
 31
0.0
  0
LINE
  5
7A0
330
17
100
AcDbEntity
  8
SIGNAL_ELECTRIC
370
18
100
AcDbLine
 10
970.0
 20
315.0
 30
0.0
 11
970.0
 21
319.0
 31
0.0
  0
LINE
  5
7A1
330
17
100
AcDbEntity
  8
SIGNAL_ELECTRIC
370
18
100
AcDbLine
 10
970.0
 20
321.0
 30
0.0
 11
970.0
 21
325.0
 31
0.0
  0
LINE
  5
7A2
330
17
100
AcDbEntity
  8
SIGNAL_ELECTRIC
370
18
100
AcDbLine
 10
970.0
 20
327.0
 30
0.0
 11
970.0
 21
331.0
 31
0.0
  0
LINE
  5
7A3
330
17
100
AcDbEntity
  8
SIGNAL_ELECTRIC
370
18
100
AcDbLine
 10
970.0
 20
333.0
 30
0.0
 11
970.0
 21
337.0
 31
0.0
  0
LINE
  5
7A4
330
17
100
AcDbEntity
  8
SIGNAL_ELECTRIC
370
18
100
AcDbLine
 10
970.0
 20
339.0
 30
0.0
 11
970.0
 21
343.0
 31
0.0
  0
LINE
  5
7A5
330
17
100
AcDbEntity
  8
SIGNAL_ELECTRIC
370
18
100
AcDbLine
 10
970.0
 20
345.0
 30
0.0
 11
970.0
 21
349.0
 31
0.0
  0
LINE
  5
7A6
330
17
100
AcDbEntity
  8
SIGNAL_ELECTRIC
370
18
100
AcDbLine
 10
970.0
 20
351.0
 30
0.0
 11
970.0
 21
355.0
 31
0.0
  0
LINE
  5
7A7
330
17
100
AcDbEntity
  8
SIGNAL_ELECTRIC
370
18
100
AcDbLine
 10
970.0
 20
357.0
 30
0.0
 11
970.0
 21
361.0
 31
0.0
  0
LINE
  5
7A8
330
17
100
AcDbEntity
  8
SIGNAL_ELECTRIC
370
18
100
AcDbLine
 10
970.0
 20
363.0
 30
0.0
 11
970.0
 21
367.0
 31
0.0
  0
LINE
  5
7A9
330
17
100
AcDbEntity
  8
SIGNAL_ELECTRIC
370
18
100
AcDbLine
 10
970.0
 20
369.0
 30
0.0
 11
970.0
 21
373.0
 31
0.0
  0
LINE
  5
7AA
330
17
100
AcDbEntity
  8
SIGNAL_ELECTRIC
370
18
100
AcDbLine
 10
970.0
 20
375.0
 30
0.0
 11
970.0
 21
379.0
 31
0.0
  0
LINE
  5
7AB
330
17
100
AcDbEntity
  8
SIGNAL_ELECTRIC
370
18
100
AcDbLine
 10
970.0
 20
381.0
 30
0.0
 11
970.0
 21
385.0
 31
0.0
  0
LINE
  5
7AC
330
17
100
AcDbEntity
  8
SIGNAL_ELECTRIC
370
18
100
AcDbLine
 10
970.0
 20
387.0
 30
0.0
 11
970.0
 21
391.0
 31
0.0
  0
LINE
  5
7AD
330
17
100
AcDbEntity
  8
SIGNAL_ELECTRIC
370
18
100
AcDbLine
 10
970.0
 20
393.0
 30
0.0
 11
970.0
 21
397.0
 31
0.0
  0
LINE
  5
7AE
330
17
100
AcDbEntity
  8
SIGNAL_ELECTRIC
370
18
100
AcDbLine
 10
970.0
 20
399.0
 30
0.0
 11
970.0
 21
403.0
 31
0.0
  0
LINE
  5
7AF
330
17
100
AcDbEntity
  8
SIGNAL_ELECTRIC
370
18
100
AcDbLine
 10
970.0
 20
405.0
 30
0.0
 11
970.0
 21
409.0
 31
0.0
  0
LINE
  5
7B0
330
17
100
AcDbEntity
  8
SIGNAL_ELECTRIC
370
18
100
AcDbLine
 10
970.0
 20
411.0
 30
0.0
 11
970.0
 21
415.0
 31
0.0
  0
LINE
  5
7B1
330
17
100
AcDbEntity
  8
SIGNAL_ELECTRIC
370
18
100
AcDbLine
 10
970.0
 20
417.0
 30
0.0
 11
970.0
 21
421.0
 31
0.0
  0
LINE
  5
7B2
330
17
100
AcDbEntity
  8
SIGNAL_ELECTRIC
370
18
100
AcDbLine
 10
970.0
 20
423.0
 30
0.0
 11
970.0
 21
427.0
 31
0.0
  0
LINE
  5
7B3
330
17
100
AcDbEntity
  8
SIGNAL_ELECTRIC
370
18
100
AcDbLine
 10
970.0
 20
429.0
 30
0.0
 11
970.0
 21
433.0
 31
0.0
  0
LINE
  5
7B4
330
17
100
AcDbEntity
  8
SIGNAL_ELECTRIC
370
18
100
AcDbLine
 10
970.0
 20
435.0
 30
0.0
 11
970.0
 21
439.0
 31
0.0
  0
LINE
  5
7B5
330
17
100
AcDbEntity
  8
SIGNAL_ELECTRIC
370
18
100
AcDbLine
 10
970.0
 20
441.0
 30
0.0
 11
970.0
 21
445.0
 31
0.0
  0
LINE
  5
7B6
330
17
100
AcDbEntity
  8
SIGNAL_ELECTRIC
370
18
100
AcDbLine
 10
970.0
 20
447.0
 30
0.0
 11
970.0
 21
451.0
 31
0.0
  0
LINE
  5
7B7
330
17
100
AcDbEntity
  8
SIGNAL_ELECTRIC
370
18
100
AcDbLine
 10
970.0
 20
453.0
 30
0.0
 11
970.0
 21
457.0
 31
0.0
  0
LINE
  5
7B8
330
17
100
AcDbEntity
  8
SIGNAL_ELECTRIC
370
18
100
AcDbLine
 10
970.0
 20
459.0
 30
0.0
 11
970.0
 21
463.0
 31
0.0
  0
LINE
  5
7B9
330
17
100
AcDbEntity
  8
SIGNAL_ELECTRIC
370
18
100
AcDbLine
 10
970.0
 20
465.0
 30
0.0
 11
970.0
 21
469.0
 31
0.0
  0
LINE
  5
7BA
330
17
100
AcDbEntity
  8
SIGNAL_ELECTRIC
370
18
100
AcDbLine
 10
970.0
 20
471.0
 30
0.0
 11
970.0
 21
475.0
 31
0.0
  0
LINE
  5
7BB
330
17
100
AcDbEntity
  8
SIGNAL_ELECTRIC
370
18
100
AcDbLine
 10
970.0
 20
477.0
 30
0.0
 11
970.0
 21
481.0
 31
0.0
  0
LINE
  5
7BC
330
17
100
AcDbEntity
  8
SIGNAL_ELECTRIC
370
18
100
AcDbLine
 10
970.0
 20
483.0
 30
0.0
 11
970.0
 21
487.0
 31
0.0
  0
LINE
  5
7BD
330
17
100
AcDbEntity
  8
SIGNAL_ELECTRIC
370
18
100
AcDbLine
 10
970.0
 20
489.0
 30
0.0
 11
970.0
 21
493.0
 31
0.0
  0
LINE
  5
7BE
330
17
100
AcDbEntity
  8
SIGNAL_ELECTRIC
370
18
100
AcDbLine
 10
970.0
 20
495.0
 30
0.0
 11
970.0
 21
499.0
 31
0.0
  0
LINE
  5
7BF
330
17
100
AcDbEntity
  8
SIGNAL_ELECTRIC
370
18
100
AcDbLine
 10
970.0
 20
501.0
 30
0.0
 11
970.0
 21
505.0
 31
0.0
  0
LINE
  5
7C0
330
17
100
AcDbEntity
  8
SIGNAL_ELECTRIC
370
18
100
AcDbLine
 10
970.0
 20
507.0
 30
0.0
 11
970.0
 21
511.0
 31
0.0
  0
LINE
  5
7C1
330
17
100
AcDbEntity
  8
SIGNAL_ELECTRIC
370
18
100
AcDbLine
 10
970.0
 20
513.0
 30
0.0
 11
970.0
 21
517.0
 31
0.0
  0
LINE
  5
7C2
330
17
100
AcDbEntity
  8
SIGNAL_ELECTRIC
370
18
100
AcDbLine
 10
970.0
 20
519.0
 30
0.0
 11
970.0
 21
523.0
 31
0.0
  0
LINE
  5
7C3
330
17
100
AcDbEntity
  8
SIGNAL_ELECTRIC
370
18
100
AcDbLine
 10
970.0
 20
525.0
 30
0.0
 11
970.0
 21
529.0
 31
0.0
  0
LINE
  5
7C4
330
17
100
AcDbEntity
  8
SIGNAL_ELECTRIC
370
18
100
AcDbLine
 10
970.0
 20
531.0
 30
0.0
 11
970.0
 21
535.0
 31
0.0
  0
LINE
  5
7C5
330
17
100
AcDbEntity
  8
SIGNAL_ELECTRIC
370
18
100
AcDbLine
 10
970.0
 20
537.0
 30
0.0
 11
970.0
 21
541.0
 31
0.0
  0
LINE
  5
7C6
330
17
100
AcDbEntity
  8
SIGNAL_ELECTRIC
370
18
100
AcDbLine
 10
970.0
 20
543.0
 30
0.0
 11
970.0
 21
547.0
 31
0.0
  0
LINE
  5
7C7
330
17
100
AcDbEntity
  8
SIGNAL_ELECTRIC
370
18
100
AcDbLine
 10
970.0
 20
549.0
 30
0.0
 11
970.0
 21
553.0
 31
0.0
  0
LINE
  5
7C8
330
17
100
AcDbEntity
  8
SIGNAL_ELECTRIC
370
18
100
AcDbLine
 10
970.0
 20
555.0
 30
0.0
 11
970.0
 21
559.0
 31
0.0
  0
LINE
  5
7C9
330
17
100
AcDbEntity
  8
SIGNAL_ELECTRIC
370
18
100
AcDbLine
 10
970.0
 20
561.0
 30
0.0
 11
970.0
 21
565.0
 31
0.0
  0
LINE
  5
7CA
330
17
100
AcDbEntity
  8
SIGNAL_ELECTRIC
370
18
100
AcDbLine
 10
970.0
 20
567.0
 30
0.0
 11
970.0
 21
571.0
 31
0.0
  0
LINE
  5
7D2
330
17
100
AcDbEntity
  8
SIGNAL_ELECTRIC
370
18
100
AcDbLine
 10
970.0
 20
615.0
 30
0.0
 11
970.0
 21
619.0
 31
0.0
  0
LINE
  5
7D3
330
17
100
AcDbEntity
  8
SIGNAL_ELECTRIC
370
18
100
AcDbLine
 10
970.0
 20
621.0
 30
0.0
 11
970.0
 21
625.0
 31
0.0
  0
LINE
  5
7D4
330
17
100
AcDbEntity
  8
SIGNAL_ELECTRIC
370
18
100
AcDbLine
 10
970.0
 20
627.0
 30
0.0
 11
970.0
 21
631.0
 31
0.0
  0
LINE
  5
7D5
330
17
100
AcDbEntity
  8
SIGNAL_ELECTRIC
370
18
100
AcDbLine
 10
970.0
 20
633.0
 30
0.0
 11
970.0
 21
637.0
 31
0.0
  0
LINE
  5
7D6
330
17
100
AcDbEntity
  8
SIGNAL_ELECTRIC
370
18
100
AcDbLine
 10
970.0
 20
639.0
 30
0.0
 11
970.0
 21
643.0
 31
0.0
  0
LINE
  5
7D7
330
17
100
AcDbEntity
  8
SIGNAL_ELECTRIC
370
18
100
AcDbLine
 10
970.0
 20
645.0
 30
0.0
 11
970.0
 21
649.0
 31
0.0
  0
LINE
  5
7D8
330
17
100
AcDbEntity
  8
SIGNAL_ELECTRIC
370
18
100
AcDbLine
 10
970.0
 20
651.0
 30
0.0
 11
970.0
 21
655.0
 31
0.0
  0
LINE
  5
7D9
330
17
100
AcDbEntity
  8
SIGNAL_ELECTRIC
370
18
100
AcDbLine
 10
970.0
 20
657.0
 30
0.0
 11
970.0
 21
661.0
 31
0.0
  0
LINE
  5
7DA
330
17
100
AcDbEntity
  8
SIGNAL_ELECTRIC
370
18
100
AcDbLine
 10
970.0
 20
663.0
 30
0.0
 11
970.0
 21
667.0
 31
0.0
  0
LINE
  5
7DB
330
17
100
AcDbEntity
  8
SIGNAL_ELECTRIC
370
18
100
AcDbLine
 10
970.0
 20
669.0
 30
0.0
 11
970.0
 21
673.0
 31
0.0
  0
LINE
  5
7DC
330
17
100
AcDbEntity
  8
SIGNAL_ELECTRIC
370
18
100
AcDbLine
 10
970.0
 20
675.0
 30
0.0
 11
970.0
 21
679.0
 31
0.0
  0
LINE
  5
7DD
330
17
100
AcDbEntity
  8
SIGNAL_ELECTRIC
370
18
100
AcDbLine
 10
970.0
 20
681.0
 30
0.0
 11
970.0
 21
685.0
 31
0.0
  0
LINE
  5
7DE
330
17
100
AcDbEntity
  8
SIGNAL_ELECTRIC
370
18
100
AcDbLine
 10
970.0
 20
687.0
 30
0.0
 11
970.0
 21
691.0
 31
0.0
  0
LINE
  5
7DF
330
17
100
AcDbEntity
  8
SIGNAL_ELECTRIC
370
18
100
AcDbLine
 10
970.0
 20
693.0
 30
0.0
 11
970.0
 21
697.0
 31
0.0
  0
LINE
  5
7E0
330
17
100
AcDbEntity
  8
SIGNAL_ELECTRIC
370
18
100
AcDbLine
 10
970.0
 20
699.0
 30
0.0
 11
970.0
 21
700.0
 31
0.0
  0
LINE
  5
7E7
330
17
100
AcDbEntity
  8
SIGNAL_ELECTRIC
370
18
100
AcDbLine
 10
506.0
 20
300.0
 30
0.0
 11
510.0
 21
300.0
 31
0.0
  0
LINE
  5
7E8
330
17
100
AcDbEntity
  8
SIGNAL_ELECTRIC
370
18
100
AcDbLine
 10
512.0
 20
300.0
 30
0.0
 11
516.0
 21
300.0
 31
0.0
  0
LINE
  5
7E9
330
17
100
AcDbEntity
  8
SIGNAL_ELECTRIC
370
18
100
AcDbLine
 10
518.0
 20
300.0
 30
0.0
 11
522.0
 21
300.0
 31
0.0
  0
LINE
  5
7EA
330
17
100
AcDbEntity
  8
SIGNAL_ELECTRIC
370
18
100
AcDbLine
 10
524.0
 20
300.0
 30
0.0
 11
528.0
 21
300.0
 31
0.0
  0
LINE
  5
7EB
330
17
100
AcDbEntity
  8
SIGNAL_ELECTRIC
370
18
100
AcDbLine
 10
530.0
 20
300.0
 30
0.0
 11
534.0
 21
300.0
 31
0.0
  0
LINE
  5
7EC
330
17
100
AcDbEntity
  8
SIGNAL_ELECTRIC
370
18
100
AcDbLine
 10
536.0
 20
300.0
 30
0.0
 11
540.0
 21
300.0
 31
0.0
  0
LINE
  5
7ED
330
17
100
AcDbEntity
  8
SIGNAL_ELECTRIC
370
18
100
AcDbLine
 10
542.0
 20
300.0
 30
0.0
 11
546.0
 21
300.0
 31
0.0
  0
LINE
  5
7EE
330
17
100
AcDbEntity
  8
SIGNAL_ELECTRIC
370
18
100
AcDbLine
 10
548.0
 20
300.0
 30
0.0
 11
552.0
 21
300.0
 31
0.0
  0
LINE
  5
7EF
330
17
100
AcDbEntity
  8
SIGNAL_ELECTRIC
370
18
100
AcDbLine
 10
554.0
 20
300.0
 30
0.0
 11
558.0
 21
300.0
 31
0.0
  0
LINE
  5
7F0
330
17
100
AcDbEntity
  8
SIGNAL_ELECTRIC
370
18
100
AcDbLine
 10
560.0
 20
300.0
 30
0.0
 11
564.0
 21
300.0
 31
0.0
  0
LINE
  5
7F1
330
17
100
AcDbEntity
  8
SIGNAL_ELECTRIC
370
18
100
AcDbLine
 10
566.0
 20
300.0
 30
0.0
 11
570.0
 21
300.0
 31
0.0
  0
LINE
  5
7F2
330
17
100
AcDbEntity
  8
SIGNAL_ELECTRIC
370
18
100
AcDbLine
 10
572.0
 20
300.0
 30
0.0
 11
576.0
 21
300.0
 31
0.0
  0
LINE
  5
7F3
330
17
100
AcDbEntity
  8
SIGNAL_ELECTRIC
370
18
100
AcDbLine
 10
578.0
 20
300.0
 30
0.0
 11
582.0
 21
300.0
 31
0.0
  0
LINE
  5
7F4
330
17
100
AcDbEntity
  8
SIGNAL_ELECTRIC
370
18
100
AcDbLine
 10
584.0
 20
300.0
 30
0.0
 11
588.0
 21
300.0
 31
0.0
  0
LINE
  5
7F5
330
17
100
AcDbEntity
  8
SIGNAL_ELECTRIC
370
18
100
AcDbLine
 10
590.0
 20
300.0
 30
0.0
 11
594.0
 21
300.0
 31
0.0
  0
LINE
  5
7F6
330
17
100
AcDbEntity
  8
SIGNAL_ELECTRIC
370
18
100
AcDbLine
 10
596.0
 20
300.0
 30
0.0
 11
600.0
 21
300.0
 31
0.0
  0
LINE
  5
7F7
330
17
100
AcDbEntity
  8
SIGNAL_ELECTRIC
370
18
100
AcDbLine
 10
602.0
 20
300.0
 30
0.0
 11
606.0
 21
300.0
 31
0.0
  0
LINE
  5
7F8
330
17
100
AcDbEntity
  8
SIGNAL_ELECTRIC
370
18
100
AcDbLine
 10
608.0
 20
300.0
 30
0.0
 11
612.0
 21
300.0
 31
0.0
  0
LINE
  5
7F9
330
17
100
AcDbEntity
  8
SIGNAL_ELECTRIC
370
18
100
AcDbLine
 10
614.0
 20
300.0
 30
0.0
 11
618.0
 21
300.0
 31
0.0
  0
LINE
  5
7FA
330
17
100
AcDbEntity
  8
SIGNAL_ELECTRIC
370
18
100
AcDbLine
 10
620.0
 20
300.0
 30
0.0
 11
624.0
 21
300.0
 31
0.0
  0
LINE
  5
7FB
330
17
100
AcDbEntity
  8
SIGNAL_ELECTRIC
370
18
100
AcDbLine
 10
626.0
 20
300.0
 30
0.0
 11
630.0
 21
300.0
 31
0.0
  0
LINE
  5
7FC
330
17
100
AcDbEntity
  8
SIGNAL_ELECTRIC
370
18
100
AcDbLine
 10
632.0
 20
300.0
 30
0.0
 11
636.0
 21
300.0
 31
0.0
  0
LINE
  5
7FD
330
17
100
AcDbEntity
  8
SIGNAL_ELECTRIC
370
18
100
AcDbLine
 10
638.0
 20
300.0
 30
0.0
 11
642.0
 21
300.0
 31
0.0
  0
LINE
  5
7FE
330
17
100
AcDbEntity
  8
SIGNAL_ELECTRIC
370
18
100
AcDbLine
 10
644.0
 20
300.0
 30
0.0
 11
648.0
 21
300.0
 31
0.0
  0
LINE
  5
7FF
330
17
100
AcDbEntity
  8
SIGNAL_ELECTRIC
370
18
100
AcDbLine
 10
650.0
 20
300.0
 30
0.0
 11
654.0
 21
300.0
 31
0.0
  0
LINE
  5
800
330
17
100
AcDbEntity
  8
SIGNAL_ELECTRIC
370
18
100
AcDbLine
 10
656.0
 20
300.0
 30
0.0
 11
660.0
 21
300.0
 31
0.0
  0
LINE
  5
801
330
17
100
AcDbEntity
  8
SIGNAL_ELECTRIC
370
18
100
AcDbLine
 10
662.0
 20
300.0
 30
0.0
 11
666.0
 21
300.0
 31
0.0
  0
LINE
  5
802
330
17
100
AcDbEntity
  8
SIGNAL_ELECTRIC
370
18
100
AcDbLine
 10
668.0
 20
300.0
 30
0.0
 11
672.0
 21
300.0
 31
0.0
  0
LINE
  5
803
330
17
100
AcDbEntity
  8
SIGNAL_ELECTRIC
370
18
100
AcDbLine
 10
674.0
 20
300.0
 30
0.0
 11
678.0
 21
300.0
 31
0.0
  0
LINE
  5
804
330
17
100
AcDbEntity
  8
SIGNAL_ELECTRIC
370
18
100
AcDbLine
 10
680.0
 20
300.0
 30
0.0
 11
684.0
 21
300.0
 31
0.0
  0
LINE
  5
805
330
17
100
AcDbEntity
  8
SIGNAL_ELECTRIC
370
18
100
AcDbLine
 10
686.0
 20
300.0
 30
0.0
 11
690.0
 21
300.0
 31
0.0
  0
LINE
  5
806
330
17
100
AcDbEntity
  8
SIGNAL_ELECTRIC
370
18
100
AcDbLine
 10
692.0
 20
300.0
 30
0.0
 11
696.0
 21
300.0
 31
0.0
  0
LINE
  5
807
330
17
100
AcDbEntity
  8
SIGNAL_ELECTRIC
370
18
100
AcDbLine
 10
698.0
 20
300.0
 30
0.0
 11
702.0
 21
300.0
 31
0.0
  0
LINE
  5
808
330
17
100
AcDbEntity
  8
SIGNAL_ELECTRIC
370
18
100
AcDbLine
 10
704.0
 20
300.0
 30
0.0
 11
708.0
 21
300.0
 31
0.0
  0
LINE
  5
809
330
17
100
AcDbEntity
  8
SIGNAL_ELECTRIC
370
18
100
AcDbLine
 10
710.0
 20
300.0
 30
0.0
 11
714.0
 21
300.0
 31
0.0
  0
LINE
  5
80A
330
17
100
AcDbEntity
  8
SIGNAL_ELECTRIC
370
18
100
AcDbLine
 10
716.0
 20
300.0
 30
0.0
 11
720.0
 21
300.0
 31
0.0
  0
LINE
  5
80B
330
17
100
AcDbEntity
  8
SIGNAL_ELECTRIC
370
18
100
AcDbLine
 10
722.0
 20
300.0
 30
0.0
 11
726.0
 21
300.0
 31
0.0
  0
LINE
  5
80C
330
17
100
AcDbEntity
  8
SIGNAL_ELECTRIC
370
18
100
AcDbLine
 10
728.0
 20
300.0
 30
0.0
 11
732.0
 21
300.0
 31
0.0
  0
LINE
  5
80D
330
17
100
AcDbEntity
  8
SIGNAL_ELECTRIC
370
18
100
AcDbLine
 10
734.0
 20
300.0
 30
0.0
 11
738.0
 21
300.0
 31
0.0
  0
LINE
  5
80E
330
17
100
AcDbEntity
  8
SIGNAL_ELECTRIC
370
18
100
AcDbLine
 10
740.0
 20
300.0
 30
0.0
 11
744.0
 21
300.0
 31
0.0
  0
LINE
  5
80F
330
17
100
AcDbEntity
  8
SIGNAL_ELECTRIC
370
18
100
AcDbLine
 10
746.0
 20
300.0
 30
0.0
 11
750.0
 21
300.0
 31
0.0
  0
LINE
  5
810
330
17
100
AcDbEntity
  8
SIGNAL_ELECTRIC
370
18
100
AcDbLine
 10
752.0
 20
300.0
 30
0.0
 11
756.0
 21
300.0
 31
0.0
  0
LINE
  5
811
330
17
100
AcDbEntity
  8
SIGNAL_ELECTRIC
370
18
100
AcDbLine
 10
758.0
 20
300.0
 30
0.0
 11
762.0
 21
300.0
 31
0.0
  0
LINE
  5
812
330
17
100
AcDbEntity
  8
SIGNAL_ELECTRIC
370
18
100
AcDbLine
 10
764.0
 20
300.0
 30
0.0
 11
768.0
 21
300.0
 31
0.0
  0
LINE
  5
813
330
17
100
AcDbEntity
  8
SIGNAL_ELECTRIC
370
18
100
AcDbLine
 10
770.0
 20
300.0
 30
0.0
 11
774.0
 21
300.0
 31
0.0
  0
LINE
  5
814
330
17
100
AcDbEntity
  8
SIGNAL_ELECTRIC
370
18
100
AcDbLine
 10
776.0
 20
300.0
 30
0.0
 11
780.0
 21
300.0
 31
0.0
  0
LINE
  5
815
330
17
100
AcDbEntity
  8
SIGNAL_ELECTRIC
370
18
100
AcDbLine
 10
782.0
 20
300.0
 30
0.0
 11
786.0
 21
300.0
 31
0.0
  0
LINE
  5
816
330
17
100
AcDbEntity
  8
SIGNAL_ELECTRIC
370
18
100
AcDbLine
 10
788.0
 20
300.0
 30
0.0
 11
792.0
 21
300.0
 31
0.0
  0
LINE
  5
817
330
17
100
AcDbEntity
  8
SIGNAL_ELECTRIC
370
18
100
AcDbLine
 10
794.0
 20
300.0
 30
0.0
 11
798.0
 21
300.0
 31
0.0
  0
LINE
  5
818
330
17
100
AcDbEntity
  8
SIGNAL_ELECTRIC
370
18
100
AcDbLine
 10
800.0
 20
300.0
 30
0.0
 11
804.0
 21
300.0
 31
0.0
  0
LINE
  5
819
330
17
100
AcDbEntity
  8
SIGNAL_ELECTRIC
370
18
100
AcDbLine
 10
806.0
 20
300.0
 30
0.0
 11
810.0
 21
300.0
 31
0.0
  0
LINE
  5
81A
330
17
100
AcDbEntity
  8
SIGNAL_ELECTRIC
370
18
100
AcDbLine
 10
812.0
 20
300.0
 30
0.0
 11
816.0
 21
300.0
 31
0.0
  0
LINE
  5
81B
330
17
100
AcDbEntity
  8
SIGNAL_ELECTRIC
370
18
100
AcDbLine
 10
818.0
 20
300.0
 30
0.0
 11
820.0
 21
300.0
 31
0.0
  0
LINE
  5
82F
330
17
100
AcDbEntity
  8
SIGNAL_ELECTRIC
370
18
100
AcDbLine
 10
390.0
 20
303.0
 30
0.0
 11
390.0
 21
307.0
 31
0.0
  0
LINE
  5
830
330
17
100
AcDbEntity
  8
SIGNAL_ELECTRIC
370
18
100
AcDbLine
 10
390.0
 20
309.0
 30
0.0
 11
390.0
 21
313.0
 31
0.0
  0
LINE
  5
831
330
17
100
AcDbEntity
  8
SIGNAL_ELECTRIC
370
18
100
AcDbLine
 10
390.0
 20
315.0
 30
0.0
 11
390.0
 21
319.0
 31
0.0
  0
LINE
  5
832
330
17
100
AcDbEntity
  8
SIGNAL_ELECTRIC
370
18
100
AcDbLine
 10
390.0
 20
321.0
 30
0.0
 11
390.0
 21
325.0
 31
0.0
  0
LINE
  5
833
330
17
100
AcDbEntity
  8
SIGNAL_ELECTRIC
370
18
100
AcDbLine
 10
390.0
 20
327.0
 30
0.0
 11
390.0
 21
331.0
 31
0.0
  0
LINE
  5
834
330
17
100
AcDbEntity
  8
SIGNAL_ELECTRIC
370
18
100
AcDbLine
 10
390.0
 20
333.0
 30
0.0
 11
390.0
 21
337.0
 31
0.0
  0
LINE
  5
835
330
17
100
AcDbEntity
  8
SIGNAL_ELECTRIC
370
18
100
AcDbLine
 10
390.0
 20
339.0
 30
0.0
 11
390.0
 21
343.0
 31
0.0
  0
LINE
  5
836
330
17
100
AcDbEntity
  8
SIGNAL_ELECTRIC
370
18
100
AcDbLine
 10
390.0
 20
345.0
 30
0.0
 11
390.0
 21
349.0
 31
0.0
  0
LINE
  5
837
330
17
100
AcDbEntity
  8
SIGNAL_ELECTRIC
370
18
100
AcDbLine
 10
390.0
 20
351.0
 30
0.0
 11
390.0
 21
355.0
 31
0.0
  0
LINE
  5
838
330
17
100
AcDbEntity
  8
SIGNAL_ELECTRIC
370
18
100
AcDbLine
 10
390.0
 20
357.0
 30
0.0
 11
390.0
 21
361.0
 31
0.0
  0
LINE
  5
839
330
17
100
AcDbEntity
  8
SIGNAL_ELECTRIC
370
18
100
AcDbLine
 10
390.0
 20
363.0
 30
0.0
 11
390.0
 21
367.0
 31
0.0
  0
LINE
  5
83A
330
17
100
AcDbEntity
  8
SIGNAL_ELECTRIC
370
18
100
AcDbLine
 10
390.0
 20
369.0
 30
0.0
 11
390.0
 21
373.0
 31
0.0
  0
LINE
  5
83B
330
17
100
AcDbEntity
  8
SIGNAL_ELECTRIC
370
18
100
AcDbLine
 10
390.0
 20
375.0
 30
0.0
 11
390.0
 21
379.0
 31
0.0
  0
LINE
  5
83C
330
17
100
AcDbEntity
  8
SIGNAL_ELECTRIC
370
18
100
AcDbLine
 10
390.0
 20
381.0
 30
0.0
 11
390.0
 21
385.0
 31
0.0
  0
LINE
  5
83D
330
17
100
AcDbEntity
  8
SIGNAL_ELECTRIC
370
18
100
AcDbLine
 10
390.0
 20
387.0
 30
0.0
 11
390.0
 21
391.0
 31
0.0
  0
LINE
  5
83E
330
17
100
AcDbEntity
  8
SIGNAL_ELECTRIC
370
18
100
AcDbLine
 10
390.0
 20
393.0
 30
0.0
 11
390.0
 21
397.0
 31
0.0
  0
LINE
  5
83F
330
17
100
AcDbEntity
  8
SIGNAL_ELECTRIC
370
18
100
AcDbLine
 10
390.0
 20
399.0
 30
0.0
 11
390.0
 21
403.0
 31
0.0
  0
LINE
  5
840
330
17
100
AcDbEntity
  8
SIGNAL_ELECTRIC
370
18
100
AcDbLine
 10
390.0
 20
405.0
 30
0.0
 11
390.0
 21
409.0
 31
0.0
  0
LINE
  5
841
330
17
100
AcDbEntity
  8
SIGNAL_ELECTRIC
370
18
100
AcDbLine
 10
390.0
 20
411.0
 30
0.0
 11
390.0
 21
415.0
 31
0.0
  0
LINE
  5
842
330
17
100
AcDbEntity
  8
SIGNAL_ELECTRIC
370
18
100
AcDbLine
 10
390.0
 20
417.0
 30
0.0
 11
390.0
 21
421.0
 31
0.0
  0
LINE
  5
843
330
17
100
AcDbEntity
  8
SIGNAL_ELECTRIC
370
18
100
AcDbLine
 10
390.0
 20
423.0
 30
0.0
 11
390.0
 21
427.0
 31
0.0
  0
LINE
  5
844
330
17
100
AcDbEntity
  8
SIGNAL_ELECTRIC
370
18
100
AcDbLine
 10
390.0
 20
429.0
 30
0.0
 11
390.0
 21
433.0
 31
0.0
  0
LINE
  5
845
330
17
100
AcDbEntity
  8
SIGNAL_ELECTRIC
370
18
100
AcDbLine
 10
390.0
 20
435.0
 30
0.0
 11
390.0
 21
439.0
 31
0.0
  0
LINE
  5
846
330
17
100
AcDbEntity
  8
SIGNAL_ELECTRIC
370
18
100
AcDbLine
 10
390.0
 20
441.0
 30
0.0
 11
390.0
 21
445.0
 31
0.0
  0
LINE
  5
847
330
17
100
AcDbEntity
  8
SIGNAL_ELECTRIC
370
18
100
AcDbLine
 10
390.0
 20
447.0
 30
0.0
 11
390.0
 21
451.0
 31
0.0
  0
LINE
  5
848
330
17
100
AcDbEntity
  8
SIGNAL_ELECTRIC
370
18
100
AcDbLine
 10
390.0
 20
453.0
 30
0.0
 11
390.0
 21
457.0
 31
0.0
  0
LINE
  5
849
330
17
100
AcDbEntity
  8
SIGNAL_ELECTRIC
370
18
100
AcDbLine
 10
390.0
 20
459.0
 30
0.0
 11
390.0
 21
463.0
 31
0.0
  0
LINE
  5
84A
330
17
100
AcDbEntity
  8
SIGNAL_ELECTRIC
370
18
100
AcDbLine
 10
390.0
 20
465.0
 30
0.0
 11
390.0
 21
469.0
 31
0.0
  0
LINE
  5
84B
330
17
100
AcDbEntity
  8
SIGNAL_ELECTRIC
370
18
100
AcDbLine
 10
390.0
 20
471.0
 30
0.0
 11
390.0
 21
475.0
 31
0.0
  0
LINE
  5
84C
330
17
100
AcDbEntity
  8
SIGNAL_ELECTRIC
370
18
100
AcDbLine
 10
390.0
 20
477.0
 30
0.0
 11
390.0
 21
481.0
 31
0.0
  0
LINE
  5
84D
330
17
100
AcDbEntity
  8
SIGNAL_ELECTRIC
370
18
100
AcDbLine
 10
390.0
 20
483.0
 30
0.0
 11
390.0
 21
487.0
 31
0.0
  0
LINE
  5
84E
330
17
100
AcDbEntity
  8
SIGNAL_ELECTRIC
370
18
100
AcDbLine
 10
390.0
 20
489.0
 30
0.0
 11
390.0
 21
493.0
 31
0.0
  0
LINE
  5
84F
330
17
100
AcDbEntity
  8
SIGNAL_ELECTRIC
370
18
100
AcDbLine
 10
390.0
 20
495.0
 30
0.0
 11
390.0
 21
499.0
 31
0.0
  0
LINE
  5
870
330
17
100
AcDbEntity
  8
SIGNAL_PNEUMATIC
370
18
100
AcDbLine
 10
737.0
 20
385.0
 30
0.0
 11
737.0
 21
430.0
 31
0.0
  0
LINE
  5
871
330
17
100
AcDbEntity
  8
SIGNAL_PNEUMATIC
370
18
100
AcDbLine
 10
733.2
 20
400.0
 30
0.0
 11
737.2
 21
406.0
 31
0.0
  0
LINE
  5
872
330
17
100
AcDbEntity
  8
SIGNAL_PNEUMATIC
370
18
100
AcDbLine
 10
736.8
 20
400.0
 30
0.0
 11
740.8
 21
406.0
 31
0.0
  0
LINE
  5
87A
330
17
100
AcDbEntity
  8
SIGNAL_ELECTRIC
370
18
100
AcDbLine
 10
261.0
 20
455.0
 30
0.0
 11
265.0
 21
455.0
 31
0.0
  0
LINE
  5
87B
330
17
100
AcDbEntity
  8
SIGNAL_ELECTRIC
370
18
100
AcDbLine
 10
267.0
 20
455.0
 30
0.0
 11
271.0
 21
455.0
 31
0.0
  0
LINE
  5
87C
330
17
100
AcDbEntity
  8
SIGNAL_ELECTRIC
370
18
100
AcDbLine
 10
273.0
 20
455.0
 30
0.0
 11
277.0
 21
455.0
 31
0.0
  0
LINE
  5
87D
330
17
100
AcDbEntity
  8
SIGNAL_ELECTRIC
370
18
100
AcDbLine
 10
279.0
 20
455.0
 30
0.0
 11
283.0
 21
455.0
 31
0.0
  0
LINE
  5
87E
330
17
100
AcDbEntity
  8
SIGNAL_ELECTRIC
370
18
100
AcDbLine
 10
285.0
 20
455.0
 30
0.0
 11
289.0
 21
455.0
 31
0.0
  0
LINE
  5
87F
330
17
100
AcDbEntity
  8
SIGNAL_ELECTRIC
370
18
100
AcDbLine
 10
291.0
 20
455.0
 30
0.0
 11
295.0
 21
455.0
 31
0.0
  0
LINE
  5
880
330
17
100
AcDbEntity
  8
SIGNAL_ELECTRIC
370
18
100
AcDbLine
 10
297.0
 20
455.0
 30
0.0
 11
301.0
 21
455.0
 31
0.0
  0
LINE
  5
881
330
17
100
AcDbEntity
  8
SIGNAL_ELECTRIC
370
18
100
AcDbLine
 10
303.0
 20
455.0
 30
0.0
 11
307.0
 21
455.0
 31
0.0
  0
LINE
  5
882
330
17
100
AcDbEntity
  8
SIGNAL_ELECTRIC
370
18
100
AcDbLine
 10
309.0
 20
455.0
 30
0.0
 11
313.0
 21
455.0
 31
0.0
  0
LINE
  5
883
330
17
100
AcDbEntity
  8
SIGNAL_ELECTRIC
370
18
100
AcDbLine
 10
315.0
 20
455.0
 30
0.0
 11
319.0
 21
455.0
 31
0.0
  0
LINE
  5
884
330
17
100
AcDbEntity
  8
SIGNAL_ELECTRIC
370
18
100
AcDbLine
 10
321.0
 20
455.0
 30
0.0
 11
325.0
 21
455.0
 31
0.0
  0
LINE
  5
885
330
17
100
AcDbEntity
  8
SIGNAL_ELECTRIC
370
18
100
AcDbLine
 10
327.0
 20
455.0
 30
0.0
 11
331.0
 21
455.0
 31
0.0
  0
LINE
  5
886
330
17
100
AcDbEntity
  8
SIGNAL_ELECTRIC
370
18
100
AcDbLine
 10
333.0
 20
455.0
 30
0.0
 11
337.0
 21
455.0
 31
0.0
  0
LINE
  5
887
330
17
100
AcDbEntity
  8
SIGNAL_ELECTRIC
370
18
100
AcDbLine
 10
339.0
 20
455.0
 30
0.0
 11
343.0
 21
455.0
 31
0.0
  0
LINE
  5
888
330
17
100
AcDbEntity
  8
SIGNAL_ELECTRIC
370
18
100
AcDbLine
 10
345.0
 20
455.0
 30
0.0
 11
349.0
 21
455.0
 31
0.0
  0
LINE
  5
889
330
17
100
AcDbEntity
  8
SIGNAL_ELECTRIC
370
18
100
AcDbLine
 10
351.0
 20
455.0
 30
0.0
 11
355.0
 21
455.0
 31
0.0
  0
LINE
  5
88A
330
17
100
AcDbEntity
  8
SIGNAL_ELECTRIC
370
18
100
AcDbLine
 10
357.0
 20
455.0
 30
0.0
 11
361.0
 21
455.0
 31
0.0
  0
LINE
  5
88B
330
17
100
AcDbEntity
  8
SIGNAL_ELECTRIC
370
18
100
AcDbLine
 10
363.0
 20
455.0
 30
0.0
 11
367.0
 21
455.0
 31
0.0
  0
LINE
  5
88C
330
17
100
AcDbEntity
  8
SIGNAL_ELECTRIC
370
18
100
AcDbLine
 10
369.0
 20
455.0
 30
0.0
 11
373.0
 21
455.0
 31
0.0
  0
LINE
  5
88D
330
17
100
AcDbEntity
  8
SIGNAL_ELECTRIC
370
18
100
AcDbLine
 10
375.0
 20
455.0
 30
0.0
 11
379.0
 21
455.0
 31
0.0
  0
LINE
  5
88E
330
17
100
AcDbEntity
  8
SIGNAL_ELECTRIC
370
18
100
AcDbLine
 10
381.0
 20
455.0
 30
0.0
 11
385.0
 21
455.0
 31
0.0
  0
LINE
  5
88F
330
17
100
AcDbEntity
  8
SIGNAL_ELECTRIC
370
18
100
AcDbLine
 10
387.0
 20
455.0
 30
0.0
 11
391.0
 21
455.0
 31
0.0
  0
LINE
  5
890
330
17
100
AcDbEntity
  8
SIGNAL_ELECTRIC
370
18
100
AcDbLine
 10
393.0
 20
455.0
 30
0.0
 11
397.0
 21
455.0
 31
0.0
  0
LINE
  5
891
330
17
100
AcDbEntity
  8
SIGNAL_ELECTRIC
370
18
100
AcDbLine
 10
399.0
 20
455.0
 30
0.0
 11
401.0
 21
455.0
 31
0.0
  0
LINE
  5
893
330
17
100
AcDbEntity
  8
SIGNAL_PNEUMATIC
370
18
100
AcDbLine
 10
559.0
 20
712.0
 30
0.0
 11
582.16
 21
712.0
 31
0.0
  0
LINE
  5
894
330
17
100
AcDbEntity
  8
SIGNAL_PNEUMATIC
370
18
100
AcDbLine
 10
566.78
 20
709.0
 30
0.0
 11
570.78
 21
715.0
 31
0.0
  0
LINE
  5
895
330
17
100
AcDbEntity
  8
SIGNAL_PNEUMATIC
370
18
100
AcDbLine
 10
570.3799999999999
 20
709.0
 30
0.0
 11
574.3799999999999
 21
715.0
 31
0.0
  0
LINE
  5
896
330
17
100
AcDbEntity
  8
SIGNAL_PNEUMATIC
370
18
100
AcDbLine
 10
942.0
 20
610.0
 30
0.0
 11
942.0
 21
625.0
 31
0.0
  0
LINE
  5
897
330
17
100
AcDbEntity
  8
SIGNAL_PNEUMATIC
370
18
100
AcDbLine
 10
938.2
 20
614.5
 30
0.0
 11
942.2
 21
620.5
 31
0.0
  0
LINE
  5
898
330
17
100
AcDbEntity
  8
SIGNAL_PNEUMATIC
370
18
100
AcDbLine
 10
941.8
 20
614.5
 30
0.0
 11
945.8
 21
620.5
 31
0.0
  0
LINE
  5
899
330
17
100
AcDbEntity
  8
SIGNAL_ELECTRIC
370
18
100
AcDbLine
 10
722.0
 20
585.0
 30
0.0
 11
724.0
 21
585.0
 31
0.0
  0
LINE
  5
89D
330
17
100
AcDbEntity
  8
IMPULSE_LINE
370
13
100
AcDbLine
 10
488.0
 20
358.0
 30
0.0
 11
476.0
 21
358.0
 31
0.0
  0
LINE
  5
89E
330
17
100
AcDbEntity
  8
IMPULSE_LINE
370
13
100
AcDbLine
 10
476.0
 20
358.0
 30
0.0
 11
476.0
 21
430.0
 31
0.0
  0
LINE
  5
89F
330
17
100
AcDbEntity
  8
IMPULSE_LINE
370
13
100
AcDbLine
 10
476.0
 20
430.0
 30
0.0
 11
469.0
 21
430.0
 31
0.0
  0
LINE
  5
8A0
330
17
100
AcDbEntity
  8
IMPULSE_LINE
370
13
100
AcDbLine
 10
488.0
 20
348.0
 30
0.0
 11
476.0
 21
348.0
 31
0.0
  0
LINE
  5
8A1
330
17
100
AcDbEntity
  8
IMPULSE_LINE
370
13
100
AcDbLine
 10
476.0
 20
348.0
 30
0.0
 11
476.0
 21
337.0
 31
0.0
  0
LINE
  5
8A2
330
17
100
AcDbEntity
  8
IMPULSE_LINE
370
13
100
AcDbLine
 10
476.0
 20
337.0
 30
0.0
 11
472.0
 21
337.0
 31
0.0
  0
LINE
  5
8A3
330
17
100
AcDbEntity
  8
IMPULSE_LINE
370
13
100
AcDbLine
 10
488.0
 20
326.0
 30
0.0
 11
476.0
 21
326.0
 31
0.0
  0
LINE
  5
8A4
330
17
100
AcDbEntity
  8
IMPULSE_LINE
370
13
100
AcDbLine
 10
476.0
 20
326.0
 30
0.0
 11
476.0
 21
337.0
 31
0.0
  0
LINE
  5
8A5
330
17
100
AcDbEntity
  8
SIGNAL_ELECTRIC
370
13
100
AcDbLine
 10
455.0
 20
430.0
 30
0.0
 11
455.0
 21
434.0
 31
0.0
  0
LINE
  5
8A6
330
17
100
AcDbEntity
  8
SIGNAL_ELECTRIC
370
13
100
AcDbLine
 10
455.0
 20
436.0
 30
0.0
 11
455.0
 21
440.0
 31
0.0
  0
LINE
  5
8A7
330
17
100
AcDbEntity
  8
SIGNAL_ELECTRIC
370
13
100
AcDbLine
 10
455.0
 20
442.0
 30
0.0
 11
455.0
 21
445.0
 31
0.0
  0
LINE
  5
8A8
330
17
100
AcDbEntity
  8
SIGNAL_ELECTRIC
370
13
100
AcDbLine
 10
455.0
 20
445.0
 30
0.0
 11
451.0
 21
445.0
 31
0.0
  0
LINE
  5
8A9
330
17
100
AcDbEntity
  8
SIGNAL_ELECTRIC
370
13
100
AcDbLine
 10
449.0
 20
445.0
 30
0.0
 11
445.0
 21
445.0
 31
0.0
  0
LINE
  5
8AA
330
17
100
AcDbEntity
  8
SIGNAL_ELECTRIC
370
13
100
AcDbLine
 10
443.0
 20
445.0
 30
0.0
 11
439.0
 21
445.0
 31
0.0
  0
LINE
  5
8AB
330
17
100
AcDbEntity
  8
SIGNAL_ELECTRIC
370
13
100
AcDbLine
 10
437.0
 20
445.0
 30
0.0
 11
433.0
 21
445.0
 31
0.0
  0
LINE
  5
8AC
330
17
100
AcDbEntity
  8
SIGNAL_ELECTRIC
370
13
100
AcDbLine
 10
431.0
 20
445.0
 30
0.0
 11
430.0
 21
445.0
 31
0.0
  0
LINE
  5
8AD
330
17
100
AcDbEntity
  8
SIGNAL_ELECTRIC
370
13
100
AcDbLine
 10
430.0
 20
445.0
 30
0.0
 11
430.0
 21
441.0
 31
0.0
  0
LINE
  5
8AE
330
17
100
AcDbEntity
  8
SIGNAL_ELECTRIC
370
13
100
AcDbLine
 10
430.0
 20
439.0
 30
0.0
 11
430.0
 21
435.0
 31
0.0
  0
LINE
  5
8AF
330
17
100
AcDbEntity
  8
SIGNAL_ELECTRIC
370
13
100
AcDbLine
 10
447.0
 20
337.0
 30
0.0
 11
451.0
 21
337.0
 31
0.0
  0
LINE
  5
8B0
330
17
100
AcDbEntity
  8
SIGNAL_ELECTRIC
370
13
100
AcDbLine
 10
453.0
 20
337.0
 30
0.0
 11
456.0
 21
337.0
 31
0.0
  0
LINE
  5
8B1
330
17
100
AcDbEntity
  8
IMPULSE_LINE
370
13
100
AcDbLine
 10
488.0
 20
522.0
 30
0.0
 11
469.0
 21
522.0
 31
0.0
  0
LINE
  5
8B2
330
17
100
AcDbEntity
  8
SIGNAL_ELECTRIC
370
13
100
AcDbLine
 10
455.0
 20
522.0
 30
0.0
 11
451.0
 21
522.0
 31
0.0
  0
LINE
  5
8B3
330
17
100
AcDbEntity
  8
SIGNAL_ELECTRIC
370
13
100
AcDbLine
 10
449.0
 20
522.0
 30
0.0
 11
445.0
 21
522.0
 31
0.0
  0
LINE
  5
8B4
330
17
100
AcDbEntity
  8
SIGNAL_ELECTRIC
370
13
100
AcDbLine
 10
443.0
 20
522.0
 30
0.0
 11
439.0
 21
522.0
 31
0.0
  0
LINE
  5
8B5
330
17
100
AcDbEntity
  8
SIGNAL_ELECTRIC
370
13
100
AcDbLine
 10
437.0
 20
522.0
 30
0.0
 11
433.0
 21
522.0
 31
0.0
  0
LINE
  5
8B6
330
17
100
AcDbEntity
  8
SIGNAL_ELECTRIC
370
13
100
AcDbLine
 10
431.0
 20
522.0
 30
0.0
 11
427.0
 21
522.0
 31
0.0
  0
LINE
  5
8B7
330
17
100
AcDbEntity
  8
SIGNAL_ELECTRIC
370
13
100
AcDbLine
 10
425.0
 20
522.0
 30
0.0
 11
421.0
 21
522.0
 31
0.0
  0
LINE
  5
8B8
330
17
100
AcDbEntity
  8
SIGNAL_ELECTRIC
370
13
100
AcDbLine
 10
419.0
 20
522.0
 30
0.0
 11
415.0
 21
522.0
 31
0.0
  0
LINE
  5
8B9
330
17
100
AcDbEntity
  8
SIGNAL_ELECTRIC
370
13
100
AcDbLine
 10
413.0
 20
522.0
 30
0.0
 11
409.0
 21
522.0
 31
0.0
  0
LINE
  5
8BA
330
17
100
AcDbEntity
  8
SIGNAL_ELECTRIC
370
13
100
AcDbLine
 10
407.0
 20
522.0
 30
0.0
 11
403.0
 21
522.0
 31
0.0
  0
LINE
  5
8BB
330
17
100
AcDbEntity
  8
SIGNAL_ELECTRIC
370
13
100
AcDbLine
 10
401.0
 20
522.0
 30
0.0
 11
397.0
 21
522.0
 31
0.0
  0
LINE
  5
8BC
330
17
100
AcDbEntity
  8
SIGNAL_ELECTRIC
370
13
100
AcDbLine
 10
395.0
 20
522.0
 30
0.0
 11
391.0
 21
522.0
 31
0.0
  0
LINE
  5
8BD
330
17
100
AcDbEntity
  8
SIGNAL_ELECTRIC
370
13
100
AcDbLine
 10
390.0
 20
522.0
 30
0.0
 11
390.0
 21
526.0
 31
0.0
  0
LINE
  5
8BE
330
17
100
AcDbEntity
  8
SIGNAL_ELECTRIC
370
13
100
AcDbLine
 10
390.0
 20
528.0
 30
0.0
 11
390.0
 21
532.0
 31
0.0
  0
LINE
  5
8BF
330
17
100
AcDbEntity
  8
SIGNAL_ELECTRIC
370
13
100
AcDbLine
 10
390.0
 20
534.0
 30
0.0
 11
390.0
 21
538.0
 31
0.0
  0
LINE
  5
8C0
330
17
100
AcDbEntity
  8
SIGNAL_ELECTRIC
370
13
100
AcDbLine
 10
390.0
 20
540.0
 30
0.0
 11
390.0
 21
544.0
 31
0.0
  0
LINE
  5
8C1
330
17
100
AcDbEntity
  8
SIGNAL_ELECTRIC
370
13
100
AcDbLine
 10
390.0
 20
546.0
 30
0.0
 11
390.0
 21
550.0
 31
0.0
  0
LINE
  5
8C2
330
17
100
AcDbEntity
  8
SIGNAL_ELECTRIC
370
13
100
AcDbLine
 10
390.0
 20
552.0
 30
0.0
 11
390.0
 21
556.0
 31
0.0
  0
LINE
  5
8C3
330
17
100
AcDbEntity
  8
SIGNAL_ELECTRIC
370
13
100
AcDbLine
 10
390.0
 20
558.0
 30
0.0
 11
390.0
 21
562.0
 31
0.0
  0
LINE
  5
8C4
330
17
100
AcDbEntity
  8
SIGNAL_ELECTRIC
370
13
100
AcDbLine
 10
390.0
 20
564.0
 30
0.0
 11
390.0
 21
568.0
 31
0.0
  0
LINE
  5
8C5
330
17
100
AcDbEntity
  8
SIGNAL_ELECTRIC
370
13
100
AcDbLine
 10
390.0
 20
570.0
 30
0.0
 11
390.0
 21
574.0
 31
0.0
  0
LINE
  5
8C6
330
17
100
AcDbEntity
  8
SIGNAL_ELECTRIC
370
13
100
AcDbLine
 10
390.0
 20
576.0
 30
0.0
 11
390.0
 21
580.0
 31
0.0
  0
LINE
  5
8C7
330
17
100
AcDbEntity
  8
SIGNAL_ELECTRIC
370
13
100
AcDbLine
 10
390.0
 20
582.0
 30
0.0
 11
390.0
 21
586.0
 31
0.0
  0
LINE
  5
8C8
330
17
100
AcDbEntity
  8
SIGNAL_ELECTRIC
370
13
100
AcDbLine
 10
390.0
 20
588.0
 30
0.0
 11
390.0
 21
592.0
 31
0.0
  0
LINE
  5
8C9
330
17
100
AcDbEntity
  8
SIGNAL_ELECTRIC
370
13
100
AcDbLine
 10
390.0
 20
594.0
 30
0.0
 11
390.0
 21
598.0
 31
0.0
  0
LINE
  5
8CA
330
17
100
AcDbEntity
  8
SIGNAL_ELECTRIC
370
13
100
AcDbLine
 10
390.0
 20
600.0
 30
0.0
 11
390.0
 21
604.0
 31
0.0
  0
LINE
  5
8CB
330
17
100
AcDbEntity
  8
SIGNAL_ELECTRIC
370
13
100
AcDbLine
 10
390.0
 20
606.0
 30
0.0
 11
390.0
 21
610.0
 31
0.0
  0
LINE
  5
8CC
330
17
100
AcDbEntity
  8
SIGNAL_ELECTRIC
370
13
100
AcDbLine
 10
390.0
 20
612.0
 30
0.0
 11
390.0
 21
616.0
 31
0.0
  0
LINE
  5
8CD
330
17
100
AcDbEntity
  8
SIGNAL_ELECTRIC
370
13
100
AcDbLine
 10
390.0
 20
618.0
 30
0.0
 11
390.0
 21
622.0
 31
0.0
  0
LINE
  5
8CE
330
17
100
AcDbEntity
  8
SIGNAL_ELECTRIC
370
13
100
AcDbLine
 10
390.0
 20
624.0
 30
0.0
 11
390.0
 21
628.0
 31
0.0
  0
LINE
  5
8CF
330
17
100
AcDbEntity
  8
SIGNAL_ELECTRIC
370
13
100
AcDbLine
 10
390.0
 20
630.0
 30
0.0
 11
390.0
 21
634.0
 31
0.0
  0
LINE
  5
8D0
330
17
100
AcDbEntity
  8
SIGNAL_ELECTRIC
370
13
100
AcDbLine
 10
390.0
 20
636.0
 30
0.0
 11
390.0
 21
640.0
 31
0.0
  0
LINE
  5
8D1
330
17
100
AcDbEntity
  8
SIGNAL_ELECTRIC
370
13
100
AcDbLine
 10
390.0
 20
642.0
 30
0.0
 11
390.0
 21
646.0
 31
0.0
  0
LINE
  5
8D2
330
17
100
AcDbEntity
  8
SIGNAL_ELECTRIC
370
13
100
AcDbLine
 10
390.0
 20
648.0
 30
0.0
 11
390.0
 21
652.0
 31
0.0
  0
LINE
  5
8D3
330
17
100
AcDbEntity
  8
SIGNAL_ELECTRIC
370
13
100
AcDbLine
 10
390.0
 20
654.0
 30
0.0
 11
390.0
 21
658.0
 31
0.0
  0
LINE
  5
8D4
330
17
100
AcDbEntity
  8
SIGNAL_ELECTRIC
370
13
100
AcDbLine
 10
390.0
 20
660.0
 30
0.0
 11
390.0
 21
664.0
 31
0.0
  0
LINE
  5
8D5
330
17
100
AcDbEntity
  8
SIGNAL_ELECTRIC
370
13
100
AcDbLine
 10
390.0
 20
666.0
 30
0.0
 11
390.0
 21
670.0
 31
0.0
  0
LINE
  5
8D6
330
17
100
AcDbEntity
  8
SIGNAL_ELECTRIC
370
13
100
AcDbLine
 10
390.0
 20
672.0
 30
0.0
 11
390.0
 21
676.0
 31
0.0
  0
LINE
  5
8D7
330
17
100
AcDbEntity
  8
SIGNAL_ELECTRIC
370
13
100
AcDbLine
 10
390.0
 20
678.0
 30
0.0
 11
390.0
 21
682.0
 31
0.0
  0
LINE
  5
8D8
330
17
100
AcDbEntity
  8
SIGNAL_ELECTRIC
370
13
100
AcDbLine
 10
390.0
 20
684.0
 30
0.0
 11
390.0
 21
688.0
 31
0.0
  0
LINE
  5
8D9
330
17
100
AcDbEntity
  8
SIGNAL_ELECTRIC
370
13
100
AcDbLine
 10
390.0
 20
690.0
 30
0.0
 11
394.0
 21
690.0
 31
0.0
  0
LINE
  5
8DA
330
17
100
AcDbEntity
  8
SIGNAL_ELECTRIC
370
13
100
AcDbLine
 10
396.0
 20
690.0
 30
0.0
 11
400.0
 21
690.0
 31
0.0
  0
LINE
  5
8DB
330
17
100
AcDbEntity
  8
SIGNAL_ELECTRIC
370
13
100
AcDbLine
 10
402.0
 20
690.0
 30
0.0
 11
406.0
 21
690.0
 31
0.0
  0
LINE
  5
8DC
330
17
100
AcDbEntity
  8
SIGNAL_ELECTRIC
370
13
100
AcDbLine
 10
408.0
 20
690.0
 30
0.0
 11
412.0
 21
690.0
 31
0.0
  0
LINE
  5
8DD
330
17
100
AcDbEntity
  8
SIGNAL_ELECTRIC
370
13
100
AcDbLine
 10
414.0
 20
690.0
 30
0.0
 11
418.0
 21
690.0
 31
0.0
  0
LINE
  5
8DE
330
17
100
AcDbEntity
  8
SIGNAL_ELECTRIC
370
13
100
AcDbLine
 10
420.0
 20
690.0
 30
0.0
 11
424.0
 21
690.0
 31
0.0
  0
LINE
  5
8DF
330
17
100
AcDbEntity
  8
SIGNAL_ELECTRIC
370
13
100
AcDbLine
 10
426.0
 20
690.0
 30
0.0
 11
430.0
 21
690.0
 31
0.0
  0
LINE
  5
8E0
330
17
100
AcDbEntity
  8
SIGNAL_ELECTRIC
370
13
100
AcDbLine
 10
432.0
 20
690.0
 30
0.0
 11
436.0
 21
690.0
 31
0.0
  0
LINE
  5
8E1
330
17
100
AcDbEntity
  8
SIGNAL_ELECTRIC
370
13
100
AcDbLine
 10
438.0
 20
690.0
 30
0.0
 11
442.0
 21
690.0
 31
0.0
  0
LINE
  5
8E2
330
17
100
AcDbEntity
  8
SIGNAL_ELECTRIC
370
13
100
AcDbLine
 10
444.0
 20
690.0
 30
0.0
 11
448.0
 21
690.0
 31
0.0
  0
LINE
  5
8E3
330
17
100
AcDbEntity
  8
SIGNAL_ELECTRIC
370
13
100
AcDbLine
 10
450.0
 20
690.0
 30
0.0
 11
454.0
 21
690.0
 31
0.0
  0
LINE
  5
8E4
330
17
100
AcDbEntity
  8
SIGNAL_ELECTRIC
370
13
100
AcDbLine
 10
456.0
 20
690.0
 30
0.0
 11
460.0
 21
690.0
 31
0.0
  0
LINE
  5
8E5
330
17
100
AcDbEntity
  8
SIGNAL_ELECTRIC
370
13
100
AcDbLine
 10
462.0
 20
690.0
 30
0.0
 11
466.0
 21
690.0
 31
0.0
  0
LINE
  5
8E6
330
17
100
AcDbEntity
  8
SIGNAL_ELECTRIC
370
13
100
AcDbLine
 10
468.0
 20
690.0
 30
0.0
 11
472.0
 21
690.0
 31
0.0
  0
LINE
  5
8E7
330
17
100
AcDbEntity
  8
SIGNAL_ELECTRIC
370
13
100
AcDbLine
 10
474.0
 20
690.0
 30
0.0
 11
478.0
 21
690.0
 31
0.0
  0
LINE
  5
8E8
330
17
100
AcDbEntity
  8
SIGNAL_ELECTRIC
370
13
100
AcDbLine
 10
480.0
 20
690.0
 30
0.0
 11
484.0
 21
690.0
 31
0.0
  0
LINE
  5
8E9
330
17
100
AcDbEntity
  8
SIGNAL_ELECTRIC
370
13
100
AcDbLine
 10
486.0
 20
690.0
 30
0.0
 11
490.0
 21
690.0
 31
0.0
  0
LINE
  5
8EA
330
17
100
AcDbEntity
  8
SIGNAL_ELECTRIC
370
13
100
AcDbLine
 10
492.0
 20
690.0
 30
0.0
 11
496.0
 21
690.0
 31
0.0
  0
LINE
  5
8EB
330
17
100
AcDbEntity
  8
SIGNAL_ELECTRIC
370
13
100
AcDbLine
 10
498.0
 20
690.0
 30
0.0
 11
502.0
 21
690.0
 31
0.0
  0
LINE
  5
8EC
330
17
100
AcDbEntity
  8
SIGNAL_ELECTRIC
370
13
100
AcDbLine
 10
504.0
 20
690.0
 30
0.0
 11
508.0
 21
690.0
 31
0.0
  0
LINE
  5
8ED
330
17
100
AcDbEntity
  8
SIGNAL_ELECTRIC
370
13
100
AcDbLine
 10
510.0
 20
690.0
 30
0.0
 11
514.0
 21
690.0
 31
0.0
  0
LINE
  5
8EE
330
17
100
AcDbEntity
  8
SIGNAL_ELECTRIC
370
13
100
AcDbLine
 10
516.0
 20
690.0
 30
0.0
 11
520.0
 21
690.0
 31
0.0
  0
LINE
  5
8EF
330
17
100
AcDbEntity
  8
SIGNAL_ELECTRIC
370
13
100
AcDbLine
 10
522.0
 20
690.0
 30
0.0
 11
526.0
 21
690.0
 31
0.0
  0
LINE
  5
8F0
330
17
100
AcDbEntity
  8
SIGNAL_ELECTRIC
370
13
100
AcDbLine
 10
528.0
 20
690.0
 30
0.0
 11
532.0
 21
690.0
 31
0.0
  0
LINE
  5
8F1
330
17
100
AcDbEntity
  8
SIGNAL_ELECTRIC
370
13
100
AcDbLine
 10
534.0
 20
690.0
 30
0.0
 11
538.0
 21
690.0
 31
0.0
  0
LINE
  5
8F2
330
17
100
AcDbEntity
  8
SIGNAL_ELECTRIC
370
13
100
AcDbLine
 10
212.0
 20
450.0
 30
0.0
 11
216.0
 21
450.0
 31
0.0
  0
LINE
  5
8F3
330
17
100
AcDbEntity
  8
SIGNAL_ELECTRIC
370
13
100
AcDbLine
 10
218.0
 20
450.0
 30
0.0
 11
222.0
 21
450.0
 31
0.0
  0
LINE
  5
8F4
330
17
100
AcDbEntity
  8
SIGNAL_ELECTRIC
370
13
100
AcDbLine
 10
224.0
 20
450.0
 30
0.0
 11
225.0
 21
450.0
 31
0.0
  0
LINE
  5
8F5
330
17
100
AcDbEntity
  8
SIGNAL_ELECTRIC
370
13
100
AcDbLine
 10
225.0
 20
450.0
 30
0.0
 11
225.0
 21
446.0
 31
0.0
  0
LINE
  5
8F6
330
17
100
AcDbEntity
  8
SIGNAL_ELECTRIC
370
13
100
AcDbLine
 10
225.0
 20
444.0
 30
0.0
 11
225.0
 21
440.0
 31
0.0
  0
LINE
  5
8F7
330
17
100
AcDbEntity
  8
SIGNAL_ELECTRIC
370
13
100
AcDbLine
 10
225.0
 20
438.0
 30
0.0
 11
225.0
 21
434.0
 31
0.0
  0
LINE
  5
8F8
330
17
100
AcDbEntity
  8
SIGNAL_ELECTRIC
370
13
100
AcDbLine
 10
225.0
 20
432.0
 30
0.0
 11
225.0
 21
428.0
 31
0.0
  0
LINE
  5
8F9
330
17
100
AcDbEntity
  8
SIGNAL_ELECTRIC
370
13
100
AcDbLine
 10
225.0
 20
426.0
 30
0.0
 11
225.0
 21
422.0
 31
0.0
  0
LINE
  5
8FA
330
17
100
AcDbEntity
  8
SIGNAL_ELECTRIC
370
13
100
AcDbLine
 10
225.0
 20
420.0
 30
0.0
 11
225.0
 21
416.0
 31
0.0
  0
LINE
  5
8FB
330
17
100
AcDbEntity
  8
SIGNAL_ELECTRIC
370
13
100
AcDbLine
 10
225.0
 20
414.0
 30
0.0
 11
225.0
 21
410.0
 31
0.0
  0
LINE
  5
8FC
330
17
100
AcDbEntity
  8
SIGNAL_ELECTRIC
370
13
100
AcDbLine
 10
231.0
 20
450.0
 30
0.0
 11
235.0
 21
450.0
 31
0.0
  0
LINE
  5
8FD
330
17
100
AcDbEntity
  8
SIGNAL_ELECTRIC
370
13
100
AcDbLine
 10
235.0
 20
450.0
 30
0.0
 11
235.0
 21
446.0
 31
0.0
  0
LINE
  5
8FE
330
17
100
AcDbEntity
  8
SIGNAL_ELECTRIC
370
13
100
AcDbLine
 10
235.0
 20
444.0
 30
0.0
 11
235.0
 21
440.0
 31
0.0
  0
LINE
  5
8FF
330
17
100
AcDbEntity
  8
SIGNAL_ELECTRIC
370
13
100
AcDbLine
 10
235.0
 20
438.0
 30
0.0
 11
235.0
 21
434.0
 31
0.0
  0
LINE
  5
900
330
17
100
AcDbEntity
  8
SIGNAL_ELECTRIC
370
13
100
AcDbLine
 10
235.0
 20
432.0
 30
0.0
 11
235.0
 21
428.0
 31
0.0
  0
LINE
  5
901
330
17
100
AcDbEntity
  8
SIGNAL_ELECTRIC
370
13
100
AcDbLine
 10
235.0
 20
426.0
 30
0.0
 11
235.0
 21
422.0
 31
0.0
  0
LINE
  5
902
330
17
100
AcDbEntity
  8
SIGNAL_ELECTRIC
370
13
100
AcDbLine
 10
235.0
 20
420.0
 30
0.0
 11
235.0
 21
416.0
 31
0.0
  0
LINE
  5
903
330
17
100
AcDbEntity
  8
SIGNAL_ELECTRIC
370
13
100
AcDbLine
 10
235.0
 20
414.0
 30
0.0
 11
235.0
 21
410.0
 31
0.0
  0
LINE
  5
904
330
17
100
AcDbEntity
  8
IMPULSE_LINE
370
13
100
AcDbLine
 10
790.0
 20
620.0
 30
0.0
 11
784.0
 21
620.0
 31
0.0
  0
LINE
  5
905
330
17
100
AcDbEntity
  8
IMPULSE_LINE
370
13
100
AcDbLine
 10
775.0
 20
620.0
 30
0.0
 11
766.9
 21
620.0
 31
0.0
  0
LINE
  5
906
330
17
100
AcDbEntity
  8
IMPULSE_LINE
370
13
100
AcDbLine
 10
790.0
 20
600.0
 30
0.0
 11
786.8
 21
600.0
 31
0.0
  0
LINE
  5
907
330
17
100
AcDbEntity
  8
IMPULSE_LINE
370
13
100
AcDbLine
 10
778.0
 20
600.0
 30
0.0
 11
773.1
 21
600.0
 31
0.0
  0
LINE
  5
908
330
17
100
AcDbEntity
  8
IMPULSE_LINE
370
13
100
AcDbLine
 10
755.0
 20
620.0
 30
0.0
 11
755.0
 21
601.0
 31
0.0
  0
LINE
  5
909
330
17
100
AcDbEntity
  8
SIGNAL_ELECTRIC
370
13
100
AcDbLine
 10
763.0
 20
610.0
 30
0.0
 11
759.0
 21
610.0
 31
0.0
  0
LINE
  5
90A
330
17
100
AcDbEntity
  8
SIGNAL_ELECTRIC
370
13
100
AcDbLine
 10
757.0
 20
610.0
 30
0.0
 11
753.0
 21
610.0
 31
0.0
  0
LINE
  5
90B
330
17
100
AcDbEntity
  8
SIGNAL_ELECTRIC
370
13
100
AcDbLine
 10
751.0
 20
610.0
 30
0.0
 11
749.0
 21
610.0
 31
0.0
  0
LINE
  5
90C
330
17
100
AcDbEntity
  8
SIGNAL_ELECTRIC
370
13
100
AcDbLine
 10
749.0
 20
610.0
 30
0.0
 11
749.0
 21
614.0
 31
0.0
  0
LINE
  5
90D
330
17
100
AcDbEntity
  8
SIGNAL_ELECTRIC
370
13
100
AcDbLine
 10
749.0
 20
616.0
 30
0.0
 11
749.0
 21
620.0
 31
0.0
  0
LINE
  5
90E
330
17
100
AcDbEntity
  8
SIGNAL_ELECTRIC
370
13
100
AcDbLine
 10
749.0
 20
622.0
 30
0.0
 11
749.0
 21
626.0
 31
0.0
  0
LINE
  5
90F
330
17
100
AcDbEntity
  8
SIGNAL_ELECTRIC
370
13
100
AcDbLine
 10
749.0
 20
628.0
 30
0.0
 11
749.0
 21
632.0
 31
0.0
  0
LINE
  5
910
330
17
100
AcDbEntity
  8
SIGNAL_ELECTRIC
370
13
100
AcDbLine
 10
749.0
 20
634.0
 30
0.0
 11
749.0
 21
638.0
 31
0.0
  0
LINE
  5
911
330
17
100
AcDbEntity
  8
SIGNAL_ELECTRIC
370
13
100
AcDbLine
 10
749.0
 20
640.0
 30
0.0
 11
753.0
 21
640.0
 31
0.0
  0
LINE
  5
912
330
17
100
AcDbEntity
  8
SIGNAL_ELECTRIC
370
13
100
AcDbLine
 10
755.0
 20
640.0
 30
0.0
 11
759.0
 21
640.0
 31
0.0
  0
LINE
  5
913
330
17
100
AcDbEntity
  8
SIGNAL_ELECTRIC
370
13
100
AcDbLine
 10
761.0
 20
640.0
 30
0.0
 11
765.0
 21
640.0
 31
0.0
  0
LINE
  5
914
330
17
100
AcDbEntity
  8
SIGNAL_ELECTRIC
370
13
100
AcDbLine
 10
767.0
 20
640.0
 30
0.0
 11
771.0
 21
640.0
 31
0.0
  0
LINE
  5
915
330
17
100
AcDbEntity
  8
SIGNAL_ELECTRIC
370
13
100
AcDbLine
 10
773.0
 20
640.0
 30
0.0
 11
777.0
 21
640.0
 31
0.0
  0
LINE
  5
916
330
17
100
AcDbEntity
  8
SIGNAL_ELECTRIC
370
13
100
AcDbLine
 10
779.0
 20
640.0
 30
0.0
 11
783.0
 21
640.0
 31
0.0
  0
LINE
  5
917
330
17
100
AcDbEntity
  8
SIGNAL_ELECTRIC
370
13
100
AcDbLine
 10
785.0
 20
640.0
 30
0.0
 11
789.0
 21
640.0
 31
0.0
  0
LINE
  5
918
330
17
100
AcDbEntity
  8
SIGNAL_ELECTRIC
370
13
100
AcDbLine
 10
791.0
 20
640.0
 30
0.0
 11
795.0
 21
640.0
 31
0.0
  0
LINE
  5
919
330
17
100
AcDbEntity
  8
SIGNAL_ELECTRIC
370
13
100
AcDbLine
 10
797.0
 20
640.0
 30
0.0
 11
801.0
 21
640.0
 31
0.0
  0
LINE
  5
91A
330
17
100
AcDbEntity
  8
SIGNAL_ELECTRIC
370
13
100
AcDbLine
 10
803.0
 20
640.0
 30
0.0
 11
807.0
 21
640.0
 31
0.0
  0
LINE
  5
91B
330
17
100
AcDbEntity
  8
SIGNAL_ELECTRIC
370
13
100
AcDbLine
 10
809.0
 20
640.0
 30
0.0
 11
813.0
 21
640.0
 31
0.0
  0
LINE
  5
91C
330
17
100
AcDbEntity
  8
SIGNAL_ELECTRIC
370
13
100
AcDbLine
 10
815.0
 20
640.0
 30
0.0
 11
819.0
 21
640.0
 31
0.0
  0
LINE
  5
91D
330
17
100
AcDbEntity
  8
SIGNAL_ELECTRIC
370
13
100
AcDbLine
 10
821.0
 20
640.0
 30
0.0
 11
825.0
 21
640.0
 31
0.0
  0
LINE
  5
91E
330
17
100
AcDbEntity
  8
SIGNAL_ELECTRIC
370
13
100
AcDbLine
 10
827.0
 20
640.0
 30
0.0
 11
831.0
 21
640.0
 31
0.0
  0
LINE
  5
91F
330
17
100
AcDbEntity
  8
SIGNAL_ELECTRIC
370
13
100
AcDbLine
 10
833.0
 20
640.0
 30
0.0
 11
837.0
 21
640.0
 31
0.0
  0
LINE
  5
920
330
17
100
AcDbEntity
  8
SIGNAL_ELECTRIC
370
13
100
AcDbLine
 10
839.0
 20
640.0
 30
0.0
 11
843.0
 21
640.0
 31
0.0
  0
LINE
  5
921
330
17
100
AcDbEntity
  8
SIGNAL_ELECTRIC
370
13
100
AcDbLine
 10
845.0
 20
640.0
 30
0.0
 11
849.0
 21
640.0
 31
0.0
  0
LINE
  5
922
330
17
100
AcDbEntity
  8
SIGNAL_ELECTRIC
370
13
100
AcDbLine
 10
851.0
 20
640.0
 30
0.0
 11
855.0
 21
640.0
 31
0.0
  0
LINE
  5
923
330
17
100
AcDbEntity
  8
SIGNAL_ELECTRIC
370
13
100
AcDbLine
 10
857.0
 20
640.0
 30
0.0
 11
861.0
 21
640.0
 31
0.0
  0
LINE
  5
924
330
17
100
AcDbEntity
  8
SIGNAL_ELECTRIC
370
13
100
AcDbLine
 10
863.0
 20
640.0
 30
0.0
 11
867.0
 21
640.0
 31
0.0
  0
LINE
  5
92D
330
17
100
AcDbEntity
  8
SIGNAL_ELECTRIC
370
13
100
AcDbLine
 10
917.0
 20
640.0
 30
0.0
 11
921.0
 21
640.0
 31
0.0
  0
LINE
  5
92E
330
17
100
AcDbEntity
  8
SIGNAL_ELECTRIC
370
13
100
AcDbLine
 10
923.0
 20
640.0
 30
0.0
 11
927.0
 21
640.0
 31
0.0
  0
LINE
  5
92F
330
17
100
AcDbEntity
  8
SIGNAL_ELECTRIC
370
13
100
AcDbLine
 10
929.0
 20
640.0
 30
0.0
 11
932.0
 21
640.0
 31
0.0
  0
LINE
  5
930
330
17
100
AcDbEntity
  8
SIGNAL_ELECTRIC
370
13
100
AcDbLine
 10
932.0
 20
640.0
 30
0.0
 11
932.0
 21
636.0
 31
0.0
  0
LINE
  5
931
330
17
100
AcDbEntity
  8
SIGNAL_ELECTRIC
370
13
100
AcDbLine
 10
932.0
 20
634.0
 30
0.0
 11
932.0
 21
630.0
 31
0.0
  0
LINE
  5
932
330
17
100
AcDbEntity
  8
SIGNAL_ELECTRIC
370
13
100
AcDbLine
 10
932.0
 20
628.0
 30
0.0
 11
932.0
 21
625.0
 31
0.0
  0
ARC
  5
933
330
17
100
AcDbEntity
  8
SIGNAL_ELECTRIC
100
AcDbCircle
 10
790.0
 20
640.0
 30
0.0
 40
3.0
100
AcDbArc
 50
0.0
 51
180.0
  0
ARC
  5
934
330
17
100
AcDbEntity
  8
SIGNAL_ELECTRIC
100
AcDbCircle
 10
858.0
 20
640.0
 30
0.0
 40
3.0
100
AcDbArc
 50
0.0
 51
180.0
  0
ARC
  5
935
330
17
100
AcDbEntity
  8
SIGNAL_ELECTRIC
100
AcDbCircle
 10
890.0
 20
640.0
 30
0.0
 40
3.0
100
AcDbArc
 50
0.0
 51
180.0
  0
LINE
  5
936
330
17
100
AcDbEntity
  8
FLARE
370
13
100
AcDbLine
 10
816.0
 20
633.0
 30
0.0
 11
816.0
 21
658.0
 31
0.0
  0
LINE
  5
937
330
17
100
AcDbEntity
  8
FLARE
370
13
100
AcDbLine
 10
816.0
 20
672.0
 30
0.0
 11
816.0
 21
720.0
 31
0.0
  0
LINE
  5
938
330
17
100
AcDbEntity
  8
IMPULSE_LINE
370
13
100
AcDbLine
 10
872.0
 20
633.0
 30
0.0
 11
872.0
 21
638.0
 31
0.0
  0
LINE
  5
939
330
17
100
AcDbEntity
  8
IMPULSE_LINE
370
13
100
AcDbLine
 10
872.0
 20
638.0
 30
0.0
 11
872.0
 21
648.0
 31
0.0
  0
LINE
  5
93A
330
17
100
AcDbEntity
  8
IMPULSE_LINE
370
13
100
AcDbLine
 10
872.0
 20
662.0
 30
0.0
 11
872.0
 21
671.0
 31
0.0
  0
LINE
  5
93B
330
17
100
AcDbEntity
  8
SIGNAL_ELECTRIC
370
13
100
AcDbLine
 10
881.0
 20
655.0
 30
0.0
 11
885.0
 21
655.0
 31
0.0
  0
LINE
  5
93C
330
17
100
AcDbEntity
  8
SIGNAL_ELECTRIC
370
13
100
AcDbLine
 10
887.0
 20
655.0
 30
0.0
 11
891.0
 21
655.0
 31
0.0
  0
LINE
  5
93D
330
17
100
AcDbEntity
  8
SIGNAL_ELECTRIC
370
13
100
AcDbLine
 10
893.0
 20
655.0
 30
0.0
 11
895.0
 21
655.0
 31
0.0
  0
LINE
  5
93E
330
17
100
AcDbEntity
  8
SIGNAL_ELECTRIC
370
13
100
AcDbLine
 10
895.0
 20
655.0
 30
0.0
 11
895.0
 21
659.0
 31
0.0
  0
LINE
  5
93F
330
17
100
AcDbEntity
  8
SIGNAL_ELECTRIC
370
13
100
AcDbLine
 10
895.0
 20
661.0
 30
0.0
 11
895.0
 21
665.0
 31
0.0
  0
LINE
  5
940
330
17
100
AcDbEntity
  8
SIGNAL_ELECTRIC
370
13
100
AcDbLine
 10
895.0
 20
667.0
 30
0.0
 11
895.0
 21
671.0
 31
0.0
  0
LINE
  5
941
330
17
100
AcDbEntity
  8
SIGNAL_ELECTRIC
370
13
100
AcDbLine
 10
895.0
 20
673.0
 30
0.0
 11
895.0
 21
677.0
 31
0.0
  0
LINE
  5
942
330
17
100
AcDbEntity
  8
SIGNAL_ELECTRIC
370
13
100
AcDbLine
 10
895.0
 20
679.0
 30
0.0
 11
895.0
 21
682.0
 31
0.0
  0
LINE
  5
943
330
17
100
AcDbEntity
  8
SIGNAL_ELECTRIC
370
13
100
AcDbLine
 10
895.0
 20
682.0
 30
0.0
 11
891.0
 21
682.0
 31
0.0
  0
LINE
  5
944
330
17
100
AcDbEntity
  8
SIGNAL_ELECTRIC
370
13
100
AcDbLine
 10
889.0
 20
682.0
 30
0.0
 11
885.0
 21
682.0
 31
0.0
  0
LWPOLYLINE
  5
945
330
17
100
AcDbEntity
  8
INSTRUMENT
370
13
100
AcDbPolyline
 90
5
 70
0
 10
861.0
 20
671.0
 10
883.0
 20
671.0
 10
883.0
 20
693.0
 10
861.0
 20
693.0
 10
861.0
 20
671.0
  0
LWPOLYLINE
  5
946
330
17
100
AcDbEntity
  8
UTILITY
370
18
100
AcDbPolyline
 90
3
 70
0
 10
700.0
 20
690.0
 10
680.0
 20
690.0
 10
680.0
 20
670.0
  0
LWPOLYLINE
  5
947
330
17
100
AcDbEntity
  8
UTILITY
370
18
100
AcDbPolyline
 90
3
 70
0
 10
632.0
 20
630.0
 10
632.0
 20
560.0
 10
700.0
 20
560.0
  0
LINE
  5
948
330
17
100
AcDbEntity
  8
NOZZLES
370
13
100
AcDbLine
 10
680.0
 20
667.0
 30
0.0
 11
680.0
 21
670.0
 31
0.0
  0
LWPOLYLINE
  5
94A
330
17
100
AcDbEntity
  8
PROCESS
370
18
100
AcDbPolyline
 90
6
 70
0
 10
552.8
 20
370.0
 10
625.0
 20
370.0
 10
625.0
 20
348.0
 10
653.6
 20
348.0
 10
653.6
 20
336.0
 10
661.3
 20
336.0
  0
LWPOLYLINE
  5
94B
330
17
100
AcDbEntity
  8
PROCESS
370
18
100
AcDbPolyline
 90
2
 70
0
 10
552.8
 20
348.0
 10
598.2
 20
348.0
  0
LWPOLYLINE
  5
94C
330
17
100
AcDbEntity
  8
PROCESS
370
18
100
AcDbPolyline
 90
2
 70
0
 10
608.2
 20
348.0
 10
625.0
 20
348.0
  0
LWPOLYLINE
  5
94D
330
17
100
AcDbEntity
  8
PROCESS
370
18
100
AcDbPolyline
 90
2
 70
0
 10
552.8
 20
327.0
 10
598.2
 20
327.0
  0
LWPOLYLINE
  5
94E
330
17
100
AcDbEntity
  8
PROCESS
370
18
100
AcDbPolyline
 90
4
 70
0
 10
608.2
 20
327.0
 10
625.0
 20
327.0
 10
625.0
 20
315.0
 10
661.3
 20
315.0
  0
LINE
  5
94F
330
17
100
AcDbEntity
  8
IMPULSE_LINE
370
13
100
AcDbLine
 10
653.6
 20
348.0
 30
0.0
 11
653.6
 21
371.0
 31
0.0
  0
LINE
  5
950
330
17
100
AcDbEntity
  8
IMPULSE_LINE
370
13
100
AcDbLine
 10
653.6
 20
371.0
 30
0.0
 11
782.0
 21
371.0
 31
0.0
  0
LINE
  5
951
330
17
100
AcDbEntity
  8
IMPULSE_LINE
370
13
100
AcDbLine
 10
760.0
 20
371.0
 30
0.0
 11
760.0
 21
364.0
 31
0.0
  0
LINE
  5
952
330
17
100
AcDbEntity
  8
IMPULSE_LINE
370
13
100
AcDbLine
 10
782.0
 20
371.0
 30
0.0
 11
782.0
 21
364.0
 31
0.0
  0
LINE
  5
953
330
17
100
AcDbEntity
  8
SIGNAL_PNEUMATIC
370
13
100
AcDbLine
 10
214.4
 20
292.0
 30
0.0
 11
190.0
 21
292.0
 31
0.0
  0
LINE
  5
954
330
17
100
AcDbEntity
  8
SIGNAL_PNEUMATIC
370
13
100
AcDbLine
 10
190.0
 20
292.0
 30
0.0
 11
190.0
 21
423.0
 31
0.0
  0
LINE
  5
955
330
17
100
AcDbEntity
  8
SIGNAL_PNEUMATIC
370
13
100
AcDbLine
 10
190.0
 20
423.0
 30
0.0
 11
214.4
 21
423.0
 31
0.0
  0
LINE
  5
956
330
17
100
AcDbEntity
  8
SIGNAL_PNEUMATIC
370
13
100
AcDbLine
 10
214.4
 20
292.0
 30
0.0
 11
214.4
 21
270.0
 31
0.0
  0
LINE
  5
957
330
17
100
AcDbEntity
  8
SIGNAL_PNEUMATIC
370
13
100
AcDbLine
 10
214.4
 20
270.0
 30
0.0
 11
476.0
 21
270.0
 31
0.0
  0
LINE
  5
958
330
17
100
AcDbEntity
  8
SIGNAL_PNEUMATIC
370
13
100
AcDbLine
 10
476.0
 20
270.0
 30
0.0
 11
476.0
 21
292.0
 31
0.0
  0
ENDSEC
  0
SECTION
  2
OBJECTS
  0
DICTIONARY
  5
A
330
0
100
AcDbDictionary
281
1
  3
ACAD_COLOR
350
B
  3
ACAD_GROUP
350
C
  3
ACAD_LAYOUT
350
D
  3
ACAD_MATERIAL
350
E
  3
ACAD_MLEADERSTYLE
350
F
  3
ACAD_MLINESTYLE
350
10
  3
ACAD_PLOTSETTINGS
350
11
  3
ACAD_PLOTSTYLENAME
350
12
  3
ACAD_SCALELIST
350
14
  3
ACAD_TABLESTYLE
350
15
  3
ACAD_VISUALSTYLE
350
16
  3
EZDXF_META
350
2D
  0
DICTIONARY
  5
B
330
A
100
AcDbDictionary
281
1
  0
DICTIONARY
  5
C
330
A
100
AcDbDictionary
281
1
  0
DICTIONARY
  5
D
330
A
100
AcDbDictionary
281
1
  3
Model
350
1A
  3
Layout1
350
1E
  0
DICTIONARY
  5
E
330
A
100
AcDbDictionary
281
1
  3
ByBlock
350
1F
  3
ByLayer
350
20
  3
Global
350
21
  0
DICTIONARY
  5
F
330
A
100
AcDbDictionary
281
1
  3
Standard
350
2C
  0
DICTIONARY
  5
10
330
A
100
AcDbDictionary
281
1
  3
Standard
350
22
  0
DICTIONARY
  5
11
330
A
100
AcDbDictionary
281
1
  0
ACDBDICTIONARYWDFLT
  5
12
330
A
100
AcDbDictionary
281
1
  3
Normal
350
13
100
AcDbDictionaryWithDefault
340
13
  0
ACDBPLACEHOLDER
  5
13
330
12
  0
DICTIONARY
  5
14
330
A
100
AcDbDictionary
281
1
  0
DICTIONARY
  5
15
330
A
100
AcDbDictionary
281
1
  0
DICTIONARY
  5
16
330
A
100
AcDbDictionary
281
1
  3
2dWireframe
350
5A
  3
Basic
350
5B
  3
Brighten
350
5C
  3
ColorChange
350
5D
  3
Conceptual
350
5E
  3
Dim
350
5F
  3
EdgeColorOff
350
60
  3
Facepattern
350
61
  3
Flat
350
62
  3
FlatWithEdges
350
63
  3
Gouraud
350
64
  3
GouraudWithEdges
350
65
  3
Hidden
350
66
  3
JitterOff
350
67
  3
Linepattern
350
68
  3
Modeling
350
69
  3
OverhangOff
350
6A
  3
Realistic
350
6B
  3
Shaded
350
6C
  3
Shaded with edges
350
6D
  3
Shades of Gray
350
6E
  3
Sketchy
350
6F
  3
Thicken
350
70
  3
Wireframe
350
71
  3
X-Ray
350
72
  0
LAYOUT
  5
1A
330
D
100
AcDbPlotSettings
  1

  4
A3
  6

 40
7.5
 41
20.0
 42
7.5
 43
20.0
 44
420.0
 45
297.0
 46
0.0
 47
0.0
 48
0.0
 49
0.0
140
0.0
141
0.0
142
1.0
143
1.0
 70
1024
 72
1
 73
0
 74
5
  7

 75
16
 76
0
 77
2
 78
300
147
1.0
148
0.0
149
0.0
100
AcDbLayout
  1
Model
 70
1
 71
0
 10
0.0
 20
0.0
 11
420.0
 21
297.0
 12
0.0
 22
0.0
 32
0.0
 14
1e+20
 24
1e+20
 34
1e+20
 15
-1e+20
 25
-1e+20
 35
-1e+20
146
0.0
 13
0.0
 23
0.0
 33
0.0
 16
1.0
 26
0.0
 36
0.0
 17
0.0
 27
1.0
 37
0.0
 76
1
330
17
  0
LAYOUT
  5
1E
330
D
100
AcDbPlotSettings
  1

  4
A3
  6

 40
7.5
 41
20.0
 42
7.5
 43
20.0
 44
420.0
 45
297.0
 46
0.0
 47
0.0
 48
0.0
 49
0.0
140
0.0
141
0.0
142
1.0
143
1.0
 70
0
 72
1
 73
0
 74
5
  7

 75
16
 76
0
 77
2
 78
300
147
1.0
148
0.0
149
0.0
100
AcDbLayout
  1
Layout1
 70
1
 71
1
 10
0.0
 20
0.0
 11
420.0
 21
297.0
 12
0.0
 22
0.0
 32
0.0
 14
1e+20
 24
1e+20
 34
1e+20
 15
-1e+20
 25
-1e+20
 35
-1e+20
146
0.0
 13
0.0
 23
0.0
 33
0.0
 16
1.0
 26
0.0
 36
0.0
 17
0.0
 27
1.0
 37
0.0
 76
1
330
1B
  0
MATERIAL
  5
1F
102
{ACAD_REACTORS
330
E
102
}
330
E
100
AcDbMaterial
  1
ByBlock
  2

 70
0
 40
1.0
 71
1
 41
1.0
 91
-1023410177
 42
1.0
 72
1
  3

 73
1
 74
1
 75
1
 44
0.5
 73
0
 45
1.0
 46
1.0
 77
1
  4

 78
1
 79
1
170
1
 48
1.0
171
1
  6

172
1
173
1
174
1
140
1.0
141
1.0
175
1
  7

176
1
177
1
178
1
143
1.0
179
1
  8

270
1
271
1
272
1
145
1.0
146
1.0
273
1
  9

274
1
275
1
276
1
 42
1.0
 72
1
  3

 73
1
 74
1
 75
1
 94
63
  0
MATERIAL
  5
20
102
{ACAD_REACTORS
330
E
102
}
330
E
100
AcDbMaterial
  1
ByLayer
  2

 70
0
 40
1.0
 71
1
 41
1.0
 91
-1023410177
 42
1.0
 72
1
  3

 73
1
 74
1
 75
1
 44
0.5
 73
0
 45
1.0
 46
1.0
 77
1
  4

 78
1
 79
1
170
1
 48
1.0
171
1
  6

172
1
173
1
174
1
140
1.0
141
1.0
175
1
  7

176
1
177
1
178
1
143
1.0
179
1
  8

270
1
271
1
272
1
145
1.0
146
1.0
273
1
  9

274
1
275
1
276
1
 42
1.0
 72
1
  3

 73
1
 74
1
 75
1
 94
63
  0
MATERIAL
  5
21
102
{ACAD_REACTORS
330
E
102
}
330
E
100
AcDbMaterial
  1
Global
  2

 70
0
 40
1.0
 71
1
 41
1.0
 91
-1023410177
 42
1.0
 72
1
  3

 73
1
 74
1
 75
1
 44
0.5
 73
0
 45
1.0
 46
1.0
 77
1
  4

 78
1
 79
1
170
1
 48
1.0
171
1
  6

172
1
173
1
174
1
140
1.0
141
1.0
175
1
  7

176
1
177
1
178
1
143
1.0
179
1
  8

270
1
271
1
272
1
145
1.0
146
1.0
273
1
  9

274
1
275
1
276
1
 42
1.0
 72
1
  3

 73
1
 74
1
 75
1
 94
63
  0
MLINESTYLE
  5
22
102
{ACAD_REACTORS
330
10
102
}
330
10
100
AcDbMlineStyle
  2
Standard
 70
0
  3

 62
256
 51
90.0
 52
90.0
 71
2
 49
0.5
 62
256
  6
BYLAYER
 49
-0.5
 62
256
  6
BYLAYER
  0
MLEADERSTYLE
  5
2C
102
{ACAD_REACTORS
330
F
102
}
330
F
100
AcDbMLeaderStyle
179
2
170
2
171
1
172
0
 90
2
 40
0.0
 41
0.0
173
1
 91
-1056964608
 92
-2
290
1
 42
2.0
291
1
 43
8.0
  3
Standard
 44
4.0
300

342
29
174
1
175
1
176
0
178
1
 93
-1056964608
 45
4.0
292
0
297
0
 46
4.0
 94
-1056964608
 47
1.0
 49
1.0
140
1.0
294
1
141
0.0
177
0
142
1.0
295
0
296
0
143
3.75
271
0
272
9
273
9
  0
DICTIONARY
  5
2D
330
A
100
AcDbDictionary
280
1
281
1
  3
CREATED_BY_EZDXF
350
2E
  3
WRITTEN_BY_EZDXF
350
95B
  0
DICTIONARYVAR
  5
2E
330
2D
100
DictionaryVariables
280
0
  1
1.4.3 @ 2026-05-21T13:38:20.909875+00:00
  0
VISUALSTYLE
  5
5A
102
{ACAD_REACTORS
330
16
102
}
330
16
100
AcDbVisualStyle
  2
2dWireframe
 70
4
 90
0
 40
0.6
 62
7
290
0
291
0
  0
VISUALSTYLE
  5
5B
102
{ACAD_REACTORS
330
16
102
}
330
16
100
AcDbVisualStyle
  2
Basic
 70
7
 90
1
 40
0.6
 62
7
290
0
291
1
  0
VISUALSTYLE
  5
5C
102
{ACAD_REACTORS
330
16
102
}
330
16
100
AcDbVisualStyle
  2
Brighten
 70
12
 90
2
 40
0.6
 62
7
290
0
291
1
  0
VISUALSTYLE
  5
5D
102
{ACAD_REACTORS
330
16
102
}
330
16
100
AcDbVisualStyle
  2
ColorChange
 70
16
 90
2
 40
0.6
 62
8
290
0
291
1
  0
VISUALSTYLE
  5
5E
102
{ACAD_REACTORS
330
16
102
}
330
16
100
AcDbVisualStyle
  2
Conceptual
 70
9
 90
3
 40
0.6
 62
7
290
0
291
0
  0
VISUALSTYLE
  5
5F
102
{ACAD_REACTORS
330
16
102
}
330
16
100
AcDbVisualStyle
  2
Dim
 70
11
 90
2
 40
0.6
 62
7
290
0
291
1
  0
VISUALSTYLE
  5
60
102
{ACAD_REACTORS
330
16
102
}
330
16
100
AcDbVisualStyle
  2
EdgeColorOff
 70
22
 90
2
 40
0.6
 62
7
290
0
291
1
  0
VISUALSTYLE
  5
61
102
{ACAD_REACTORS
330
16
102
}
330
16
100
AcDbVisualStyle
  2
Facepattern
 70
15
 90
2
 40
0.6
 62
7
290
0
291
1
  0
VISUALSTYLE
  5
62
102
{ACAD_REACTORS
330
16
102
}
330
16
100
AcDbVisualStyle
  2
Flat
 70
0
 90
2
 40
0.6
 62
7
290
0
291
1
  0
VISUALSTYLE
  5
63
102
{ACAD_REACTORS
330
16
102
}
330
16
100
AcDbVisualStyle
  2
FlatWithEdges
 70
1
 90
2
 40
0.6
 62
7
290
0
291
1
  0
VISUALSTYLE
  5
64
102
{ACAD_REACTORS
330
16
102
}
330
16
100
AcDbVisualStyle
  2
Gouraud
 70
2
 90
2
 40
0.6
 62
7
290
0
291
1
  0
VISUALSTYLE
  5
65
102
{ACAD_REACTORS
330
16
102
}
330
16
100
AcDbVisualStyle
  2
GouraudWithEdges
 70
3
 90
2
 40
0.6
 62
7
290
0
291
1
  0
VISUALSTYLE
  5
66
102
{ACAD_REACTORS
330
16
102
}
330
16
100
AcDbVisualStyle
  2
Hidden
 70
6
 90
1
 40
0.6
 62
7
290
0
291
0
  0
VISUALSTYLE
  5
67
102
{ACAD_REACTORS
330
16
102
}
330
16
100
AcDbVisualStyle
  2
JitterOff
 70
20
 90
2
 40
0.6
 62
7
290
0
291
1
  0
VISUALSTYLE
  5
68
102
{ACAD_REACTORS
330
16
102
}
330
16
100
AcDbVisualStyle
  2
Linepattern
 70
14
 90
2
 40
0.6
 62
7
290
0
291
1
  0
VISUALSTYLE
  5
69
102
{ACAD_REACTORS
330
16
102
}
330
16
100
AcDbVisualStyle
  2
Modeling
 70
10
 90
2
 40
0.6
 62
7
290
0
291
0
  0
VISUALSTYLE
  5
6A
102
{ACAD_REACTORS
330
16
102
}
330
16
100
AcDbVisualStyle
  2
OverhangOff
 70
21
 90
2
 40
0.6
 62
7
290
0
291
1
  0
VISUALSTYLE
  5
6B
102
{ACAD_REACTORS
330
16
102
}
330
16
100
AcDbVisualStyle
  2
Realistic
 70
8
 90
2
 40
0.6
 62
7
290
0
291
0
  0
VISUALSTYLE
  5
6C
102
{ACAD_REACTORS
330
16
102
}
330
16
100
AcDbVisualStyle
  2
Shaded
 70
27
 90
2
 40
0.6
 62
7
290
0
291
0
  0
VISUALSTYLE
  5
6D
102
{ACAD_REACTORS
330
16
102
}
330
16
100
AcDbVisualStyle
  2
Shaded with edges
 70
26
 90
2
 40
0.6
 62
7
290
0
291
0
  0
VISUALSTYLE
  5
6E
102
{ACAD_REACTORS
330
16
102
}
330
16
100
AcDbVisualStyle
  2
Shades of Gray
 70
23
 90
2
 40
0.6
 62
7
290
0
291
0
  0
VISUALSTYLE
  5
6F
102
{ACAD_REACTORS
330
16
102
}
330
16
100
AcDbVisualStyle
  2
Sketchy
 70
24
 90
1
 40
0.6
 62
7
290
0
291
0
  0
VISUALSTYLE
  5
70
102
{ACAD_REACTORS
330
16
102
}
330
16
100
AcDbVisualStyle
  2
Thicken
 70
13
 90
2
 40
0.6
 62
7
290
0
291
1
  0
VISUALSTYLE
  5
71
102
{ACAD_REACTORS
330
16
102
}
330
16
100
AcDbVisualStyle
  2
Wireframe
 70
5
 90
0
 40
0.6
 62
7
290
0
291
0
  0
VISUALSTYLE
  5
72
102
{ACAD_REACTORS
330
16
102
}
330
16
100
AcDbVisualStyle
  2
X-Ray
 70
25
 90
2
 40
0.5
 62
7
290
0
291
0
  0
DICTIONARYVAR
  5
95B
330
2D
100
DictionaryVariables
280
0
  1
1.4.3 @ 2026-05-21T13:38:21.830256+00:00
  0
ENDSEC
  0
EOF
