  0
SECTION
  2
HEADER
  9
$ACADVER
  1
AC1024
  9
$ACADMAINTVER
 70
6
  9
$DWGCODEPAGE
  3
ANSI_1252
  9
$LASTSAVEDBY
  1
ezdxf
  9
$INSBASE
 10
0.0
 20
0.0
 30
0.0
  9
$EXTMIN
 10
1e+20
 20
1e+20
 30
1e+20
  9
$EXTMAX
 10
-1e+20
 20
-1e+20
 30
-1e+20
  9
$LIMMIN
 10
0.0
 20
0.0
  9
$LIMMAX
 10
420.0
 20
297.0
  9
$ORTHOMODE
 70
0
  9
$REGENMODE
 70
1
  9
$FILLMODE
 70
1
  9
$QTEXTMODE
 70
0
  9
$MIRRTEXT
 70
1
  9
$LTSCALE
 40
1.0
  9
$ATTMODE
 70
1
  9
$TEXTSIZE
 40
2.5
  9
$TRACEWID
 40
1.0
  9
$TEXTSTYLE
  7
OpenSans
  9
$CLAYER
  8
0
  9
$CELTYPE
  6
ByLayer
  9
$CECOLOR
 62
256
  9
$CELTSCALE
 40
1.0
  9
$DISPSILH
 70
0
  9
$DIMSCALE
 40
1.0
  9
$DIMASZ
 40
0.175
  9
$DIMEXO
 40
0.125
  9
$DIMDLI
 40
3.75
  9
$DIMRND
 40
0.0
  9
$DIMDLE
 40
0.0
  9
$DIMEXE
 40
0.375
  9
$DIMTP
 40
0.0
  9
$DIMTM
 40
0.0
  9
$DIMTXT
 40
0.25
  9
$DIMCEN
 40
2.5
  9
$DIMTSZ
 40
0.0
  9
$DIMTOL
 70
0
  9
$DIMLIM
 70
0
  9
$DIMTIH
 70
0
  9
$DIMTOH
 70
0
  9
$DIMSE1
 70
0
  9
$DIMSE2
 70
0
  9
$DIMTAD
 70
1
  9
$DIMZIN
 70
12
  9
$DIMBLK
  1
ARCHTICK
  9
$DIMASO
 70
1
  9
$DIMSHO
 70
1
  9
$DIMPOST
  1

  9
$DIMAPOST
  1

  9
$DIMALT
 70
0
  9
$DIMALTD
 70
3
  9
$DIMALTF
 40
0.03937007874
  9
$DIMLFAC
 40
100.0
  9
$DIMTOFL
 70
1
  9
$DIMTVP
 40
0.0
  9
$DIMTIX
 70
0
  9
$DIMSOXD
 70
0
  9
$DIMSAH
 70
0
  9
$DIMBLK1
  1

  9
$DIMBLK2
  1

  9
$DIMSTYLE
  2
EZDXF
  9
$DIMCLRD
 70
0
  9
$DIMCLRE
 70
0
  9
$DIMCLRT
 70
0
  9
$DIMTFAC
 40
0.5
  9
$DIMGAP
 40
0.1
  9
$DIMJUST
 70
0
  9
$DIMSD1
 70
0
  9
$DIMSD2
 70
0
  9
$DIMTOLJ
 70
0
  9
$DIMTZIN
 70
8
  9
$DIMALTZ
 70
0
  9
$DIMALTTZ
 70
0
  9
$DIMUPT
 70
1
  9
$DIMDEC
 70
2
  9
$DIMTDEC
 70
2
  9
$DIMALTU
 70
2
  9
$DIMALTTD
 70
3
  9
$DIMTXSTY
  7
OpenSansCondensed-Light
  9
$DIMAUNIT
 70
0
  9
$DIMADEC
 70
2
  9
$DIMALTRND
 40
0.0
  9
$DIMAZIN
 70
3
  9
$DIMDSEP
 70
46
  9
$DIMATFIT
 70
3
  9
$DIMFRAC
 70
0
  9
$DIMLDRBLK
  1

  9
$DIMLUNIT
 70
2
  9
$DIMLWD
 70
-2
  9
$DIMLWE
 70
-2
  9
$DIMTMOVE
 70
2
  9
$DIMFXL
 40
1.0
  9
$DIMFXLON
 70
0
  9
$DIMJOGANG
 40
0.785398163397
  9
$DIMTFILL
 70
0
  9
$DIMTFILLCLR
 70
0
  9
$DIMARCSYM
 70
0
  9
$DIMLTYPE
  6

  9
$DIMLTEX1
  6

  9
$DIMLTEX2
  6

  9
$DIMTXTDIRECTION
 70
0
  9
$LUNITS
 70
2
  9
$LUPREC
 70
4
  9
$SKETCHINC
 40
1.0
  9
$FILLETRAD
 40
10.0
  9
$AUNITS
 70
0
  9
$AUPREC
 70
2
  9
$MENU
  1
.
  9
$ELEVATION
 40
0.0
  9
$PELEVATION
 40
0.0
  9
$THICKNESS
 40
0.0
  9
$LIMCHECK
 70
0
  9
$CHAMFERA
 40
0.0
  9
$CHAMFERB
 40
0.0
  9
$CHAMFERC
 40
0.0
  9
$CHAMFERD
 40
0.0
  9
$SKPOLY
 70
0
  9
$TDCREATE
 40
2461168.443912037
  9
$TDUCREATE
 40
2458532.153996898
  9
$TDUPDATE
 40
2461168.443912037
  9
$TDUUPDATE
 40
2458532.1544311
  9
$TDINDWG
 40
0.0
  9
$TDUSRTIMER
 40
0.0
  9
$USRTIMER
 70
1
  9
$ANGBASE
 50
0.0
  9
$ANGDIR
 70
0
  9
$PDMODE
 70
0
  9
$PDSIZE
 40
0.0
  9
$PLINEWID
 40
0.0
  9
$SPLFRAME
 70
0
  9
$SPLINETYPE
 70
6
  9
$SPLINESEGS
 70
8
  9
$HANDSEED
  5
B91
  9
$SURFTAB1
 70
6
  9
$SURFTAB2
 70
6
  9
$SURFTYPE
 70
6
  9
$SURFU
 70
6
  9
$SURFV
 70
6
  9
$UCSBASE
  2

  9
$UCSNAME
  2

  9
$UCSORG
 10
0.0
 20
0.0
 30
0.0
  9
$UCSXDIR
 10
1.0
 20
0.0
 30
0.0
  9
$UCSYDIR
 10
0.0
 20
1.0
 30
0.0
  9
$UCSORTHOREF
  2

  9
$UCSORTHOVIEW
 70
0
  9
$UCSORGTOP
 10
0.0
 20
0.0
 30
0.0
  9
$UCSORGBOTTOM
 10
0.0
 20
0.0
 30
0.0
  9
$UCSORGLEFT
 10
0.0
 20
0.0
 30
0.0
  9
$UCSORGRIGHT
 10
0.0
 20
0.0
 30
0.0
  9
$UCSORGFRONT
 10
0.0
 20
0.0
 30
0.0
  9
$UCSORGBACK
 10
0.0
 20
0.0
 30
0.0
  9
$PUCSBASE
  2

  9
$PUCSNAME
  2

  9
$PUCSORG
 10
0.0
 20
0.0
 30
0.0
  9
$PUCSXDIR
 10
1.0
 20
0.0
 30
0.0
  9
$PUCSYDIR
 10
0.0
 20
1.0
 30
0.0
  9
$PUCSORTHOREF
  2

  9
$PUCSORTHOVIEW
 70
0
  9
$PUCSORGTOP
 10
0.0
 20
0.0
 30
0.0
  9
$PUCSORGBOTTOM
 10
0.0
 20
0.0
 30
0.0
  9
$PUCSORGLEFT
 10
0.0
 20
0.0
 30
0.0
  9
$PUCSORGRIGHT
 10
0.0
 20
0.0
 30
0.0
  9
$PUCSORGFRONT
 10
0.0
 20
0.0
 30
0.0
  9
$PUCSORGBACK
 10
0.0
 20
0.0
 30
0.0
  9
$USERI1
 70
0
  9
$USERI2
 70
0
  9
$USERI3
 70
0
  9
$USERI4
 70
0
  9
$USERI5
 70
0
  9
$USERR1
 40
0.0
  9
$USERR2
 40
0.0
  9
$USERR3
 40
0.0
  9
$USERR4
 40
0.0
  9
$USERR5
 40
0.0
  9
$WORLDVIEW
 70
1
  9
$SHADEDGE
 70
3
  9
$SHADEDIF
 70
70
  9
$TILEMODE
 70
1
  9
$MAXACTVP
 70
64
  9
$PINSBASE
 10
0.0
 20
0.0
 30
0.0
  9
$PLIMCHECK
 70
0
  9
$PEXTMIN
 10
1e+20
 20
1e+20
 30
1e+20
  9
$PEXTMAX
 10
-1e+20
 20
-1e+20
 30
-1e+20
  9
$PLIMMIN
 10
0.0
 20
0.0
  9
$PLIMMAX
 10
420.0
 20
297.0
  9
$UNITMODE
 70
0
  9
$VISRETAIN
 70
1
  9
$PLINEGEN
 70
0
  9
$PSLTSCALE
 70
1
  9
$TREEDEPTH
 70
3020
  9
$CMLSTYLE
  2
Standard
  9
$CMLJUST
 70
0
  9
$CMLSCALE
 40
20.0
  9
$PROXYGRAPHICS
 70
1
  9
$MEASUREMENT
 70
1
  9
$CELWEIGHT
370
-1
  9
$ENDCAPS
280
0
  9
$JOINSTYLE
280
0
  9
$LWDISPLAY
290
0
  9
$INSUNITS
 70
6
  9
$HYPERLINKBASE
  1

  9
$STYLESHEET
  1

  9
$XEDIT
290
1
  9
$CEPSNTYPE
380
0
  9
$PSTYLEMODE
290
1
  9
$FINGERPRINTGUID
  2
{50BEB5C9-DCDC-458D-BAA4-7540CE3218B2}
  9
$VERSIONGUID
  2
{5BC1C0AF-DC4B-4F7E-8616-8598FDA3D245}
  9
$EXTNAMES
290
1
  9
$PSVPSCALE
 40
0.0
  9
$OLESTARTUP
290
0
  9
$SORTENTS
280
127
  9
$INDEXCTL
280
0
  9
$HIDETEXT
280
1
  9
$XCLIPFRAME
280
1
  9
$HALOGAP
280
0
  9
$OBSCOLOR
 70
257
  9
$OBSLTYPE
280
0
  9
$INTERSECTIONDISPLAY
280
0
  9
$INTERSECTIONCOLOR
 70
257
  9
$DIMASSOC
280
2
  9
$PROJECTNAME
  1

  9
$CAMERADISPLAY
290
0
  9
$LENSLENGTH
 40
50.0
  9
$CAMERAHEIGHT
 40
0.0
  9
$STEPSPERSEC
 40
24.0
  9
$STEPSIZE
 40
100.0
  9
$3DDWFPREC
 40
2.0
  9
$PSOLWIDTH
 40
0.005
  9
$PSOLHEIGHT
 40
0.08
  9
$LOFTANG1
 40
1.570796326795
  9
$LOFTANG2
 40
1.570796326795
  9
$LOFTMAG1
 40
0.0
  9
$LOFTMAG2
 40
0.0
  9
$LOFTPARAM
 70
7
  9
$LOFTNORMALS
280
1
  9
$LATITUDE
 40
37.795
  9
$LONGITUDE
 40
-122.394
  9
$NORTHDIRECTION
 40
0.0
  9
$TIMEZONE
 70
-8000
  9
$LIGHTGLYPHDISPLAY
280
1
  9
$TILEMODELIGHTSYNCH
280
1
  9
$CMATERIAL
347
20
  9
$SOLIDHIST
280
0
  9
$SHOWHIST
280
1
  9
$DWFFRAME
280
2
  9
$DGNFRAME
280
2
  9
$REALWORLDSCALE
290
1
  9
$INTERFERECOLOR
 62
256
  9
$CSHADOW
280
0
  9
$SHADOWPLANELOCATION
 40
0.0
  0
ENDSEC
  0
SECTION
  2
CLASSES
  0
CLASS
  1
ACDBDICTIONARYWDFLT
  2
AcDbDictionaryWithDefault
  3
ObjectDBX Classes
 90
0
 91
0
280
0
281
0
  0
CLASS
  1
SUN
  2
AcDbSun
  3
SCENEOE
 90
1153
 91
0
280
0
281
0
  0
CLASS
  1
VISUALSTYLE
  2
AcDbVisualStyle
  3
ObjectDBX Classes
 90
4095
 91
0
280
0
281
0
  0
CLASS
  1
MATERIAL
  2
AcDbMaterial
  3
ObjectDBX Classes
 90
1153
 91
0
280
0
281
0
  0
CLASS
  1
SCALE
  2
AcDbScale
  3
ObjectDBX Classes
 90
1153
 91
0
280
0
281
0
  0
CLASS
  1
TABLESTYLE
  2
AcDbTableStyle
  3
ObjectDBX Classes
 90
4095
 91
0
280
0
281
0
  0
CLASS
  1
MLEADERSTYLE
  2
AcDbMLeaderStyle
  3
ACDB_MLEADERSTYLE_CLASS
 90
4095
 91
0
280
0
281
0
  0
CLASS
  1
DICTIONARYVAR
  2
AcDbDictionaryVar
  3
ObjectDBX Classes
 90
0
 91
0
280
0
281
0
  0
CLASS
  1
CELLSTYLEMAP
  2
AcDbCellStyleMap
  3
ObjectDBX Classes
 90
1152
 91
0
280
0
281
0
  0
CLASS
  1
MENTALRAYRENDERSETTINGS
  2
AcDbMentalRayRenderSettings
  3
SCENEOE
 90
1024
 91
0
280
0
281
0
  0
CLASS
  1
ACDBDETAILVIEWSTYLE
  2
AcDbDetailViewStyle
  3
ObjectDBX Classes
 90
1025
 91
0
280
0
281
0
  0
CLASS
  1
ACDBSECTIONVIEWSTYLE
  2
AcDbSectionViewStyle
  3
ObjectDBX Classes
 90
1025
 91
0
280
0
281
0
  0
CLASS
  1
RASTERVARIABLES
  2
AcDbRasterVariables
  3
ISM
 90
0
 91
0
280
0
281
0
  0
CLASS
  1
LAYOUT
  2
AcDbLayout
  3
ObjectDBX Classes
 90
0
 91
0
280
0
281
0
  0
CLASS
  1
ACDBPLACEHOLDER
  2
AcDbPlaceHolder
  3
ObjectDBX Classes
 90
0
 91
0
280
0
281
0
  0
ENDSEC
  0
SECTION
  2
TABLES
  0
TABLE
  2
VPORT
  5
8
330
0
100
AcDbSymbolTable
 70
1
  0
VPORT
  5
23
330
8
100
AcDbSymbolTableRecord
100
AcDbViewportTableRecord
  2
*Active
 70
0
 10
0.0
 20
0.0
 11
1.0
 21
1.0
 12
0.0
 22
0.0
 13
0.0
 23
0.0
 14
0.5
 24
0.5
 15
0.5
 25
0.5
 16
0.0
 26
0.0
 36
1.0
 17
0.0
 27
0.0
 37
0.0
 40
1000.0
 41
1.34
 42
50.0
 43
0.0
 44
0.0
 50
0.0
 51
0.0
 71
0
 72
1000
 73
1
 74
3
 75
0
 76
0
 77
0
 78
0
281
0
 65
0
146
0.0
  0
ENDTAB
  0
TABLE
  2
LTYPE
  5
2
330
0
100
AcDbSymbolTable
 70
22
  0
LTYPE
  5
24
330
2
100
AcDbSymbolTableRecord
100
AcDbLinetypeTableRecord
  2
ByBlock
 70
0
  3

 72
65
 73
0
 40
0.0
  0
LTYPE
  5
25
330
2
100
AcDbSymbolTableRecord
100
AcDbLinetypeTableRecord
  2
ByLayer
 70
0
  3

 72
65
 73
0
 40
0.0
  0
LTYPE
  5
26
330
2
100
AcDbSymbolTableRecord
100
AcDbLinetypeTableRecord
  2
Continuous
 70
0
  3

 72
65
 73
0
 40
0.0
  0
LTYPE
  5
2F
330
2
100
AcDbSymbolTableRecord
100
AcDbLinetypeTableRecord
  2
CENTER
 70
0
  3
Center ____ _ ____ _ ____ _ ____ _ ____ _ ____
 72
65
 73
4
 40
5.08
 49
3.175
 74
0
 49
-0.635
 74
0
 49
0.635
 74
0
 49
-0.635
 74
0
  0
LTYPE
  5
30
330
2
100
AcDbSymbolTableRecord
100
AcDbLinetypeTableRecord
  2
CENTERX2
 70
0
  3
Center (2x) ________  __  ________  __  ________
 72
65
 73
4
 40
8.89
 49
6.35
 74
0
 49
-0.635
 74
0
 49
1.27
 74
0
 49
-0.635
 74
0
  0
LTYPE
  5
31
330
2
100
AcDbSymbolTableRecord
100
AcDbLinetypeTableRecord
  2
CENTER2
 70
0
  3
Center (.5x) ____ _ ____ _ ____ _ ____ _ ____
 72
65
 73
4
 40
2.54
 49
1.587
 74
0
 49
-0.318
 74
0
 49
0.318
 74
0
 49
-0.318
 74
0
  0
LTYPE
  5
32
330
2
100
AcDbSymbolTableRecord
100
AcDbLinetypeTableRecord
  2
DASHED
 70
0
  3
Dashed __ __ __ __ __ __ __ __ __ __ __ __ __ _
 72
65
 73
2
 40
1.524
 49
1.27
 74
0
 49
-0.254
 74
0
  0
LTYPE
  5
33
330
2
100
AcDbSymbolTableRecord
100
AcDbLinetypeTableRecord
  2
DASHEDX2
 70
0
  3
Dashed (2x) ____  ____  ____  ____  ____  ____
 72
65
 73
2
 40
3.048
 49
2.54
 74
0
 49
-0.508
 74
0
  0
LTYPE
  5
34
330
2
100
AcDbSymbolTableRecord
100
AcDbLinetypeTableRecord
  2
DASHED2
 70
0
  3
Dashed (.5x) _ _ _ _ _ _ _ _ _ _ _ _ _ _
 72
65
 73
2
 40
0.762
 49
0.635
 74
0
 49
-0.127
 74
0
  0
LTYPE
  5
35
330
2
100
AcDbSymbolTableRecord
100
AcDbLinetypeTableRecord
  2
PHANTOM
 70
0
  3
Phantom ______  __  __  ______  __  __  ______
 72
65
 73
6
 40
6.35
 49
3.175
 74
0
 49
-0.635
 74
0
 49
0.635
 74
0
 49
-0.635
 74
0
 49
0.635
 74
0
 49
-0.635
 74
0
  0
LTYPE
  5
36
330
2
100
AcDbSymbolTableRecord
100
AcDbLinetypeTableRecord
  2
PHANTOMX2
 70
0
  3
Phantom (2x)____________    ____    ____    ____________
 72
65
 73
6
 40
10.795
 49
6.35
 74
0
 49
-0.635
 74
0
 49
1.27
 74
0
 49
-0.635
 74
0
 49
1.27
 74
0
 49
-0.635
 74
0
  0
LTYPE
  5
37
330
2
100
AcDbSymbolTableRecord
100
AcDbLinetypeTableRecord
  2
PHANTOM2
 70
0
  3
Phantom (.5x) ___ _ _ ___ _ _ ___ _ _ ___ _ _ ___
 72
65
 73
6
 40
3.175
 49
1.587
 74
0
 49
-0.318
 74
0
 49
0.318
 74
0
 49
-0.318
 74
0
 49
0.318
 74
0
 49
-0.318
 74
0
  0
LTYPE
  5
38
330
2
100
AcDbSymbolTableRecord
100
AcDbLinetypeTableRecord
  2
DASHDOT
 70
0
  3
Dash dot __ . __ . __ . __ . __ . __ . __ . __
 72
65
 73
4
 40
3.556
 49
2.54
 74
0
 49
-0.508
 74
0
 49
0.0
 74
0
 49
-0.508
 74
0
  0
LTYPE
  5
39
330
2
100
AcDbSymbolTableRecord
100
AcDbLinetypeTableRecord
  2
DASHDOTX2
 70
0
  3
Dash dot (2x) ____  .  ____  .  ____  .  ____
 72
65
 73
4
 40
6.096
 49
5.08
 74
0
 49
-0.508
 74
0
 49
0.0
 74
0
 49
-0.508
 74
0
  0
LTYPE
  5
3A
330
2
100
AcDbSymbolTableRecord
100
AcDbLinetypeTableRecord
  2
DASHDOT2
 70
0
  3
Dash dot (.5x) _ . _ . _ . _ . _ . _ . _ . _
 72
65
 73
4
 40
1.778
 49
1.27
 74
0
 49
-0.254
 74
0
 49
0.0
 74
0
 49
-0.254
 74
0
  0
LTYPE
  5
3B
330
2
100
AcDbSymbolTableRecord
100
AcDbLinetypeTableRecord
  2
DOT
 70
0
  3
Dot .  .  .  .  .  .  .  .  .  .  .  .  .  .  .  .
 72
65
 73
2
 40
0.508
 49
0.0
 74
0
 49
-0.508
 74
0
  0
LTYPE
  5
3C
330
2
100
AcDbSymbolTableRecord
100
AcDbLinetypeTableRecord
  2
DOTX2
 70
0
  3
Dot (2x) .    .    .    .    .    .    .    . 
 72
65
 73
2
 40
1.016
 49
0.0
 74
0
 49
-1.016
 74
0
  0
LTYPE
  5
3D
330
2
100
AcDbSymbolTableRecord
100
AcDbLinetypeTableRecord
  2
DOT2
 70
0
  3
Dot (.5) . . . . . . . . . . . . . . . . . . . 
 72
65
 73
2
 40
0.254
 49
0.0
 74
0
 49
-0.254
 74
0
  0
LTYPE
  5
3E
330
2
100
AcDbSymbolTableRecord
100
AcDbLinetypeTableRecord
  2
DIVIDE
 70
0
  3
Divide __ . . __ . . __ . . __ . . __ . . __
 72
65
 73
6
 40
4.064
 49
2.54
 74
0
 49
-0.508
 74
0
 49
0.0
 74
0
 49
-0.508
 74
0
 49
0.0
 74
0
 49
-0.508
 74
0
  0
LTYPE
  5
3F
330
2
100
AcDbSymbolTableRecord
100
AcDbLinetypeTableRecord
  2
DIVIDEX2
 70
0
  3
Divide (2x) ____  . .  ____  . .  ____  . .  ____
 72
65
 73
6
 40
6.604
 49
5.08
 74
0
 49
-0.508
 74
0
 49
0.0
 74
0
 49
-0.508
 74
0
 49
0.0
 74
0
 49
-0.508
 74
0
  0
LTYPE
  5
40
330
2
100
AcDbSymbolTableRecord
100
AcDbLinetypeTableRecord
  2
DIVIDE2
 70
0
  3
Divide(.5x) _ . _ . _ . _ . _ . _ . _ . _
 72
65
 73
6
 40
2.032
 49
1.27
 74
0
 49
-0.254
 74
0
 49
0.0
 74
0
 49
-0.254
 74
0
 49
0.0
 74
0
 49
-0.254
 74
0
  0
LTYPE
  5
9D
330
2
100
AcDbSymbolTableRecord
100
AcDbLinetypeTableRecord
  2
DOTTED
 70
0
  3

 72
65
 73
2
 40
0.1
 49
0.01
 74
0
 49
-0.05
 74
0
  0
ENDTAB
  0
TABLE
  2
LAYER
  5
1
330
0
100
AcDbSymbolTable
 70
21
  0
LAYER
  5
27
330
1
100
AcDbSymbolTableRecord
100
AcDbLayerTableRecord
  2
0
 70
0
 62
7
  6
Continuous
370
-3
390
13
347
21
  0
LAYER
  5
28
330
1
100
AcDbSymbolTableRecord
100
AcDbLayerTableRecord
  2
Defpoints
 70
0
 62
7
  6
Continuous
290
0
370
-3
390
13
347
21
  0
LAYER
  5
8A
330
1
100
AcDbSymbolTableRecord
100
AcDbLayerTableRecord
  2
BORDER
 70
0
 62
7
  6
Continuous
370
-3
390
13
347
21
  0
LAYER
  5
8B
330
1
100
AcDbSymbolTableRecord
100
AcDbLayerTableRecord
  2
TABLE
 70
0
 62
8
  6
Continuous
370
-3
390
13
347
21
  0
LAYER
  5
8C
330
1
100
AcDbSymbolTableRecord
100
AcDbLayerTableRecord
  2
TEXT
 70
0
 62
7
  6
Continuous
370
-3
390
13
347
21
  0
LAYER
  5
8D
330
1
100
AcDbSymbolTableRecord
100
AcDbLayerTableRecord
  2
EQUIPMENT
 70
0
 62
4
  6
Continuous
370
-3
390
13
347
21
  0
LAYER
  5
8E
330
1
100
AcDbSymbolTableRecord
100
AcDbLayerTableRecord
  2
SYMBOLS
 70
0
 62
4
  6
Continuous
370
-3
390
13
347
21
  0
LAYER
  5
8F
330
1
100
AcDbSymbolTableRecord
100
AcDbLayerTableRecord
  2
NOZZLES
 70
0
 62
1
  6
Continuous
370
-3
390
13
347
21
  0
LAYER
  5
90
330
1
100
AcDbSymbolTableRecord
100
AcDbLayerTableRecord
  2
PROCESS
 70
0
 62
1
  6
Continuous
370
-3
390
13
347
21
  0
LAYER
  5
91
330
1
100
AcDbSymbolTableRecord
100
AcDbLayerTableRecord
  2
UTILITY
 70
0
 62
5
  6
Continuous
370
-3
390
13
347
21
  0
LAYER
  5
92
330
1
100
AcDbSymbolTableRecord
100
AcDbLayerTableRecord
  2
FLARE
 70
0
 62
7
  6
Continuous
370
-3
390
13
347
21
  0
LAYER
  5
93
330
1
100
AcDbSymbolTableRecord
100
AcDbLayerTableRecord
  2
DRAIN
 70
0
 62
8
  6
Continuous
370
-3
390
13
347
21
  0
LAYER
  5
94
330
1
100
AcDbSymbolTableRecord
100
AcDbLayerTableRecord
  2
VALVES
 70
0
 62
1
  6
Continuous
370
-3
390
13
347
21
  0
LAYER
  5
95
330
1
100
AcDbSymbolTableRecord
100
AcDbLayerTableRecord
  2
INSTRUMENT
 70
0
 62
6
  6
Continuous
370
-3
390
13
347
21
  0
LAYER
  5
96
330
1
100
AcDbSymbolTableRecord
100
AcDbLayerTableRecord
  2
SIGNAL_ELECTRIC
 70
0
 62
2
  6
Continuous
370
-3
390
13
347
21
  0
LAYER
  5
97
330
1
100
AcDbSymbolTableRecord
100
AcDbLayerTableRecord
  2
SIGNAL_PNEUMATIC
 70
0
 62
2
  6
Continuous
370
-3
390
13
347
21
  0
LAYER
  5
98
330
1
100
AcDbSymbolTableRecord
100
AcDbLayerTableRecord
  2
SIGNAL_SOFTWARE
 70
0
 62
2
  6
Continuous
370
-3
390
13
347
21
  0
LAYER
  5
99
330
1
100
AcDbSymbolTableRecord
100
AcDbLayerTableRecord
  2
SIGNAL_SIS
 70
0
 62
2
  6
Continuous
370
-3
390
13
347
21
  0
LAYER
  5
9A
330
1
100
AcDbSymbolTableRecord
100
AcDbLayerTableRecord
  2
IMPULSE_LINE
 70
0
 62
2
  6
Continuous
370
-3
390
13
347
21
  0
LAYER
  5
9B
330
1
100
AcDbSymbolTableRecord
100
AcDbLayerTableRecord
  2
OFFPAGE
 70
0
 62
1
  6
Continuous
370
-3
390
13
347
21
  0
LAYER
  5
9C
330
1
100
AcDbSymbolTableRecord
100
AcDbLayerTableRecord
  2
QA_OVERLAY
 70
0
 62
2
  6
Continuous
370
-3
390
13
347
21
  0
ENDTAB
  0
TABLE
  2
STYLE
  5
5
330
0
100
AcDbSymbolTable
 70
26
  0
STYLE
  5
29
330
5
100
AcDbSymbolTableRecord
100
AcDbTextStyleTableRecord
  2
Standard
 70
0
 40
0.0
 41
1.0
 50
0.0
 71
0
 42
2.5
  3
txt
  4

  0
STYLE
  5
41
330
5
100
AcDbSymbolTableRecord
100
AcDbTextStyleTableRecord
  2
OpenSans-Light
 70
0
 40
0.0
 41
1.0
 50
0.0
 71
0
 42
2.5
  3
OpenSans-Light.ttf
  4

  0
STYLE
  5
42
330
5
100
AcDbSymbolTableRecord
100
AcDbTextStyleTableRecord
  2
OpenSans-Light-Italic
 70
0
 40
0.0
 41
1.0
 50
0.0
 71
0
 42
2.5
  3
OpenSans-LightItalic.ttf
  4

  0
STYLE
  5
43
330
5
100
AcDbSymbolTableRecord
100
AcDbTextStyleTableRecord
  2
OpenSans
 70
0
 40
0.0
 41
1.0
 50
0.0
 71
0
 42
2.5
  3
OpenSans-Regular.ttf
  4

  0
STYLE
  5
44
330
5
100
AcDbSymbolTableRecord
100
AcDbTextStyleTableRecord
  2
OpenSans-Italic
 70
0
 40
0.0
 41
1.0
 50
0.0
 71
0
 42
2.5
  3
OpenSans-Italic.ttf
  4

  0
STYLE
  5
45
330
5
100
AcDbSymbolTableRecord
100
AcDbTextStyleTableRecord
  2
OpenSans-SemiBold
 70
0
 40
0.0
 41
1.0
 50
0.0
 71
0
 42
2.5
  3
OpenSans-SemiBold.ttf
  4

  0
STYLE
  5
46
330
5
100
AcDbSymbolTableRecord
100
AcDbTextStyleTableRecord
  2
OpenSans-SemiBoldItalic
 70
0
 40
0.0
 41
1.0
 50
0.0
 71
0
 42
2.5
  3
OpenSans-SemiBoldItalic.ttf
  4

  0
STYLE
  5
47
330
5
100
AcDbSymbolTableRecord
100
AcDbTextStyleTableRecord
  2
OpenSans-Bold
 70
0
 40
0.0
 41
1.0
 50
0.0
 71
0
 42
2.5
  3
OpenSans-Bold.ttf
  4

  0
STYLE
  5
48
330
5
100
AcDbSymbolTableRecord
100
AcDbTextStyleTableRecord
  2
OpenSans-BoldItalic
 70
0
 40
0.0
 41
1.0
 50
0.0
 71
0
 42
2.5
  3
OpenSans-BoldItalic.ttf
  4

  0
STYLE
  5
49
330
5
100
AcDbSymbolTableRecord
100
AcDbTextStyleTableRecord
  2
OpenSans-ExtraBold
 70
0
 40
0.0
 41
1.0
 50
0.0
 71
0
 42
2.5
  3
OpenSans-ExtraBold.ttf
  4

  0
STYLE
  5
4A
330
5
100
AcDbSymbolTableRecord
100
AcDbTextStyleTableRecord
  2
OpenSans-ExtraBoldItalic
 70
0
 40
0.0
 41
1.0
 50
0.0
 71
0
 42
2.5
  3
OpenSans-ExtraBoldItalic.ttf
  4

  0
STYLE
  5
4B
330
5
100
AcDbSymbolTableRecord
100
AcDbTextStyleTableRecord
  2
OpenSansCondensed-Bold
 70
0
 40
0.0
 41
1.0
 50
0.0
 71
0
 42
2.5
  3
OpenSansCondensed-Bold.ttf
  4

  0
STYLE
  5
4C
330
5
100
AcDbSymbolTableRecord
100
AcDbTextStyleTableRecord
  2
OpenSansCondensed-Light
 70
0
 40
0.0
 41
1.0
 50
0.0
 71
0
 42
2.5
  3
OpenSansCondensed-Light.ttf
  4

  0
STYLE
  5
4D
330
5
100
AcDbSymbolTableRecord
100
AcDbTextStyleTableRecord
  2
OpenSansCondensed-Italic
 70
0
 40
0.0
 41
1.0
 50
0.0
 71
0
 42
2.5
  3
OpenSansCondensed-LightItalic.ttf
  4

  0
STYLE
  5
4E
330
5
100
AcDbSymbolTableRecord
100
AcDbTextStyleTableRecord
  2
LiberationSans
 70
0
 40
0.0
 41
1.0
 50
0.0
 71
0
 42
2.5
  3
LiberationSans-Regular.ttf
  4

  0
STYLE
  5
4F
330
5
100
AcDbSymbolTableRecord
100
AcDbTextStyleTableRecord
  2
LiberationSans-Bold
 70
0
 40
0.0
 41
1.0
 50
0.0
 71
0
 42
2.5
  3
LiberationSans-Bold.ttf
  4

  0
STYLE
  5
50
330
5
100
AcDbSymbolTableRecord
100
AcDbTextStyleTableRecord
  2
LiberationSans-BoldItalic
 70
0
 40
0.0
 41
1.0
 50
0.0
 71
0
 42
2.5
  3
LiberationSans-BoldItalic.ttf
  4

  0
STYLE
  5
51
330
5
100
AcDbSymbolTableRecord
100
AcDbTextStyleTableRecord
  2
LiberationSans-Italic
 70
0
 40
0.0
 41
1.0
 50
0.0
 71
0
 42
2.5
  3
LiberationSans-Italic.ttf
  4

  0
STYLE
  5
52
330
5
100
AcDbSymbolTableRecord
100
AcDbTextStyleTableRecord
  2
LiberationSerif
 70
0
 40
0.0
 41
1.0
 50
0.0
 71
0
 42
2.5
  3
LiberationSerif-Regular.ttf
  4

  0
STYLE
  5
53
330
5
100
AcDbSymbolTableRecord
100
AcDbTextStyleTableRecord
  2
LiberationSerif-Bold
 70
0
 40
0.0
 41
1.0
 50
0.0
 71
0
 42
2.5
  3
LiberationSerif-Bold.ttf
  4

  0
STYLE
  5
54
330
5
100
AcDbSymbolTableRecord
100
AcDbTextStyleTableRecord
  2
LiberationSerif-BoldItalic
 70
0
 40
0.0
 41
1.0
 50
0.0
 71
0
 42
2.5
  3
LiberationSerif-BoldItalic.ttf
  4

  0
STYLE
  5
55
330
5
100
AcDbSymbolTableRecord
100
AcDbTextStyleTableRecord
  2
LiberationSerif-Italic
 70
0
 40
0.0
 41
1.0
 50
0.0
 71
0
 42
2.5
  3
LiberationSerif-Italic.ttf
  4

  0
STYLE
  5
56
330
5
100
AcDbSymbolTableRecord
100
AcDbTextStyleTableRecord
  2
LiberationMono
 70
0
 40
0.0
 41
1.0
 50
0.0
 71
0
 42
2.5
  3
LiberationMono-Regular.ttf
  4

  0
STYLE
  5
57
330
5
100
AcDbSymbolTableRecord
100
AcDbTextStyleTableRecord
  2
LiberationMono-Bold
 70
0
 40
0.0
 41
1.0
 50
0.0
 71
0
 42
2.5
  3
LiberationMono-Bold.ttf
  4

  0
STYLE
  5
58
330
5
100
AcDbSymbolTableRecord
100
AcDbTextStyleTableRecord
  2
LiberationMono-BoldItalic
 70
0
 40
0.0
 41
1.0
 50
0.0
 71
0
 42
2.5
  3
LiberationMono-BoldItalic.ttf
  4

  0
STYLE
  5
59
330
5
100
AcDbSymbolTableRecord
100
AcDbTextStyleTableRecord
  2
LiberationMono-Italic
 70
0
 40
0.0
 41
1.0
 50
0.0
 71
0
 42
2.5
  3
LiberationMono-Italic.ttf
  4

  0
ENDTAB
  0
TABLE
  2
VIEW
  5
7
330
0
100
AcDbSymbolTable
 70
0
  0
ENDTAB
  0
TABLE
  2
UCS
  5
6
330
0
100
AcDbSymbolTable
 70
0
  0
ENDTAB
  0
TABLE
  2
APPID
  5
3
330
0
100
AcDbSymbolTable
 70
3
  0
APPID
  5
2A
330
3
100
AcDbSymbolTableRecord
100
AcDbRegAppTableRecord
  2
ACAD
 70
0
  0
APPID
  5
B8E
330
3
100
AcDbSymbolTableRecord
100
AcDbRegAppTableRecord
  2
HATCHBACKGROUNDCOLOR
 70
0
  0
APPID
  5
B8F
330
3
100
AcDbSymbolTableRecord
100
AcDbRegAppTableRecord
  2
EZDXF
 70
0
  0
ENDTAB
  0
TABLE
  2
DIMSTYLE
  5
4
330
0
100
AcDbSymbolTable
 70
12
100
AcDbDimStyleTable
  0
DIMSTYLE
105
2B
330
4
100
AcDbSymbolTableRecord
100
AcDbDimStyleTableRecord
  2
Standard
 70
0
 40
1.0
 41
2.5
 42
0.625
 43
3.75
 44
1.25
 45
0.0
 46
0.0
 47
0.0
 48
0.0
 49
2.5
140
2.5
141
2.5
142
0.0
143
0.03937007874
144
1.0
145
0.0
146
1.0
147
0.625
148
0.0
 69
0
 70
0
 71
0
 72
0
 73
0
 74
0
 75
0
 76
0
 77
1
 78
8
 79
3
170
0
171
3
172
1
173
0
174
0
175
0
176
0
177
0
178
0
179
2
271
2
272
2
273
2
274
3
275
0
276
0
277
2
278
44
279
0
280
0
281
0
282
0
283
0
284
8
285
0
286
0
288
0
289
3
290
0
371
-2
372
-2
  0
DIMSTYLE
105
73
330
4
100
AcDbSymbolTableRecord
100
AcDbDimStyleTableRecord
  2
EZDXF
 70
0
 40
1.0
 41
0.175
 42
0.125
 43
3.75
 44
0.375
 45
0.0
 46
0.0
 47
0.0
 48
0.0
 49
2.5
140
0.25
141
2.5
142
0.0
143
0.03937007874
144
100.0
145
0.0
146
0.5
147
0.1
148
0.0
 69
0
 70
0
 71
0
 72
0
 73
0
 74
0
 75
0
 76
0
 77
1
 78
12
 79
3
170
0
171
3
172
1
173
0
174
0
175
0
176
0
177
0
178
0
179
2
271
2
272
2
273
2
274
3
275
0
276
0
277
2
278
46
279
2
280
0
281
0
282
0
283
0
284
8
285
0
286
0
288
1
289
3
290
0
340
4C
342
74
371
-2
372
-2
  0
DIMSTYLE
105
7C
330
4
100
AcDbSymbolTableRecord
100
AcDbDimStyleTableRecord
  2
EZ_M_100_H25_CM
 70
0
 40
1.0
 41
0.25
 42
0.125
 43
3.75
 44
0.375
 45
0.0
 46
0.0
 47
0.0
 48
0.0
 49
2.5
140
0.25
141
2.5
142
0.125
143
0.03937007874
144
100.0
145
0.0
146
0.5
147
0.1
148
0.0
 69
0
 70
0
 71
0
 72
0
 73
0
 74
0
 75
0
 76
0
 77
1
 78
12
 79
3
170
0
171
3
172
1
173
0
174
0
175
0
176
0
177
0
178
0
179
2
271
2
272
2
273
2
274
3
275
0
276
0
277
2
278
46
279
2
280
0
281
0
282
0
283
0
284
8
285
0
286
0
288
1
289
3
290
0
340
4C
371
-2
372
-2
  0
DIMSTYLE
105
7D
330
4
100
AcDbSymbolTableRecord
100
AcDbDimStyleTableRecord
  2
EZ_M_50_H25_CM
 70
0
 40
1.0
 41
0.125
 42
0.0625
 43
3.75
 44
0.1875
 45
0.0
 46
0.0
 47
0.0
 48
0.0
 49
2.5
140
0.125
141
2.5
142
0.0625
143
0.03937007874
144
100.0
145
0.0
146
0.5
147
0.05
148
0.0
 69
0
 70
0
 71
0
 72
0
 73
0
 74
0
 75
0
 76
0
 77
1
 78
12
 79
3
170
0
171
3
172
1
173
0
174
0
175
0
176
0
177
0
178
0
179
2
271
2
272
2
273
2
274
3
275
0
276
0
277
2
278
46
279
2
280
0
281
0
282
0
283
0
284
8
285
0
286
0
288
1
289
3
290
0
340
4C
371
-2
372
-2
  0
DIMSTYLE
105
7E
330
4
100
AcDbSymbolTableRecord
100
AcDbDimStyleTableRecord
  2
EZ_M_25_H25_CM
 70
0
 40
1.0
 41
0.0625
 42
0.03125
 43
3.75
 44
0.09375
 45
0.0
 46
0.0
 47
0.0
 48
0.0
 49
2.5
140
0.0625
141
2.5
142
0.03125
143
0.03937007874
144
100.0
145
0.0
146
0.5
147
0.025
148
0.0
 69
0
 70
0
 71
0
 72
0
 73
0
 74
0
 75
0
 76
0
 77
1
 78
12
 79
3
170
0
171
3
172
1
173
0
174
0
175
0
176
0
177
0
178
0
179
2
271
2
272
2
273
2
274
3
275
0
276
0
277
2
278
46
279
2
280
0
281
0
282
0
283
0
284
8
285
0
286
0
288
1
289
3
290
0
340
4C
371
-2
372
-2
  0
DIMSTYLE
105
7F
330
4
100
AcDbSymbolTableRecord
100
AcDbDimStyleTableRecord
  2
EZ_M_20_H25_CM
 70
0
 40
1.0
 41
0.05
 42
0.025
 43
3.75
 44
0.07500000000000001
 45
0.0
 46
0.0
 47
0.0
 48
0.0
 49
2.5
140
0.05
141
2.5
142
0.025
143
0.03937007874
144
100.0
145
0.0
146
0.5
147
0.020000000000000004
148
0.0
 69
0
 70
0
 71
0
 72
0
 73
0
 74
0
 75
0
 76
0
 77
1
 78
12
 79
3
170
0
171
3
172
1
173
0
174
0
175
0
176
0
177
0
178
0
179
2
271
2
272
2
273
2
274
3
275
0
276
0
277
2
278
46
279
2
280
0
281
0
282
0
283
0
284
8
285
0
286
0
288
1
289
3
290
0
340
4C
371
-2
372
-2
  0
DIMSTYLE
105
80
330
4
100
AcDbSymbolTableRecord
100
AcDbDimStyleTableRecord
  2
EZ_M_10_H25_CM
 70
0
 40
1.0
 41
0.025
 42
0.0125
 43
3.75
 44
0.037500000000000006
 45
0.0
 46
0.0
 47
0.0
 48
0.0
 49
2.5
140
0.025
141
2.5
142
0.0125
143
0.03937007874
144
100.0
145
0.0
146
0.5
147
0.010000000000000002
148
0.0
 69
0
 70
0
 71
0
 72
0
 73
0
 74
0
 75
0
 76
0
 77
1
 78
12
 79
3
170
0
171
3
172
1
173
0
174
0
175
0
176
0
177
0
178
0
179
2
271
2
272
2
273
2
274
3
275
0
276
0
277
2
278
46
279
2
280
0
281
0
282
0
283
0
284
8
285
0
286
0
288
1
289
3
290
0
340
4C
371
-2
372
-2
  0
DIMSTYLE
105
81
330
4
100
AcDbSymbolTableRecord
100
AcDbDimStyleTableRecord
  2
EZ_M_5_H25_CM
 70
0
 40
1.0
 41
0.0125
 42
0.00625
 43
3.75
 44
0.018750000000000003
 45
0.0
 46
0.0
 47
0.0
 48
0.0
 49
2.5
140
0.0125
141
2.5
142
0.00625
143
0.03937007874
144
100.0
145
0.0
146
0.5
147
0.005000000000000001
148
0.0
 69
0
 70
0
 71
0
 72
0
 73
0
 74
0
 75
0
 76
0
 77
1
 78
12
 79
3
170
0
171
3
172
1
173
0
174
0
175
0
176
0
177
0
178
0
179
2
271
2
272
2
273
2
274
3
275
0
276
0
277
2
278
46
279
2
280
0
281
0
282
0
283
0
284
8
285
0
286
0
288
1
289
3
290
0
340
4C
371
-2
372
-2
  0
DIMSTYLE
105
82
330
4
100
AcDbSymbolTableRecord
100
AcDbDimStyleTableRecord
  2
EZ_M_1_H25_CM
 70
0
 40
1.0
 41
0.0025
 42
0.00125
 43
3.75
 44
0.00375
 45
0.0
 46
0.0
 47
0.0
 48
0.0
 49
2.5
140
0.0025
141
2.5
142
0.00125
143
0.03937007874
144
100.0
145
0.0
146
0.5
147
0.001
148
0.0
 69
0
 70
0
 71
0
 72
0
 73
0
 74
0
 75
0
 76
0
 77
1
 78
12
 79
3
170
0
171
3
172
1
173
0
174
0
175
0
176
0
177
0
178
0
179
2
271
2
272
2
273
2
274
3
275
0
276
0
277
2
278
46
279
2
280
0
281
0
282
0
283
0
284
8
285
0
286
0
288
1
289
3
290
0
340
4C
371
-2
372
-2
  0
DIMSTYLE
105
83
330
4
100
AcDbSymbolTableRecord
100
AcDbDimStyleTableRecord
  2
EZ_RADIUS
 70
0
 40
1.0
 41
0.25
 42
0.125
 43
3.75
 44
0.375
 45
0.0
 46
0.0
 47
0.0
 48
0.0
 49
2.5
140
0.25
141
0.0
142
0.0
143
0.03937007874
144
100.0
145
0.0
146
0.5
147
0.1
148
0.0
 69
0
 70
0
 71
0
 72
0
 73
0
 74
0
 75
0
 76
0
 77
1
 78
12
 79
3
170
0
171
3
172
0
173
0
174
0
175
0
176
0
177
0
178
0
179
2
271
2
272
2
273
2
274
3
275
0
276
0
277
2
278
46
279
1
280
0
281
0
282
0
283
0
284
8
285
0
286
0
288
1
289
3
290
0
340
4C
342
84
371
-2
372
-2
  0
DIMSTYLE
105
88
330
4
100
AcDbSymbolTableRecord
100
AcDbDimStyleTableRecord
  2
EZ_RADIUS_INSIDE
 70
0
 40
1.0
 41
0.25
 42
0.125
 43
3.75
 44
0.375
 45
0.0
 46
0.0
 47
0.0
 48
0.0
 49
2.5
140
0.25
141
0.0
142
0.0
143
0.03937007874
144
100.0
145
0.0
146
0.5
147
0.1
148
0.0
 69
0
 70
0
 71
0
 72
0
 73
0
 74
0
 75
0
 76
0
 77
0
 78
12
 79
3
170
0
171
3
172
0
173
0
174
1
175
0
176
0
177
0
178
0
179
2
271
2
272
2
273
2
274
3
275
0
276
0
277
2
278
46
279
0
280
0
281
0
282
0
283
0
284
8
285
0
286
0
288
1
289
0
290
0
340
4C
342
84
371
-2
372
-2
  0
DIMSTYLE
105
89
330
4
100
AcDbSymbolTableRecord
100
AcDbDimStyleTableRecord
  2
EZ_CURVED
 70
0
 40
1.0
 41
0.25
 42
0.125
 43
3.75
 44
0.375
 45
0.0
 46
0.0
 47
0.0
 48
0.0
 49
2.5
140
0.25
141
2.5
142
0.0
143
0.03937007874
144
100.0
145
0.0
146
0.5
147
0.1
148
0.0
 69
0
 70
0
 71
0
 72
0
 73
0
 74
0
 75
0
 76
0
 77
1
 78
12
 79
2
 90
2
170
0
171
3
172
1
173
0
174
0
175
0
176
0
177
0
178
0
179
2
271
2
272
2
273
2
274
3
275
0
276
0
277
2
278
46
279
2
280
0
281
0
282
0
283
0
284
8
285
0
286
0
288
1
289
3
290
0
340
4C
371
-2
372
-2
  0
ENDTAB
  0
TABLE
  2
BLOCK_RECORD
  5
9
330
0
100
AcDbSymbolTable
 70
23
  0
BLOCK_RECORD
  5
17
330
9
100
AcDbSymbolTableRecord
100
AcDbBlockTableRecord
  2
*Model_Space
340
1A
 70
0
280
1
281
0
  0
BLOCK_RECORD
  5
1B
330
9
100
AcDbSymbolTableRecord
100
AcDbBlockTableRecord
  2
*Paper_Space
340
1E
 70
0
280
1
281
0
  0
BLOCK_RECORD
  5
74
330
9
100
AcDbSymbolTableRecord
100
AcDbBlockTableRecord
  2
_ARCHTICK
340
0
 70
0
280
1
281
0
  0
BLOCK_RECORD
  5
78
330
9
100
AcDbSymbolTableRecord
100
AcDbBlockTableRecord
  2
_CLOSEDFILLED
340
0
 70
0
280
1
281
0
  0
BLOCK_RECORD
  5
84
330
9
100
AcDbSymbolTableRecord
100
AcDbBlockTableRecord
  2
_CLOSEDBLANK
340
0
 70
0
280
1
281
0
  0
BLOCK_RECORD
  5
9E
330
9
100
AcDbSymbolTableRecord
100
AcDbBlockTableRecord
  2
YAML_PID_ANALYZER
340
0
 70
0
280
1
281
0
  0
BLOCK_RECORD
  5
DD
330
9
100
AcDbSymbolTableRecord
100
AcDbBlockTableRecord
  2
YAML_PID_CENTRIFUGAL_PUMP
340
0
 70
0
280
1
281
0
  0
BLOCK_RECORD
  5
F7
330
9
100
AcDbSymbolTableRecord
100
AcDbBlockTableRecord
  2
YAML_PID_CHECK_VALVE
340
0
 70
0
280
1
281
0
  0
BLOCK_RECORD
  5
105
330
9
100
AcDbSymbolTableRecord
100
AcDbBlockTableRecord
  2
YAML_PID_COLUMN_TRAYS
340
0
 70
0
280
1
281
0
  0
BLOCK_RECORD
  5
10F
330
9
100
AcDbSymbolTableRecord
100
AcDbBlockTableRecord
  2
YAML_PID_CONTROL_VALVE
340
0
 70
0
280
1
281
0
  0
BLOCK_RECORD
  5
125
330
9
100
AcDbSymbolTableRecord
100
AcDbBlockTableRecord
  2
YAML_PID_DCS_CONTROLLER
340
0
 70
0
280
1
281
0
  0
BLOCK_RECORD
  5
1D9
330
9
100
AcDbSymbolTableRecord
100
AcDbBlockTableRecord
  2
YAML_PID_DEETHANIZER_COLUMN
340
0
 70
0
280
1
281
0
  0
BLOCK_RECORD
  5
1E2
330
9
100
AcDbSymbolTableRecord
100
AcDbBlockTableRecord
  2
YAML_PID_FEED_BOTTOMS_EXCHANGER
340
0
 70
0
280
1
281
0
  0
BLOCK_RECORD
  5
1FE
330
9
100
AcDbSymbolTableRecord
100
AcDbBlockTableRecord
  2
YAML_PID_FIELD_INSTRUMENT
340
0
 70
0
280
1
281
0
  0
BLOCK_RECORD
  5
23D
330
9
100
AcDbSymbolTableRecord
100
AcDbBlockTableRecord
  2
YAML_PID_MANUAL_BLOCK_VALVE
340
0
 70
0
280
1
281
0
  0
BLOCK_RECORD
  5
245
330
9
100
AcDbSymbolTableRecord
100
AcDbBlockTableRecord
  2
YAML_PID_OFFPAGE_CONNECTOR
340
0
 70
0
280
1
281
0
  0
BLOCK_RECORD
  5
24F
330
9
100
AcDbSymbolTableRecord
100
AcDbBlockTableRecord
  2
YAML_PID_OVERHEAD_CONDENSER
340
0
 70
0
280
1
281
0
  0
BLOCK_RECORD
  5
26B
330
9
100
AcDbSymbolTableRecord
100
AcDbBlockTableRecord
  2
YAML_PID_REBOILER
340
0
 70
0
280
1
281
0
  0
BLOCK_RECORD
  5
280
330
9
100
AcDbSymbolTableRecord
100
AcDbBlockTableRecord
  2
YAML_PID_REFLUX_DRUM
340
0
 70
0
280
1
281
0
  0
BLOCK_RECORD
  5
287
330
9
100
AcDbSymbolTableRecord
100
AcDbBlockTableRecord
  2
YAML_PID_RELIEF_VALVE
340
0
 70
0
280
1
281
0
  0
BLOCK_RECORD
  5
290
330
9
100
AcDbSymbolTableRecord
100
AcDbBlockTableRecord
  2
YAML_PID_RESTRICTION_ORIFICE
340
0
 70
0
280
1
281
0
  0
BLOCK_RECORD
  5
29B
330
9
100
AcDbSymbolTableRecord
100
AcDbBlockTableRecord
  2
YAML_PID_SAMPLE_POINT
340
0
 70
0
280
1
281
0
  0
BLOCK_RECORD
  5
2AF
330
9
100
AcDbSymbolTableRecord
100
AcDbBlockTableRecord
  2
YAML_PID_SHUTDOWN_VALVE
340
0
 70
0
280
1
281
0
  0
ENDTAB
  0
ENDSEC
  0
SECTION
  2
BLOCKS
  0
BLOCK
  5
18
330
17
100
AcDbEntity
  8
0
100
AcDbBlockBegin
  2
*Model_Space
 70
0
 10
0.0
 20
0.0
 30
0.0
  3
*Model_Space
  1

  0
ENDBLK
  5
19
330
17
100
AcDbEntity
  8
0
100
AcDbBlockEnd
  0
BLOCK
  5
1C
330
1B
100
AcDbEntity
  8
0
100
AcDbBlockBegin
  2
*Paper_Space
 70
0
 10
0.0
 20
0.0
 30
0.0
  3
*Paper_Space
  1

  0
ENDBLK
  5
1D
330
1B
100
AcDbEntity
  8
0
100
AcDbBlockEnd
  0
BLOCK
  5
75
330
74
100
AcDbEntity
  8
0
100
AcDbBlockBegin
  2
_ARCHTICK
 70
0
 10
0.0
 20
0.0
 30
0.0
  3
_ARCHTICK
  1

  0
LWPOLYLINE
  5
77
330
74
100
AcDbEntity
  8
0
  6
BYBLOCK
 62
0
100
AcDbPolyline
 90
2
 70
0
 43
0.15
 10
-0.5
 20
-0.5
 10
0.5
 20
0.5
  0
ENDBLK
  5
76
330
74
100
AcDbEntity
  8
0
100
AcDbBlockEnd
  0
BLOCK
  5
79
330
78
100
AcDbEntity
  8
0
100
AcDbBlockBegin
  2
_CLOSEDFILLED
 70
0
 10
0.0
 20
0.0
 30
0.0
  3
_CLOSEDFILLED
  1

  0
SOLID
  5
7B
330
78
100
AcDbEntity
  8
0
  6
BYBLOCK
 62
0
100
AcDbTrace
 10
-1.0
 20
0.16439898372402537
 30
0.0
 11
0.0
 21
0.0
 31
0.0
 12
-1.0
 22
-0.16439898372402537
 32
0.0
 13
-1.0
 23
-0.16439898372402537
 33
0.0
  0
ENDBLK
  5
7A
330
78
100
AcDbEntity
  8
0
100
AcDbBlockEnd
  0
BLOCK
  5
85
330
84
100
AcDbEntity
  8
0
100
AcDbBlockBegin
  2
_CLOSEDBLANK
 70
0
 10
0.0
 20
0.0
 30
0.0
  3
_CLOSEDBLANK
  1

  0
LWPOLYLINE
  5
87
330
84
100
AcDbEntity
  8
0
  6
BYBLOCK
 62
0
100
AcDbPolyline
 90
3
 70
1
 10
-1.0
 20
0.16439898372402537
 10
0.0
 20
0.0
 10
-1.0
 20
-0.16439898372402537
  0
ENDBLK
  5
86
330
84
100
AcDbEntity
  8
0
100
AcDbBlockEnd
  0
BLOCK
  5
9F
330
9E
100
AcDbEntity
  8
0
100
AcDbBlockBegin
  2
YAML_PID_ANALYZER
 70
0
 10
0.0
 20
0.0
 30
0.0
  3
YAML_PID_ANALYZER
  1

  0
ARC
  5
A1
330
9E
100
AcDbEntity
  8
DEFAULT_255_2_778
100
AcDbCircle
 10
9.4714482
 20
3.8406008
 30
0.0
 40
6.6933326
100
AcDbArc
 50
168.541472
 51
180.0352475
  0
ARC
  5
A2
330
9E
100
AcDbEntity
  8
DEFAULT_255_2_778
100
AcDbCircle
 10
9.3536576
 20
3.8624864
 30
0.0
 40
6.5735422
100
AcDbArc
 50
153.0463229
 51
168.5244689
  0
ARC
  5
A3
330
9E
100
AcDbEntity
  8
DEFAULT_255_2_778
100
AcDbCircle
 10
9.3822328
 20
3.8462071
 30
0.0
 40
6.6063925
100
AcDbArc
 50
109.7078398
 51
153.0328055
  0
ARC
  5
A4
330
9E
100
AcDbEntity
  8
DEFAULT_255_2_778
100
AcDbCircle
 10
9.3740716
 20
3.8498054
 30
0.0
 40
6.6002561
100
AcDbArc
 50
96.3164082
 51
109.6516769
  0
ARC
  5
A5
330
9E
100
AcDbEntity
  8
DEFAULT_255_2_778
100
AcDbCircle
 10
9.3912407
 20
3.7069124
 30
0.0
 40
6.7441708
100
AcDbArc
 50
89.9874593
 51
96.3278261
  0
ARC
  5
A6
330
9E
100
AcDbEntity
  8
DEFAULT_255_2_778
100
AcDbCircle
 10
9.3968345
 20
3.7577518
 30
0.0
 40
6.6933326
100
AcDbArc
 50
78.541472
 51
90.0352475
  0
ARC
  5
A7
330
9E
100
AcDbEntity
  8
DEFAULT_255_2_778
100
AcDbCircle
 10
9.4187201
 20
3.8755424
 30
0.0
 40
6.5735422
100
AcDbArc
 50
63.0463229
 51
78.5244689
  0
ARC
  5
A8
330
9E
100
AcDbEntity
  8
DEFAULT_255_2_778
100
AcDbCircle
 10
9.4024408
 20
3.8469672
 30
0.0
 40
6.6063925
100
AcDbArc
 50
19.7078398
 51
63.0328055
  0
ARC
  5
A9
330
9E
100
AcDbEntity
  8
DEFAULT_255_2_778
100
AcDbCircle
 10
9.4060391
 20
3.8551284
 30
0.0
 40
6.6002561
100
AcDbArc
 50
6.3164082
 51
19.6516769
  0
ARC
  5
AA
330
9E
100
AcDbEntity
  8
DEFAULT_255_2_778
100
AcDbCircle
 10
9.2631461
 20
3.8379593
 30
0.0
 40
6.7441708
100
AcDbArc
 50
359.9874593
 51
6.3278261
  0
ARC
  5
AB
330
9E
100
AcDbEntity
  8
DEFAULT_255_2_778
100
AcDbCircle
 10
9.3139855
 20
3.8323655
 30
0.0
 40
6.6933326
100
AcDbArc
 50
348.541472
 51
0.0352475
  0
ARC
  5
AC
330
9E
100
AcDbEntity
  8
DEFAULT_255_2_778
100
AcDbCircle
 10
9.4317761
 20
3.8104799
 30
0.0
 40
6.5735422
100
AcDbArc
 50
333.0463229
 51
348.5244689
  0
ARC
  5
AD
330
9E
100
AcDbEntity
  8
DEFAULT_255_2_778
100
AcDbCircle
 10
9.4032009
 20
3.8267592
 30
0.0
 40
6.6063925
100
AcDbArc
 50
289.7078398
 51
333.0328055
  0
ARC
  5
AE
330
9E
100
AcDbEntity
  8
DEFAULT_255_2_778
100
AcDbCircle
 10
9.4113621
 20
3.8231609
 30
0.0
 40
6.6002561
100
AcDbArc
 50
276.3164082
 51
289.6516769
  0
ARC
  5
AF
330
9E
100
AcDbEntity
  8
DEFAULT_255_2_778
100
AcDbCircle
 10
9.394193
 20
3.9660539
 30
0.0
 40
6.7441708
100
AcDbArc
 50
269.9874593
 51
276.3278261
  0
ARC
  5
B0
330
9E
100
AcDbEntity
  8
DEFAULT_255_2_778
100
AcDbCircle
 10
9.3885992
 20
3.9152145
 30
0.0
 40
6.6933326
100
AcDbArc
 50
258.541472
 51
270.0352475
  0
ARC
  5
B1
330
9E
100
AcDbEntity
  8
DEFAULT_255_2_778
100
AcDbCircle
 10
9.3667136
 20
3.7974239
 30
0.0
 40
6.5735422
100
AcDbArc
 50
243.0463229
 51
258.5244689
  0
ARC
  5
B2
330
9E
100
AcDbEntity
  8
DEFAULT_255_2_778
100
AcDbCircle
 10
9.3829929
 20
3.8259991
 30
0.0
 40
6.6063925
100
AcDbArc
 50
199.7078398
 51
243.0328055
  0
ARC
  5
B3
330
9E
100
AcDbEntity
  8
DEFAULT_255_2_778
100
AcDbCircle
 10
9.3793946
 20
3.8178379
 30
0.0
 40
6.6002561
100
AcDbArc
 50
186.3164082
 51
199.6516769
  0
ARC
  5
B4
330
9E
100
AcDbEntity
  8
DEFAULT_255_2_778
100
AcDbCircle
 10
9.5222876
 20
3.835007
 30
0.0
 40
6.7441708
100
AcDbArc
 50
179.9874593
 51
186.3278261
  0
LINE
  5
B5
330
9E
100
AcDbEntity
  8
DEFAULT_255_2_778
100
AcDbLine
 10
2.7781169
 20
3.8364831
 30
0.0
 11
2.7781169
 21
3.8364831
 31
0.0
  0
LINE
  5
B6
330
9E
100
AcDbEntity
  8
DEFAULT_255_1_542
100
AcDbLine
 10
8.4838623
 20
5.8991
 30
0.0
 11
8.0792684
 21
5.8991
 31
0.0
  0
LINE
  5
B7
330
9E
100
AcDbEntity
  8
DEFAULT_255_1_542
100
AcDbLine
 10
8.0792684
 20
5.8991
 30
0.0
 11
8.0792684
 21
7.3608586
 31
0.0
  0
LINE
  5
B8
330
9E
100
AcDbEntity
  8
DEFAULT_255_1_542
100
AcDbLine
 10
8.0792684
 20
7.3608586
 30
0.0
 11
8.4918939
 21
7.3608586
 31
0.0
  0
LINE
  5
B9
330
9E
100
AcDbEntity
  8
DEFAULT_255_1_542
100
AcDbLine
 10
9.1364331
 20
6.6791731
 30
0.0
 11
9.1364331
 21
6.5858053
 31
0.0
  0
LINE
  5
BA
330
9E
100
AcDbEntity
  8
DEFAULT_255_1_542
100
AcDbLine
 10
8.4969137
 20
7.2022337
 30
0.0
 11
8.2720278
 21
7.2022337
 31
0.0
  0
LINE
  5
BB
330
9E
100
AcDbEntity
  8
DEFAULT_255_1_542
100
AcDbLine
 10
8.2720278
 20
7.2022337
 30
0.0
 11
8.2720278
 21
6.0567209
 31
0.0
  0
LINE
  5
BC
330
9E
100
AcDbEntity
  8
DEFAULT_255_1_542
100
AcDbLine
 10
8.2720278
 20
6.0567209
 30
0.0
 11
8.4748267
 21
6.0567209
 31
0.0
  0
LINE
  5
BD
330
9E
100
AcDbEntity
  8
DEFAULT_255_1_542
100
AcDbLine
 10
8.9456816
 20
6.5898211
 30
0.0
 11
8.9456816
 21
6.6751573
 31
0.0
  0
ARC
  5
BE
330
9E
100
AcDbEntity
  8
DEFAULT_255_1_542
100
AcDbCircle
 10
8.49676
 20
6.6276965
 30
0.0
 40
0.7331782
100
AcDbArc
 50
75.4101014
 51
90.3802694
  0
ARC
  5
BF
330
9E
100
AcDbEntity
  8
DEFAULT_255_1_542
100
AcDbCircle
 10
8.5254547
 20
6.7472842
 30
0.0
 40
0.6102233
100
AcDbArc
 50
60.1455537
 51
75.1890284
  0
ARC
  5
C0
330
9E
100
AcDbEntity
  8
DEFAULT_255_1_542
100
AcDbCircle
 10
8.5452968
 20
6.7818633
 30
0.0
 40
0.5703556
100
AcDbArc
 50
26.5254113
 51
60.1450941
  0
ARC
  5
C1
330
9E
100
AcDbEntity
  8
DEFAULT_255_1_542
100
AcDbCircle
 10
8.4052704
 20
6.7076107
 30
0.0
 40
0.7288136
100
AcDbArc
 50
7.4030186
 51
26.832131
  0
ARC
  5
C2
330
9E
100
AcDbEntity
  8
DEFAULT_255_1_542
100
AcDbCircle
 10
8.2059785
 20
6.6765652
 30
0.0
 40
0.9304584
100
AcDbArc
 50
0.160588
 51
7.7175801
  0
ARC
  5
C3
330
9E
100
AcDbEntity
  8
DEFAULT_255_1_542
100
AcDbCircle
 10
8.2264737
 20
6.5810207
 30
0.0
 40
0.909972
100
AcDbArc
 50
348.729
 51
0.3012613
  0
ARC
  5
C4
330
9E
100
AcDbEntity
  8
DEFAULT_255_1_542
100
AcDbCircle
 10
8.4335226
 20
6.5398926
 30
0.0
 40
0.6988779
100
AcDbArc
 50
333.0707277
 51
348.7181154
  0
ARC
  5
C5
330
9E
100
AcDbEntity
  8
DEFAULT_255_1_542
100
AcDbCircle
 10
8.5543728
 20
6.4742575
 30
0.0
 40
0.5614194
100
AcDbArc
 50
299.2531153
 51
333.4571273
  0
ARC
  5
C6
330
9E
100
AcDbEntity
  8
DEFAULT_255_1_542
100
AcDbCircle
 10
8.5092633
 20
6.5599484
 30
0.0
 40
0.6582306
100
AcDbArc
 50
278.1072906
 51
299.0339478
  0
ARC
  5
C7
330
9E
100
AcDbEntity
  8
DEFAULT_255_1_542
100
AcDbCircle
 10
8.4772727
 20
6.7483975
 30
0.0
 40
0.849323
100
AcDbArc
 50
270.4445459
 51
278.4509706
  0
ARC
  5
C8
330
9E
100
AcDbEntity
  8
DEFAULT_255_1_542
100
AcDbCircle
 10
8.479878
 20
6.6322505
 30
0.0
 40
0.5755517
100
AcDbArc
 50
269.4971374
 51
284.0204007
  0
ARC
  5
C9
330
9E
100
AcDbEntity
  8
DEFAULT_255_1_542
100
AcDbCircle
 10
8.5242919
 20
6.461589
 30
0.0
 40
0.3992182
100
AcDbArc
 50
283.7699562
 51
318.1556187
  0
ARC
  5
CA
330
9E
100
AcDbEntity
  8
DEFAULT_255_1_542
100
AcDbCircle
 10
8.4821345
 20
6.4931394
 30
0.0
 40
0.4516949
100
AcDbArc
 50
318.7416444
 51
343.6873402
  0
ARC
  5
CB
330
9E
100
AcDbEntity
  8
DEFAULT_255_1_542
100
AcDbCircle
 10
8.2566405
 20
6.5635718
 30
0.0
 40
0.6879074
100
AcDbArc
 50
343.3324731
 51
355.8548303
  0
ARC
  5
CC
330
9E
100
AcDbEntity
  8
DEFAULT_255_1_542
100
AcDbCircle
 10
7.9942795
 20
6.5885118
 30
0.0
 40
0.9514032
100
AcDbArc
 50
355.4988934
 51
0.0788461
  0
ARC
  5
CD
330
9E
100
AcDbEntity
  8
DEFAULT_255_1_542
100
AcDbCircle
 10
8.0921761
 20
6.6804379
 30
0.0
 40
0.8535218
100
AcDbArc
 50
359.6455143
 51
9.8607261
  0
ARC
  5
CE
330
9E
100
AcDbEntity
  8
DEFAULT_255_1_542
100
AcDbCircle
 10
8.387264
 20
6.7337272
 30
0.0
 40
0.5536709
100
AcDbArc
 50
9.6571622
 51
26.1931971
  0
ARC
  5
CF
330
9E
100
AcDbEntity
  8
DEFAULT_255_1_542
100
AcDbCircle
 10
8.5032622
 20
6.7876028
 30
0.0
 40
0.4258133
100
AcDbArc
 50
26.5778125
 51
40.1532658
  0
ARC
  5
D0
330
9E
100
AcDbEntity
  8
DEFAULT_255_1_542
100
AcDbCircle
 10
8.535229
 20
6.812542
 30
0.0
 40
0.385302
100
AcDbArc
 50
40.3840107
 51
80.1431587
  0
ARC
  5
D1
330
9E
100
AcDbEntity
  8
DEFAULT_255_1_542
100
AcDbCircle
 10
8.4943692
 20
6.631389
 30
0.0
 40
0.5708505
100
AcDbArc
 50
79.2151469
 51
89.744611
  0
LINE
  5
D2
330
9E
100
AcDbEntity
  8
DEFAULT_255_1_542
100
AcDbLine
 10
9.6343948
 20
7.3608586
 30
0.0
 11
9.6343948
 21
5.8991
 31
0.0
  0
LINE
  5
D3
330
9E
100
AcDbEntity
  8
DEFAULT_255_1_542
100
AcDbLine
 10
9.6343948
 20
5.8991
 30
0.0
 11
9.4416354
 21
5.8991
 31
0.0
  0
LINE
  5
D4
330
9E
100
AcDbEntity
  8
DEFAULT_255_1_542
100
AcDbLine
 10
9.4416354
 20
5.8991
 30
0.0
 11
9.4416354
 21
7.3608586
 31
0.0
  0
LINE
  5
D5
330
9E
100
AcDbEntity
  8
DEFAULT_255_1_542
100
AcDbLine
 10
9.4416354
 20
7.3608586
 30
0.0
 11
9.6343948
 21
7.3608586
 31
0.0
  0
LINE
  5
D6
330
9E
100
AcDbEntity
  8
DEFAULT_255_1_542
100
AcDbLine
 10
9.0181833
 20
2.0761863
 30
0.0
 11
9.0181833
 21
0.6074
 31
0.0
  0
LINE
  5
D7
330
9E
100
AcDbEntity
  8
DEFAULT_255_1_542
100
AcDbLine
 10
9.0181833
 20
0.6074
 30
0.0
 11
8.8314476
 21
0.6074
 31
0.0
  0
LINE
  5
D8
330
9E
100
AcDbEntity
  8
DEFAULT_255_1_542
100
AcDbLine
 10
8.8314476
 20
0.6074
 30
0.0
 11
8.8314476
 21
1.8452766
 31
0.0
  0
LINE
  5
D9
330
9E
100
AcDbEntity
  8
DEFAULT_255_1_542
100
AcDbLine
 10
8.8314476
 20
1.8452766
 30
0.0
 11
8.4569724
 21
1.7077348
 31
0.0
  0
LINE
  5
DA
330
9E
100
AcDbEntity
  8
DEFAULT_255_1_542
100
AcDbLine
 10
8.4569724
 20
1.7077348
 30
0.0
 11
8.4569724
 21
1.8763992
 31
0.0
  0
LINE
  5
DB
330
9E
100
AcDbEntity
  8
DEFAULT_255_1_542
100
AcDbLine
 10
8.4569724
 20
1.8763992
 30
0.0
 11
8.9890686
 21
2.0761863
 31
0.0
  0
LINE
  5
DC
330
9E
100
AcDbEntity
  8
DEFAULT_255_1_542
100
AcDbLine
 10
8.9890686
 20
2.0761863
 30
0.0
 11
9.0181833
 21
2.0761863
 31
0.0
  0
ENDBLK
  5
A0
330
9E
100
AcDbEntity
  8
0
100
AcDbBlockEnd
  0
BLOCK
  5
DE
330
DD
100
AcDbEntity
  8
0
100
AcDbBlockBegin
  2
YAML_PID_CENTRIFUGAL_PUMP
 70
0
 10
0.0
 20
0.0
 30
0.0
  3
YAML_PID_CENTRIFUGAL_PUMP
  1

  0
ARC
  5
E0
330
DD
100
AcDbEntity
  8
DEFAULT_255_2_778
100
AcDbCircle
 10
8.1232224
 20
2.517455
 30
0.0
 40
5.3450904
100
AcDbArc
 50
167.0932987
 51
180.0427536
  0
ARC
  5
E1
330
DD
100
AcDbEntity
  8
DEFAULT_255_2_778
100
AcDbCircle
 10
8.0384011
 20
2.5344489
 30
0.0
 40
5.2586169
100
AcDbArc
 50
148.3180854
 51
167.0673517
  0
ARC
  5
E2
330
DD
100
AcDbEntity
  8
DEFAULT_255_2_778
100
AcDbCircle
 10
8.0612765
 20
2.5214409
 30
0.0
 40
5.2849153
100
AcDbArc
 50
110.0832017
 51
148.328327
  0
ARC
  5
E3
330
DD
100
AcDbEntity
  8
DEFAULT_255_2_778
100
AcDbCircle
 10
8.0557263
 20
2.5215304
 30
0.0
 40
5.2829279
100
AcDbArc
 50
95.3310996
 51
110.0270003
  0
ARC
  5
E4
330
DD
100
AcDbEntity
  8
DEFAULT_255_2_778
100
AcDbCircle
 10
8.0689635
 20
2.4008221
 30
0.0
 40
5.4043445
100
AcDbArc
 50
89.9907771
 51
95.3519304
  0
ARC
  5
E5
330
DD
100
AcDbEntity
  8
DEFAULT_255_2_778
100
AcDbCircle
 10
8.0738193
 20
2.4603767
 30
0.0
 40
5.3447913
100
AcDbArc
 50
77.0929369
 51
90.0427279
  0
ARC
  5
E6
330
DD
100
AcDbEntity
  8
DEFAULT_255_2_778
100
AcDbCircle
 10
8.0907745
 20
2.5450391
 30
0.0
 40
5.2584813
100
AcDbArc
 50
58.3175703
 51
77.0669583
  0
ARC
  5
E7
330
DD
100
AcDbEntity
  8
DEFAULT_255_2_778
100
AcDbCircle
 10
8.0776752
 20
2.5220235
 30
0.0
 40
5.2849469
100
AcDbArc
 50
20.0830758
 51
58.3277709
  0
ARC
  5
E8
330
DD
100
AcDbEntity
  8
DEFAULT_255_2_778
100
AcDbCircle
 10
8.0777634
 20
2.5275698
 30
0.0
 40
5.2829621
100
AcDbArc
 50
5.3311072
 51
20.02691
  0
ARC
  5
E9
330
DD
100
AcDbEntity
  8
DEFAULT_255_2_778
100
AcDbCircle
 10
7.957089
 20
2.5143365
 30
0.0
 40
5.4043445
100
AcDbArc
 50
359.9907771
 51
5.3519304
  0
ARC
  5
EA
330
DD
100
AcDbEntity
  8
DEFAULT_255_2_778
100
AcDbCircle
 10
8.0166283
 20
2.5094815
 30
0.0
 40
5.3448067
100
AcDbArc
 50
347.0929653
 51
0.0427185
  0
ARC
  5
EB
330
DD
100
AcDbEntity
  8
DEFAULT_255_2_778
100
AcDbCircle
 10
8.1012604
 20
2.492533
 30
0.0
 40
5.2585278
100
AcDbArc
 50
328.3177859
 51
347.0669902
  0
ARC
  5
EC
330
DD
100
AcDbEntity
  8
DEFAULT_255_2_778
100
AcDbCircle
 10
8.0782922
 20
2.5055919
 30
0.0
 40
5.2849318
100
AcDbArc
 50
290.0836664
 51
328.3280884
  0
ARC
  5
ED
330
DD
100
AcDbEntity
  8
DEFAULT_255_2_778
100
AcDbCircle
 10
8.0839234
 20
2.5053043
 30
0.0
 40
5.2827306
100
AcDbArc
 50
275.3313078
 51
290.0273754
  0
ARC
  5
EE
330
DD
100
AcDbEntity
  8
DEFAULT_255_2_778
100
AcDbCircle
 10
8.0707029
 20
2.6258693
 30
0.0
 40
5.4040028
100
AcDbArc
 50
269.990782
 51
275.3521003
  0
ARC
  5
EF
330
DD
100
AcDbEntity
  8
DEFAULT_255_2_778
100
AcDbCircle
 10
8.0658459
 20
2.5669708
 30
0.0
 40
5.3451058
100
AcDbArc
 50
257.0933271
 51
270.0427441
  0
ARC
  5
F0
330
DD
100
AcDbEntity
  8
DEFAULT_255_2_778
100
AcDbCircle
 10
8.0488586
 20
2.4821799
 30
0.0
 40
5.2586634
100
AcDbArc
 50
238.318301
 51
257.0673836
  0
ARC
  5
F1
330
DD
100
AcDbEntity
  8
DEFAULT_255_2_778
100
AcDbCircle
 10
8.0618263
 20
2.5050079
 30
0.0
 40
5.2849002
100
AcDbArc
 50
200.0837923
 51
238.3286446
  0
ARC
  5
F2
330
DD
100
AcDbEntity
  8
DEFAULT_255_2_778
100
AcDbCircle
 10
8.0615374
 20
2.4993727
 30
0.0
 40
5.2826964
100
AcDbArc
 50
185.3313002
 51
200.0274658
  0
ARC
  5
F3
330
DD
100
AcDbEntity
  8
DEFAULT_255_2_778
100
AcDbCircle
 10
8.1821363
 20
2.5125971
 30
0.0
 40
5.4040028
100
AcDbArc
 50
179.990782
 51
185.3521003
  0
LINE
  5
F4
330
DD
100
AcDbEntity
  8
DEFAULT_255_2_778
100
AcDbLine
 10
2.7781335
 20
2.5134665
 30
0.0
 11
2.7781335
 21
2.5134665
 31
0.0
  0
LINE
  5
F5
330
DD
100
AcDbEntity
  8
DEFAULT_255_2_778
100
AcDbLine
 10
13.3614667
 20
2.5134665
 30
0.0
 11
8.0697667
 21
7.8051665
 31
0.0
  0
LINE
  5
F6
330
DD
100
AcDbEntity
  8
DEFAULT_255_2_778
100
AcDbLine
 10
13.3614667
 20
2.5134665
 30
0.0
 11
8.0697667
 21
-2.7781335
 31
0.0
  0
ENDBLK
  5
DF
330
DD
100
AcDbEntity
  8
0
100
AcDbBlockEnd
  0
BLOCK
  5
F8
330
F7
100
AcDbEntity
  8
0
100
AcDbBlockBegin
  2
YAML_PID_CHECK_VALVE
 70
0
 10
0.0
 20
0.0
 30
0.0
  3
YAML_PID_CHECK_VALVE
  1

  0
LINE
  5
FA
330
F7
100
AcDbEntity
  8
DEFAULT_255_2_778
100
AcDbLine
 10
12.0385667
 20
-3.9686834
 30
0.0
 11
6.7468667
 21
-1.3228834
 31
0.0
  0
LINE
  5
FB
330
F7
100
AcDbEntity
  8
DEFAULT_255_2_778
100
AcDbLine
 10
6.7468667
 20
-1.3228834
 30
0.0
 11
12.0385667
 21
-3.9686834
 31
0.0
  0
LINE
  5
FC
330
F7
100
AcDbEntity
  8
DEFAULT_255_2_778
100
AcDbLine
 10
12.0385667
 20
-3.9686834
 30
0.0
 11
12.0385667
 21
-1.3228834
 31
0.0
  0
LINE
  5
FD
330
F7
100
AcDbEntity
  8
DEFAULT_255_2_778
100
AcDbLine
 10
6.7468667
 20
-1.3228834
 30
0.0
 11
6.7468667
 21
-3.9686834
 31
0.0
  0
LINE
  5
FE
330
F7
100
AcDbEntity
  8
DEFAULT_255_2_778
100
AcDbLine
 10
12.0385169
 20
-2.6458
 30
0.0
 11
16.0073169
 21
-2.6458
 31
0.0
  0
LINE
  5
FF
330
F7
100
AcDbEntity
  8
DEFAULT_255_2_778
100
AcDbLine
 10
6.7468169
 20
-2.6458
 30
0.0
 11
2.7781169
 21
-2.6458
 31
0.0
  0
ARC
  5
100
330
F7
100
AcDbEntity
  8
DEFAULT_255_2_778
100
AcDbCircle
 10
6.7463224
 20
-1.3223224
 30
0.0
 40
0.2640063
100
AcDbArc
 50
89.8710178
 51
180.1289822
  0
ARC
  5
101
330
F7
100
AcDbEntity
  8
DEFAULT_255_2_778
100
AcDbCircle
 10
6.747511
 20
-1.3223224
 30
0.0
 40
0.2640063
100
AcDbArc
 50
359.8710178
 51
90.1289822
  0
ARC
  5
102
330
F7
100
AcDbEntity
  8
DEFAULT_255_2_778
100
AcDbCircle
 10
6.747511
 20
-1.323511
 30
0.0
 40
0.2640063
100
AcDbArc
 50
269.8710178
 51
0.1289822
  0
ARC
  5
103
330
F7
100
AcDbEntity
  8
DEFAULT_255_2_778
100
AcDbCircle
 10
6.7463224
 20
-1.323511
 30
0.0
 40
0.2640063
100
AcDbArc
 50
179.8710178
 51
270.1289822
  0
LINE
  5
104
330
F7
100
AcDbEntity
  8
DEFAULT_255_2_778
100
AcDbLine
 10
6.4823167
 20
-1.3229167
 30
0.0
 11
6.4823167
 21
-1.3229167
 31
0.0
  0
ENDBLK
  5
F9
330
F7
100
AcDbEntity
  8
0
100
AcDbBlockEnd
  0
BLOCK
  5
106
330
105
100
AcDbEntity
  8
0
100
AcDbBlockBegin
  2
YAML_PID_COLUMN_TRAYS
 70
0
 10
0.0
 20
0.0
 30
0.0
  3
YAML_PID_COLUMN_TRAYS
  1

  0
LINE
  5
108
330
105
100
AcDbEntity
  8
DEFAULT_255_2_778
100
AcDbLine
 10
2.778167
 20
44.8468993
 30
0.0
 11
23.944867
 21
44.8468993
 31
0.0
  0
LINE
  5
109
330
105
100
AcDbEntity
  8
DEFAULT_255_2_778
100
AcDbLine
 10
23.944867
 20
44.8468993
 30
0.0
 11
23.944867
 21
-2.7781007
 31
0.0
  0
LINE
  5
10A
330
105
100
AcDbEntity
  8
DEFAULT_255_2_778
100
AcDbLine
 10
23.944867
 20
-2.7781007
 30
0.0
 11
2.778167
 21
-2.7781007
 31
0.0
  0
LINE
  5
10B
330
105
100
AcDbEntity
  8
DEFAULT_255_2_778
100
AcDbLine
 10
2.778167
 20
-2.7781007
 30
0.0
 11
2.778167
 21
44.8468993
 31
0.0
  0
LINE
  5
10C
330
105
100
AcDbEntity
  8
DEFAULT_255_2_778
100
AcDbLine
 10
2.778167
 20
39.5552
 30
0.0
 11
23.944867
 21
39.5552
 31
0.0
  0
LINE
  5
10D
330
105
100
AcDbEntity
  8
DEFAULT_255_2_778
100
AcDbLine
 10
2.778167
 20
2.5135
 30
0.0
 11
23.944867
 21
2.5135
 31
0.0
  0
LINE
  5
10E
330
105
100
AcDbEntity
  8
DEFAULT_255_2_778
100
AcDbLine
 10
2.778167
 20
21.0344
 30
0.0
 11
23.944867
 21
21.0344
 31
0.0
  0
ENDBLK
  5
107
330
105
100
AcDbEntity
  8
0
100
AcDbBlockEnd
  0
BLOCK
  5
110
330
10F
100
AcDbEntity
  8
0
100
AcDbBlockBegin
  2
YAML_PID_CONTROL_VALVE
 70
0
 10
0.0
 20
0.0
 30
0.0
  3
YAML_PID_CONTROL_VALVE
  1

  0
LINE
  5
112
330
10F
100
AcDbEntity
  8
DEFAULT_255_2_778
100
AcDbLine
 10
8.0697834
 20
4.4979
 30
0.0
 11
10.7155834
 21
4.4979
 31
0.0
  0
LINE
  5
113
330
10F
100
AcDbEntity
  8
DEFAULT_255_2_778
100
AcDbLine
 10
9.3927
 20
4.4978916
 30
0.0
 11
9.3927
 21
-2.1167084
 31
0.0
  0
ARC
  5
114
330
10F
100
AcDbEntity
  8
DEFAULT_255_2_778
100
AcDbCircle
 10
9.2756372
 20
4.2449618
 30
0.0
 40
1.4920431
100
AcDbArc
 50
139.2739899
 51
170.2375423
  0
ARC
  5
115
330
10F
100
AcDbEntity
  8
DEFAULT_255_2_778
100
AcDbCircle
 10
9.476687
 20
4.0791737
 30
0.0
 40
1.7525822
100
AcDbArc
 50
107.8084907
 51
139.4548709
  0
ARC
  5
116
330
10F
100
AcDbEntity
  8
DEFAULT_255_2_778
100
AcDbCircle
 10
9.4270166
 20
4.2251673
 30
0.0
 40
1.598395
100
AcDbArc
 50
100.7622479
 51
107.7138497
  0
ARC
  5
117
330
10F
100
AcDbEntity
  8
DEFAULT_255_2_778
100
AcDbCircle
 10
9.3985982
 20
4.3804228
 30
0.0
 40
1.4405642
100
AcDbArc
 50
91.8616483
 51
100.8049227
  0
ARC
  5
118
330
10F
100
AcDbEntity
  8
DEFAULT_255_2_778
100
AcDbCircle
 10
9.3927884
 20
4.4909567
 30
0.0
 40
1.3299016
100
AcDbArc
 50
90.003807
 51
91.7661805
  0
ARC
  5
119
330
10F
100
AcDbEntity
  8
DEFAULT_255_2_778
100
AcDbCircle
 10
9.3901266
 20
4.414737
 30
0.0
 40
1.4061237
100
AcDbArc
 50
80.7831028
 51
89.8951401
  0
ARC
  5
11A
330
10F
100
AcDbEntity
  8
DEFAULT_255_2_778
100
AcDbCircle
 10
9.3751039
 20
4.3065865
 30
0.0
 40
1.5152862
100
AcDbArc
 50
79.2839804
 51
80.8774036
  0
ARC
  5
11B
330
10F
100
AcDbEntity
  8
DEFAULT_255_2_778
100
AcDbCircle
 10
9.3247035
 20
4.1074284
 30
0.0
 40
1.7203881
100
AcDbArc
 50
54.0163483
 51
78.8680198
  0
ARC
  5
11C
330
10F
100
AcDbEntity
  8
DEFAULT_255_2_778
100
AcDbCircle
 10
9.4211427
 20
4.1975546
 30
0.0
 40
1.5909938
100
AcDbArc
 50
16.9721382
 51
54.9196919
  0
ARC
  5
11D
330
10F
100
AcDbEntity
  8
DEFAULT_255_2_778
100
AcDbCircle
 10
9.5681226
 20
4.2626095
 30
0.0
 40
1.4315558
100
AcDbArc
 50
9.4624224
 51
16.1989732
  0
LINE
  5
11E
330
10F
100
AcDbEntity
  8
DEFAULT_255_2_778
100
AcDbLine
 10
10.9802
 20
4.4979583
 30
0.0
 11
7.8052
 21
4.4979583
 31
0.0
  0
LINE
  5
11F
330
10F
100
AcDbEntity
  8
DEFAULT_255_2_778
100
AcDbLine
 10
10.9802
 20
4.4979583
 30
0.0
 11
10.9802
 21
4.4979583
 31
0.0
  0
LINE
  5
120
330
10F
100
AcDbEntity
  8
DEFAULT_255_2_778
100
AcDbLine
 10
2.7781169
 20
-2.1167
 30
0.0
 11
16.0073169
 21
-2.1167
 31
0.0
  0
LINE
  5
121
330
10F
100
AcDbEntity
  8
DEFAULT_255_2_778
100
AcDbLine
 10
12.0385667
 20
-3.4395834
 30
0.0
 11
12.0385667
 21
-0.7937834
 31
0.0
  0
LINE
  5
122
330
10F
100
AcDbEntity
  8
DEFAULT_255_2_778
100
AcDbLine
 10
12.0385667
 20
-0.7937834
 30
0.0
 11
6.7468667
 21
-3.4395834
 31
0.0
  0
LINE
  5
123
330
10F
100
AcDbEntity
  8
DEFAULT_255_2_778
100
AcDbLine
 10
6.7468667
 20
-3.4395834
 30
0.0
 11
6.7468667
 21
-0.7937834
 31
0.0
  0
LINE
  5
124
330
10F
100
AcDbEntity
  8
DEFAULT_255_2_778
100
AcDbLine
 10
6.7468667
 20
-0.7937834
 30
0.0
 11
12.0385667
 21
-3.4395834
 31
0.0
  0
ENDBLK
  5
111
330
10F
100
AcDbEntity
  8
0
100
AcDbBlockEnd
  0
BLOCK
  5
126
330
125
100
AcDbEntity
  8
0
100
AcDbBlockBegin
  2
YAML_PID_DCS_CONTROLLER
 70
0
 10
0.0
 20
0.0
 30
0.0
  3
YAML_PID_DCS_CONTROLLER
  1

  0
LINE
  5
128
330
125
100
AcDbEntity
  8
DEFAULT_255_2_778
100
AcDbLine
 10
2.7781169
 20
10.4510831
 30
0.0
 11
16.0073169
 21
10.4510831
 31
0.0
  0
LINE
  5
129
330
125
100
AcDbEntity
  8
DEFAULT_255_2_778
100
AcDbLine
 10
16.0073169
 20
10.4510831
 30
0.0
 11
16.0073169
 21
-2.7781169
 31
0.0
  0
LINE
  5
12A
330
125
100
AcDbEntity
  8
DEFAULT_255_2_778
100
AcDbLine
 10
16.0073169
 20
-2.7781169
 30
0.0
 11
2.7781169
 21
-2.7781169
 31
0.0
  0
LINE
  5
12B
330
125
100
AcDbEntity
  8
DEFAULT_255_2_778
100
AcDbLine
 10
2.7781169
 20
-2.7781169
 30
0.0
 11
2.7781169
 21
10.4510831
 31
0.0
  0
ARC
  5
12C
330
125
100
AcDbEntity
  8
DEFAULT_255_2_778
100
AcDbCircle
 10
9.4714482
 20
3.8406008
 30
0.0
 40
6.6933326
100
AcDbArc
 50
168.541472
 51
180.0352475
  0
ARC
  5
12D
330
125
100
AcDbEntity
  8
DEFAULT_255_2_778
100
AcDbCircle
 10
9.3536576
 20
3.8624864
 30
0.0
 40
6.5735422
100
AcDbArc
 50
153.0463229
 51
168.5244689
  0
ARC
  5
12E
330
125
100
AcDbEntity
  8
DEFAULT_255_2_778
100
AcDbCircle
 10
9.3822328
 20
3.8462071
 30
0.0
 40
6.6063925
100
AcDbArc
 50
109.7078398
 51
153.0328055
  0
ARC
  5
12F
330
125
100
AcDbEntity
  8
DEFAULT_255_2_778
100
AcDbCircle
 10
9.3740716
 20
3.8498054
 30
0.0
 40
6.6002561
100
AcDbArc
 50
96.3164082
 51
109.6516769
  0
ARC
  5
130
330
125
100
AcDbEntity
  8
DEFAULT_255_2_778
100
AcDbCircle
 10
9.3912407
 20
3.7069124
 30
0.0
 40
6.7441708
100
AcDbArc
 50
89.9874593
 51
96.3278261
  0
ARC
  5
131
330
125
100
AcDbEntity
  8
DEFAULT_255_2_778
100
AcDbCircle
 10
9.3968345
 20
3.7577518
 30
0.0
 40
6.6933326
100
AcDbArc
 50
78.541472
 51
90.0352475
  0
ARC
  5
132
330
125
100
AcDbEntity
  8
DEFAULT_255_2_778
100
AcDbCircle
 10
9.4187201
 20
3.8755424
 30
0.0
 40
6.5735422
100
AcDbArc
 50
63.0463229
 51
78.5244689
  0
ARC
  5
133
330
125
100
AcDbEntity
  8
DEFAULT_255_2_778
100
AcDbCircle
 10
9.4024408
 20
3.8469672
 30
0.0
 40
6.6063925
100
AcDbArc
 50
19.7078398
 51
63.0328055
  0
ARC
  5
134
330
125
100
AcDbEntity
  8
DEFAULT_255_2_778
100
AcDbCircle
 10
9.4060391
 20
3.8551284
 30
0.0
 40
6.6002561
100
AcDbArc
 50
6.3164082
 51
19.6516769
  0
ARC
  5
135
330
125
100
AcDbEntity
  8
DEFAULT_255_2_778
100
AcDbCircle
 10
9.2631461
 20
3.8379593
 30
0.0
 40
6.7441708
100
AcDbArc
 50
359.9874593
 51
6.3278261
  0
ARC
  5
136
330
125
100
AcDbEntity
  8
DEFAULT_255_2_778
100
AcDbCircle
 10
9.3139855
 20
3.8323655
 30
0.0
 40
6.6933326
100
AcDbArc
 50
348.541472
 51
0.0352475
  0
ARC
  5
137
330
125
100
AcDbEntity
  8
DEFAULT_255_2_778
100
AcDbCircle
 10
9.4317761
 20
3.8104799
 30
0.0
 40
6.5735422
100
AcDbArc
 50
333.0463229
 51
348.5244689
  0
ARC
  5
138
330
125
100
AcDbEntity
  8
DEFAULT_255_2_778
100
AcDbCircle
 10
9.4032009
 20
3.8267592
 30
0.0
 40
6.6063925
100
AcDbArc
 50
289.7078398
 51
333.0328055
  0
ARC
  5
139
330
125
100
AcDbEntity
  8
DEFAULT_255_2_778
100
AcDbCircle
 10
9.4113621
 20
3.8231609
 30
0.0
 40
6.6002561
100
AcDbArc
 50
276.3164082
 51
289.6516769
  0
ARC
  5
13A
330
125
100
AcDbEntity
  8
DEFAULT_255_2_778
100
AcDbCircle
 10
9.394193
 20
3.9660539
 30
0.0
 40
6.7441708
100
AcDbArc
 50
269.9874593
 51
276.3278261
  0
ARC
  5
13B
330
125
100
AcDbEntity
  8
DEFAULT_255_2_778
100
AcDbCircle
 10
9.3885992
 20
3.9152145
 30
0.0
 40
6.6933326
100
AcDbArc
 50
258.541472
 51
270.0352475
  0
ARC
  5
13C
330
125
100
AcDbEntity
  8
DEFAULT_255_2_778
100
AcDbCircle
 10
9.3667136
 20
3.7974239
 30
0.0
 40
6.5735422
100
AcDbArc
 50
243.0463229
 51
258.5244689
  0
ARC
  5
13D
330
125
100
AcDbEntity
  8
DEFAULT_255_2_778
100
AcDbCircle
 10
9.3829929
 20
3.8259991
 30
0.0
 40
6.6063925
100
AcDbArc
 50
199.7078398
 51
243.0328055
  0
ARC
  5
13E
330
125
100
AcDbEntity
  8
DEFAULT_255_2_778
100
AcDbCircle
 10
9.3793946
 20
3.8178379
 30
0.0
 40
6.6002561
100
AcDbArc
 50
186.3164082
 51
199.6516769
  0
ARC
  5
13F
330
125
100
AcDbEntity
  8
DEFAULT_255_2_778
100
AcDbCircle
 10
9.5222876
 20
3.835007
 30
0.0
 40
6.7441708
100
AcDbArc
 50
179.9874593
 51
186.3278261
  0
LINE
  5
140
330
125
100
AcDbEntity
  8
DEFAULT_255_2_778
100
AcDbLine
 10
2.7781169
 20
3.8364831
 30
0.0
 11
2.7781169
 21
3.8364831
 31
0.0
  0
LINE
  5
141
330
125
100
AcDbEntity
  8
DEFAULT_255_2_778
100
AcDbLine
 10
2.7781169
 20
5.1594
 30
0.0
 11
16.0073169
 21
5.1594
 31
0.0
  0
LINE
  5
142
330
125
100
AcDbEntity
  8
DEFAULT_255_2_778
100
AcDbLine
 10
2.7781169
 20
2.5136
 30
0.0
 11
16.0073169
 21
2.5136
 31
0.0
  0
LINE
  5
143
330
125
100
AcDbEntity
  8
DEFAULT_255_1_542
100
AcDbLine
 10
7.4844623
 20
6.5605
 30
0.0
 11
7.0798684
 21
6.5605
 31
0.0
  0
LINE
  5
144
330
125
100
AcDbEntity
  8
DEFAULT_255_1_542
100
AcDbLine
 10
7.0798684
 20
6.5605
 30
0.0
 11
7.0798684
 21
8.0222586
 31
0.0
  0
LINE
  5
145
330
125
100
AcDbEntity
  8
DEFAULT_255_1_542
100
AcDbLine
 10
7.0798684
 20
8.0222586
 30
0.0
 11
7.4924939
 21
8.0222586
 31
0.0
  0
LINE
  5
146
330
125
100
AcDbEntity
  8
DEFAULT_255_1_542
100
AcDbLine
 10
8.1370331
 20
7.3405731
 30
0.0
 11
8.1370331
 21
7.2472053
 31
0.0
  0
LINE
  5
147
330
125
100
AcDbEntity
  8
DEFAULT_255_1_542
100
AcDbLine
 10
7.4975137
 20
7.8636337
 30
0.0
 11
7.2726278
 21
7.8636337
 31
0.0
  0
LINE
  5
148
330
125
100
AcDbEntity
  8
DEFAULT_255_1_542
100
AcDbLine
 10
7.2726278
 20
7.8636337
 30
0.0
 11
7.2726278
 21
6.7181209
 31
0.0
  0
LINE
  5
149
330
125
100
AcDbEntity
  8
DEFAULT_255_1_542
100
AcDbLine
 10
7.2726278
 20
6.7181209
 30
0.0
 11
7.4754267
 21
6.7181209
 31
0.0
  0
LINE
  5
14A
330
125
100
AcDbEntity
  8
DEFAULT_255_1_542
100
AcDbLine
 10
7.9462816
 20
7.2512211
 30
0.0
 11
7.9462816
 21
7.3365573
 31
0.0
  0
ARC
  5
14B
330
125
100
AcDbEntity
  8
DEFAULT_255_1_542
100
AcDbCircle
 10
7.49736
 20
7.2890965
 30
0.0
 40
0.7331782
100
AcDbArc
 50
75.4101014
 51
90.3802694
  0
ARC
  5
14C
330
125
100
AcDbEntity
  8
DEFAULT_255_1_542
100
AcDbCircle
 10
7.5260547
 20
7.4086842
 30
0.0
 40
0.6102233
100
AcDbArc
 50
60.1455537
 51
75.1890284
  0
ARC
  5
14D
330
125
100
AcDbEntity
  8
DEFAULT_255_1_542
100
AcDbCircle
 10
7.5458968
 20
7.4432633
 30
0.0
 40
0.5703556
100
AcDbArc
 50
26.5254113
 51
60.1450941
  0
ARC
  5
14E
330
125
100
AcDbEntity
  8
DEFAULT_255_1_542
100
AcDbCircle
 10
7.4058704
 20
7.3690107
 30
0.0
 40
0.7288136
100
AcDbArc
 50
7.4030186
 51
26.832131
  0
ARC
  5
14F
330
125
100
AcDbEntity
  8
DEFAULT_255_1_542
100
AcDbCircle
 10
7.2065785
 20
7.3379652
 30
0.0
 40
0.9304584
100
AcDbArc
 50
0.160588
 51
7.7175801
  0
ARC
  5
150
330
125
100
AcDbEntity
  8
DEFAULT_255_1_542
100
AcDbCircle
 10
7.2270737
 20
7.2424207
 30
0.0
 40
0.909972
100
AcDbArc
 50
348.729
 51
0.3012613
  0
ARC
  5
151
330
125
100
AcDbEntity
  8
DEFAULT_255_1_542
100
AcDbCircle
 10
7.4341226
 20
7.2012926
 30
0.0
 40
0.6988779
100
AcDbArc
 50
333.0707277
 51
348.7181154
  0
ARC
  5
152
330
125
100
AcDbEntity
  8
DEFAULT_255_1_542
100
AcDbCircle
 10
7.5549728
 20
7.1356575
 30
0.0
 40
0.5614194
100
AcDbArc
 50
299.2531153
 51
333.4571273
  0
ARC
  5
153
330
125
100
AcDbEntity
  8
DEFAULT_255_1_542
100
AcDbCircle
 10
7.5098633
 20
7.2213484
 30
0.0
 40
0.6582306
100
AcDbArc
 50
278.1072906
 51
299.0339478
  0
ARC
  5
154
330
125
100
AcDbEntity
  8
DEFAULT_255_1_542
100
AcDbCircle
 10
7.4778727
 20
7.4097975
 30
0.0
 40
0.849323
100
AcDbArc
 50
270.4445459
 51
278.4509706
  0
ARC
  5
155
330
125
100
AcDbEntity
  8
DEFAULT_255_1_542
100
AcDbCircle
 10
7.480478
 20
7.2936505
 30
0.0
 40
0.5755517
100
AcDbArc
 50
269.4971374
 51
284.0204007
  0
ARC
  5
156
330
125
100
AcDbEntity
  8
DEFAULT_255_1_542
100
AcDbCircle
 10
7.5248919
 20
7.122989
 30
0.0
 40
0.3992182
100
AcDbArc
 50
283.7699562
 51
318.1556187
  0
ARC
  5
157
330
125
100
AcDbEntity
  8
DEFAULT_255_1_542
100
AcDbCircle
 10
7.4827345
 20
7.1545394
 30
0.0
 40
0.4516949
100
AcDbArc
 50
318.7416444
 51
343.6873402
  0
ARC
  5
158
330
125
100
AcDbEntity
  8
DEFAULT_255_1_542
100
AcDbCircle
 10
7.2572405
 20
7.2249718
 30
0.0
 40
0.6879074
100
AcDbArc
 50
343.3324731
 51
355.8548303
  0
ARC
  5
159
330
125
100
AcDbEntity
  8
DEFAULT_255_1_542
100
AcDbCircle
 10
6.9948795
 20
7.2499118
 30
0.0
 40
0.9514032
100
AcDbArc
 50
355.4988934
 51
0.0788461
  0
ARC
  5
15A
330
125
100
AcDbEntity
  8
DEFAULT_255_1_542
100
AcDbCircle
 10
7.0927761
 20
7.3418379
 30
0.0
 40
0.8535218
100
AcDbArc
 50
359.6455143
 51
9.8607261
  0
ARC
  5
15B
330
125
100
AcDbEntity
  8
DEFAULT_255_1_542
100
AcDbCircle
 10
7.387864
 20
7.3951272
 30
0.0
 40
0.5536709
100
AcDbArc
 50
9.6571622
 51
26.1931971
  0
ARC
  5
15C
330
125
100
AcDbEntity
  8
DEFAULT_255_1_542
100
AcDbCircle
 10
7.5038622
 20
7.4490028
 30
0.0
 40
0.4258133
100
AcDbArc
 50
26.5778125
 51
40.1532658
  0
ARC
  5
15D
330
125
100
AcDbEntity
  8
DEFAULT_255_1_542
100
AcDbCircle
 10
7.535829
 20
7.473942
 30
0.0
 40
0.385302
100
AcDbArc
 50
40.3840107
 51
80.1431587
  0
ARC
  5
15E
330
125
100
AcDbEntity
  8
DEFAULT_255_1_542
100
AcDbCircle
 10
7.4949692
 20
7.292789
 30
0.0
 40
0.5708505
100
AcDbArc
 50
79.2151469
 51
89.744611
  0
LINE
  5
15F
330
125
100
AcDbEntity
  8
DEFAULT_255_1_542
100
AcDbLine
 10
9.3096526
 20
7.0243272
 30
0.0
 11
9.503416
 21
7.0243272
 31
0.0
  0
LINE
  5
160
330
125
100
AcDbEntity
  8
DEFAULT_255_1_542
100
AcDbLine
 10
8.3779823
 20
7.2231104
 30
0.0
 11
8.3779823
 21
7.3636641
 31
0.0
  0
LINE
  5
161
330
125
100
AcDbEntity
  8
DEFAULT_255_1_542
100
AcDbLine
 10
9.503416
 20
7.5524076
 30
0.0
 11
9.3096526
 21
7.5524076
 31
0.0
  0
LINE
  5
162
330
125
100
AcDbEntity
  8
DEFAULT_255_1_542
100
AcDbLine
 10
8.5717457
 20
7.3586443
 30
0.0
 11
8.5717457
 21
7.2170866
 31
0.0
  0
ARC
  5
163
330
125
100
AcDbEntity
  8
DEFAULT_255_1_542
100
AcDbCircle
 10
8.8183412
 20
7.0989767
 30
0.0
 40
0.6891299
100
AcDbArc
 50
340.1774147
 51
353.7812794
  0
ARC
  5
164
330
125
100
AcDbEntity
  8
DEFAULT_255_1_542
100
AcDbCircle
 10
9.0147623
 20
7.0258184
 30
0.0
 40
0.4795438
100
AcDbArc
 50
311.4559763
 51
340.4421016
  0
ARC
  5
165
330
125
100
AcDbEntity
  8
DEFAULT_255_1_542
100
AcDbCircle
 10
9.0105982
 20
7.0396835
 30
0.0
 40
0.4927293
100
AcDbArc
 50
282.4333213
 51
310.7514614
  0
ARC
  5
166
330
125
100
AcDbEntity
  8
DEFAULT_255_1_542
100
AcDbCircle
 10
8.9556905
 20
7.2665692
 30
0.0
 40
0.7261312
100
AcDbArc
 50
269.9358912
 51
282.8097679
  0
ARC
  5
167
330
125
100
AcDbEntity
  8
DEFAULT_255_1_542
100
AcDbCircle
 10
8.9492395
 20
7.4436114
 30
0.0
 40
0.9031904
100
AcDbArc
 50
269.9995731
 51
270.3576918
  0
ARC
  5
168
330
125
100
AcDbEntity
  8
DEFAULT_255_1_542
100
AcDbCircle
 10
8.9426277
 20
7.1236965
 30
0.0
 40
0.583313
100
AcDbArc
 50
250.7885288
 51
270.64879
  0
ARC
  5
169
330
125
100
AcDbEntity
  8
DEFAULT_255_1_542
100
AcDbCircle
 10
8.9216074
 20
7.0440359
 30
0.0
 40
0.5012123
100
AcDbArc
 50
219.3628105
 51
250.0611223
  0
ARC
  5
16A
330
125
100
AcDbEntity
  8
DEFAULT_255_1_542
100
AcDbCircle
 10
9.0252587
 20
7.1321245
 30
0.0
 40
0.6372226
100
AcDbArc
 50
193.5480076
 51
219.5756006
  0
ARC
  5
16B
330
125
100
AcDbEntity
  8
DEFAULT_255_1_542
100
AcDbCircle
 10
9.3217098
 20
7.2091077
 30
0.0
 40
0.9434742
100
AcDbArc
 50
181.1219103
 51
193.8756096
  0
ARC
  5
16C
330
125
100
AcDbEntity
  8
DEFAULT_255_1_542
100
AcDbCircle
 10
9.5804613
 20
7.2229468
 30
0.0
 40
1.202479
100
AcDbArc
 50
179.992207
 51
181.539793
  0
ARC
  5
16D
330
125
100
AcDbEntity
  8
DEFAULT_255_1_542
100
AcDbCircle
 10
9.3491231
 20
7.3683383
 30
0.0
 40
0.971152
100
AcDbArc
 50
169.5837897
 51
180.2757729
  0
ARC
  5
16E
330
125
100
AcDbEntity
  8
DEFAULT_255_1_542
100
AcDbCircle
 10
9.1194803
 20
7.4107699
 30
0.0
 40
0.737622
100
AcDbArc
 50
155.0365401
 51
169.6003724
  0
ARC
  5
16F
330
125
100
AcDbEntity
  8
DEFAULT_255_1_542
100
AcDbCircle
 10
8.9775428
 20
7.4791996
 30
0.0
 40
0.5800685
100
AcDbArc
 50
136.7830748
 51
155.2472741
  0
ARC
  5
170
330
125
100
AcDbEntity
  8
DEFAULT_255_1_542
100
AcDbCircle
 10
8.9288594
 20
7.5205524
 30
0.0
 40
0.516283
100
AcDbArc
 50
121.7633554
 51
136.4279411
  0
ARC
  5
171
330
125
100
AcDbEntity
  8
DEFAULT_255_1_542
100
AcDbCircle
 10
8.9457256
 20
7.4893906
 30
0.0
 40
0.55166
100
AcDbArc
 50
95.6459842
 51
121.5490041
  0
ARC
  5
172
330
125
100
AcDbEntity
  8
DEFAULT_255_1_542
100
AcDbCircle
 10
8.9653859
 20
7.3508815
 30
0.0
 40
0.6914568
100
AcDbArc
 50
89.9242542
 51
96.1380403
  0
ARC
  5
173
330
125
100
AcDbEntity
  8
DEFAULT_255_1_542
100
AcDbCircle
 10
8.9716885
 20
7.3656767
 30
0.0
 40
0.6766824
100
AcDbArc
 50
76.6779819
 51
90.4562582
  0
ARC
  5
174
330
125
100
AcDbEntity
  8
DEFAULT_255_1_542
100
AcDbCircle
 10
9.0208919
 20
7.564503
 30
0.0
 40
0.4718734
100
AcDbArc
 50
47.485792
 51
76.9287314
  0
ARC
  5
175
330
125
100
AcDbEntity
  8
DEFAULT_255_1_542
100
AcDbCircle
 10
9.0025128
 20
7.5520071
 30
0.0
 40
0.4935308
100
AcDbArc
 50
16.5424722
 51
46.8933499
  0
ARC
  5
176
330
125
100
AcDbEntity
  8
DEFAULT_255_1_542
100
AcDbCircle
 10
8.8015327
 20
7.4859705
 30
0.0
 40
0.7050206
100
AcDbArc
 50
5.4072542
 51
17.0365088
  0
ARC
  5
177
330
125
100
AcDbEntity
  8
DEFAULT_255_1_542
100
AcDbCircle
 10
8.6217071
 20
7.4570843
 30
0.0
 40
0.6945182
100
AcDbArc
 50
7.8888078
 51
15.9240569
  0
ARC
  5
178
330
125
100
AcDbEntity
  8
DEFAULT_255_1_542
100
AcDbCircle
 10
8.8700436
 20
7.5291948
 30
0.0
 40
0.4359284
100
AcDbArc
 50
15.7651464
 51
27.9410453
  0
ARC
  5
179
330
125
100
AcDbEntity
  8
DEFAULT_255_1_542
100
AcDbCircle
 10
9.0080553
 20
7.6030797
 30
0.0
 40
0.2793856
100
AcDbArc
 50
27.8169831
 51
46.4004407
  0
ARC
  5
17A
330
125
100
AcDbEntity
  8
DEFAULT_255_1_542
100
AcDbCircle
 10
9.014267
 20
7.6023688
 30
0.0
 40
0.2756618
100
AcDbArc
 50
47.4373518
 51
75.0695431
  0
ARC
  5
17B
330
125
100
AcDbEntity
  8
DEFAULT_255_1_542
100
AcDbCircle
 10
8.9756965
 20
7.468092
 30
0.0
 40
0.4153515
100
AcDbArc
 50
74.7008998
 51
87.8127331
  0
ARC
  5
17C
330
125
100
AcDbEntity
  8
DEFAULT_255_1_542
100
AcDbCircle
 10
8.9665313
 20
7.3361964
 30
0.0
 40
0.5475165
100
AcDbArc
 50
87.3811029
 51
90.0242051
  0
ARC
  5
17D
330
125
100
AcDbEntity
  8
DEFAULT_255_1_542
100
AcDbCircle
 10
8.9617244
 20
7.4832713
 30
0.0
 40
0.4004677
100
AcDbArc
 50
89.3453494
 51
108.5745375
  0
ARC
  5
17E
330
125
100
AcDbEntity
  8
DEFAULT_255_1_542
100
AcDbCircle
 10
8.9446121
 20
7.5474764
 30
0.0
 40
0.334183
100
AcDbArc
 50
109.299931
 51
143.3037934
  0
ARC
  5
17F
330
125
100
AcDbEntity
  8
DEFAULT_255_1_542
100
AcDbCircle
 10
9.0398637
 20
7.4742269
 30
0.0
 40
0.4543328
100
AcDbArc
 50
143.0751731
 51
163.1918359
  0
ARC
  5
180
330
125
100
AcDbEntity
  8
DEFAULT_255_1_542
100
AcDbCircle
 10
9.2838499
 20
7.3972328
 30
0.0
 40
0.7101666
100
AcDbArc
 50
162.9375564
 51
174.6207661
  0
ARC
  5
181
330
125
100
AcDbEntity
  8
DEFAULT_255_1_542
100
AcDbCircle
 10
9.6121283
 20
7.3612412
 30
0.0
 40
1.0403857
100
AcDbArc
 50
174.342223
 51
180.143018
  0
ARC
  5
182
330
125
100
AcDbEntity
  8
DEFAULT_255_1_542
100
AcDbCircle
 10
9.4957256
 20
7.2119539
 30
0.0
 40
0.9239942
100
AcDbArc
 50
179.6817246
 51
189.1505457
  0
ARC
  5
183
330
125
100
AcDbEntity
  8
DEFAULT_255_1_542
100
AcDbCircle
 10
9.183141
 20
7.1598921
 30
0.0
 40
0.6071106
100
AcDbArc
 50
188.9911224
 51
203.5773021
  0
ARC
  5
184
330
125
100
AcDbEntity
  8
DEFAULT_255_1_542
100
AcDbCircle
 10
9.0481706
 20
7.1038885
 30
0.0
 40
0.4610145
100
AcDbArc
 50
203.9076169
 51
215.1314611
  0
ARC
  5
185
330
125
100
AcDbEntity
  8
DEFAULT_255_1_542
100
AcDbCircle
 10
8.9328216
 20
7.0144886
 30
0.0
 40
0.3153048
100
AcDbArc
 50
213.9073051
 51
263.8848042
  0
ARC
  5
186
330
125
100
AcDbEntity
  8
DEFAULT_255_1_542
100
AcDbCircle
 10
8.9484869
 20
7.1125554
 30
0.0
 40
0.4145141
100
AcDbArc
 50
263.1758004
 51
270.1030999
  0
ARC
  5
187
330
125
100
AcDbEntity
  8
DEFAULT_255_1_542
100
AcDbCircle
 10
8.9524969
 20
7.2684408
 30
0.0
 40
0.5704083
100
AcDbArc
 50
269.6721232
 51
279.0605848
  0
ARC
  5
188
330
125
100
AcDbEntity
  8
DEFAULT_255_1_542
100
AcDbCircle
 10
8.9858423
 20
7.066859
 30
0.0
 40
0.3660924
100
AcDbArc
 50
278.8752106
 51
293.6347628
  0
ARC
  5
189
330
125
100
AcDbEntity
  8
DEFAULT_255_1_542
100
AcDbCircle
 10
9.0258734
 20
6.9728511
 30
0.0
 40
0.2639233
100
AcDbArc
 50
293.8551066
 51
310.052109
  0
ARC
  5
18A
330
125
100
AcDbEntity
  8
DEFAULT_255_1_542
100
AcDbCircle
 10
9.026477
 20
6.9650585
 30
0.0
 40
0.2576101
100
AcDbArc
 50
311.0646631
 51
332.0109299
  0
ARC
  5
18B
330
125
100
AcDbEntity
  8
DEFAULT_255_1_542
100
AcDbCircle
 10
8.8774448
 20
7.0472413
 30
0.0
 40
0.4277877
100
AcDbArc
 50
331.6587937
 51
343.2878571
  0
ARC
  5
18C
330
125
100
AcDbEntity
  8
DEFAULT_255_1_542
100
AcDbCircle
 10
8.6195958
 20
7.126477
 30
0.0
 40
0.6975332
100
AcDbArc
 50
343.1448522
 51
351.0103991
  0
ARC
  5
18D
330
125
100
AcDbEntity
  8
DEFAULT_255_1_542
100
AcDbCircle
 10
8.421489
 20
7.1624865
 30
0.0
 40
0.8988452
100
AcDbArc
 50
350.7164123
 51
351.1581547
  0
LINE
  5
18E
330
125
100
AcDbEntity
  8
DEFAULT_255_1_542
100
AcDbLine
 10
10.7362728
 20
7.5995935
 30
0.0
 11
10.5425095
 21
7.5995935
 31
0.0
  0
LINE
  5
18F
330
125
100
AcDbEntity
  8
DEFAULT_255_1_542
100
AcDbLine
 10
9.6771002
 20
6.984169
 30
0.0
 11
9.8708635
 21
6.984169
 31
0.0
  0
ARC
  5
190
330
125
100
AcDbEntity
  8
DEFAULT_255_1_542
100
AcDbCircle
 10
10.6248508
 20
8.7179187
 30
0.0
 40
1.5654133
100
AcDbArc
 50
248.919873
 51
254.1440466
  0
ARC
  5
191
330
125
100
AcDbEntity
  8
DEFAULT_255_1_542
100
AcDbCircle
 10
10.4147979
 20
8.1771362
 30
0.0
 40
0.9852715
100
AcDbArc
 50
241.6338362
 51
249.0065719
  0
ARC
  5
192
330
125
100
AcDbEntity
  8
DEFAULT_255_1_542
100
AcDbCircle
 10
10.2237361
 20
7.8270401
 30
0.0
 40
0.58644
100
AcDbArc
 50
230.4984568
 51
241.8085823
  0
ARC
  5
193
330
125
100
AcDbEntity
  8
DEFAULT_255_1_542
100
AcDbCircle
 10
10.1258934
 20
7.7023481
 30
0.0
 40
0.4280059
100
AcDbArc
 50
227.4073724
 51
229.9870388
  0
ARC
  5
194
330
125
100
AcDbEntity
  8
DEFAULT_255_1_542
100
AcDbCircle
 10
10.0647404
 20
7.6426233
 30
0.0
 40
0.342681
100
AcDbArc
 50
200.678229
 51
228.1763789
  0
ARC
  5
195
330
125
100
AcDbEntity
  8
DEFAULT_255_1_542
100
AcDbCircle
 10
10.0737782
 20
7.6407464
 30
0.0
 40
0.3505089
100
AcDbArc
 50
179.5061514
 51
199.8694789
  0
ARC
  5
196
330
125
100
AcDbEntity
  8
DEFAULT_255_1_542
100
AcDbCircle
 10
10.0726229
 20
7.6500131
 30
0.0
 40
0.3493966
100
AcDbArc
 50
132.4834634
 51
181.0242284
  0
ARC
  5
197
330
125
100
AcDbEntity
  8
DEFAULT_255_1_542
100
AcDbCircle
 10
10.147055
 20
7.5797172
 30
0.0
 40
0.4515684
100
AcDbArc
 50
129.2531565
 51
133.4243812
  0
ARC
  5
198
330
125
100
AcDbEntity
  8
DEFAULT_255_1_542
100
AcDbCircle
 10
10.1653764
 20
7.5522321
 30
0.0
 40
0.4844552
100
AcDbArc
 50
101.9878352
 51
128.8742447
  0
ARC
  5
199
330
125
100
AcDbEntity
  8
DEFAULT_255_1_542
100
AcDbCircle
 10
10.2151993
 20
7.3370943
 30
0.0
 40
0.7052613
100
AcDbArc
 50
89.5904993
 51
102.3169729
  0
ARC
  5
19A
330
125
100
AcDbEntity
  8
DEFAULT_255_1_542
100
AcDbCircle
 10
10.2240134
 20
7.3768902
 30
0.0
 40
0.6654582
100
AcDbArc
 50
77.2360255
 51
90.3248991
  0
ARC
  5
19B
330
125
100
AcDbEntity
  8
DEFAULT_255_1_542
100
AcDbCircle
 10
10.2498906
 20
7.4977711
 30
0.0
 40
0.5418492
100
AcDbArc
 50
63.8379794
 51
77.0806791
  0
ARC
  5
19C
330
125
100
AcDbEntity
  8
DEFAULT_255_1_542
100
AcDbCircle
 10
10.2846211
 20
7.5624831
 30
0.0
 40
0.4684613
100
AcDbArc
 50
45.9862477
 51
64.1608852
  0
ARC
  5
19D
330
125
100
AcDbEntity
  8
DEFAULT_255_1_542
100
AcDbCircle
 10
10.3172197
 20
7.5997154
 30
0.0
 40
0.4190413
100
AcDbArc
 50
32.2748304
 51
45.6545256
  0
ARC
  5
19E
330
125
100
AcDbEntity
  8
DEFAULT_255_1_542
100
AcDbCircle
 10
10.3255316
 20
7.6020973
 30
0.0
 40
0.4107489
100
AcDbArc
 50
359.6507398
 51
32.6130236
  0
ARC
  5
19F
330
125
100
AcDbEntity
  8
DEFAULT_255_1_542
100
AcDbCircle
 10
10.2076591
 20
7.6026931
 30
0.0
 40
0.3348647
100
AcDbArc
 50
359.469641
 51
14.9830069
  0
ARC
  5
1A0
330
125
100
AcDbEntity
  8
DEFAULT_255_1_542
100
AcDbCircle
 10
10.2958035
 20
7.6263052
 30
0.0
 40
0.2436125
100
AcDbArc
 50
14.9780404
 51
48.2005965
  0
ARC
  5
1A1
330
125
100
AcDbEntity
  8
DEFAULT_255_1_542
100
AcDbCircle
 10
10.2752574
 20
7.6004851
 30
0.0
 40
0.2765619
100
AcDbArc
 50
48.5927815
 51
74.1241344
  0
ARC
  5
1A2
330
125
100
AcDbEntity
  8
DEFAULT_255_1_542
100
AcDbCircle
 10
10.2335711
 20
7.4628967
 30
0.0
 40
0.4203129
100
AcDbArc
 50
73.7890106
 51
86.6655051
  0
ARC
  5
1A3
330
125
100
AcDbEntity
  8
DEFAULT_255_1_542
100
AcDbCircle
 10
10.2207717
 20
7.3121173
 30
0.0
 40
0.5715958
100
AcDbArc
 50
86.2637859
 51
90.0533106
  0
ARC
  5
1A4
330
125
100
AcDbEntity
  8
DEFAULT_255_1_542
100
AcDbCircle
 10
10.2172291
 20
7.3614026
 30
0.0
 40
0.5223188
100
AcDbArc
 50
89.6697245
 51
99.231174
  0
ARC
  5
1A5
330
125
100
AcDbEntity
  8
DEFAULT_255_1_542
100
AcDbCircle
 10
10.1869135
 20
7.5419772
 30
0.0
 40
0.3392212
100
AcDbArc
 50
99.069785
 51
113.7658116
  0
ARC
  5
1A6
330
125
100
AcDbEntity
  8
DEFAULT_255_1_542
100
AcDbCircle
 10
10.1526811
 20
7.6227033
 30
0.0
 40
0.2515478
100
AcDbArc
 50
114.0398389
 51
127.9852379
  0
ARC
  5
1A7
330
125
100
AcDbEntity
  8
DEFAULT_255_1_542
100
AcDbCircle
 10
10.1226311
 20
7.659703
 30
0.0
 40
0.2038934
100
AcDbArc
 50
127.7287591
 51
176.7105365
  0
ARC
  5
1A8
330
125
100
AcDbEntity
  8
DEFAULT_255_1_542
100
AcDbCircle
 10
10.2074963
 20
7.6470727
 30
0.0
 40
0.289447
100
AcDbArc
 50
175.1782602
 51
180.0580617
  0
ARC
  5
1A9
330
125
100
AcDbEntity
  8
DEFAULT_255_1_542
100
AcDbCircle
 10
10.1020765
 20
7.6455401
 30
0.0
 40
0.1840312
100
AcDbArc
 50
179.6141499
 51
228.1246572
  0
ARC
  5
1AA
330
125
100
AcDbEntity
  8
DEFAULT_255_1_542
100
AcDbCircle
 10
10.1573802
 20
7.6967573
 30
0.0
 40
0.2591778
100
AcDbArc
 50
226.5789893
 51
230.8786453
  0
ARC
  5
1AB
330
125
100
AcDbEntity
  8
DEFAULT_255_1_542
100
AcDbCircle
 10
10.2161668
 20
7.7748132
 30
0.0
 40
0.3568454
100
AcDbArc
 50
231.4636263
 51
241.9262754
  0
ARC
  5
1AC
330
125
100
AcDbEntity
  8
DEFAULT_255_1_542
100
AcDbCircle
 10
10.3658062
 20
8.0501889
 30
0.0
 40
0.6702471
100
AcDbArc
 50
241.7177357
 51
248.3260323
  0
ARC
  5
1AD
330
125
100
AcDbEntity
  8
DEFAULT_255_1_542
100
AcDbCircle
 10
10.538914
 20
8.4790317
 30
0.0
 40
1.1327067
100
AcDbArc
 50
248.2002373
 51
252.4531064
  0
ARC
  5
1AE
330
125
100
AcDbEntity
  8
DEFAULT_255_1_542
100
AcDbCircle
 10
10.6895526
 20
8.9447549
 30
0.0
 40
1.6221786
100
AcDbArc
 50
252.3393628
 51
254.3467434
  0
ARC
  5
1AF
330
125
100
AcDbEntity
  8
DEFAULT_255_1_542
100
AcDbCircle
 10
9.7467001
 20
5.5723768
 30
0.0
 40
1.879522
100
AcDbArc
 50
71.0195774
 51
74.4087448
  0
ARC
  5
1B0
330
125
100
AcDbEntity
  8
DEFAULT_255_1_542
100
AcDbCircle
 10
9.9585469
 20
6.1838767
 30
0.0
 40
1.2323681
100
AcDbArc
 50
66.1844825
 51
71.0865899
  0
ARC
  5
1B1
330
125
100
AcDbEntity
  8
DEFAULT_255_1_542
100
AcDbCircle
 10
10.1530512
 20
6.6217932
 30
0.0
 40
0.7532015
100
AcDbArc
 50
59.353526
 51
66.2692745
  0
ARC
  5
1B2
330
125
100
AcDbEntity
  8
DEFAULT_255_1_542
100
AcDbCircle
 10
10.264121
 20
6.8096974
 30
0.0
 40
0.5349256
100
AcDbArc
 50
49.102076
 51
59.3293646
  0
ARC
  5
1B3
330
125
100
AcDbEntity
  8
DEFAULT_255_1_542
100
AcDbCircle
 10
10.366454
 20
6.9263414
 30
0.0
 40
0.3797595
100
AcDbArc
 50
32.7923129
 51
49.2503463
  0
ARC
  5
1B4
330
125
100
AcDbEntity
  8
DEFAULT_255_1_542
100
AcDbCircle
 10
10.4061302
 20
6.9546166
 30
0.0
 40
0.3311003
100
AcDbArc
 50
31.1173201
 51
32.3976299
  0
ARC
  5
1B5
330
125
100
AcDbEntity
  8
DEFAULT_255_1_542
100
AcDbCircle
 10
10.395542
 20
6.9504682
 30
0.0
 40
0.3423143
100
AcDbArc
 50
8.1116291
 51
30.7958822
  0
ARC
  5
1B6
330
125
100
AcDbEntity
  8
DEFAULT_255_1_542
100
AcDbCircle
 10
10.2942765
 20
6.9332159
 30
0.0
 40
0.4450098
100
AcDbArc
 50
359.838732
 51
8.4709661
  0
ARC
  5
1B7
330
125
100
AcDbEntity
  8
DEFAULT_255_1_542
100
AcDbCircle
 10
10.3724713
 20
6.9271376
 30
0.0
 40
0.3668451
100
AcDbArc
 50
337.4732756
 51
0.7537407
  0
ARC
  5
1B8
330
125
100
AcDbEntity
  8
DEFAULT_255_1_542
100
AcDbCircle
 10
10.3948093
 20
6.92467
 30
0.0
 40
0.3453232
100
AcDbArc
 50
307.5917397
 51
336.4314588
  0
ARC
  5
1B9
330
125
100
AcDbEntity
  8
DEFAULT_255_1_542
100
AcDbCircle
 10
10.3370703
 20
6.989007
 30
0.0
 40
0.4315739
100
AcDbArc
 50
307.6579814
 51
308.4551904
  0
ARC
  5
1BA
330
125
100
AcDbEntity
  8
DEFAULT_255_1_542
100
AcDbCircle
 10
10.3085067
 20
7.0331456
 30
0.0
 40
0.4839876
100
AcDbArc
 50
284.3733665
 51
307.1426142
  0
ARC
  5
1BB
330
125
100
AcDbEntity
  8
DEFAULT_255_1_542
100
AcDbCircle
 10
10.2466079
 20
7.2608648
 30
0.0
 40
0.7199527
100
AcDbArc
 50
272.4383685
 51
284.6465223
  0
ARC
  5
1BC
330
125
100
AcDbEntity
  8
DEFAULT_255_1_542
100
AcDbCircle
 10
10.2307565
 20
7.4860089
 30
0.0
 40
0.9455881
100
AcDbArc
 50
269.9710931
 51
272.8175806
  0
ARC
  5
1BD
330
125
100
AcDbEntity
  8
DEFAULT_255_1_542
100
AcDbCircle
 10
10.2253919
 20
7.2310856
 30
0.0
 40
0.690682
100
AcDbArc
 50
248.2708
 51
270.4054551
  0
ARC
  5
1BE
330
125
100
AcDbEntity
  8
DEFAULT_255_1_542
100
AcDbCircle
 10
10.2185807
 20
7.2072147
 30
0.0
 40
0.6659903
100
AcDbArc
 50
246.1387322
 51
248.0548373
  0
ARC
  5
1BF
330
125
100
AcDbEntity
  8
DEFAULT_255_1_542
100
AcDbCircle
 10
10.1662814
 20
7.0973509
 30
0.0
 40
0.5443709
100
AcDbArc
 50
233.1671406
 51
246.4951797
  0
ARC
  5
1C0
330
125
100
AcDbEntity
  8
DEFAULT_255_1_542
100
AcDbCircle
 10
10.0970243
 20
7.0038497
 30
0.0
 40
0.4280157
100
AcDbArc
 50
215.3404051
 51
233.084173
  0
ARC
  5
1C1
330
125
100
AcDbEntity
  8
DEFAULT_255_1_542
100
AcDbCircle
 10
10.0629489
 20
6.9790635
 30
0.0
 40
0.3858826
100
AcDbArc
 50
179.2419041
 51
215.2649022
  0
ARC
  5
1C2
330
125
100
AcDbEntity
  8
DEFAULT_255_1_542
100
AcDbCircle
 10
10.158896
 20
6.9808277
 30
0.0
 40
0.2880518
100
AcDbArc
 50
179.3353703
 51
199.1046135
  0
ARC
  5
1C3
330
125
100
AcDbEntity
  8
DEFAULT_255_1_542
100
AcDbCircle
 10
10.1173591
 20
6.9699672
 30
0.0
 40
0.2452708
100
AcDbArc
 50
199.8830977
 51
232.7062771
  0
ARC
  5
1C4
330
125
100
AcDbEntity
  8
DEFAULT_255_1_542
100
AcDbCircle
 10
10.1763908
 20
7.0442165
 30
0.0
 40
0.3401123
100
AcDbArc
 50
232.3736747
 51
255.5135853
  0
ARC
  5
1C5
330
125
100
AcDbEntity
  8
DEFAULT_255_1_542
100
AcDbCircle
 10
10.2190007
 20
7.1997392
 30
0.0
 40
0.5013549
100
AcDbArc
 50
255.2448911
 51
267.5319116
  0
ARC
  5
1C6
330
125
100
AcDbEntity
  8
DEFAULT_255_1_542
100
AcDbCircle
 10
10.2299424
 20
7.3537493
 30
0.0
 40
0.6557074
100
AcDbArc
 50
267.1562282
 51
270.0294516
  0
ARC
  5
1C7
330
125
100
AcDbEntity
  8
DEFAULT_255_1_542
100
AcDbCircle
 10
10.2334253
 20
7.2983312
 30
0.0
 40
0.6002975
100
AcDbArc
 50
269.6997368
 51
278.1661568
  0
ARC
  5
1C8
330
125
100
AcDbEntity
  8
DEFAULT_255_1_542
100
AcDbCircle
 10
10.2654277
 20
7.0820432
 30
0.0
 40
0.3816581
100
AcDbArc
 50
278.022723
 51
290.625582
  0
ARC
  5
1C9
330
125
100
AcDbEntity
  8
DEFAULT_255_1_542
100
AcDbCircle
 10
10.3088863
 20
6.9661185
 30
0.0
 40
0.2578551
100
AcDbArc
 50
290.6617245
 51
307.0371972
  0
ARC
  5
1CA
330
125
100
AcDbEntity
  8
DEFAULT_255_1_542
100
AcDbCircle
 10
10.3464316
 20
6.9200583
 30
0.0
 40
0.1984855
100
AcDbArc
 50
306.3943799
 51
355.303148
  0
ARC
  5
1CB
330
125
100
AcDbEntity
  8
DEFAULT_255_1_542
100
AcDbCircle
 10
10.2824929
 20
6.92963
 30
0.0
 40
0.2630286
100
AcDbArc
 50
354.3655576
 51
0.0708914
  0
ARC
  5
1CC
330
125
100
AcDbEntity
  8
DEFAULT_255_1_542
100
AcDbCircle
 10
10.3002172
 20
6.9324477
 30
0.0
 40
0.2453168
100
AcDbArc
 50
359.4179088
 51
16.1971841
  0
ARC
  5
1CD
330
125
100
AcDbEntity
  8
DEFAULT_255_1_542
100
AcDbCircle
 10
10.3571292
 20
6.9480478
 30
0.0
 40
0.1863144
100
AcDbArc
 50
16.4722297
 51
52.6260518
  0
ARC
  5
1CE
330
125
100
AcDbEntity
  8
DEFAULT_255_1_542
100
AcDbCircle
 10
10.2545061
 20
6.8125424
 30
0.0
 40
0.3562936
100
AcDbArc
 50
52.7386384
 51
62.4976145
  0
ARC
  5
1CF
330
125
100
AcDbEntity
  8
DEFAULT_255_1_542
100
AcDbCircle
 10
10.0814252
 20
6.4868436
 30
0.0
 40
0.7251186
100
AcDbArc
 50
62.2512213
 51
68.1222642
  0
ARC
  5
1D0
330
125
100
AcDbEntity
  8
DEFAULT_255_1_542
100
AcDbCircle
 10
9.8663971
 20
5.958382
 30
0.0
 40
1.2956488
100
AcDbArc
 50
68.0062779
 51
71.8053872
  0
ARC
  5
1D1
330
125
100
AcDbEntity
  8
DEFAULT_255_1_542
100
AcDbCircle
 10
9.6419735
 20
5.2853555
 30
0.0
 40
2.0051027
100
AcDbArc
 50
71.7181418
 51
73.9258413
  0
LINE
  5
1D2
330
125
100
AcDbEntity
  8
DEFAULT_255_1_542
100
AcDbLine
 10
9.0181833
 20
1.4146863
 30
0.0
 11
9.0181833
 21
-0.0541
 31
0.0
  0
LINE
  5
1D3
330
125
100
AcDbEntity
  8
DEFAULT_255_1_542
100
AcDbLine
 10
9.0181833
 20
-0.0541
 30
0.0
 11
8.8314476
 21
-0.0541
 31
0.0
  0
LINE
  5
1D4
330
125
100
AcDbEntity
  8
DEFAULT_255_1_542
100
AcDbLine
 10
8.8314476
 20
-0.0541
 30
0.0
 11
8.8314476
 21
1.1837766
 31
0.0
  0
LINE
  5
1D5
330
125
100
AcDbEntity
  8
DEFAULT_255_1_542
100
AcDbLine
 10
8.8314476
 20
1.1837766
 30
0.0
 11
8.4569724
 21
1.0462348
 31
0.0
  0
LINE
  5
1D6
330
125
100
AcDbEntity
  8
DEFAULT_255_1_542
100
AcDbLine
 10
8.4569724
 20
1.0462348
 30
0.0
 11
8.4569724
 21
1.2148992
 31
0.0
  0
LINE
  5
1D7
330
125
100
AcDbEntity
  8
DEFAULT_255_1_542
100
AcDbLine
 10
8.4569724
 20
1.2148992
 30
0.0
 11
8.9890686
 21
1.4146863
 31
0.0
  0
LINE
  5
1D8
330
125
100
AcDbEntity
  8
DEFAULT_255_1_542
100
AcDbLine
 10
8.9890686
 20
1.4146863
 30
0.0
 11
9.0181833
 21
1.4146863
 31
0.0
  0
ENDBLK
  5
127
330
125
100
AcDbEntity
  8
0
100
AcDbBlockEnd
  0
BLOCK
  5
1DA
330
1D9
100
AcDbEntity
  8
0
100
AcDbBlockBegin
  2
YAML_PID_DEETHANIZER_COLUMN
 70
0
 10
0.0
 20
0.0
 30
0.0
  3
YAML_PID_DEETHANIZER_COLUMN
  1

  0
LINE
  5
1DC
330
1D9
100
AcDbEntity
  8
DEFAULT_255_2_778
100
AcDbLine
 10
2.778167
 20
44.8468993
 30
0.0
 11
23.944867
 21
44.8468993
 31
0.0
  0
LINE
  5
1DD
330
1D9
100
AcDbEntity
  8
DEFAULT_255_2_778
100
AcDbLine
 10
23.944867
 20
44.8468993
 30
0.0
 11
23.944867
 21
-2.7781007
 31
0.0
  0
LINE
  5
1DE
330
1D9
100
AcDbEntity
  8
DEFAULT_255_2_778
100
AcDbLine
 10
23.944867
 20
-2.7781007
 30
0.0
 11
2.778167
 21
-2.7781007
 31
0.0
  0
LINE
  5
1DF
330
1D9
100
AcDbEntity
  8
DEFAULT_255_2_778
100
AcDbLine
 10
2.778167
 20
-2.7781007
 30
0.0
 11
2.778167
 21
44.8468993
 31
0.0
  0
LINE
  5
1E0
330
1D9
100
AcDbEntity
  8
DEFAULT_255_2_778
100
AcDbLine
 10
2.778167
 20
37.7031
 30
0.0
 11
23.944867
 21
37.7031
 31
0.0
  0
LINE
  5
1E1
330
1D9
100
AcDbEntity
  8
DEFAULT_255_2_778
100
AcDbLine
 10
2.778167
 20
4.3656
 30
0.0
 11
23.944867
 21
4.3656
 31
0.0
  0
ENDBLK
  5
1DB
330
1D9
100
AcDbEntity
  8
0
100
AcDbBlockEnd
  0
BLOCK
  5
1E3
330
1E2
100
AcDbEntity
  8
0
100
AcDbBlockBegin
  2
YAML_PID_FEED_BOTTOMS_EXCHANGER
 70
0
 10
0.0
 20
0.0
 30
0.0
  3
YAML_PID_FEED_BOTTOMS_EXCHANGER
  1

  0
ARC
  5
1E5
330
1E2
100
AcDbEntity
  8
DEFAULT_255_2_778
100
AcDbCircle
 10
9.4714482
 20
3.8406008
 30
0.0
 40
6.6933326
100
AcDbArc
 50
168.541472
 51
180.0352475
  0
ARC
  5
1E6
330
1E2
100
AcDbEntity
  8
DEFAULT_255_2_778
100
AcDbCircle
 10
9.3536576
 20
3.8624864
 30
0.0
 40
6.5735422
100
AcDbArc
 50
153.0463229
 51
168.5244689
  0
ARC
  5
1E7
330
1E2
100
AcDbEntity
  8
DEFAULT_255_2_778
100
AcDbCircle
 10
9.3822328
 20
3.8462071
 30
0.0
 40
6.6063925
100
AcDbArc
 50
109.7078398
 51
153.0328055
  0
ARC
  5
1E8
330
1E2
100
AcDbEntity
  8
DEFAULT_255_2_778
100
AcDbCircle
 10
9.3740716
 20
3.8498054
 30
0.0
 40
6.6002561
100
AcDbArc
 50
96.3164082
 51
109.6516769
  0
ARC
  5
1E9
330
1E2
100
AcDbEntity
  8
DEFAULT_255_2_778
100
AcDbCircle
 10
9.3912407
 20
3.7069124
 30
0.0
 40
6.7441708
100
AcDbArc
 50
89.9874593
 51
96.3278261
  0
ARC
  5
1EA
330
1E2
100
AcDbEntity
  8
DEFAULT_255_2_778
100
AcDbCircle
 10
9.3968345
 20
3.7577518
 30
0.0
 40
6.6933326
100
AcDbArc
 50
78.541472
 51
90.0352475
  0
ARC
  5
1EB
330
1E2
100
AcDbEntity
  8
DEFAULT_255_2_778
100
AcDbCircle
 10
9.4187201
 20
3.8755424
 30
0.0
 40
6.5735422
100
AcDbArc
 50
63.0463229
 51
78.5244689
  0
ARC
  5
1EC
330
1E2
100
AcDbEntity
  8
DEFAULT_255_2_778
100
AcDbCircle
 10
9.4024408
 20
3.8469672
 30
0.0
 40
6.6063925
100
AcDbArc
 50
19.7078398
 51
63.0328055
  0
ARC
  5
1ED
330
1E2
100
AcDbEntity
  8
DEFAULT_255_2_778
100
AcDbCircle
 10
9.4060391
 20
3.8551284
 30
0.0
 40
6.6002561
100
AcDbArc
 50
6.3164082
 51
19.6516769
  0
ARC
  5
1EE
330
1E2
100
AcDbEntity
  8
DEFAULT_255_2_778
100
AcDbCircle
 10
9.2631461
 20
3.8379593
 30
0.0
 40
6.7441708
100
AcDbArc
 50
359.9874593
 51
6.3278261
  0
ARC
  5
1EF
330
1E2
100
AcDbEntity
  8
DEFAULT_255_2_778
100
AcDbCircle
 10
9.3139855
 20
3.8323655
 30
0.0
 40
6.6933326
100
AcDbArc
 50
348.541472
 51
0.0352475
  0
ARC
  5
1F0
330
1E2
100
AcDbEntity
  8
DEFAULT_255_2_778
100
AcDbCircle
 10
9.4317761
 20
3.8104799
 30
0.0
 40
6.5735422
100
AcDbArc
 50
333.0463229
 51
348.5244689
  0
ARC
  5
1F1
330
1E2
100
AcDbEntity
  8
DEFAULT_255_2_778
100
AcDbCircle
 10
9.4032009
 20
3.8267592
 30
0.0
 40
6.6063925
100
AcDbArc
 50
289.7078398
 51
333.0328055
  0
ARC
  5
1F2
330
1E2
100
AcDbEntity
  8
DEFAULT_255_2_778
100
AcDbCircle
 10
9.4113621
 20
3.8231609
 30
0.0
 40
6.6002561
100
AcDbArc
 50
276.3164082
 51
289.6516769
  0
ARC
  5
1F3
330
1E2
100
AcDbEntity
  8
DEFAULT_255_2_778
100
AcDbCircle
 10
9.394193
 20
3.9660539
 30
0.0
 40
6.7441708
100
AcDbArc
 50
269.9874593
 51
276.3278261
  0
ARC
  5
1F4
330
1E2
100
AcDbEntity
  8
DEFAULT_255_2_778
100
AcDbCircle
 10
9.3885992
 20
3.9152145
 30
0.0
 40
6.6933326
100
AcDbArc
 50
258.541472
 51
270.0352475
  0
ARC
  5
1F5
330
1E2
100
AcDbEntity
  8
DEFAULT_255_2_778
100
AcDbCircle
 10
9.3667136
 20
3.7974239
 30
0.0
 40
6.5735422
100
AcDbArc
 50
243.0463229
 51
258.5244689
  0
ARC
  5
1F6
330
1E2
100
AcDbEntity
  8
DEFAULT_255_2_778
100
AcDbCircle
 10
9.3829929
 20
3.8259991
 30
0.0
 40
6.6063925
100
AcDbArc
 50
199.7078398
 51
243.0328055
  0
ARC
  5
1F7
330
1E2
100
AcDbEntity
  8
DEFAULT_255_2_778
100
AcDbCircle
 10
9.3793946
 20
3.8178379
 30
0.0
 40
6.6002561
100
AcDbArc
 50
186.3164082
 51
199.6516769
  0
ARC
  5
1F8
330
1E2
100
AcDbEntity
  8
DEFAULT_255_2_778
100
AcDbCircle
 10
9.5222876
 20
3.835007
 30
0.0
 40
6.7441708
100
AcDbArc
 50
179.9874593
 51
186.3278261
  0
LINE
  5
1F9
330
1E2
100
AcDbEntity
  8
DEFAULT_255_2_778
100
AcDbLine
 10
2.7781169
 20
3.8364831
 30
0.0
 11
2.7781169
 21
3.8364831
 31
0.0
  0
LINE
  5
1FA
330
1E2
100
AcDbEntity
  8
DEFAULT_255_2_778
100
AcDbLine
 10
16.0072335
 20
7.8052499
 30
0.0
 11
5.4239335
 21
7.8052499
 31
0.0
  0
LINE
  5
1FB
330
1E2
100
AcDbEntity
  8
DEFAULT_255_2_778
100
AcDbLine
 10
5.4239335
 20
7.8052499
 30
0.0
 11
10.7156335
 21
3.8365499
 31
0.0
  0
LINE
  5
1FC
330
1E2
100
AcDbEntity
  8
DEFAULT_255_2_778
100
AcDbLine
 10
10.7156335
 20
3.8365499
 30
0.0
 11
5.4239335
 21
-0.1322501
 31
0.0
  0
LINE
  5
1FD
330
1E2
100
AcDbEntity
  8
DEFAULT_255_2_778
100
AcDbLine
 10
5.4239335
 20
-0.1322501
 30
0.0
 11
16.0072335
 21
-0.1322501
 31
0.0
  0
ENDBLK
  5
1E4
330
1E2
100
AcDbEntity
  8
0
100
AcDbBlockEnd
  0
BLOCK
  5
1FF
330
1FE
100
AcDbEntity
  8
0
100
AcDbBlockBegin
  2
YAML_PID_FIELD_INSTRUMENT
 70
0
 10
0.0
 20
0.0
 30
0.0
  3
YAML_PID_FIELD_INSTRUMENT
  1

  0
ARC
  5
201
330
1FE
100
AcDbEntity
  8
DEFAULT_255_2_778
100
AcDbCircle
 10
9.4714482
 20
3.8406008
 30
0.0
 40
6.6933326
100
AcDbArc
 50
168.541472
 51
180.0352475
  0
ARC
  5
202
330
1FE
100
AcDbEntity
  8
DEFAULT_255_2_778
100
AcDbCircle
 10
9.3536576
 20
3.8624864
 30
0.0
 40
6.5735422
100
AcDbArc
 50
153.0463229
 51
168.5244689
  0
ARC
  5
203
330
1FE
100
AcDbEntity
  8
DEFAULT_255_2_778
100
AcDbCircle
 10
9.3822328
 20
3.8462071
 30
0.0
 40
6.6063925
100
AcDbArc
 50
109.7078398
 51
153.0328055
  0
ARC
  5
204
330
1FE
100
AcDbEntity
  8
DEFAULT_255_2_778
100
AcDbCircle
 10
9.3740716
 20
3.8498054
 30
0.0
 40
6.6002561
100
AcDbArc
 50
96.3164082
 51
109.6516769
  0
ARC
  5
205
330
1FE
100
AcDbEntity
  8
DEFAULT_255_2_778
100
AcDbCircle
 10
9.3912407
 20
3.7069124
 30
0.0
 40
6.7441708
100
AcDbArc
 50
89.9874593
 51
96.3278261
  0
ARC
  5
206
330
1FE
100
AcDbEntity
  8
DEFAULT_255_2_778
100
AcDbCircle
 10
9.3968345
 20
3.7577518
 30
0.0
 40
6.6933326
100
AcDbArc
 50
78.541472
 51
90.0352475
  0
ARC
  5
207
330
1FE
100
AcDbEntity
  8
DEFAULT_255_2_778
100
AcDbCircle
 10
9.4187201
 20
3.8755424
 30
0.0
 40
6.5735422
100
AcDbArc
 50
63.0463229
 51
78.5244689
  0
ARC
  5
208
330
1FE
100
AcDbEntity
  8
DEFAULT_255_2_778
100
AcDbCircle
 10
9.4024408
 20
3.8469672
 30
0.0
 40
6.6063925
100
AcDbArc
 50
19.7078398
 51
63.0328055
  0
ARC
  5
209
330
1FE
100
AcDbEntity
  8
DEFAULT_255_2_778
100
AcDbCircle
 10
9.4060391
 20
3.8551284
 30
0.0
 40
6.6002561
100
AcDbArc
 50
6.3164082
 51
19.6516769
  0
ARC
  5
20A
330
1FE
100
AcDbEntity
  8
DEFAULT_255_2_778
100
AcDbCircle
 10
9.2631461
 20
3.8379593
 30
0.0
 40
6.7441708
100
AcDbArc
 50
359.9874593
 51
6.3278261
  0
ARC
  5
20B
330
1FE
100
AcDbEntity
  8
DEFAULT_255_2_778
100
AcDbCircle
 10
9.3139855
 20
3.8323655
 30
0.0
 40
6.6933326
100
AcDbArc
 50
348.541472
 51
0.0352475
  0
ARC
  5
20C
330
1FE
100
AcDbEntity
  8
DEFAULT_255_2_778
100
AcDbCircle
 10
9.4317761
 20
3.8104799
 30
0.0
 40
6.5735422
100
AcDbArc
 50
333.0463229
 51
348.5244689
  0
ARC
  5
20D
330
1FE
100
AcDbEntity
  8
DEFAULT_255_2_778
100
AcDbCircle
 10
9.4032009
 20
3.8267592
 30
0.0
 40
6.6063925
100
AcDbArc
 50
289.7078398
 51
333.0328055
  0
ARC
  5
20E
330
1FE
100
AcDbEntity
  8
DEFAULT_255_2_778
100
AcDbCircle
 10
9.4113621
 20
3.8231609
 30
0.0
 40
6.6002561
100
AcDbArc
 50
276.3164082
 51
289.6516769
  0
ARC
  5
20F
330
1FE
100
AcDbEntity
  8
DEFAULT_255_2_778
100
AcDbCircle
 10
9.394193
 20
3.9660539
 30
0.0
 40
6.7441708
100
AcDbArc
 50
269.9874593
 51
276.3278261
  0
ARC
  5
210
330
1FE
100
AcDbEntity
  8
DEFAULT_255_2_778
100
AcDbCircle
 10
9.3885992
 20
3.9152145
 30
0.0
 40
6.6933326
100
AcDbArc
 50
258.541472
 51
270.0352475
  0
ARC
  5
211
330
1FE
100
AcDbEntity
  8
DEFAULT_255_2_778
100
AcDbCircle
 10
9.3667136
 20
3.7974239
 30
0.0
 40
6.5735422
100
AcDbArc
 50
243.0463229
 51
258.5244689
  0
ARC
  5
212
330
1FE
100
AcDbEntity
  8
DEFAULT_255_2_778
100
AcDbCircle
 10
9.3829929
 20
3.8259991
 30
0.0
 40
6.6063925
100
AcDbArc
 50
199.7078398
 51
243.0328055
  0
ARC
  5
213
330
1FE
100
AcDbEntity
  8
DEFAULT_255_2_778
100
AcDbCircle
 10
9.3793946
 20
3.8178379
 30
0.0
 40
6.6002561
100
AcDbArc
 50
186.3164082
 51
199.6516769
  0
ARC
  5
214
330
1FE
100
AcDbEntity
  8
DEFAULT_255_2_778
100
AcDbCircle
 10
9.5222876
 20
3.835007
 30
0.0
 40
6.7441708
100
AcDbArc
 50
179.9874593
 51
186.3278261
  0
LINE
  5
215
330
1FE
100
AcDbEntity
  8
DEFAULT_255_2_778
100
AcDbLine
 10
2.7781169
 20
3.8364831
 30
0.0
 11
2.7781169
 21
3.8364831
 31
0.0
  0
LINE
  5
216
330
1FE
100
AcDbEntity
  8
DEFAULT_255_1_542
100
AcDbLine
 10
8.4838623
 20
5.8991
 30
0.0
 11
8.0792684
 21
5.8991
 31
0.0
  0
LINE
  5
217
330
1FE
100
AcDbEntity
  8
DEFAULT_255_1_542
100
AcDbLine
 10
8.0792684
 20
5.8991
 30
0.0
 11
8.0792684
 21
7.3608586
 31
0.0
  0
LINE
  5
218
330
1FE
100
AcDbEntity
  8
DEFAULT_255_1_542
100
AcDbLine
 10
8.0792684
 20
7.3608586
 30
0.0
 11
8.4918939
 21
7.3608586
 31
0.0
  0
LINE
  5
219
330
1FE
100
AcDbEntity
  8
DEFAULT_255_1_542
100
AcDbLine
 10
9.1364331
 20
6.6791731
 30
0.0
 11
9.1364331
 21
6.5858053
 31
0.0
  0
LINE
  5
21A
330
1FE
100
AcDbEntity
  8
DEFAULT_255_1_542
100
AcDbLine
 10
8.4969137
 20
7.2022337
 30
0.0
 11
8.2720278
 21
7.2022337
 31
0.0
  0
LINE
  5
21B
330
1FE
100
AcDbEntity
  8
DEFAULT_255_1_542
100
AcDbLine
 10
8.2720278
 20
7.2022337
 30
0.0
 11
8.2720278
 21
6.0567209
 31
0.0
  0
LINE
  5
21C
330
1FE
100
AcDbEntity
  8
DEFAULT_255_1_542
100
AcDbLine
 10
8.2720278
 20
6.0567209
 30
0.0
 11
8.4748267
 21
6.0567209
 31
0.0
  0
LINE
  5
21D
330
1FE
100
AcDbEntity
  8
DEFAULT_255_1_542
100
AcDbLine
 10
8.9456816
 20
6.5898211
 30
0.0
 11
8.9456816
 21
6.6751573
 31
0.0
  0
ARC
  5
21E
330
1FE
100
AcDbEntity
  8
DEFAULT_255_1_542
100
AcDbCircle
 10
8.49676
 20
6.6276965
 30
0.0
 40
0.7331782
100
AcDbArc
 50
75.4101014
 51
90.3802694
  0
ARC
  5
21F
330
1FE
100
AcDbEntity
  8
DEFAULT_255_1_542
100
AcDbCircle
 10
8.5254547
 20
6.7472842
 30
0.0
 40
0.6102233
100
AcDbArc
 50
60.1455537
 51
75.1890284
  0
ARC
  5
220
330
1FE
100
AcDbEntity
  8
DEFAULT_255_1_542
100
AcDbCircle
 10
8.5452968
 20
6.7818633
 30
0.0
 40
0.5703556
100
AcDbArc
 50
26.5254113
 51
60.1450941
  0
ARC
  5
221
330
1FE
100
AcDbEntity
  8
DEFAULT_255_1_542
100
AcDbCircle
 10
8.4052704
 20
6.7076107
 30
0.0
 40
0.7288136
100
AcDbArc
 50
7.4030186
 51
26.832131
  0
ARC
  5
222
330
1FE
100
AcDbEntity
  8
DEFAULT_255_1_542
100
AcDbCircle
 10
8.2059785
 20
6.6765652
 30
0.0
 40
0.9304584
100
AcDbArc
 50
0.160588
 51
7.7175801
  0
ARC
  5
223
330
1FE
100
AcDbEntity
  8
DEFAULT_255_1_542
100
AcDbCircle
 10
8.2264737
 20
6.5810207
 30
0.0
 40
0.909972
100
AcDbArc
 50
348.729
 51
0.3012613
  0
ARC
  5
224
330
1FE
100
AcDbEntity
  8
DEFAULT_255_1_542
100
AcDbCircle
 10
8.4335226
 20
6.5398926
 30
0.0
 40
0.6988779
100
AcDbArc
 50
333.0707277
 51
348.7181154
  0
ARC
  5
225
330
1FE
100
AcDbEntity
  8
DEFAULT_255_1_542
100
AcDbCircle
 10
8.5543728
 20
6.4742575
 30
0.0
 40
0.5614194
100
AcDbArc
 50
299.2531153
 51
333.4571273
  0
ARC
  5
226
330
1FE
100
AcDbEntity
  8
DEFAULT_255_1_542
100
AcDbCircle
 10
8.5092633
 20
6.5599484
 30
0.0
 40
0.6582306
100
AcDbArc
 50
278.1072906
 51
299.0339478
  0
ARC
  5
227
330
1FE
100
AcDbEntity
  8
DEFAULT_255_1_542
100
AcDbCircle
 10
8.4772727
 20
6.7483975
 30
0.0
 40
0.849323
100
AcDbArc
 50
270.4445459
 51
278.4509706
  0
ARC
  5
228
330
1FE
100
AcDbEntity
  8
DEFAULT_255_1_542
100
AcDbCircle
 10
8.479878
 20
6.6322505
 30
0.0
 40
0.5755517
100
AcDbArc
 50
269.4971374
 51
284.0204007
  0
ARC
  5
229
330
1FE
100
AcDbEntity
  8
DEFAULT_255_1_542
100
AcDbCircle
 10
8.5242919
 20
6.461589
 30
0.0
 40
0.3992182
100
AcDbArc
 50
283.7699562
 51
318.1556187
  0
ARC
  5
22A
330
1FE
100
AcDbEntity
  8
DEFAULT_255_1_542
100
AcDbCircle
 10
8.4821345
 20
6.4931394
 30
0.0
 40
0.4516949
100
AcDbArc
 50
318.7416444
 51
343.6873402
  0
ARC
  5
22B
330
1FE
100
AcDbEntity
  8
DEFAULT_255_1_542
100
AcDbCircle
 10
8.2566405
 20
6.5635718
 30
0.0
 40
0.6879074
100
AcDbArc
 50
343.3324731
 51
355.8548303
  0
ARC
  5
22C
330
1FE
100
AcDbEntity
  8
DEFAULT_255_1_542
100
AcDbCircle
 10
7.9942795
 20
6.5885118
 30
0.0
 40
0.9514032
100
AcDbArc
 50
355.4988934
 51
0.0788461
  0
ARC
  5
22D
330
1FE
100
AcDbEntity
  8
DEFAULT_255_1_542
100
AcDbCircle
 10
8.0921761
 20
6.6804379
 30
0.0
 40
0.8535218
100
AcDbArc
 50
359.6455143
 51
9.8607261
  0
ARC
  5
22E
330
1FE
100
AcDbEntity
  8
DEFAULT_255_1_542
100
AcDbCircle
 10
8.387264
 20
6.7337272
 30
0.0
 40
0.5536709
100
AcDbArc
 50
9.6571622
 51
26.1931971
  0
ARC
  5
22F
330
1FE
100
AcDbEntity
  8
DEFAULT_255_1_542
100
AcDbCircle
 10
8.5032622
 20
6.7876028
 30
0.0
 40
0.4258133
100
AcDbArc
 50
26.5778125
 51
40.1532658
  0
ARC
  5
230
330
1FE
100
AcDbEntity
  8
DEFAULT_255_1_542
100
AcDbCircle
 10
8.535229
 20
6.812542
 30
0.0
 40
0.385302
100
AcDbArc
 50
40.3840107
 51
80.1431587
  0
ARC
  5
231
330
1FE
100
AcDbEntity
  8
DEFAULT_255_1_542
100
AcDbCircle
 10
8.4943692
 20
6.631389
 30
0.0
 40
0.5708505
100
AcDbArc
 50
79.2151469
 51
89.744611
  0
LINE
  5
232
330
1FE
100
AcDbEntity
  8
DEFAULT_255_1_542
100
AcDbLine
 10
9.6343948
 20
7.3608586
 30
0.0
 11
9.6343948
 21
5.8991
 31
0.0
  0
LINE
  5
233
330
1FE
100
AcDbEntity
  8
DEFAULT_255_1_542
100
AcDbLine
 10
9.6343948
 20
5.8991
 30
0.0
 11
9.4416354
 21
5.8991
 31
0.0
  0
LINE
  5
234
330
1FE
100
AcDbEntity
  8
DEFAULT_255_1_542
100
AcDbLine
 10
9.4416354
 20
5.8991
 30
0.0
 11
9.4416354
 21
7.3608586
 31
0.0
  0
LINE
  5
235
330
1FE
100
AcDbEntity
  8
DEFAULT_255_1_542
100
AcDbLine
 10
9.4416354
 20
7.3608586
 30
0.0
 11
9.6343948
 21
7.3608586
 31
0.0
  0
LINE
  5
236
330
1FE
100
AcDbEntity
  8
DEFAULT_255_1_542
100
AcDbLine
 10
9.0181833
 20
2.0761863
 30
0.0
 11
9.0181833
 21
0.6074
 31
0.0
  0
LINE
  5
237
330
1FE
100
AcDbEntity
  8
DEFAULT_255_1_542
100
AcDbLine
 10
9.0181833
 20
0.6074
 30
0.0
 11
8.8314476
 21
0.6074
 31
0.0
  0
LINE
  5
238
330
1FE
100
AcDbEntity
  8
DEFAULT_255_1_542
100
AcDbLine
 10
8.8314476
 20
0.6074
 30
0.0
 11
8.8314476
 21
1.8452766
 31
0.0
  0
LINE
  5
239
330
1FE
100
AcDbEntity
  8
DEFAULT_255_1_542
100
AcDbLine
 10
8.8314476
 20
1.8452766
 30
0.0
 11
8.4569724
 21
1.7077348
 31
0.0
  0
LINE
  5
23A
330
1FE
100
AcDbEntity
  8
DEFAULT_255_1_542
100
AcDbLine
 10
8.4569724
 20
1.7077348
 30
0.0
 11
8.4569724
 21
1.8763992
 31
0.0
  0
LINE
  5
23B
330
1FE
100
AcDbEntity
  8
DEFAULT_255_1_542
100
AcDbLine
 10
8.4569724
 20
1.8763992
 30
0.0
 11
8.9890686
 21
2.0761863
 31
0.0
  0
LINE
  5
23C
330
1FE
100
AcDbEntity
  8
DEFAULT_255_1_542
100
AcDbLine
 10
8.9890686
 20
2.0761863
 30
0.0
 11
9.0181833
 21
2.0761863
 31
0.0
  0
ENDBLK
  5
200
330
1FE
100
AcDbEntity
  8
0
100
AcDbBlockEnd
  0
BLOCK
  5
23E
330
23D
100
AcDbEntity
  8
0
100
AcDbBlockBegin
  2
YAML_PID_MANUAL_BLOCK_VALVE
 70
0
 10
0.0
 20
0.0
 30
0.0
  3
YAML_PID_MANUAL_BLOCK_VALVE
  1

  0
LINE
  5
240
330
23D
100
AcDbEntity
  8
DEFAULT_255_2_778
100
AcDbLine
 10
2.7781169
 20
-2.7782
 30
0.0
 11
16.0073169
 21
-2.7782
 31
0.0
  0
LINE
  5
241
330
23D
100
AcDbEntity
  8
DEFAULT_255_2_778
100
AcDbLine
 10
12.0385667
 20
-4.1010834
 30
0.0
 11
12.0385667
 21
-1.4552834
 31
0.0
  0
LINE
  5
242
330
23D
100
AcDbEntity
  8
DEFAULT_255_2_778
100
AcDbLine
 10
12.0385667
 20
-1.4552834
 30
0.0
 11
6.7468667
 21
-4.1010834
 31
0.0
  0
LINE
  5
243
330
23D
100
AcDbEntity
  8
DEFAULT_255_2_778
100
AcDbLine
 10
6.7468667
 20
-4.1010834
 30
0.0
 11
6.7468667
 21
-1.4552834
 31
0.0
  0
LINE
  5
244
330
23D
100
AcDbEntity
  8
DEFAULT_255_2_778
100
AcDbLine
 10
6.7468667
 20
-1.4552834
 30
0.0
 11
12.0385667
 21
-4.1010834
 31
0.0
  0
ENDBLK
  5
23F
330
23D
100
AcDbEntity
  8
0
100
AcDbBlockEnd
  0
BLOCK
  5
246
330
245
100
AcDbEntity
  8
0
100
AcDbBlockBegin
  2
YAML_PID_OFFPAGE_CONNECTOR
 70
0
 10
0.0
 20
0.0
 30
0.0
  3
YAML_PID_OFFPAGE_CONNECTOR
  1

  0
LINE
  5
248
330
245
100
AcDbEntity
  8
DEFAULT_255_2_778
100
AcDbLine
 10
10.9636834
 20
-6.87915
 30
0.0
 11
5.1428834
 21
-6.87915
 31
0.0
  0
LINE
  5
249
330
245
100
AcDbEntity
  8
DEFAULT_255_2_778
100
AcDbLine
 10
5.1428834
 20
-6.87915
 30
0.0
 11
5.1428834
 21
-6.08545
 31
0.0
  0
LINE
  5
24A
330
245
100
AcDbEntity
  8
DEFAULT_255_2_778
100
AcDbLine
 10
5.1428834
 20
-6.08545
 30
0.0
 11
7.4711834
 21
-6.87915
 31
0.0
  0
LINE
  5
24B
330
245
100
AcDbEntity
  8
DEFAULT_255_2_778
100
AcDbLine
 10
7.4711834
 20
-6.87915
 30
0.0
 11
5.1428834
 21
-7.67295
 31
0.0
  0
LINE
  5
24C
330
245
100
AcDbEntity
  8
DEFAULT_255_2_778
100
AcDbLine
 10
5.1428834
 20
-7.67295
 30
0.0
 11
5.1428834
 21
-6.87915
 31
0.0
  0
LINE
  5
24D
330
245
100
AcDbEntity
  8
DEFAULT_1_2_778
100
AcDbLine
 10
11.115524
 20
-6.2073573
 30
0.0
 11
11.115524
 21
-7.6104573
 31
0.0
  0
LINE
  5
24E
330
245
100
AcDbEntity
  8
DEFAULT_1_2_778
100
AcDbLine
 10
11.149424
 20
-6.9087573
 30
0.0
 11
11.790524
 21
-6.9087573
 31
0.0
  0
ENDBLK
  5
247
330
245
100
AcDbEntity
  8
0
100
AcDbBlockEnd
  0
BLOCK
  5
250
330
24F
100
AcDbEntity
  8
0
100
AcDbBlockBegin
  2
YAML_PID_OVERHEAD_CONDENSER
 70
0
 10
0.0
 20
0.0
 30
0.0
  3
YAML_PID_OVERHEAD_CONDENSER
  1

  0
ARC
  5
252
330
24F
100
AcDbEntity
  8
DEFAULT_255_2_778
100
AcDbCircle
 10
9.4714482
 20
3.8406008
 30
0.0
 40
6.6933326
100
AcDbArc
 50
168.541472
 51
180.0352475
  0
ARC
  5
253
330
24F
100
AcDbEntity
  8
DEFAULT_255_2_778
100
AcDbCircle
 10
9.3536576
 20
3.8624864
 30
0.0
 40
6.5735422
100
AcDbArc
 50
153.0463229
 51
168.5244689
  0
ARC
  5
254
330
24F
100
AcDbEntity
  8
DEFAULT_255_2_778
100
AcDbCircle
 10
9.3822328
 20
3.8462071
 30
0.0
 40
6.6063925
100
AcDbArc
 50
109.7078398
 51
153.0328055
  0
ARC
  5
255
330
24F
100
AcDbEntity
  8
DEFAULT_255_2_778
100
AcDbCircle
 10
9.3740716
 20
3.8498054
 30
0.0
 40
6.6002561
100
AcDbArc
 50
96.3164082
 51
109.6516769
  0
ARC
  5
256
330
24F
100
AcDbEntity
  8
DEFAULT_255_2_778
100
AcDbCircle
 10
9.3912407
 20
3.7069124
 30
0.0
 40
6.7441708
100
AcDbArc
 50
89.9874593
 51
96.3278261
  0
ARC
  5
257
330
24F
100
AcDbEntity
  8
DEFAULT_255_2_778
100
AcDbCircle
 10
9.3968345
 20
3.7577518
 30
0.0
 40
6.6933326
100
AcDbArc
 50
78.541472
 51
90.0352475
  0
ARC
  5
258
330
24F
100
AcDbEntity
  8
DEFAULT_255_2_778
100
AcDbCircle
 10
9.4187201
 20
3.8755424
 30
0.0
 40
6.5735422
100
AcDbArc
 50
63.0463229
 51
78.5244689
  0
ARC
  5
259
330
24F
100
AcDbEntity
  8
DEFAULT_255_2_778
100
AcDbCircle
 10
9.4024408
 20
3.8469672
 30
0.0
 40
6.6063925
100
AcDbArc
 50
19.7078398
 51
63.0328055
  0
ARC
  5
25A
330
24F
100
AcDbEntity
  8
DEFAULT_255_2_778
100
AcDbCircle
 10
9.4060391
 20
3.8551284
 30
0.0
 40
6.6002561
100
AcDbArc
 50
6.3164082
 51
19.6516769
  0
ARC
  5
25B
330
24F
100
AcDbEntity
  8
DEFAULT_255_2_778
100
AcDbCircle
 10
9.2631461
 20
3.8379593
 30
0.0
 40
6.7441708
100
AcDbArc
 50
359.9874593
 51
6.3278261
  0
ARC
  5
25C
330
24F
100
AcDbEntity
  8
DEFAULT_255_2_778
100
AcDbCircle
 10
9.3139855
 20
3.8323655
 30
0.0
 40
6.6933326
100
AcDbArc
 50
348.541472
 51
0.0352475
  0
ARC
  5
25D
330
24F
100
AcDbEntity
  8
DEFAULT_255_2_778
100
AcDbCircle
 10
9.4317761
 20
3.8104799
 30
0.0
 40
6.5735422
100
AcDbArc
 50
333.0463229
 51
348.5244689
  0
ARC
  5
25E
330
24F
100
AcDbEntity
  8
DEFAULT_255_2_778
100
AcDbCircle
 10
9.4032009
 20
3.8267592
 30
0.0
 40
6.6063925
100
AcDbArc
 50
289.7078398
 51
333.0328055
  0
ARC
  5
25F
330
24F
100
AcDbEntity
  8
DEFAULT_255_2_778
100
AcDbCircle
 10
9.4113621
 20
3.8231609
 30
0.0
 40
6.6002561
100
AcDbArc
 50
276.3164082
 51
289.6516769
  0
ARC
  5
260
330
24F
100
AcDbEntity
  8
DEFAULT_255_2_778
100
AcDbCircle
 10
9.394193
 20
3.9660539
 30
0.0
 40
6.7441708
100
AcDbArc
 50
269.9874593
 51
276.3278261
  0
ARC
  5
261
330
24F
100
AcDbEntity
  8
DEFAULT_255_2_778
100
AcDbCircle
 10
9.3885992
 20
3.9152145
 30
0.0
 40
6.6933326
100
AcDbArc
 50
258.541472
 51
270.0352475
  0
ARC
  5
262
330
24F
100
AcDbEntity
  8
DEFAULT_255_2_778
100
AcDbCircle
 10
9.3667136
 20
3.7974239
 30
0.0
 40
6.5735422
100
AcDbArc
 50
243.0463229
 51
258.5244689
  0
ARC
  5
263
330
24F
100
AcDbEntity
  8
DEFAULT_255_2_778
100
AcDbCircle
 10
9.3829929
 20
3.8259991
 30
0.0
 40
6.6063925
100
AcDbArc
 50
199.7078398
 51
243.0328055
  0
ARC
  5
264
330
24F
100
AcDbEntity
  8
DEFAULT_255_2_778
100
AcDbCircle
 10
9.3793946
 20
3.8178379
 30
0.0
 40
6.6002561
100
AcDbArc
 50
186.3164082
 51
199.6516769
  0
ARC
  5
265
330
24F
100
AcDbEntity
  8
DEFAULT_255_2_778
100
AcDbCircle
 10
9.5222876
 20
3.835007
 30
0.0
 40
6.7441708
100
AcDbArc
 50
179.9874593
 51
186.3278261
  0
LINE
  5
266
330
24F
100
AcDbEntity
  8
DEFAULT_255_2_778
100
AcDbLine
 10
2.7781169
 20
3.8364831
 30
0.0
 11
2.7781169
 21
3.8364831
 31
0.0
  0
LINE
  5
267
330
24F
100
AcDbEntity
  8
DEFAULT_255_2_778
100
AcDbLine
 10
16.0072335
 20
7.8052499
 30
0.0
 11
5.4239335
 21
7.8052499
 31
0.0
  0
LINE
  5
268
330
24F
100
AcDbEntity
  8
DEFAULT_255_2_778
100
AcDbLine
 10
5.4239335
 20
7.8052499
 30
0.0
 11
10.7156335
 21
3.8365499
 31
0.0
  0
LINE
  5
269
330
24F
100
AcDbEntity
  8
DEFAULT_255_2_778
100
AcDbLine
 10
10.7156335
 20
3.8365499
 30
0.0
 11
5.4239335
 21
-0.1322501
 31
0.0
  0
LINE
  5
26A
330
24F
100
AcDbEntity
  8
DEFAULT_255_2_778
100
AcDbLine
 10
5.4239335
 20
-0.1322501
 30
0.0
 11
16.0072335
 21
-0.1322501
 31
0.0
  0
ENDBLK
  5
251
330
24F
100
AcDbEntity
  8
0
100
AcDbBlockEnd
  0
BLOCK
  5
26C
330
26B
100
AcDbEntity
  8
0
100
AcDbBlockBegin
  2
YAML_PID_REBOILER
 70
0
 10
0.0
 20
0.0
 30
0.0
  3
YAML_PID_REBOILER
  1

  0
ARC
  5
26E
330
26B
100
AcDbEntity
  8
DEFAULT_255_2_778
100
AcDbCircle
 10
10.1759497
 20
7.1536729
 30
0.0
 40
4.0905533
100
AcDbArc
 50
170.4210637
 51
180.1390479
  0
ARC
  5
26F
330
26B
100
AcDbEntity
  8
DEFAULT_255_2_778
100
AcDbCircle
 10
9.5498942
 20
7.2616235
 30
0.0
 40
3.4552638
100
AcDbArc
 50
157.8035764
 51
170.4586378
  0
ARC
  5
270
330
26B
100
AcDbEntity
  8
DEFAULT_255_2_778
100
AcDbCircle
 10
9.1057133
 20
7.4468875
 30
0.0
 40
2.9740122
100
AcDbArc
 50
136.8472638
 51
157.8754529
  0
ARC
  5
271
330
26B
100
AcDbEntity
  8
DEFAULT_255_2_778
100
AcDbCircle
 10
9.0735707
 20
7.4556658
 30
0.0
 40
2.9446005
100
AcDbArc
 50
113.1532072
 51
136.5441134
  0
ARC
  5
272
330
26B
100
AcDbEntity
  8
DEFAULT_255_2_778
100
AcDbCircle
 10
9.2638535
 20
7.024223
 30
0.0
 40
3.416115
100
AcDbArc
 50
100.3191691
 51
113.2423905
  0
ARC
  5
273
330
26B
100
AcDbEntity
  8
DEFAULT_255_2_778
100
AcDbCircle
 10
9.3784221
 20
6.4099781
 30
0.0
 40
4.0409485
100
AcDbArc
 50
90.4832149
 51
100.3572384
  0
ARC
  5
274
330
26B
100
AcDbEntity
  8
DEFAULT_255_2_778
100
AcDbCircle
 10
9.3926614
 20
6.0122795
 30
0.0
 40
4.4387663
100
AcDbArc
 50
89.9993926
 51
90.6237155
  0
ARC
  5
275
330
26B
100
AcDbEntity
  8
DEFAULT_255_2_778
100
AcDbCircle
 10
9.4026355
 20
6.3605045
 30
0.0
 40
4.0905533
100
AcDbArc
 50
80.4210637
 51
90.1390479
  0
ARC
  5
276
330
26B
100
AcDbEntity
  8
DEFAULT_255_2_778
100
AcDbCircle
 10
9.5105862
 20
6.98656
 30
0.0
 40
3.4552638
100
AcDbArc
 50
67.8035764
 51
80.4586378
  0
ARC
  5
277
330
26B
100
AcDbEntity
  8
DEFAULT_255_2_778
100
AcDbCircle
 10
9.6958501
 20
7.4307409
 30
0.0
 40
2.9740122
100
AcDbArc
 50
46.8472638
 51
67.8754529
  0
ARC
  5
278
330
26B
100
AcDbEntity
  8
DEFAULT_255_2_778
100
AcDbCircle
 10
9.7046284
 20
7.4628835
 30
0.0
 40
2.9446005
100
AcDbArc
 50
23.1532072
 51
46.5441134
  0
ARC
  5
279
330
26B
100
AcDbEntity
  8
DEFAULT_255_2_778
100
AcDbCircle
 10
9.2731857
 20
7.2726007
 30
0.0
 40
3.416115
100
AcDbArc
 50
10.3191691
 51
23.2423905
  0
ARC
  5
27A
330
26B
100
AcDbEntity
  8
DEFAULT_255_2_778
100
AcDbCircle
 10
8.6589408
 20
7.1580321
 30
0.0
 40
4.0409485
100
AcDbArc
 50
0.4832149
 51
10.3572384
  0
ARC
  5
27B
330
26B
100
AcDbEntity
  8
DEFAULT_255_2_778
100
AcDbCircle
 10
8.2612421
 20
7.1437928
 30
0.0
 40
4.4387663
100
AcDbArc
 50
359.9993926
 51
0.6237155
  0
LINE
  5
27C
330
26B
100
AcDbEntity
  8
DEFAULT_255_2_778
100
AcDbLine
 10
2.7781169
 20
7.1437374
 30
0.0
 11
16.0073169
 21
7.1437374
 31
0.0
  0
LINE
  5
27D
330
26B
100
AcDbEntity
  8
DEFAULT_255_2_778
100
AcDbLine
 10
16.0073169
 20
7.1437374
 30
0.0
 11
16.0073169
 21
-2.7781626
 31
0.0
  0
LINE
  5
27E
330
26B
100
AcDbEntity
  8
DEFAULT_255_2_778
100
AcDbLine
 10
16.0073169
 20
-2.7781626
 30
0.0
 11
2.7781169
 21
-2.7781626
 31
0.0
  0
LINE
  5
27F
330
26B
100
AcDbEntity
  8
DEFAULT_255_2_778
100
AcDbLine
 10
2.7781169
 20
-2.7781626
 30
0.0
 11
2.7781169
 21
7.1437374
 31
0.0
  0
ENDBLK
  5
26D
330
26B
100
AcDbEntity
  8
0
100
AcDbBlockEnd
  0
BLOCK
  5
281
330
280
100
AcDbEntity
  8
0
100
AcDbBlockBegin
  2
YAML_PID_REFLUX_DRUM
 70
0
 10
0.0
 20
0.0
 30
0.0
  3
YAML_PID_REFLUX_DRUM
  1

  0
LINE
  5
283
330
280
100
AcDbEntity
  8
DEFAULT_255_2_778
100
AcDbLine
 10
2.7781503
 20
34.2635328
 30
0.0
 11
26.5906503
 21
34.2635328
 31
0.0
  0
LINE
  5
284
330
280
100
AcDbEntity
  8
DEFAULT_255_2_778
100
AcDbLine
 10
26.5906503
 20
34.2635328
 30
0.0
 11
26.5906503
 21
-2.7781672
 31
0.0
  0
LINE
  5
285
330
280
100
AcDbEntity
  8
DEFAULT_255_2_778
100
AcDbLine
 10
26.5906503
 20
-2.7781672
 30
0.0
 11
2.7781503
 21
-2.7781672
 31
0.0
  0
LINE
  5
286
330
280
100
AcDbEntity
  8
DEFAULT_255_2_778
100
AcDbLine
 10
2.7781503
 20
-2.7781672
 30
0.0
 11
2.7781503
 21
34.2635328
 31
0.0
  0
ENDBLK
  5
282
330
280
100
AcDbEntity
  8
0
100
AcDbBlockEnd
  0
BLOCK
  5
288
330
287
100
AcDbEntity
  8
0
100
AcDbBlockBegin
  2
YAML_PID_RELIEF_VALVE
 70
0
 10
0.0
 20
0.0
 30
0.0
  3
YAML_PID_RELIEF_VALVE
  1

  0
LINE
  5
28A
330
287
100
AcDbEntity
  8
DEFAULT_255_2_778
100
AcDbLine
 10
2.7781169
 20
-2.7782
 30
0.0
 11
16.0073169
 21
-2.7782
 31
0.0
  0
LINE
  5
28B
330
287
100
AcDbEntity
  8
DEFAULT_255_2_778
100
AcDbLine
 10
12.0385667
 20
-4.1010834
 30
0.0
 11
12.0385667
 21
-1.4552834
 31
0.0
  0
LINE
  5
28C
330
287
100
AcDbEntity
  8
DEFAULT_255_2_778
100
AcDbLine
 10
12.0385667
 20
-1.4552834
 30
0.0
 11
6.7468667
 21
-4.1010834
 31
0.0
  0
LINE
  5
28D
330
287
100
AcDbEntity
  8
DEFAULT_255_2_778
100
AcDbLine
 10
6.7468667
 20
-4.1010834
 30
0.0
 11
6.7468667
 21
-1.4552834
 31
0.0
  0
LINE
  5
28E
330
287
100
AcDbEntity
  8
DEFAULT_255_2_778
100
AcDbLine
 10
6.7468667
 20
-1.4552834
 30
0.0
 11
12.0385667
 21
-4.1010834
 31
0.0
  0
LINE
  5
28F
330
287
100
AcDbEntity
  8
DEFAULT_255_2_778
100
AcDbLine
 10
10.7156
 20
-1.4552834
 30
0.0
 11
10.7156
 21
-4.1010834
 31
0.0
  0
ENDBLK
  5
289
330
287
100
AcDbEntity
  8
0
100
AcDbBlockEnd
  0
BLOCK
  5
291
330
290
100
AcDbEntity
  8
0
100
AcDbBlockBegin
  2
YAML_PID_RESTRICTION_ORIFICE
 70
0
 10
0.0
 20
0.0
 30
0.0
  3
YAML_PID_RESTRICTION_ORIFICE
  1

  0
LINE
  5
293
330
290
100
AcDbEntity
  8
DEFAULT_255_2_778
100
AcDbLine
 10
5.4242335
 20
2.5135333
 30
0.0
 11
16.0075335
 21
2.5135333
 31
0.0
  0
LINE
  5
294
330
290
100
AcDbEntity
  8
DEFAULT_255_2_778
100
AcDbLine
 10
16.0075335
 20
2.5135333
 30
0.0
 11
16.0075335
 21
-2.7781667
 31
0.0
  0
LINE
  5
295
330
290
100
AcDbEntity
  8
DEFAULT_255_2_778
100
AcDbLine
 10
16.0075335
 20
-2.7781667
 30
0.0
 11
5.4242335
 21
-2.7781667
 31
0.0
  0
LINE
  5
296
330
290
100
AcDbEntity
  8
DEFAULT_255_2_778
100
AcDbLine
 10
5.4242335
 20
-2.7781667
 30
0.0
 11
5.4242335
 21
2.5135333
 31
0.0
  0
LINE
  5
297
330
290
100
AcDbEntity
  8
DEFAULT_255_2_778
100
AcDbLine
 10
8.0705648
 20
2.5135333
 30
0.0
 11
8.0705648
 21
0.5291333
 31
0.0
  0
LINE
  5
298
330
290
100
AcDbEntity
  8
DEFAULT_255_2_778
100
AcDbLine
 10
8.0705648
 20
-0.7937667
 30
0.0
 11
8.0705648
 21
-2.7781667
 31
0.0
  0
LINE
  5
299
330
290
100
AcDbEntity
  8
DEFAULT_255_2_778
100
AcDbLine
 10
16.0069648
 20
-0.1322667
 30
0.0
 11
18.6528648
 21
-0.1322667
 31
0.0
  0
LINE
  5
29A
330
290
100
AcDbEntity
  8
DEFAULT_255_2_778
100
AcDbLine
 10
5.4241648
 20
-0.1322667
 30
0.0
 11
2.7783648
 21
-0.1322667
 31
0.0
  0
ENDBLK
  5
292
330
290
100
AcDbEntity
  8
0
100
AcDbBlockEnd
  0
BLOCK
  5
29C
330
29B
100
AcDbEntity
  8
0
100
AcDbBlockBegin
  2
YAML_PID_SAMPLE_POINT
 70
0
 10
0.0
 20
0.0
 30
0.0
  3
YAML_PID_SAMPLE_POINT
  1

  0
LINE
  5
29E
330
29B
100
AcDbEntity
  8
DEFAULT_255_2_778
100
AcDbLine
 10
5.4575335
 20
2.5135333
 30
0.0
 11
16.0408335
 21
2.5135333
 31
0.0
  0
LINE
  5
29F
330
29B
100
AcDbEntity
  8
DEFAULT_255_2_778
100
AcDbLine
 10
16.0408335
 20
2.5135333
 30
0.0
 11
16.0408335
 21
-2.7781667
 31
0.0
  0
LINE
  5
2A0
330
29B
100
AcDbEntity
  8
DEFAULT_255_2_778
100
AcDbLine
 10
16.0408335
 20
-2.7781667
 30
0.0
 11
5.4575335
 21
-2.7781667
 31
0.0
  0
LINE
  5
2A1
330
29B
100
AcDbEntity
  8
DEFAULT_255_2_778
100
AcDbLine
 10
5.4575335
 20
-2.7781667
 30
0.0
 11
5.4575335
 21
2.5135333
 31
0.0
  0
LINE
  5
2A2
330
29B
100
AcDbEntity
  8
DEFAULT_255_2_778
100
AcDbLine
 10
2.7450834
 20
-0.1323
 30
0.0
 11
5.3908834
 21
-0.1323
 31
0.0
  0
LINE
  5
2A3
330
29B
100
AcDbEntity
  8
DEFAULT_255_2_778
100
AcDbLine
 10
16.0403834
 20
-0.1323
 30
0.0
 11
18.6861834
 21
-0.1323
 31
0.0
  0
LINE
  5
2A4
330
29B
100
AcDbEntity
  8
DEFAULT_255_2_778
100
AcDbLine
 10
14.3211042
 20
-1.0583042
 30
0.0
 11
16.0409042
 21
-1.0583042
 31
0.0
  0
LINE
  5
2A5
330
29B
100
AcDbEntity
  8
DEFAULT_255_2_778
100
AcDbLine
 10
16.0409042
 20
-1.0583042
 30
0.0
 11
16.0409042
 21
-2.7781042
 31
0.0
  0
LINE
  5
2A6
330
29B
100
AcDbEntity
  8
DEFAULT_255_2_778
100
AcDbLine
 10
16.0409042
 20
-2.7781042
 30
0.0
 11
14.3211042
 21
-2.7781042
 31
0.0
  0
LINE
  5
2A7
330
29B
100
AcDbEntity
  8
DEFAULT_255_2_778
100
AcDbLine
 10
14.3211042
 20
-2.7781042
 30
0.0
 11
14.3211042
 21
-1.0583042
 31
0.0
  0
LINE
  5
2A8
330
29B
100
AcDbEntity
  8
DEFAULT_255_2_778
100
AcDbLine
 10
15.6074708
 20
-2.5134333
 30
0.0
 11
15.2465708
 21
-2.5134333
 31
0.0
  0
LINE
  5
2A9
330
29B
100
AcDbEntity
  8
DEFAULT_255_2_778
100
AcDbLine
 10
15.2465708
 20
-2.5134333
 30
0.0
 11
15.2465708
 21
-1.9007333
 31
0.0
  0
LINE
  5
2AA
330
29B
100
AcDbEntity
  8
DEFAULT_255_2_778
100
AcDbLine
 10
15.2465708
 20
-1.9007333
 30
0.0
 11
15.6074708
 21
-1.9007333
 31
0.0
  0
LINE
  5
2AB
330
29B
100
AcDbEntity
  8
DEFAULT_255_2_778
100
AcDbLine
 10
15.6074708
 20
-1.9007333
 30
0.0
 11
15.6074708
 21
-1.4551333
 31
0.0
  0
LINE
  5
2AC
330
29B
100
AcDbEntity
  8
DEFAULT_255_2_778
100
AcDbLine
 10
15.6074708
 20
-1.4551333
 30
0.0
 11
15.9080708
 21
-1.4551333
 31
0.0
  0
LINE
  5
2AD
330
29B
100
AcDbEntity
  8
DEFAULT_255_2_778
100
AcDbLine
 10
15.9080708
 20
-1.4551333
 30
0.0
 11
15.9080708
 21
-2.5134333
 31
0.0
  0
LINE
  5
2AE
330
29B
100
AcDbEntity
  8
DEFAULT_255_2_778
100
AcDbLine
 10
15.9080708
 20
-2.5134333
 30
0.0
 11
15.6074708
 21
-2.5134333
 31
0.0
  0
ENDBLK
  5
29D
330
29B
100
AcDbEntity
  8
0
100
AcDbBlockEnd
  0
BLOCK
  5
2B0
330
2AF
100
AcDbEntity
  8
0
100
AcDbBlockBegin
  2
YAML_PID_SHUTDOWN_VALVE
 70
0
 10
0.0
 20
0.0
 30
0.0
  3
YAML_PID_SHUTDOWN_VALVE
  1

  0
LINE
  5
2B2
330
2AF
100
AcDbEntity
  8
DEFAULT_255_2_778
100
AcDbLine
 10
2.7781169
 20
-1.1906
 30
0.0
 11
16.0073169
 21
-1.1906
 31
0.0
  0
LINE
  5
2B3
330
2AF
100
AcDbEntity
  8
DEFAULT_255_2_778
100
AcDbLine
 10
12.0385667
 20
-2.5134834
 30
0.0
 11
12.0385667
 21
0.1323166
 31
0.0
  0
LINE
  5
2B4
330
2AF
100
AcDbEntity
  8
DEFAULT_255_2_778
100
AcDbLine
 10
12.0385667
 20
0.1323166
 30
0.0
 11
6.7468667
 21
-2.5134834
 31
0.0
  0
LINE
  5
2B5
330
2AF
100
AcDbEntity
  8
DEFAULT_255_2_778
100
AcDbLine
 10
6.7468667
 20
-2.5134834
 30
0.0
 11
6.7468667
 21
0.1323166
 31
0.0
  0
LINE
  5
2B6
330
2AF
100
AcDbEntity
  8
DEFAULT_255_2_778
100
AcDbLine
 10
6.7468667
 20
0.1323166
 30
0.0
 11
12.0385667
 21
-2.5134834
 31
0.0
  0
LINE
  5
2B7
330
2AF
100
AcDbEntity
  8
DEFAULT_255_2_778
100
AcDbLine
 10
7.8052
 20
-1.984275
 30
0.0
 11
9.3927
 21
-3.571775
 31
0.0
  0
LINE
  5
2B8
330
2AF
100
AcDbEntity
  8
DEFAULT_255_2_778
100
AcDbLine
 10
9.3927
 20
-3.571775
 30
0.0
 11
10.9802
 21
-1.984275
 31
0.0
  0
LINE
  5
2B9
330
2AF
100
AcDbEntity
  8
DEFAULT_255_2_778
100
AcDbLine
 10
10.9802
 20
-1.984275
 30
0.0
 11
9.3927
 21
-1.190575
 31
0.0
  0
LINE
  5
2BA
330
2AF
100
AcDbEntity
  8
DEFAULT_255_2_778
100
AcDbLine
 10
9.3927
 20
-1.190575
 30
0.0
 11
7.8052
 21
-1.984275
 31
0.0
  0
ENDBLK
  5
2B1
330
2AF
100
AcDbEntity
  8
0
100
AcDbBlockEnd
  0
ENDSEC
  0
SECTION
  2
ENTITIES
  0
LWPOLYLINE
  5
2BB
330
17
100
AcDbEntity
  8
BORDER
100
AcDbPolyline
 90
5
 70
0
 10
10.0
 20
10.0
 10
1179.0
 20
10.0
 10
1179.0
 20
831.0
 10
10.0
 20
831.0
 10
10.0
 20
10.0
  0
LWPOLYLINE
  5
2BC
330
17
100
AcDbEntity
  8
BORDER
100
AcDbPolyline
 90
5
 70
0
 10
25.0
 20
25.0
 10
1164.0
 20
25.0
 10
1164.0
 20
816.0
 10
25.0
 20
816.0
 10
25.0
 20
25.0
  0
LWPOLYLINE
  5
2BD
330
17
100
AcDbEntity
  8
BORDER
100
AcDbPolyline
 90
5
 70
0
 10
838.0
 20
25.0
 10
1168.0
 20
25.0
 10
1168.0
 20
117.0
 10
838.0
 20
117.0
 10
838.0
 20
25.0
  0
LINE
  5
2BE
330
17
100
AcDbEntity
  8
BORDER
100
AcDbLine
 10
838.0
 20
49.0
 30
0.0
 11
1168.0
 21
49.0
 31
0.0
  0
LINE
  5
2BF
330
17
100
AcDbEntity
  8
BORDER
100
AcDbLine
 10
838.0
 20
73.0
 30
0.0
 11
1168.0
 21
73.0
 31
0.0
  0
LINE
  5
2C0
330
17
100
AcDbEntity
  8
BORDER
100
AcDbLine
 10
838.0
 20
95.0
 30
0.0
 11
1168.0
 21
95.0
 31
0.0
  0
TEXT
  5
2C1
330
17
100
AcDbEntity
  8
TEXT
100
AcDbText
 10
845.0
 20
100.0
 30
0.0
 40
5.0
  1
DEETHANIZER COLUMN P&ID
 11
845.0
 21
100.0
 31
0.0
100
AcDbText
  0
TEXT
  5
2C2
330
17
100
AcDbEntity
  8
TEXT
100
AcDbText
 10
845.0
 20
79.0
 30
0.0
 40
2.5
  1
DWG NO: U400-PID-401
 11
845.0
 21
79.0
 31
0.0
100
AcDbText
  0
TEXT
  5
2C3
330
17
100
AcDbEntity
  8
TEXT
100
AcDbText
 10
1048.0
 20
79.0
 30
0.0
 40
2.5
  1
REV: A
 11
1048.0
 21
79.0
 31
0.0
100
AcDbText
  0
TEXT
  5
2C4
330
17
100
AcDbEntity
  8
TEXT
100
AcDbText
 10
845.0
 20
55.0
 30
0.0
 40
2.5
  1
UNIT: 500
 11
845.0
 21
55.0
 31
0.0
100
AcDbText
  0
TEXT
  5
2C5
330
17
100
AcDbEntity
  8
TEXT
100
AcDbText
 10
1048.0
 20
55.0
 30
0.0
 40
2.5
  1
SCALE: NTS
 11
1048.0
 21
55.0
 31
0.0
100
AcDbText
  0
TEXT
  5
2C6
330
17
100
AcDbEntity
  8
TEXT
100
AcDbText
 10
845.0
 20
32.0
 30
0.0
 40
2.0
  1
SERVICE: c2_c3_fractionation
 11
845.0
 21
32.0
 31
0.0
100
AcDbText
  0
TEXT
  5
2C7
330
17
100
AcDbEntity
  8
TEXT
100
AcDbText
 10
1098.0
 20
32.0
 30
0.0
 40
2.5
  1
STUDY
 11
1098.0
 21
32.0
 31
0.0
100
AcDbText
  0
LWPOLYLINE
  5
2C8
330
17
100
AcDbEntity
  8
TABLE
100
AcDbPolyline
 90
5
 70
0
 10
55.0
 20
118.0
 10
615.0
 20
118.0
 10
615.0
 20
36.0
 10
55.0
 20
36.0
 10
55.0
 20
118.0
  0
TEXT
  5
2C9
330
17
100
AcDbEntity
  8
TEXT
100
AcDbText
 10
61.0
 20
106.0
 30
0.0
 40
3.5
  1
NOTES
 11
61.0
 21
106.0
 31
0.0
100
AcDbText
  0
TEXT
  5
2CA
330
17
100
AcDbEntity
  8
TEXT
100
AcDbText
 10
63.0
 20
96.0
 30
0.0
 40
2.0
  1
1. no pipe shall enter equipment body
 11
63.0
 21
96.0
 31
0.0
100
AcDbText
  0
TEXT
  5
2CB
330
17
100
AcDbEntity
  8
TEXT
100
AcDbText
 10
63.0
 20
87.0
 30
0.0
 40
2.0
  1
2. all process connections shall terminate at nozzle connection points
 11
63.0
 21
87.0
 31
0.0
100
AcDbText
  0
TEXT
  5
2CC
330
17
100
AcDbEntity
  8
TEXT
100
AcDbText
 10
63.0
 20
78.0
 30
0.0
 40
2.0
  1
3. signal lines shall use ISA style line types
 11
63.0
 21
78.0
 31
0.0
100
AcDbText
  0
TEXT
  5
2CD
330
17
100
AcDbEntity
  8
TEXT
100
AcDbText
 10
63.0
 20
69.0
 30
0.0
 40
2.0
  1
4. labels shall not overlap symbols lines or forbidden zones
 11
63.0
 21
69.0
 31
0.0
100
AcDbText
  0
TEXT
  5
2CE
330
17
100
AcDbEntity
  8
TEXT
100
AcDbText
 10
650.0
 20
118.0
 30
0.0
 40
3.5
  1
LEGEND
 11
650.0
 21
118.0
 31
0.0
100
AcDbText
  0
TEXT
  5
2CF
330
17
100
AcDbEntity
  8
TEXT
100
AcDbText
 10
650.0
 20
106.0
 30
0.0
 40
2.0
  1
Solid: process / utility piping
 11
650.0
 21
106.0
 31
0.0
100
AcDbText
  0
TEXT
  5
2D0
330
17
100
AcDbEntity
  8
TEXT
100
AcDbText
 10
650.0
 20
96.0
 30
0.0
 40
2.0
  1
Dashed/dotted: instrument signals
 11
650.0
 21
96.0
 31
0.0
100
AcDbText
  0
LWPOLYLINE
  5
2D1
330
17
100
AcDbEntity
  8
TABLE
100
AcDbPolyline
 90
5
 70
0
 10
650.0
 20
75.0
 10
795.0
 20
75.0
 10
795.0
 20
37.0
 10
650.0
 20
37.0
 10
650.0
 20
75.0
  0
TEXT
  5
2D2
330
17
100
AcDbEntity
  8
TEXT
100
AcDbText
 10
654.0
 20
65.0
 30
0.0
 40
2.0
  1
REV  DATE        STATUS
 11
654.0
 21
65.0
 31
0.0
100
AcDbText
  0
TEXT
  5
2D3
330
17
100
AcDbEntity
  8
TEXT
100
AcDbText
 10
654.0
 20
53.0
 30
0.0
 40
2.0
  1
A    2026-05-07  STUDY
 11
654.0
 21
53.0
 31
0.0
100
AcDbText
  0
LWPOLYLINE
  5
2D4
330
17
100
AcDbEntity
  8
OFFPAGE
100
AcDbPolyline
 90
4
 70
0
 10
107.0
 20
400.0
 10
85.0
 20
392.0
 10
107.0
 20
384.0
 10
107.0
 20
400.0
  0
TEXT
  5
2D5
330
17
100
AcDbEntity
  8
TEXT
100
AcDbText
 10
50.0
 20
404.0
 30
0.0
 40
2.0
  1
FEED FROM C2/C3 SECTION
 11
50.0
 21
404.0
 31
0.0
100
AcDbText
  0
TEXT
  5
2D6
330
17
100
AcDbEntity
  8
TEXT
100
AcDbText
 10
61.0
 20
376.0
 30
0.0
 40
2.0
  1
FROM PID-400
 11
61.0
 21
376.0
 31
0.0
100
AcDbText
  0
LWPOLYLINE
  5
2D7
330
17
100
AcDbEntity
  8
OFFPAGE
100
AcDbPolyline
 90
4
 70
0
 10
1093.0
 20
618.0
 10
1115.0
 20
610.0
 10
1093.0
 20
602.0
 10
1093.0
 20
618.0
  0
TEXT
  5
2D8
330
17
100
AcDbEntity
  8
TEXT
100
AcDbText
 10
1080.0
 20
622.0
 30
0.0
 40
2.0
  1
C2 OVERHEAD PRODUCT
 11
1080.0
 21
622.0
 31
0.0
100
AcDbText
  0
TEXT
  5
2D9
330
17
100
AcDbEntity
  8
TEXT
100
AcDbText
 10
1091.0
 20
594.0
 30
0.0
 40
2.0
  1
TO PID-520 / PID-600
 11
1091.0
 21
594.0
 31
0.0
100
AcDbText
  0
LWPOLYLINE
  5
2DA
330
17
100
AcDbEntity
  8
OFFPAGE
100
AcDbPolyline
 90
4
 70
0
 10
107.0
 20
276.0
 10
85.0
 20
268.0
 10
107.0
 20
260.0
 10
107.0
 20
276.0
  0
TEXT
  5
2DB
330
17
100
AcDbEntity
  8
TEXT
100
AcDbText
 10
50.0
 20
280.0
 30
0.0
 40
2.0
  1
C3+ BOTTOMS EXPORT
 11
50.0
 21
280.0
 31
0.0
100
AcDbText
  0
TEXT
  5
2DC
330
17
100
AcDbEntity
  8
TEXT
100
AcDbText
 10
61.0
 20
252.0
 30
0.0
 40
2.0
  1
TO PID-600 / EXPORT
 11
61.0
 21
252.0
 31
0.0
100
AcDbText
  0
LWPOLYLINE
  5
2DD
330
17
100
AcDbEntity
  8
OFFPAGE
100
AcDbPolyline
 90
4
 70
0
 10
1093.0
 20
743.0
 10
1115.0
 20
735.0
 10
1093.0
 20
727.0
 10
1093.0
 20
743.0
  0
TEXT
  5
2DE
330
17
100
AcDbEntity
  8
TEXT
100
AcDbText
 10
1080.0
 20
747.0
 30
0.0
 40
2.0
  1
TO FLARE HEADER
 11
1080.0
 21
747.0
 31
0.0
100
AcDbText
  0
TEXT
  5
2DF
330
17
100
AcDbEntity
  8
TEXT
100
AcDbText
 10
1091.0
 20
719.0
 30
0.0
 40
2.0
  1
TO PID-700
 11
1091.0
 21
719.0
 31
0.0
100
AcDbText
  0
LWPOLYLINE
  5
2E0
330
17
100
AcDbEntity
  8
OFFPAGE
100
AcDbPolyline
 90
4
 70
0
 10
1093.0
 20
98.0
 10
1115.0
 20
90.0
 10
1093.0
 20
82.0
 10
1093.0
 20
98.0
  0
TEXT
  5
2E1
330
17
100
AcDbEntity
  8
TEXT
100
AcDbText
 10
1080.0
 20
102.0
 30
0.0
 40
2.0
  1
TO CLOSED DRAIN
 11
1080.0
 21
102.0
 31
0.0
100
AcDbText
  0
TEXT
  5
2E2
330
17
100
AcDbEntity
  8
TEXT
100
AcDbText
 10
1091.0
 20
74.0
 30
0.0
 40
2.0
  1
TO PID-700
 11
1091.0
 21
74.0
 31
0.0
100
AcDbText
  0
LWPOLYLINE
  5
2E3
330
17
100
AcDbEntity
  8
OFFPAGE
100
AcDbPolyline
 90
4
 70
0
 10
1093.0
 20
698.0
 10
1115.0
 20
690.0
 10
1093.0
 20
682.0
 10
1093.0
 20
698.0
  0
TEXT
  5
2E4
330
17
100
AcDbEntity
  8
TEXT
100
AcDbText
 10
1080.0
 20
702.0
 30
0.0
 40
2.0
  1
COOLING WATER SUPPLY
 11
1080.0
 21
702.0
 31
0.0
100
AcDbText
  0
TEXT
  5
2E5
330
17
100
AcDbEntity
  8
TEXT
100
AcDbText
 10
1091.0
 20
674.0
 30
0.0
 40
2.0
  1
FROM PID-800
 11
1091.0
 21
674.0
 31
0.0
100
AcDbText
  0
LWPOLYLINE
  5
2E6
330
17
100
AcDbEntity
  8
OFFPAGE
100
AcDbPolyline
 90
4
 70
0
 10
1093.0
 20
568.0
 10
1115.0
 20
560.0
 10
1093.0
 20
552.0
 10
1093.0
 20
568.0
  0
TEXT
  5
2E7
330
17
100
AcDbEntity
  8
TEXT
100
AcDbText
 10
1080.0
 20
572.0
 30
0.0
 40
2.0
  1
COOLING WATER RETURN
 11
1080.0
 21
572.0
 31
0.0
100
AcDbText
  0
TEXT
  5
2E8
330
17
100
AcDbEntity
  8
TEXT
100
AcDbText
 10
1091.0
 20
544.0
 30
0.0
 40
2.0
  1
TO PID-800
 11
1091.0
 21
544.0
 31
0.0
100
AcDbText
  0
LWPOLYLINE
  5
2E9
330
17
100
AcDbEntity
  8
OFFPAGE
100
AcDbPolyline
 90
4
 70
0
 10
1093.0
 20
378.0
 10
1115.0
 20
370.0
 10
1093.0
 20
362.0
 10
1093.0
 20
378.0
  0
TEXT
  5
2EA
330
17
100
AcDbEntity
  8
TEXT
100
AcDbText
 10
1080.0
 20
382.0
 30
0.0
 40
2.0
  1
HEATING MEDIUM SUPPLY
 11
1080.0
 21
382.0
 31
0.0
100
AcDbText
  0
TEXT
  5
2EB
330
17
100
AcDbEntity
  8
TEXT
100
AcDbText
 10
1091.0
 20
354.0
 30
0.0
 40
2.0
  1
FROM PID-810
 11
1091.0
 21
354.0
 31
0.0
100
AcDbText
  0
LWPOLYLINE
  5
2EC
330
17
100
AcDbEntity
  8
OFFPAGE
100
AcDbPolyline
 90
4
 70
0
 10
1093.0
 20
343.0
 10
1115.0
 20
335.0
 10
1093.0
 20
327.0
 10
1093.0
 20
343.0
  0
TEXT
  5
2ED
330
17
100
AcDbEntity
  8
TEXT
100
AcDbText
 10
1080.0
 20
347.0
 30
0.0
 40
2.0
  1
HEATING MEDIUM RETURN
 11
1080.0
 21
347.0
 31
0.0
100
AcDbText
  0
TEXT
  5
2EE
330
17
100
AcDbEntity
  8
TEXT
100
AcDbText
 10
1091.0
 20
319.0
 30
0.0
 40
2.0
  1
TO PID-810
 11
1091.0
 21
319.0
 31
0.0
100
AcDbText
  0
LWPOLYLINE
  5
2EF
330
17
100
AcDbEntity
  8
EQUIPMENT
100
AcDbPolyline
 90
4
 70
0
 10
492.0
 20
329.0
 10
492.0
 20
531.0
 10
548.0
 20
531.0
 10
548.0
 20
329.0
  0
ARC
  5
2F0
330
17
100
AcDbEntity
  8
EQUIPMENT
100
AcDbCircle
 10
520.0
 20
531.0
 30
0.0
 40
28.0
100
AcDbArc
 50
0.0
 51
180.0
  0
ARC
  5
2F1
330
17
100
AcDbEntity
  8
EQUIPMENT
100
AcDbCircle
 10
520.0
 20
329.0
 30
0.0
 40
28.0
100
AcDbArc
 50
180.0
 51
360.0
  0
LINE
  5
2F2
330
17
100
AcDbEntity
  8
EQUIPMENT
100
AcDbLine
 10
497.0
 20
353.0
 30
0.0
 11
543.0
 21
353.0
 31
0.0
  0
LINE
  5
2F3
330
17
100
AcDbEntity
  8
EQUIPMENT
100
AcDbLine
 10
497.0
 20
370.0
 30
0.0
 11
543.0
 21
370.0
 31
0.0
  0
LINE
  5
2F4
330
17
100
AcDbEntity
  8
EQUIPMENT
100
AcDbLine
 10
497.0
 20
387.0
 30
0.0
 11
543.0
 21
387.0
 31
0.0
  0
LINE
  5
2F5
330
17
100
AcDbEntity
  8
EQUIPMENT
100
AcDbLine
 10
497.0
 20
404.0
 30
0.0
 11
543.0
 21
404.0
 31
0.0
  0
LINE
  5
2F6
330
17
100
AcDbEntity
  8
EQUIPMENT
100
AcDbLine
 10
497.0
 20
421.0
 30
0.0
 11
543.0
 21
421.0
 31
0.0
  0
LINE
  5
2F7
330
17
100
AcDbEntity
  8
EQUIPMENT
100
AcDbLine
 10
497.0
 20
438.0
 30
0.0
 11
543.0
 21
438.0
 31
0.0
  0
LINE
  5
2F8
330
17
100
AcDbEntity
  8
EQUIPMENT
100
AcDbLine
 10
497.0
 20
455.0
 30
0.0
 11
543.0
 21
455.0
 31
0.0
  0
LINE
  5
2F9
330
17
100
AcDbEntity
  8
EQUIPMENT
100
AcDbLine
 10
497.0
 20
472.0
 30
0.0
 11
543.0
 21
472.0
 31
0.0
  0
LINE
  5
2FA
330
17
100
AcDbEntity
  8
EQUIPMENT
100
AcDbLine
 10
497.0
 20
489.0
 30
0.0
 11
543.0
 21
489.0
 31
0.0
  0
TEXT
  5
2FB
330
17
100
AcDbEntity
  8
TEXT
100
AcDbText
 10
513.0
 20
303.0
 30
0.0
 40
3.5
  1
T-501
 11
513.0
 21
303.0
 31
0.0
100
AcDbText
  0
INSERT
  5
2FC
330
17
100
AcDbEntity
  8
SYMBOLS
100
AcDbBlockReference
  2
YAML_PID_REBOILER
 10
700.0
 20
315.0
 30
0.0
  0
TEXT
  5
2FE
330
17
100
AcDbEntity
  8
TEXT
100
AcDbText
 10
694.5
 20
283.0
 30
0.0
 40
3.5
  1
E-501
 11
694.5
 21
283.0
 31
0.0
100
AcDbText
  0
INSERT
  5
2FF
330
17
100
AcDbEntity
  8
SYMBOLS
100
AcDbBlockReference
  2
YAML_PID_OVERHEAD_CONDENSER
 10
650.0
 20
650.0
 30
0.0
  0
TEXT
  5
301
330
17
100
AcDbEntity
  8
TEXT
100
AcDbText
 10
644.5
 20
622.0
 30
0.0
 40
3.5
  1
E-502
 11
644.5
 21
622.0
 31
0.0
100
AcDbText
  0
INSERT
  5
302
330
17
100
AcDbEntity
  8
SYMBOLS
100
AcDbBlockReference
  2
YAML_PID_REFLUX_DRUM
 10
840.0
 20
610.0
 30
0.0
  0
TEXT
  5
304
330
17
100
AcDbEntity
  8
TEXT
100
AcDbText
 10
834.5
 20
580.0
 30
0.0
 40
3.5
  1
V-501
 11
834.5
 21
580.0
 31
0.0
100
AcDbText
  0
INSERT
  5
305
330
17
100
AcDbEntity
  8
SYMBOLS
100
AcDbBlockReference
  2
YAML_PID_CENTRIFUGAL_PUMP
 10
820.0
 20
495.0
 30
0.0
  0
TEXT
  5
307
330
17
100
AcDbEntity
  8
TEXT
100
AcDbText
 10
813.4
 20
472.0
 30
0.0
 40
3.5
  1
P-501A
 11
813.4
 21
472.0
 31
0.0
100
AcDbText
  0
INSERT
  5
308
330
17
100
AcDbEntity
  8
SYMBOLS
100
AcDbBlockReference
  2
YAML_PID_CENTRIFUGAL_PUMP
 10
820.0
 20
450.0
 30
0.0
  0
TEXT
  5
30A
330
17
100
AcDbEntity
  8
TEXT
100
AcDbText
 10
813.4
 20
427.0
 30
0.0
 40
3.5
  1
P-501B
 11
813.4
 21
427.0
 31
0.0
100
AcDbText
  0
INSERT
  5
30B
330
17
100
AcDbEntity
  8
SYMBOLS
100
AcDbBlockReference
  2
YAML_PID_FEED_BOTTOMS_EXCHANGER
 10
300.0
 20
400.0
 30
0.0
  0
TEXT
  5
30D
330
17
100
AcDbEntity
  8
TEXT
100
AcDbText
 10
294.5
 20
372.0
 30
0.0
 40
3.5
  1
E-503
 11
294.5
 21
372.0
 31
0.0
100
AcDbText
  0
INSERT
  5
30E
330
17
100
AcDbEntity
  8
SYMBOLS
100
AcDbBlockReference
  2
YAML_PID_CENTRIFUGAL_PUMP
 10
470.0
 20
205.0
 30
0.0
  0
TEXT
  5
310
330
17
100
AcDbEntity
  8
TEXT
100
AcDbText
 10
463.4
 20
182.0
 30
0.0
 40
3.5
  1
P-502A
 11
463.4
 21
182.0
 31
0.0
100
AcDbText
  0
INSERT
  5
311
330
17
100
AcDbEntity
  8
SYMBOLS
100
AcDbBlockReference
  2
YAML_PID_CENTRIFUGAL_PUMP
 10
470.0
 20
160.0
 30
0.0
  0
TEXT
  5
313
330
17
100
AcDbEntity
  8
TEXT
100
AcDbText
 10
463.4
 20
137.0
 30
0.0
 40
3.5
  1
P-502B
 11
463.4
 21
137.0
 31
0.0
100
AcDbText
  0
INSERT
  5
314
330
17
100
AcDbEntity
  8
SYMBOLS
100
AcDbBlockReference
  2
YAML_PID_RELIEF_VALVE
 10
430.0
 20
660.0
 30
0.0
  0
TEXT
  5
316
330
17
100
AcDbEntity
  8
TEXT
100
AcDbText
 10
421.2
 20
635.0
 30
0.0
 40
3.5
  1
PSV-501A
 11
421.2
 21
635.0
 31
0.0
100
AcDbText
  0
INSERT
  5
317
330
17
100
AcDbEntity
  8
SYMBOLS
100
AcDbBlockReference
  2
YAML_PID_RELIEF_VALVE
 10
465.0
 20
660.0
 30
0.0
  0
TEXT
  5
319
330
17
100
AcDbEntity
  8
TEXT
100
AcDbText
 10
456.2
 20
635.0
 30
0.0
 40
3.5
  1
PSV-501B
 11
456.2
 21
635.0
 31
0.0
100
AcDbText
  0
INSERT
  5
31A
330
17
100
AcDbEntity
  8
SYMBOLS
100
AcDbBlockReference
  2
YAML_PID_RELIEF_VALVE
 10
820.0
 20
690.0
 30
0.0
  0
TEXT
  5
31C
330
17
100
AcDbEntity
  8
TEXT
100
AcDbText
 10
812.3
 20
665.0
 30
0.0
 40
3.5
  1
PSV-502
 11
812.3
 21
665.0
 31
0.0
100
AcDbText
  0
LINE
  5
31D
330
17
100
AcDbEntity
  8
NOZZLES
370
25
100
AcDbLine
 10
492.0
 20
465.0
 30
0.0
 11
476.0
 21
465.0
 31
0.0
  0
CIRCLE
  5
31E
330
17
100
AcDbEntity
  8
NOZZLES
100
AcDbCircle
 10
472.0
 20
465.0
 30
0.0
 40
2.0
  0
LINE
  5
31F
330
17
100
AcDbEntity
  8
NOZZLES
100
AcDbLine
 10
466.2
 20
465.0
 30
0.0
 11
469.8
 21
465.0
 31
0.0
  0
LINE
  5
320
330
17
100
AcDbEntity
  8
NOZZLES
100
AcDbLine
 10
468.0
 20
463.2
 30
0.0
 11
468.0
 21
466.8
 31
0.0
  0
LINE
  5
321
330
17
100
AcDbEntity
  8
NOZZLES
370
25
100
AcDbLine
 10
520.0
 20
545.0
 30
0.0
 11
520.0
 21
562.0
 31
0.0
  0
CIRCLE
  5
322
330
17
100
AcDbEntity
  8
NOZZLES
100
AcDbCircle
 10
520.0
 20
567.0
 30
0.0
 40
2.0
  0
LINE
  5
323
330
17
100
AcDbEntity
  8
NOZZLES
100
AcDbLine
 10
518.2
 20
572.0
 30
0.0
 11
521.8
 21
572.0
 31
0.0
  0
LINE
  5
324
330
17
100
AcDbEntity
  8
NOZZLES
100
AcDbLine
 10
520.0
 20
570.2
 30
0.0
 11
520.0
 21
573.8
 31
0.0
  0
LINE
  5
325
330
17
100
AcDbEntity
  8
NOZZLES
370
25
100
AcDbLine
 10
548.0
 20
508.0
 30
0.0
 11
564.0
 21
508.0
 31
0.0
  0
CIRCLE
  5
326
330
17
100
AcDbEntity
  8
NOZZLES
100
AcDbCircle
 10
568.0
 20
508.0
 30
0.0
 40
2.0
  0
LINE
  5
327
330
17
100
AcDbEntity
  8
NOZZLES
100
AcDbLine
 10
570.2
 20
508.0
 30
0.0
 11
573.8
 21
508.0
 31
0.0
  0
LINE
  5
328
330
17
100
AcDbEntity
  8
NOZZLES
100
AcDbLine
 10
572.0
 20
506.2
 30
0.0
 11
572.0
 21
509.8
 31
0.0
  0
LINE
  5
329
330
17
100
AcDbEntity
  8
NOZZLES
370
25
100
AcDbLine
 10
548.0
 20
348.0
 30
0.0
 11
564.0
 21
348.0
 31
0.0
  0
CIRCLE
  5
32A
330
17
100
AcDbEntity
  8
NOZZLES
100
AcDbCircle
 10
568.0
 20
348.0
 30
0.0
 40
2.0
  0
LINE
  5
32B
330
17
100
AcDbEntity
  8
NOZZLES
100
AcDbLine
 10
570.2
 20
348.0
 30
0.0
 11
573.8
 21
348.0
 31
0.0
  0
LINE
  5
32C
330
17
100
AcDbEntity
  8
NOZZLES
100
AcDbLine
 10
572.0
 20
346.2
 30
0.0
 11
572.0
 21
349.8
 31
0.0
  0
LINE
  5
32D
330
17
100
AcDbEntity
  8
NOZZLES
370
25
100
AcDbLine
 10
548.0
 20
382.0
 30
0.0
 11
564.0
 21
382.0
 31
0.0
  0
CIRCLE
  5
32E
330
17
100
AcDbEntity
  8
NOZZLES
100
AcDbCircle
 10
568.0
 20
382.0
 30
0.0
 40
2.0
  0
LINE
  5
32F
330
17
100
AcDbEntity
  8
NOZZLES
100
AcDbLine
 10
570.2
 20
382.0
 30
0.0
 11
573.8
 21
382.0
 31
0.0
  0
LINE
  5
330
330
17
100
AcDbEntity
  8
NOZZLES
100
AcDbLine
 10
572.0
 20
380.2
 30
0.0
 11
572.0
 21
383.8
 31
0.0
  0
LINE
  5
331
330
17
100
AcDbEntity
  8
NOZZLES
370
25
100
AcDbLine
 10
520.0
 20
315.0
 30
0.0
 11
520.0
 21
298.0
 31
0.0
  0
CIRCLE
  5
332
330
17
100
AcDbEntity
  8
NOZZLES
100
AcDbCircle
 10
520.0
 20
293.0
 30
0.0
 40
2.0
  0
LINE
  5
333
330
17
100
AcDbEntity
  8
NOZZLES
100
AcDbLine
 10
518.2
 20
288.0
 30
0.0
 11
521.8
 21
288.0
 31
0.0
  0
LINE
  5
334
330
17
100
AcDbEntity
  8
NOZZLES
100
AcDbLine
 10
520.0
 20
286.2
 30
0.0
 11
520.0
 21
289.8
 31
0.0
  0
LINE
  5
335
330
17
100
AcDbEntity
  8
NOZZLES
370
25
100
AcDbLine
 10
532.0
 20
542.0
 30
0.0
 11
544.0
 21
554.0
 31
0.0
  0
CIRCLE
  5
336
330
17
100
AcDbEntity
  8
NOZZLES
100
AcDbCircle
 10
548.0
 20
558.0
 30
0.0
 40
2.0
  0
LINE
  5
337
330
17
100
AcDbEntity
  8
NOZZLES
100
AcDbLine
 10
550.2
 20
562.0
 30
0.0
 11
553.8
 21
562.0
 31
0.0
  0
LINE
  5
338
330
17
100
AcDbEntity
  8
NOZZLES
100
AcDbLine
 10
552.0
 20
560.2
 30
0.0
 11
552.0
 21
563.8
 31
0.0
  0
LINE
  5
339
330
17
100
AcDbEntity
  8
NOZZLES
370
25
100
AcDbLine
 10
532.0
 20
318.0
 30
0.0
 11
544.0
 21
306.0
 31
0.0
  0
CIRCLE
  5
33A
330
17
100
AcDbEntity
  8
NOZZLES
100
AcDbCircle
 10
548.0
 20
302.0
 30
0.0
 40
2.0
  0
LINE
  5
33B
330
17
100
AcDbEntity
  8
NOZZLES
100
AcDbLine
 10
550.2
 20
298.0
 30
0.0
 11
553.8
 21
298.0
 31
0.0
  0
LINE
  5
33C
330
17
100
AcDbEntity
  8
NOZZLES
100
AcDbLine
 10
552.0
 20
296.2
 30
0.0
 11
552.0
 21
299.8
 31
0.0
  0
LINE
  5
33D
330
17
100
AcDbEntity
  8
NOZZLES
370
25
100
AcDbLine
 10
508.0
 20
542.0
 30
0.0
 11
496.0
 21
554.0
 31
0.0
  0
CIRCLE
  5
33E
330
17
100
AcDbEntity
  8
NOZZLES
100
AcDbCircle
 10
492.0
 20
558.0
 30
0.0
 40
2.0
  0
LINE
  5
33F
330
17
100
AcDbEntity
  8
NOZZLES
100
AcDbLine
 10
486.2
 20
562.0
 30
0.0
 11
489.8
 21
562.0
 31
0.0
  0
LINE
  5
340
330
17
100
AcDbEntity
  8
NOZZLES
100
AcDbLine
 10
488.0
 20
560.2
 30
0.0
 11
488.0
 21
563.8
 31
0.0
  0
LINE
  5
341
330
17
100
AcDbEntity
  8
NOZZLES
370
25
100
AcDbLine
 10
492.0
 20
522.0
 30
0.0
 11
480.0
 21
522.0
 31
0.0
  0
CIRCLE
  5
342
330
17
100
AcDbEntity
  8
NOZZLES
100
AcDbCircle
 10
476.0
 20
522.0
 30
0.0
 40
2.0
  0
LINE
  5
343
330
17
100
AcDbEntity
  8
NOZZLES
100
AcDbLine
 10
470.2
 20
522.0
 30
0.0
 11
473.8
 21
522.0
 31
0.0
  0
LINE
  5
344
330
17
100
AcDbEntity
  8
NOZZLES
100
AcDbLine
 10
472.0
 20
520.2
 30
0.0
 11
472.0
 21
523.8
 31
0.0
  0
LINE
  5
345
330
17
100
AcDbEntity
  8
NOZZLES
370
25
100
AcDbLine
 10
492.0
 20
502.0
 30
0.0
 11
480.0
 21
502.0
 31
0.0
  0
CIRCLE
  5
346
330
17
100
AcDbEntity
  8
NOZZLES
100
AcDbCircle
 10
476.0
 20
502.0
 30
0.0
 40
2.0
  0
LINE
  5
347
330
17
100
AcDbEntity
  8
NOZZLES
100
AcDbLine
 10
470.2
 20
502.0
 30
0.0
 11
473.8
 21
502.0
 31
0.0
  0
LINE
  5
348
330
17
100
AcDbEntity
  8
NOZZLES
100
AcDbLine
 10
472.0
 20
500.2
 30
0.0
 11
472.0
 21
503.8
 31
0.0
  0
LINE
  5
349
330
17
100
AcDbEntity
  8
NOZZLES
370
25
100
AcDbLine
 10
492.0
 20
358.0
 30
0.0
 11
480.0
 21
358.0
 31
0.0
  0
CIRCLE
  5
34A
330
17
100
AcDbEntity
  8
NOZZLES
100
AcDbCircle
 10
476.0
 20
358.0
 30
0.0
 40
2.0
  0
LINE
  5
34B
330
17
100
AcDbEntity
  8
NOZZLES
100
AcDbLine
 10
470.2
 20
358.0
 30
0.0
 11
473.8
 21
358.0
 31
0.0
  0
LINE
  5
34C
330
17
100
AcDbEntity
  8
NOZZLES
100
AcDbLine
 10
472.0
 20
356.2
 30
0.0
 11
472.0
 21
359.8
 31
0.0
  0
LINE
  5
34D
330
17
100
AcDbEntity
  8
NOZZLES
370
25
100
AcDbLine
 10
548.0
 20
478.0
 30
0.0
 11
560.0
 21
478.0
 31
0.0
  0
CIRCLE
  5
34E
330
17
100
AcDbEntity
  8
NOZZLES
100
AcDbCircle
 10
564.0
 20
478.0
 30
0.0
 40
2.0
  0
LINE
  5
34F
330
17
100
AcDbEntity
  8
NOZZLES
100
AcDbLine
 10
566.2
 20
478.0
 30
0.0
 11
569.8
 21
478.0
 31
0.0
  0
LINE
  5
350
330
17
100
AcDbEntity
  8
NOZZLES
100
AcDbLine
 10
568.0
 20
476.2
 30
0.0
 11
568.0
 21
479.8
 31
0.0
  0
LINE
  5
351
330
17
100
AcDbEntity
  8
NOZZLES
370
25
100
AcDbLine
 10
548.0
 20
430.0
 30
0.0
 11
560.0
 21
430.0
 31
0.0
  0
CIRCLE
  5
352
330
17
100
AcDbEntity
  8
NOZZLES
100
AcDbCircle
 10
564.0
 20
430.0
 30
0.0
 40
2.0
  0
LINE
  5
353
330
17
100
AcDbEntity
  8
NOZZLES
100
AcDbLine
 10
566.2
 20
430.0
 30
0.0
 11
569.8
 21
430.0
 31
0.0
  0
LINE
  5
354
330
17
100
AcDbEntity
  8
NOZZLES
100
AcDbLine
 10
568.0
 20
428.2
 30
0.0
 11
568.0
 21
431.8
 31
0.0
  0
LINE
  5
355
330
17
100
AcDbEntity
  8
NOZZLES
370
25
100
AcDbLine
 10
548.0
 20
392.0
 30
0.0
 11
560.0
 21
392.0
 31
0.0
  0
CIRCLE
  5
356
330
17
100
AcDbEntity
  8
NOZZLES
100
AcDbCircle
 10
564.0
 20
392.0
 30
0.0
 40
2.0
  0
LINE
  5
357
330
17
100
AcDbEntity
  8
NOZZLES
100
AcDbLine
 10
566.2
 20
392.0
 30
0.0
 11
569.8
 21
392.0
 31
0.0
  0
LINE
  5
358
330
17
100
AcDbEntity
  8
NOZZLES
100
AcDbLine
 10
568.0
 20
390.2
 30
0.0
 11
568.0
 21
393.8
 31
0.0
  0
LINE
  5
359
330
17
100
AcDbEntity
  8
NOZZLES
370
25
100
AcDbLine
 10
492.0
 20
348.0
 30
0.0
 11
480.0
 21
348.0
 31
0.0
  0
CIRCLE
  5
35A
330
17
100
AcDbEntity
  8
NOZZLES
100
AcDbCircle
 10
476.0
 20
348.0
 30
0.0
 40
2.0
  0
LINE
  5
35B
330
17
100
AcDbEntity
  8
NOZZLES
100
AcDbLine
 10
470.2
 20
348.0
 30
0.0
 11
473.8
 21
348.0
 31
0.0
  0
LINE
  5
35C
330
17
100
AcDbEntity
  8
NOZZLES
100
AcDbLine
 10
472.0
 20
346.2
 30
0.0
 11
472.0
 21
349.8
 31
0.0
  0
LINE
  5
35D
330
17
100
AcDbEntity
  8
NOZZLES
370
25
100
AcDbLine
 10
492.0
 20
326.0
 30
0.0
 11
480.0
 21
326.0
 31
0.0
  0
CIRCLE
  5
35E
330
17
100
AcDbEntity
  8
NOZZLES
100
AcDbCircle
 10
476.0
 20
326.0
 30
0.0
 40
2.0
  0
LINE
  5
35F
330
17
100
AcDbEntity
  8
NOZZLES
100
AcDbLine
 10
470.2
 20
326.0
 30
0.0
 11
473.8
 21
326.0
 31
0.0
  0
LINE
  5
360
330
17
100
AcDbEntity
  8
NOZZLES
100
AcDbLine
 10
472.0
 20
324.2
 30
0.0
 11
472.0
 21
327.8
 31
0.0
  0
LINE
  5
361
330
17
100
AcDbEntity
  8
NOZZLES
370
25
100
AcDbLine
 10
657.0
 20
305.0
 30
0.0
 11
648.0
 21
305.0
 31
0.0
  0
CIRCLE
  5
362
330
17
100
AcDbEntity
  8
NOZZLES
100
AcDbCircle
 10
644.0
 20
305.0
 30
0.0
 40
2.0
  0
LINE
  5
363
330
17
100
AcDbEntity
  8
NOZZLES
100
AcDbLine
 10
638.2
 20
305.0
 30
0.0
 11
641.8
 21
305.0
 31
0.0
  0
LINE
  5
364
330
17
100
AcDbEntity
  8
NOZZLES
100
AcDbLine
 10
640.0
 20
303.2
 30
0.0
 11
640.0
 21
306.8
 31
0.0
  0
LINE
  5
365
330
17
100
AcDbEntity
  8
NOZZLES
370
25
100
AcDbLine
 10
657.0
 20
327.0
 30
0.0
 11
648.0
 21
327.0
 31
0.0
  0
CIRCLE
  5
366
330
17
100
AcDbEntity
  8
NOZZLES
100
AcDbCircle
 10
644.0
 20
327.0
 30
0.0
 40
2.0
  0
LINE
  5
367
330
17
100
AcDbEntity
  8
NOZZLES
100
AcDbLine
 10
638.2
 20
327.0
 30
0.0
 11
641.8
 21
327.0
 31
0.0
  0
LINE
  5
368
330
17
100
AcDbEntity
  8
NOZZLES
100
AcDbLine
 10
640.0
 20
325.2
 30
0.0
 11
640.0
 21
328.8
 31
0.0
  0
LINE
  5
369
330
17
100
AcDbEntity
  8
NOZZLES
370
25
100
AcDbLine
 10
743.0
 20
305.0
 30
0.0
 11
752.0
 21
305.0
 31
0.0
  0
CIRCLE
  5
36A
330
17
100
AcDbEntity
  8
NOZZLES
100
AcDbCircle
 10
756.0
 20
305.0
 30
0.0
 40
2.0
  0
LINE
  5
36B
330
17
100
AcDbEntity
  8
NOZZLES
100
AcDbLine
 10
758.2
 20
305.0
 30
0.0
 11
761.8
 21
305.0
 31
0.0
  0
LINE
  5
36C
330
17
100
AcDbEntity
  8
NOZZLES
100
AcDbLine
 10
760.0
 20
303.2
 30
0.0
 11
760.0
 21
306.8
 31
0.0
  0
LINE
  5
36D
330
17
100
AcDbEntity
  8
NOZZLES
370
25
100
AcDbLine
 10
720.0
 20
336.0
 30
0.0
 11
720.0
 21
345.0
 31
0.0
  0
CIRCLE
  5
36E
330
17
100
AcDbEntity
  8
NOZZLES
100
AcDbCircle
 10
720.0
 20
349.0
 30
0.0
 40
2.0
  0
LINE
  5
36F
330
17
100
AcDbEntity
  8
NOZZLES
100
AcDbLine
 10
718.2
 20
353.0
 30
0.0
 11
721.8
 21
353.0
 31
0.0
  0
LINE
  5
370
330
17
100
AcDbEntity
  8
NOZZLES
100
AcDbLine
 10
720.0
 20
351.2
 30
0.0
 11
720.0
 21
354.8
 31
0.0
  0
LINE
  5
371
330
17
100
AcDbEntity
  8
NOZZLES
370
25
100
AcDbLine
 10
680.0
 20
336.0
 30
0.0
 11
680.0
 21
345.0
 31
0.0
  0
CIRCLE
  5
372
330
17
100
AcDbEntity
  8
NOZZLES
100
AcDbCircle
 10
680.0
 20
349.0
 30
0.0
 40
2.0
  0
LINE
  5
373
330
17
100
AcDbEntity
  8
NOZZLES
100
AcDbLine
 10
678.2
 20
353.0
 30
0.0
 11
681.8
 21
353.0
 31
0.0
  0
LINE
  5
374
330
17
100
AcDbEntity
  8
NOZZLES
100
AcDbLine
 10
680.0
 20
351.2
 30
0.0
 11
680.0
 21
354.8
 31
0.0
  0
LINE
  5
375
330
17
100
AcDbEntity
  8
NOZZLES
370
25
100
AcDbLine
 10
734.0
 20
336.0
 30
0.0
 11
734.0
 21
345.0
 31
0.0
  0
CIRCLE
  5
376
330
17
100
AcDbEntity
  8
NOZZLES
100
AcDbCircle
 10
734.0
 20
349.0
 30
0.0
 40
2.0
  0
LINE
  5
377
330
17
100
AcDbEntity
  8
NOZZLES
100
AcDbLine
 10
732.2
 20
353.0
 30
0.0
 11
735.8
 21
353.0
 31
0.0
  0
LINE
  5
378
330
17
100
AcDbEntity
  8
NOZZLES
100
AcDbLine
 10
734.0
 20
351.2
 30
0.0
 11
734.0
 21
354.8
 31
0.0
  0
LINE
  5
379
330
17
100
AcDbEntity
  8
NOZZLES
370
25
100
AcDbLine
 10
734.0
 20
294.0
 30
0.0
 11
734.0
 21
285.0
 31
0.0
  0
CIRCLE
  5
37A
330
17
100
AcDbEntity
  8
NOZZLES
100
AcDbCircle
 10
734.0
 20
281.0
 30
0.0
 40
2.0
  0
LINE
  5
37B
330
17
100
AcDbEntity
  8
NOZZLES
100
AcDbLine
 10
732.2
 20
277.0
 30
0.0
 11
735.8
 21
277.0
 31
0.0
  0
LINE
  5
37C
330
17
100
AcDbEntity
  8
NOZZLES
100
AcDbLine
 10
734.0
 20
275.2
 30
0.0
 11
734.0
 21
278.8
 31
0.0
  0
LINE
  5
37D
330
17
100
AcDbEntity
  8
NOZZLES
370
25
100
AcDbLine
 10
612.0
 20
650.0
 30
0.0
 11
604.0
 21
650.0
 31
0.0
  0
CIRCLE
  5
37E
330
17
100
AcDbEntity
  8
NOZZLES
100
AcDbCircle
 10
600.0
 20
650.0
 30
0.0
 40
2.0
  0
LINE
  5
37F
330
17
100
AcDbEntity
  8
NOZZLES
100
AcDbLine
 10
594.2
 20
650.0
 30
0.0
 11
597.8
 21
650.0
 31
0.0
  0
LINE
  5
380
330
17
100
AcDbEntity
  8
NOZZLES
100
AcDbLine
 10
596.0
 20
648.2
 30
0.0
 11
596.0
 21
651.8
 31
0.0
  0
LINE
  5
381
330
17
100
AcDbEntity
  8
NOZZLES
370
25
100
AcDbLine
 10
688.0
 20
650.0
 30
0.0
 11
696.0
 21
650.0
 31
0.0
  0
CIRCLE
  5
382
330
17
100
AcDbEntity
  8
NOZZLES
100
AcDbCircle
 10
700.0
 20
650.0
 30
0.0
 40
2.0
  0
LINE
  5
383
330
17
100
AcDbEntity
  8
NOZZLES
100
AcDbLine
 10
702.2
 20
650.0
 30
0.0
 11
705.8
 21
650.0
 31
0.0
  0
LINE
  5
384
330
17
100
AcDbEntity
  8
NOZZLES
100
AcDbLine
 10
704.0
 20
648.2
 30
0.0
 11
704.0
 21
651.8
 31
0.0
  0
LINE
  5
385
330
17
100
AcDbEntity
  8
NOZZLES
370
25
100
AcDbLine
 10
668.0
 20
633.0
 30
0.0
 11
668.0
 21
626.0
 31
0.0
  0
CIRCLE
  5
386
330
17
100
AcDbEntity
  8
NOZZLES
100
AcDbCircle
 10
668.0
 20
622.0
 30
0.0
 40
2.0
  0
LINE
  5
387
330
17
100
AcDbEntity
  8
NOZZLES
100
AcDbLine
 10
666.2
 20
618.0
 30
0.0
 11
669.8
 21
618.0
 31
0.0
  0
LINE
  5
388
330
17
100
AcDbEntity
  8
NOZZLES
100
AcDbLine
 10
668.0
 20
616.2
 30
0.0
 11
668.0
 21
619.8
 31
0.0
  0
LINE
  5
389
330
17
100
AcDbEntity
  8
NOZZLES
370
25
100
AcDbLine
 10
632.0
 20
633.0
 30
0.0
 11
632.0
 21
626.0
 31
0.0
  0
CIRCLE
  5
38A
330
17
100
AcDbEntity
  8
NOZZLES
100
AcDbCircle
 10
632.0
 20
622.0
 30
0.0
 40
2.0
  0
LINE
  5
38B
330
17
100
AcDbEntity
  8
NOZZLES
100
AcDbLine
 10
630.2
 20
618.0
 30
0.0
 11
633.8
 21
618.0
 31
0.0
  0
LINE
  5
38C
330
17
100
AcDbEntity
  8
NOZZLES
100
AcDbLine
 10
632.0
 20
616.2
 30
0.0
 11
632.0
 21
619.8
 31
0.0
  0
LINE
  5
38D
330
17
100
AcDbEntity
  8
NOZZLES
370
25
100
AcDbLine
 10
680.0
 20
667.0
 30
0.0
 11
680.0
 21
672.0
 31
0.0
  0
CIRCLE
  5
38E
330
17
100
AcDbEntity
  8
NOZZLES
100
AcDbCircle
 10
680.0
 20
676.0
 30
0.0
 40
2.0
  0
LINE
  5
38F
330
17
100
AcDbEntity
  8
NOZZLES
100
AcDbLine
 10
678.2
 20
680.0
 30
0.0
 11
681.8
 21
680.0
 31
0.0
  0
LINE
  5
390
330
17
100
AcDbEntity
  8
NOZZLES
100
AcDbLine
 10
680.0
 20
678.2
 30
0.0
 11
680.0
 21
681.8
 31
0.0
  0
LINE
  5
391
330
17
100
AcDbEntity
  8
NOZZLES
370
25
100
AcDbLine
 10
680.0
 20
633.0
 30
0.0
 11
680.0
 21
628.0
 31
0.0
  0
CIRCLE
  5
392
330
17
100
AcDbEntity
  8
NOZZLES
100
AcDbCircle
 10
680.0
 20
624.0
 30
0.0
 40
2.0
  0
LINE
  5
393
330
17
100
AcDbEntity
  8
NOZZLES
100
AcDbLine
 10
678.2
 20
620.0
 30
0.0
 11
681.8
 21
620.0
 31
0.0
  0
LINE
  5
394
330
17
100
AcDbEntity
  8
NOZZLES
100
AcDbLine
 10
680.0
 20
618.2
 30
0.0
 11
680.0
 21
621.8
 31
0.0
  0
LINE
  5
395
330
17
100
AcDbEntity
  8
NOZZLES
370
25
100
AcDbLine
 10
794.0
 20
610.0
 30
0.0
 11
782.0
 21
610.0
 31
0.0
  0
CIRCLE
  5
396
330
17
100
AcDbEntity
  8
NOZZLES
100
AcDbCircle
 10
778.0
 20
610.0
 30
0.0
 40
2.0
  0
LINE
  5
397
330
17
100
AcDbEntity
  8
NOZZLES
100
AcDbLine
 10
772.2
 20
610.0
 30
0.0
 11
775.8
 21
610.0
 31
0.0
  0
LINE
  5
398
330
17
100
AcDbEntity
  8
NOZZLES
100
AcDbLine
 10
774.0
 20
608.2
 30
0.0
 11
774.0
 21
611.8
 31
0.0
  0
LINE
  5
399
330
17
100
AcDbEntity
  8
NOZZLES
370
25
100
AcDbLine
 10
840.0
 20
629.0
 30
0.0
 11
840.0
 21
641.0
 31
0.0
  0
CIRCLE
  5
39A
330
17
100
AcDbEntity
  8
NOZZLES
100
AcDbCircle
 10
840.0
 20
645.0
 30
0.0
 40
2.0
  0
LINE
  5
39B
330
17
100
AcDbEntity
  8
NOZZLES
100
AcDbLine
 10
838.2
 20
649.0
 30
0.0
 11
841.8
 21
649.0
 31
0.0
  0
LINE
  5
39C
330
17
100
AcDbEntity
  8
NOZZLES
100
AcDbLine
 10
840.0
 20
647.2
 30
0.0
 11
840.0
 21
650.8
 31
0.0
  0
LINE
  5
39D
330
17
100
AcDbEntity
  8
NOZZLES
370
25
100
AcDbLine
 10
886.0
 20
610.0
 30
0.0
 11
898.0
 21
610.0
 31
0.0
  0
CIRCLE
  5
39E
330
17
100
AcDbEntity
  8
NOZZLES
100
AcDbCircle
 10
902.0
 20
610.0
 30
0.0
 40
2.0
  0
LINE
  5
39F
330
17
100
AcDbEntity
  8
NOZZLES
100
AcDbLine
 10
904.2
 20
610.0
 30
0.0
 11
907.8
 21
610.0
 31
0.0
  0
LINE
  5
3A0
330
17
100
AcDbEntity
  8
NOZZLES
100
AcDbLine
 10
906.0
 20
608.2
 30
0.0
 11
906.0
 21
611.8
 31
0.0
  0
LINE
  5
3A1
330
17
100
AcDbEntity
  8
NOZZLES
370
25
100
AcDbLine
 10
858.0
 20
591.0
 30
0.0
 11
858.0
 21
579.0
 31
0.0
  0
CIRCLE
  5
3A2
330
17
100
AcDbEntity
  8
NOZZLES
100
AcDbCircle
 10
858.0
 20
575.0
 30
0.0
 40
2.0
  0
LINE
  5
3A3
330
17
100
AcDbEntity
  8
NOZZLES
100
AcDbLine
 10
856.2
 20
571.0
 30
0.0
 11
859.8
 21
571.0
 31
0.0
  0
LINE
  5
3A4
330
17
100
AcDbEntity
  8
NOZZLES
100
AcDbLine
 10
858.0
 20
569.2
 30
0.0
 11
858.0
 21
572.8
 31
0.0
  0
LINE
  5
3A5
330
17
100
AcDbEntity
  8
NOZZLES
370
25
100
AcDbLine
 10
822.0
 20
591.0
 30
0.0
 11
822.0
 21
579.0
 31
0.0
  0
CIRCLE
  5
3A6
330
17
100
AcDbEntity
  8
NOZZLES
100
AcDbCircle
 10
822.0
 20
575.0
 30
0.0
 40
2.0
  0
LINE
  5
3A7
330
17
100
AcDbEntity
  8
NOZZLES
100
AcDbLine
 10
820.2
 20
571.0
 30
0.0
 11
823.8
 21
571.0
 31
0.0
  0
LINE
  5
3A8
330
17
100
AcDbEntity
  8
NOZZLES
100
AcDbLine
 10
822.0
 20
569.2
 30
0.0
 11
822.0
 21
572.8
 31
0.0
  0
LINE
  5
3A9
330
17
100
AcDbEntity
  8
NOZZLES
370
25
100
AcDbLine
 10
816.0
 20
629.0
 30
0.0
 11
816.0
 21
641.0
 31
0.0
  0
CIRCLE
  5
3AA
330
17
100
AcDbEntity
  8
NOZZLES
100
AcDbCircle
 10
816.0
 20
645.0
 30
0.0
 40
2.0
  0
LINE
  5
3AB
330
17
100
AcDbEntity
  8
NOZZLES
100
AcDbLine
 10
814.2
 20
649.0
 30
0.0
 11
817.8
 21
649.0
 31
0.0
  0
LINE
  5
3AC
330
17
100
AcDbEntity
  8
NOZZLES
100
AcDbLine
 10
816.0
 20
647.2
 30
0.0
 11
816.0
 21
650.8
 31
0.0
  0
LINE
  5
3AD
330
17
100
AcDbEntity
  8
NOZZLES
370
25
100
AcDbLine
 10
794.0
 20
620.0
 30
0.0
 11
782.0
 21
620.0
 31
0.0
  0
CIRCLE
  5
3AE
330
17
100
AcDbEntity
  8
NOZZLES
100
AcDbCircle
 10
778.0
 20
620.0
 30
0.0
 40
2.0
  0
LINE
  5
3AF
330
17
100
AcDbEntity
  8
NOZZLES
100
AcDbLine
 10
772.2
 20
620.0
 30
0.0
 11
775.8
 21
620.0
 31
0.0
  0
LINE
  5
3B0
330
17
100
AcDbEntity
  8
NOZZLES
100
AcDbLine
 10
774.0
 20
618.2
 30
0.0
 11
774.0
 21
621.8
 31
0.0
  0
LINE
  5
3B1
330
17
100
AcDbEntity
  8
NOZZLES
370
25
100
AcDbLine
 10
794.0
 20
600.0
 30
0.0
 11
782.0
 21
600.0
 31
0.0
  0
CIRCLE
  5
3B2
330
17
100
AcDbEntity
  8
NOZZLES
100
AcDbCircle
 10
778.0
 20
600.0
 30
0.0
 40
2.0
  0
LINE
  5
3B3
330
17
100
AcDbEntity
  8
NOZZLES
100
AcDbLine
 10
772.2
 20
600.0
 30
0.0
 11
775.8
 21
600.0
 31
0.0
  0
LINE
  5
3B4
330
17
100
AcDbEntity
  8
NOZZLES
100
AcDbLine
 10
774.0
 20
598.2
 30
0.0
 11
774.0
 21
601.8
 31
0.0
  0
LINE
  5
3B5
330
17
100
AcDbEntity
  8
NOZZLES
370
25
100
AcDbLine
 10
872.0
 20
629.0
 30
0.0
 11
872.0
 21
641.0
 31
0.0
  0
CIRCLE
  5
3B6
330
17
100
AcDbEntity
  8
NOZZLES
100
AcDbCircle
 10
872.0
 20
645.0
 30
0.0
 40
2.0
  0
LINE
  5
3B7
330
17
100
AcDbEntity
  8
NOZZLES
100
AcDbLine
 10
870.2
 20
649.0
 30
0.0
 11
873.8
 21
649.0
 31
0.0
  0
LINE
  5
3B8
330
17
100
AcDbEntity
  8
NOZZLES
100
AcDbLine
 10
872.0
 20
647.2
 30
0.0
 11
872.0
 21
650.8
 31
0.0
  0
LINE
  5
3B9
330
17
100
AcDbEntity
  8
NOZZLES
370
25
100
AcDbLine
 10
262.0
 20
392.0
 30
0.0
 11
254.0
 21
392.0
 31
0.0
  0
CIRCLE
  5
3BA
330
17
100
AcDbEntity
  8
NOZZLES
100
AcDbCircle
 10
250.0
 20
392.0
 30
0.0
 40
2.0
  0
LINE
  5
3BB
330
17
100
AcDbEntity
  8
NOZZLES
100
AcDbLine
 10
244.2
 20
392.0
 30
0.0
 11
247.8
 21
392.0
 31
0.0
  0
LINE
  5
3BC
330
17
100
AcDbEntity
  8
NOZZLES
100
AcDbLine
 10
246.0
 20
390.2
 30
0.0
 11
246.0
 21
393.8
 31
0.0
  0
LINE
  5
3BD
330
17
100
AcDbEntity
  8
NOZZLES
370
25
100
AcDbLine
 10
338.0
 20
392.0
 30
0.0
 11
346.0
 21
392.0
 31
0.0
  0
CIRCLE
  5
3BE
330
17
100
AcDbEntity
  8
NOZZLES
100
AcDbCircle
 10
350.0
 20
392.0
 30
0.0
 40
2.0
  0
LINE
  5
3BF
330
17
100
AcDbEntity
  8
NOZZLES
100
AcDbLine
 10
352.2
 20
392.0
 30
0.0
 11
355.8
 21
392.0
 31
0.0
  0
LINE
  5
3C0
330
17
100
AcDbEntity
  8
NOZZLES
100
AcDbLine
 10
354.0
 20
390.2
 30
0.0
 11
354.0
 21
393.8
 31
0.0
  0
LINE
  5
3C1
330
17
100
AcDbEntity
  8
NOZZLES
370
25
100
AcDbLine
 10
338.0
 20
408.0
 30
0.0
 11
346.0
 21
408.0
 31
0.0
  0
CIRCLE
  5
3C2
330
17
100
AcDbEntity
  8
NOZZLES
100
AcDbCircle
 10
350.0
 20
408.0
 30
0.0
 40
2.0
  0
LINE
  5
3C3
330
17
100
AcDbEntity
  8
NOZZLES
100
AcDbLine
 10
352.2
 20
408.0
 30
0.0
 11
355.8
 21
408.0
 31
0.0
  0
LINE
  5
3C4
330
17
100
AcDbEntity
  8
NOZZLES
100
AcDbLine
 10
354.0
 20
406.2
 30
0.0
 11
354.0
 21
409.8
 31
0.0
  0
LINE
  5
3C5
330
17
100
AcDbEntity
  8
NOZZLES
370
25
100
AcDbLine
 10
262.0
 20
408.0
 30
0.0
 11
254.0
 21
408.0
 31
0.0
  0
CIRCLE
  5
3C6
330
17
100
AcDbEntity
  8
NOZZLES
100
AcDbCircle
 10
250.0
 20
408.0
 30
0.0
 40
2.0
  0
LINE
  5
3C7
330
17
100
AcDbEntity
  8
NOZZLES
100
AcDbLine
 10
244.2
 20
408.0
 30
0.0
 11
247.8
 21
408.0
 31
0.0
  0
LINE
  5
3C8
330
17
100
AcDbEntity
  8
NOZZLES
100
AcDbLine
 10
246.0
 20
406.2
 30
0.0
 11
246.0
 21
409.8
 31
0.0
  0
LINE
  5
3C9
330
17
100
AcDbEntity
  8
NOZZLES
370
25
100
AcDbLine
 10
330.0
 20
417.0
 30
0.0
 11
330.0
 21
422.0
 31
0.0
  0
CIRCLE
  5
3CA
330
17
100
AcDbEntity
  8
NOZZLES
100
AcDbCircle
 10
330.0
 20
426.0
 30
0.0
 40
2.0
  0
LINE
  5
3CB
330
17
100
AcDbEntity
  8
NOZZLES
100
AcDbLine
 10
328.2
 20
430.0
 30
0.0
 11
331.8
 21
430.0
 31
0.0
  0
LINE
  5
3CC
330
17
100
AcDbEntity
  8
NOZZLES
100
AcDbLine
 10
330.0
 20
428.2
 30
0.0
 11
330.0
 21
431.8
 31
0.0
  0
LINE
  5
3CD
330
17
100
AcDbEntity
  8
NOZZLES
370
25
100
AcDbLine
 10
330.0
 20
383.0
 30
0.0
 11
330.0
 21
378.0
 31
0.0
  0
CIRCLE
  5
3CE
330
17
100
AcDbEntity
  8
NOZZLES
100
AcDbCircle
 10
330.0
 20
374.0
 30
0.0
 40
2.0
  0
LINE
  5
3CF
330
17
100
AcDbEntity
  8
NOZZLES
100
AcDbLine
 10
328.2
 20
370.0
 30
0.0
 11
331.8
 21
370.0
 31
0.0
  0
LINE
  5
3D0
330
17
100
AcDbEntity
  8
NOZZLES
100
AcDbLine
 10
330.0
 20
368.2
 30
0.0
 11
330.0
 21
371.8
 31
0.0
  0
LINE
  5
3D1
330
17
100
AcDbEntity
  8
NOZZLES
370
25
100
AcDbLine
 10
803.0
 20
495.0
 30
0.0
 11
796.0
 21
495.0
 31
0.0
  0
CIRCLE
  5
3D2
330
17
100
AcDbEntity
  8
NOZZLES
100
AcDbCircle
 10
792.0
 20
495.0
 30
0.0
 40
2.0
  0
LINE
  5
3D3
330
17
100
AcDbEntity
  8
NOZZLES
100
AcDbLine
 10
786.2
 20
495.0
 30
0.0
 11
789.8
 21
495.0
 31
0.0
  0
LINE
  5
3D4
330
17
100
AcDbEntity
  8
NOZZLES
100
AcDbLine
 10
788.0
 20
493.2
 30
0.0
 11
788.0
 21
496.8
 31
0.0
  0
LINE
  5
3D5
330
17
100
AcDbEntity
  8
NOZZLES
370
25
100
AcDbLine
 10
837.0
 20
495.0
 30
0.0
 11
844.0
 21
495.0
 31
0.0
  0
CIRCLE
  5
3D6
330
17
100
AcDbEntity
  8
NOZZLES
100
AcDbCircle
 10
848.0
 20
495.0
 30
0.0
 40
2.0
  0
LINE
  5
3D7
330
17
100
AcDbEntity
  8
NOZZLES
100
AcDbLine
 10
850.2
 20
495.0
 30
0.0
 11
853.8
 21
495.0
 31
0.0
  0
LINE
  5
3D8
330
17
100
AcDbEntity
  8
NOZZLES
100
AcDbLine
 10
852.0
 20
493.2
 30
0.0
 11
852.0
 21
496.8
 31
0.0
  0
LINE
  5
3D9
330
17
100
AcDbEntity
  8
NOZZLES
370
25
100
AcDbLine
 10
820.0
 20
483.0
 30
0.0
 11
820.0
 21
477.0
 31
0.0
  0
CIRCLE
  5
3DA
330
17
100
AcDbEntity
  8
NOZZLES
100
AcDbCircle
 10
820.0
 20
473.0
 30
0.0
 40
2.0
  0
LINE
  5
3DB
330
17
100
AcDbEntity
  8
NOZZLES
100
AcDbLine
 10
818.2
 20
469.0
 30
0.0
 11
821.8
 21
469.0
 31
0.0
  0
LINE
  5
3DC
330
17
100
AcDbEntity
  8
NOZZLES
100
AcDbLine
 10
820.0
 20
467.2
 30
0.0
 11
820.0
 21
470.8
 31
0.0
  0
LINE
  5
3DD
330
17
100
AcDbEntity
  8
NOZZLES
370
25
100
AcDbLine
 10
803.0
 20
450.0
 30
0.0
 11
796.0
 21
450.0
 31
0.0
  0
CIRCLE
  5
3DE
330
17
100
AcDbEntity
  8
NOZZLES
100
AcDbCircle
 10
792.0
 20
450.0
 30
0.0
 40
2.0
  0
LINE
  5
3DF
330
17
100
AcDbEntity
  8
NOZZLES
100
AcDbLine
 10
786.2
 20
450.0
 30
0.0
 11
789.8
 21
450.0
 31
0.0
  0
LINE
  5
3E0
330
17
100
AcDbEntity
  8
NOZZLES
100
AcDbLine
 10
788.0
 20
448.2
 30
0.0
 11
788.0
 21
451.8
 31
0.0
  0
LINE
  5
3E1
330
17
100
AcDbEntity
  8
NOZZLES
370
25
100
AcDbLine
 10
837.0
 20
450.0
 30
0.0
 11
844.0
 21
450.0
 31
0.0
  0
CIRCLE
  5
3E2
330
17
100
AcDbEntity
  8
NOZZLES
100
AcDbCircle
 10
848.0
 20
450.0
 30
0.0
 40
2.0
  0
LINE
  5
3E3
330
17
100
AcDbEntity
  8
NOZZLES
100
AcDbLine
 10
850.2
 20
450.0
 30
0.0
 11
853.8
 21
450.0
 31
0.0
  0
LINE
  5
3E4
330
17
100
AcDbEntity
  8
NOZZLES
100
AcDbLine
 10
852.0
 20
448.2
 30
0.0
 11
852.0
 21
451.8
 31
0.0
  0
LINE
  5
3E5
330
17
100
AcDbEntity
  8
NOZZLES
370
25
100
AcDbLine
 10
820.0
 20
438.0
 30
0.0
 11
820.0
 21
432.0
 31
0.0
  0
CIRCLE
  5
3E6
330
17
100
AcDbEntity
  8
NOZZLES
100
AcDbCircle
 10
820.0
 20
428.0
 30
0.0
 40
2.0
  0
LINE
  5
3E7
330
17
100
AcDbEntity
  8
NOZZLES
100
AcDbLine
 10
818.2
 20
424.0
 30
0.0
 11
821.8
 21
424.0
 31
0.0
  0
LINE
  5
3E8
330
17
100
AcDbEntity
  8
NOZZLES
100
AcDbLine
 10
820.0
 20
422.2
 30
0.0
 11
820.0
 21
425.8
 31
0.0
  0
LINE
  5
3E9
330
17
100
AcDbEntity
  8
NOZZLES
370
25
100
AcDbLine
 10
453.0
 20
205.0
 30
0.0
 11
446.0
 21
205.0
 31
0.0
  0
CIRCLE
  5
3EA
330
17
100
AcDbEntity
  8
NOZZLES
100
AcDbCircle
 10
442.0
 20
205.0
 30
0.0
 40
2.0
  0
LINE
  5
3EB
330
17
100
AcDbEntity
  8
NOZZLES
100
AcDbLine
 10
436.2
 20
205.0
 30
0.0
 11
439.8
 21
205.0
 31
0.0
  0
LINE
  5
3EC
330
17
100
AcDbEntity
  8
NOZZLES
100
AcDbLine
 10
438.0
 20
203.2
 30
0.0
 11
438.0
 21
206.8
 31
0.0
  0
LINE
  5
3ED
330
17
100
AcDbEntity
  8
NOZZLES
370
25
100
AcDbLine
 10
487.0
 20
205.0
 30
0.0
 11
494.0
 21
205.0
 31
0.0
  0
CIRCLE
  5
3EE
330
17
100
AcDbEntity
  8
NOZZLES
100
AcDbCircle
 10
498.0
 20
205.0
 30
0.0
 40
2.0
  0
LINE
  5
3EF
330
17
100
AcDbEntity
  8
NOZZLES
100
AcDbLine
 10
500.2
 20
205.0
 30
0.0
 11
503.8
 21
205.0
 31
0.0
  0
LINE
  5
3F0
330
17
100
AcDbEntity
  8
NOZZLES
100
AcDbLine
 10
502.0
 20
203.2
 30
0.0
 11
502.0
 21
206.8
 31
0.0
  0
LINE
  5
3F1
330
17
100
AcDbEntity
  8
NOZZLES
370
25
100
AcDbLine
 10
470.0
 20
193.0
 30
0.0
 11
470.0
 21
187.0
 31
0.0
  0
CIRCLE
  5
3F2
330
17
100
AcDbEntity
  8
NOZZLES
100
AcDbCircle
 10
470.0
 20
183.0
 30
0.0
 40
2.0
  0
LINE
  5
3F3
330
17
100
AcDbEntity
  8
NOZZLES
100
AcDbLine
 10
468.2
 20
179.0
 30
0.0
 11
471.8
 21
179.0
 31
0.0
  0
LINE
  5
3F4
330
17
100
AcDbEntity
  8
NOZZLES
100
AcDbLine
 10
470.0
 20
177.2
 30
0.0
 11
470.0
 21
180.8
 31
0.0
  0
LINE
  5
3F5
330
17
100
AcDbEntity
  8
NOZZLES
370
25
100
AcDbLine
 10
453.0
 20
160.0
 30
0.0
 11
446.0
 21
160.0
 31
0.0
  0
CIRCLE
  5
3F6
330
17
100
AcDbEntity
  8
NOZZLES
100
AcDbCircle
 10
442.0
 20
160.0
 30
0.0
 40
2.0
  0
LINE
  5
3F7
330
17
100
AcDbEntity
  8
NOZZLES
100
AcDbLine
 10
436.2
 20
160.0
 30
0.0
 11
439.8
 21
160.0
 31
0.0
  0
LINE
  5
3F8
330
17
100
AcDbEntity
  8
NOZZLES
100
AcDbLine
 10
438.0
 20
158.2
 30
0.0
 11
438.0
 21
161.8
 31
0.0
  0
LINE
  5
3F9
330
17
100
AcDbEntity
  8
NOZZLES
370
25
100
AcDbLine
 10
487.0
 20
160.0
 30
0.0
 11
494.0
 21
160.0
 31
0.0
  0
CIRCLE
  5
3FA
330
17
100
AcDbEntity
  8
NOZZLES
100
AcDbCircle
 10
498.0
 20
160.0
 30
0.0
 40
2.0
  0
LINE
  5
3FB
330
17
100
AcDbEntity
  8
NOZZLES
100
AcDbLine
 10
500.2
 20
160.0
 30
0.0
 11
503.8
 21
160.0
 31
0.0
  0
LINE
  5
3FC
330
17
100
AcDbEntity
  8
NOZZLES
100
AcDbLine
 10
502.0
 20
158.2
 30
0.0
 11
502.0
 21
161.8
 31
0.0
  0
LINE
  5
3FD
330
17
100
AcDbEntity
  8
NOZZLES
370
25
100
AcDbLine
 10
470.0
 20
148.0
 30
0.0
 11
470.0
 21
142.0
 31
0.0
  0
CIRCLE
  5
3FE
330
17
100
AcDbEntity
  8
NOZZLES
100
AcDbCircle
 10
470.0
 20
138.0
 30
0.0
 40
2.0
  0
LINE
  5
3FF
330
17
100
AcDbEntity
  8
NOZZLES
100
AcDbLine
 10
468.2
 20
134.0
 30
0.0
 11
471.8
 21
134.0
 31
0.0
  0
LINE
  5
400
330
17
100
AcDbEntity
  8
NOZZLES
100
AcDbLine
 10
470.0
 20
132.2
 30
0.0
 11
470.0
 21
135.8
 31
0.0
  0
LWPOLYLINE
  5
401
330
17
100
AcDbEntity
  8
PROCESS
370
35
100
AcDbPolyline
 90
3
 70
0
 10
107.0
 20
392.0
 10
220.0
 20
392.0
 10
246.0
 20
392.0
  0
SOLID
  5
402
330
17
100
AcDbEntity
  8
PROCESS
100
AcDbTrace
 10
239.0
 20
392.0
 30
0.0
 11
229.0
 21
394.5
 31
0.0
 12
229.0
 22
389.5
 32
0.0
 13
229.0
 23
389.5
 33
0.0
  0
TEXT
  5
403
330
17
100
AcDbEntity
  8
TEXT
100
AcDbText
 10
138.5
 20
398.0
 30
0.0
 40
2.3
  1
500-FEED-001 DEETHANIZER FEED
 11
138.5
 21
398.0
 31
0.0
100
AcDbText
  0
LWPOLYLINE
  5
404
330
17
100
AcDbEntity
  8
PROCESS
370
35
100
AcDbPolyline
 90
3
 70
0
 10
354.0
 20
392.0
 10
390.0
 20
392.0
 10
468.0
 20
465.0
  0
SOLID
  5
405
330
17
100
AcDbEntity
  8
PROCESS
100
AcDbTrace
 10
435.0
 20
428.5
 30
0.0
 11
425.0
 21
431.0
 31
0.0
 12
425.0
 22
426.0
 32
0.0
 13
425.0
 23
426.0
 33
0.0
  0
TEXT
  5
406
330
17
100
AcDbEntity
  8
TEXT
100
AcDbText
 10
435.0
 20
428.5
 30
0.0
 40
2.3
  1
500-FEED-002 PREHEATED FEED TO T-501
 11
435.0
 21
428.5
 31
0.0
100
AcDbText
  0
LWPOLYLINE
  5
407
330
17
100
AcDbEntity
  8
PROCESS
370
35
100
AcDbPolyline
 90
3
 70
0
 10
520.0
 20
572.0
 10
520.0
 20
650.0
 10
596.0
 20
650.0
  0
SOLID
  5
408
330
17
100
AcDbEntity
  8
PROCESS
100
AcDbTrace
 10
564.0
 20
650.0
 30
0.0
 11
554.0
 21
652.5
 31
0.0
 12
554.0
 22
647.5
 32
0.0
 13
554.0
 23
647.5
 33
0.0
  0
TEXT
  5
409
330
17
100
AcDbEntity
  8
TEXT
100
AcDbText
 10
526.0
 20
611.0
 30
0.0
 40
2.3
  1
500-OVHD-001 COLUMN OVERHEAD VAPOR
 11
526.0
 21
611.0
 31
0.0
100
AcDbText
  0
LWPOLYLINE
  5
40A
330
17
100
AcDbEntity
  8
PROCESS
370
35
100
AcDbPolyline
 90
2
 70
0
 10
704.0
 20
650.0
 10
774.0
 20
610.0
  0
SOLID
  5
40B
330
17
100
AcDbEntity
  8
PROCESS
100
AcDbTrace
 10
745.0
 20
630.0
 30
0.0
 11
735.0
 21
632.5
 31
0.0
 12
735.0
 22
627.5
 32
0.0
 13
735.0
 23
627.5
 33
0.0
  0
TEXT
  5
40C
330
17
100
AcDbEntity
  8
TEXT
100
AcDbText
 10
745.0
 20
630.0
 30
0.0
 40
2.3
  1
500-COND-001 CONDENSATE TO REFLUX DRUM
 11
745.0
 21
630.0
 31
0.0
100
AcDbText
  0
LWPOLYLINE
  5
40D
330
17
100
AcDbEntity
  8
PROCESS
370
35
100
AcDbPolyline
 90
3
 70
0
 10
906.0
 20
610.0
 10
1000.0
 20
610.0
 10
1093.0
 20
610.0
  0
SOLID
  5
40E
330
17
100
AcDbEntity
  8
PROCESS
100
AcDbTrace
 10
1052.5
 20
610.0
 30
0.0
 11
1042.5
 21
612.5
 31
0.0
 12
1042.5
 22
607.5
 32
0.0
 13
1042.5
 23
607.5
 33
0.0
  0
TEXT
  5
40F
330
17
100
AcDbEntity
  8
TEXT
100
AcDbText
 10
928.0
 20
616.0
 30
0.0
 40
2.3
  1
500-C2-PROD-001 C2 OVERHEAD PRODUCT
 11
928.0
 21
616.0
 31
0.0
100
AcDbText
  0
LWPOLYLINE
  5
410
330
17
100
AcDbEntity
  8
PROCESS
370
35
100
AcDbPolyline
 90
3
 70
0
 10
858.0
 20
571.0
 10
858.0
 20
545.0
 10
755.0
 20
545.0
  0
SOLID
  5
411
330
17
100
AcDbEntity
  8
PROCESS
100
AcDbTrace
 10
800.5
 20
545.0
 30
0.0
 11
810.5
 21
542.5
 31
0.0
 12
810.5
 22
547.5
 32
0.0
 13
810.5
 23
547.5
 33
0.0
  0
TEXT
  5
412
330
17
100
AcDbEntity
  8
TEXT
100
AcDbText
 10
781.5
 20
551.0
 30
0.0
 40
2.3
  1
500-RFLX-SUC-001 REFLUX PUMP SUCTION
 11
781.5
 21
551.0
 31
0.0
100
AcDbText
  0
LWPOLYLINE
  5
413
330
17
100
AcDbEntity
  8
PROCESS
370
25
100
AcDbPolyline
 90
3
 70
0
 10
755.0
 20
545.0
 10
755.0
 20
495.0
 10
788.0
 20
495.0
  0
TEXT
  5
414
330
17
100
AcDbEntity
  8
TEXT
100
AcDbText
 10
761.0
 20
520.0
 30
0.0
 40
2.3
  1
500-RFLX-SUC-001A REFLUX PUMP SUCTION
 11
761.0
 21
520.0
 31
0.0
100
AcDbText
  0
LWPOLYLINE
  5
415
330
17
100
AcDbEntity
  8
PROCESS
370
25
100
AcDbPolyline
 90
3
 70
0
 10
755.0
 20
545.0
 10
755.0
 20
450.0
 10
788.0
 20
450.0
  0
TEXT
  5
416
330
17
100
AcDbEntity
  8
TEXT
100
AcDbText
 10
761.0
 20
497.5
 30
0.0
 40
2.3
  1
500-RFLX-SUC-001B REFLUX PUMP SUCTION
 11
761.0
 21
497.5
 31
0.0
100
AcDbText
  0
LWPOLYLINE
  5
417
330
17
100
AcDbEntity
  8
PROCESS
370
25
100
AcDbPolyline
 90
3
 70
0
 10
852.0
 20
495.0
 10
900.0
 20
495.0
 10
900.0
 20
525.0
  0
TEXT
  5
418
330
17
100
AcDbEntity
  8
TEXT
100
AcDbText
 10
851.0
 20
501.0
 30
0.0
 40
2.3
  1
500-RFLX-DIS-001A REFLUX PUMP DISCHARGE
 11
851.0
 21
501.0
 31
0.0
100
AcDbText
  0
LWPOLYLINE
  5
419
330
17
100
AcDbEntity
  8
PROCESS
370
25
100
AcDbPolyline
 90
3
 70
0
 10
852.0
 20
450.0
 10
900.0
 20
450.0
 10
900.0
 20
525.0
  0
TEXT
  5
41A
330
17
100
AcDbEntity
  8
TEXT
100
AcDbText
 10
906.0
 20
487.5
 30
0.0
 40
2.3
  1
500-RFLX-DIS-001B REFLUX PUMP DISCHARGE
 11
906.0
 21
487.5
 31
0.0
100
AcDbText
  0
LWPOLYLINE
  5
41B
330
17
100
AcDbEntity
  8
PROCESS
370
35
100
AcDbPolyline
 90
4
 70
0
 10
900.0
 20
525.0
 10
690.0
 20
525.0
 10
690.0
 20
508.0
 10
572.0
 20
508.0
  0
SOLID
  5
41C
330
17
100
AcDbEntity
  8
PROCESS
100
AcDbTrace
 10
625.0
 20
508.0
 30
0.0
 11
635.0
 21
505.5
 31
0.0
 12
635.0
 22
510.5
 32
0.0
 13
635.0
 23
510.5
 33
0.0
  0
TEXT
  5
41D
330
17
100
AcDbEntity
  8
TEXT
100
AcDbText
 10
770.0
 20
531.0
 30
0.0
 40
2.3
  1
500-RFLX-001 REFLUX RETURN TO COLUMN
 11
770.0
 21
531.0
 31
0.0
100
AcDbText
  0
LWPOLYLINE
  5
41E
330
17
100
AcDbEntity
  8
PROCESS
370
25
100
AcDbPolyline
 90
3
 70
0
 10
820.0
 20
525.0
 10
820.0
 20
570.0
 10
774.0
 20
610.0
  0
TEXT
  5
41F
330
17
100
AcDbEntity
  8
TEXT
100
AcDbText
 10
803.0
 20
590.0
 30
0.0
 40
2.3
  1
500-RFLX-MIN-001 REFLUX MINIMUM FLOW RECYCLE
 11
803.0
 21
590.0
 31
0.0
100
AcDbText
  0
LWPOLYLINE
  5
420
330
17
100
AcDbEntity
  8
PROCESS
370
35
100
AcDbPolyline
 90
2
 70
0
 10
572.0
 20
348.0
 10
640.0
 20
305.0
  0
SOLID
  5
421
330
17
100
AcDbEntity
  8
PROCESS
100
AcDbTrace
 10
612.0
 20
326.5
 30
0.0
 11
602.0
 21
329.0
 31
0.0
 12
602.0
 22
324.0
 32
0.0
 13
602.0
 23
324.0
 33
0.0
  0
TEXT
  5
422
330
17
100
AcDbEntity
  8
TEXT
100
AcDbText
 10
612.0
 20
326.5
 30
0.0
 40
2.3
  1
500-RB-001 REBOILER LIQUID DRAW
 11
612.0
 21
326.5
 31
0.0
100
AcDbText
  0
LWPOLYLINE
  5
423
330
17
100
AcDbEntity
  8
PROCESS
370
35
100
AcDbPolyline
 90
2
 70
0
 10
640.0
 20
327.0
 10
572.0
 20
382.0
  0
SOLID
  5
424
330
17
100
AcDbEntity
  8
PROCESS
100
AcDbTrace
 10
600.0
 20
354.5
 30
0.0
 11
610.0
 21
352.0
 31
0.0
 12
610.0
 22
357.0
 32
0.0
 13
610.0
 23
357.0
 33
0.0
  0
TEXT
  5
425
330
17
100
AcDbEntity
  8
TEXT
100
AcDbText
 10
612.0
 20
354.5
 30
0.0
 40
2.3
  1
500-RB-002 REBOILER VAPOR RETURN
 11
612.0
 21
354.5
 31
0.0
100
AcDbText
  0
LWPOLYLINE
  5
426
330
17
100
AcDbEntity
  8
PROCESS
370
35
100
AcDbPolyline
 90
3
 70
0
 10
520.0
 20
288.0
 10
520.0
 20
240.0
 10
390.0
 20
240.0
  0
SOLID
  5
427
330
17
100
AcDbEntity
  8
PROCESS
100
AcDbTrace
 10
449.0
 20
240.0
 30
0.0
 11
459.0
 21
237.5
 31
0.0
 12
459.0
 22
242.5
 32
0.0
 13
459.0
 23
242.5
 33
0.0
  0
TEXT
  5
428
330
17
100
AcDbEntity
  8
TEXT
100
AcDbText
 10
430.0
 20
246.0
 30
0.0
 40
2.3
  1
500-BTM-SUC-001 COLUMN BOTTOMS TO PUMPS
 11
430.0
 21
246.0
 31
0.0
100
AcDbText
  0
LWPOLYLINE
  5
429
330
17
100
AcDbEntity
  8
PROCESS
370
25
100
AcDbPolyline
 90
3
 70
0
 10
390.0
 20
240.0
 10
390.0
 20
205.0
 10
438.0
 20
205.0
  0
TEXT
  5
42A
330
17
100
AcDbEntity
  8
TEXT
100
AcDbText
 10
389.0
 20
211.0
 30
0.0
 40
2.3
  1
500-BTM-SUC-001A BOTTOMS PUMP SUCTION
 11
389.0
 21
211.0
 31
0.0
100
AcDbText
  0
LWPOLYLINE
  5
42B
330
17
100
AcDbEntity
  8
PROCESS
370
25
100
AcDbPolyline
 90
3
 70
0
 10
390.0
 20
240.0
 10
390.0
 20
160.0
 10
438.0
 20
160.0
  0
TEXT
  5
42C
330
17
100
AcDbEntity
  8
TEXT
100
AcDbText
 10
396.0
 20
200.0
 30
0.0
 40
2.3
  1
500-BTM-SUC-001B BOTTOMS PUMP SUCTION
 11
396.0
 21
200.0
 31
0.0
100
AcDbText
  0
LWPOLYLINE
  5
42D
330
17
100
AcDbEntity
  8
PROCESS
370
25
100
AcDbPolyline
 90
3
 70
0
 10
502.0
 20
205.0
 10
555.0
 20
205.0
 10
555.0
 20
268.0
  0
TEXT
  5
42E
330
17
100
AcDbEntity
  8
TEXT
100
AcDbText
 10
561.0
 20
236.5
 30
0.0
 40
2.3
  1
500-BTM-DIS-001A BOTTOMS PUMP DISCHARGE
 11
561.0
 21
236.5
 31
0.0
100
AcDbText
  0
LWPOLYLINE
  5
42F
330
17
100
AcDbEntity
  8
PROCESS
370
25
100
AcDbPolyline
 90
3
 70
0
 10
502.0
 20
160.0
 10
555.0
 20
160.0
 10
555.0
 20
268.0
  0
TEXT
  5
430
330
17
100
AcDbEntity
  8
TEXT
100
AcDbText
 10
561.0
 20
214.0
 30
0.0
 40
2.3
  1
500-BTM-DIS-001B BOTTOMS PUMP DISCHARGE
 11
561.0
 21
214.0
 31
0.0
100
AcDbText
  0
LWPOLYLINE
  5
431
330
17
100
AcDbEntity
  8
PROCESS
370
35
100
AcDbPolyline
 90
3
 70
0
 10
555.0
 20
268.0
 10
390.0
 20
268.0
 10
354.0
 20
408.0
  0
SOLID
  5
432
330
17
100
AcDbEntity
  8
PROCESS
100
AcDbTrace
 10
372.0
 20
344.0
 30
0.0
 11
369.5
 21
334.0
 31
0.0
 12
374.5
 22
334.0
 32
0.0
 13
374.5
 23
334.0
 33
0.0
  0
TEXT
  5
433
330
17
100
AcDbEntity
  8
TEXT
100
AcDbText
 10
378.0
 20
338.0
 30
0.0
 40
2.3
  1
500-C3PLUS-001 HOT C3+ BOTTOMS TO E-503
 11
378.0
 21
338.0
 31
0.0
100
AcDbText
  0
LWPOLYLINE
  5
434
330
17
100
AcDbEntity
  8
PROCESS
370
35
100
AcDbPolyline
 90
3
 70
0
 10
246.0
 20
408.0
 10
170.0
 20
268.0
 10
107.0
 20
268.0
  0
SOLID
  5
435
330
17
100
AcDbEntity
  8
PROCESS
100
AcDbTrace
 10
132.5
 20
268.0
 30
0.0
 11
142.5
 21
265.5
 31
0.0
 12
142.5
 22
270.5
 32
0.0
 13
142.5
 23
270.5
 33
0.0
  0
TEXT
  5
436
330
17
100
AcDbEntity
  8
TEXT
100
AcDbText
 10
214.0
 20
338.0
 30
0.0
 40
2.3
  1
500-C3PLUS-002 C3+ BOTTOMS EXPORT
 11
214.0
 21
338.0
 31
0.0
100
AcDbText
  0
LWPOLYLINE
  5
437
330
17
100
AcDbEntity
  8
FLARE
370
25
100
AcDbPolyline
 90
4
 70
0
 10
488.0
 20
562.0
 10
430.0
 20
650.0
 10
430.0
 20
720.0
 10
1093.0
 20
735.0
  0
TEXT
  5
438
330
17
100
AcDbEntity
  8
TEXT
100
AcDbText
 10
767.5
 20
727.5
 30
0.0
 40
2.3
  1
500-FL-501A COLUMN RELIEF TO FLARE
 11
767.5
 21
727.5
 31
0.0
100
AcDbText
  0
LWPOLYLINE
  5
439
330
17
100
AcDbEntity
  8
FLARE
370
25
100
AcDbPolyline
 90
4
 70
0
 10
488.0
 20
562.0
 10
465.0
 20
650.0
 10
465.0
 20
720.0
 10
1093.0
 20
735.0
  0
TEXT
  5
43A
330
17
100
AcDbEntity
  8
TEXT
100
AcDbText
 10
785.0
 20
727.5
 30
0.0
 40
2.3
  1
500-FL-501B COLUMN RELIEF TO FLARE
 11
785.0
 21
727.5
 31
0.0
100
AcDbText
  0
LWPOLYLINE
  5
43B
330
17
100
AcDbEntity
  8
FLARE
370
25
100
AcDbPolyline
 90
3
 70
0
 10
816.0
 20
649.0
 10
820.0
 20
720.0
 10
1093.0
 20
735.0
  0
TEXT
  5
43C
330
17
100
AcDbEntity
  8
TEXT
100
AcDbText
 10
962.5
 20
727.5
 30
0.0
 40
2.3
  1
500-FL-502 REFLUX DRUM RELIEF TO FLARE
 11
962.5
 21
727.5
 31
0.0
100
AcDbText
  0
LWPOLYLINE
  5
43D
330
17
100
AcDbEntity
  8
FLARE
370
25
100
AcDbPolyline
 90
3
 70
0
 10
552.0
 20
562.0
 10
600.0
 20
735.0
 10
1093.0
 20
735.0
  0
TEXT
  5
43E
330
17
100
AcDbEntity
  8
TEXT
100
AcDbText
 10
821.5
 20
741.0
 30
0.0
 40
2.3
  1
500-VT-501 COLUMN VENT TO FLARE
 11
821.5
 21
741.0
 31
0.0
100
AcDbText
  0
LWPOLYLINE
  5
43F
330
17
100
AcDbEntity
  8
FLARE
370
25
100
AcDbPolyline
 90
3
 70
0
 10
840.0
 20
649.0
 10
840.0
 20
735.0
 10
1093.0
 20
735.0
  0
TEXT
  5
440
330
17
100
AcDbEntity
  8
TEXT
100
AcDbText
 10
941.5
 20
741.0
 30
0.0
 40
2.3
  1
500-VT-502 REFLUX DRUM VENT TO FLARE
 11
941.5
 21
741.0
 31
0.0
100
AcDbText
  0
LWPOLYLINE
  5
441
330
17
100
AcDbEntity
  8
DRAIN
370
25
100
AcDbPolyline
 90
3
 70
0
 10
552.0
 20
298.0
 10
720.0
 20
90.0
 10
1093.0
 20
90.0
  0
TEXT
  5
442
330
17
100
AcDbEntity
  8
TEXT
100
AcDbText
 10
642.0
 20
194.0
 30
0.0
 40
2.3
  1
500-CD-501 COLUMN CLOSED DRAIN
 11
642.0
 21
194.0
 31
0.0
100
AcDbText
  0
LWPOLYLINE
  5
443
330
17
100
AcDbEntity
  8
DRAIN
370
25
100
AcDbPolyline
 90
3
 70
0
 10
822.0
 20
571.0
 10
858.0
 20
90.0
 10
1093.0
 20
90.0
  0
TEXT
  5
444
330
17
100
AcDbEntity
  8
TEXT
100
AcDbText
 10
846.0
 20
330.5
 30
0.0
 40
2.3
  1
500-CD-502 REFLUX DRUM CLOSED DRAIN
 11
846.0
 21
330.5
 31
0.0
100
AcDbText
  0
LWPOLYLINE
  5
445
330
17
100
AcDbEntity
  8
DRAIN
370
25
100
AcDbPolyline
 90
3
 70
0
 10
734.0
 20
277.0
 10
734.0
 20
90.0
 10
1093.0
 20
90.0
  0
TEXT
  5
446
330
17
100
AcDbEntity
  8
TEXT
100
AcDbText
 10
888.5
 20
96.0
 30
0.0
 40
2.3
  1
500-CD-503 REBOILER DRAIN
 11
888.5
 21
96.0
 31
0.0
100
AcDbText
  0
LWPOLYLINE
  5
447
330
17
100
AcDbEntity
  8
DRAIN
370
25
100
AcDbPolyline
 90
3
 70
0
 10
680.0
 20
620.0
 10
680.0
 20
560.0
 10
1093.0
 20
560.0
  0
TEXT
  5
448
330
17
100
AcDbEntity
  8
TEXT
100
AcDbText
 10
861.5
 20
566.0
 30
0.0
 40
2.3
  1
500-CD-504 CONDENSER DRAIN
 11
861.5
 21
566.0
 31
0.0
100
AcDbText
  0
LWPOLYLINE
  5
449
330
17
100
AcDbEntity
  8
UTILITY
370
25
100
AcDbPolyline
 90
3
 70
0
 10
1093.0
 20
690.0
 10
700.0
 20
690.0
 10
668.0
 20
618.0
  0
TEXT
  5
44A
330
17
100
AcDbEntity
  8
TEXT
100
AcDbText
 10
871.5
 20
696.0
 30
0.0
 40
2.3
  1
500-CW-001 COOLING WATER SUPPLY
 11
871.5
 21
696.0
 31
0.0
100
AcDbText
  0
LWPOLYLINE
  5
44B
330
17
100
AcDbEntity
  8
UTILITY
370
25
100
AcDbPolyline
 90
3
 70
0
 10
632.0
 20
618.0
 10
700.0
 20
560.0
 10
1093.0
 20
560.0
  0
TEXT
  5
44C
330
17
100
AcDbEntity
  8
TEXT
100
AcDbText
 10
871.5
 20
566.0
 30
0.0
 40
2.3
  1
500-CW-002 COOLING WATER RETURN
 11
871.5
 21
566.0
 31
0.0
100
AcDbText
  0
LWPOLYLINE
  5
44D
330
17
100
AcDbEntity
  8
UTILITY
370
25
100
AcDbPolyline
 90
3
 70
0
 10
1093.0
 20
370.0
 10
720.0
 20
370.0
 10
720.0
 20
353.0
  0
TEXT
  5
44E
330
17
100
AcDbEntity
  8
TEXT
100
AcDbText
 10
881.5
 20
376.0
 30
0.0
 40
2.3
  1
500-HM-001 REBOILER HEATING MEDIUM SUPPLY
 11
881.5
 21
376.0
 31
0.0
100
AcDbText
  0
LWPOLYLINE
  5
44F
330
17
100
AcDbEntity
  8
UTILITY
370
25
100
AcDbPolyline
 90
3
 70
0
 10
680.0
 20
353.0
 10
720.0
 20
335.0
 10
1093.0
 20
335.0
  0
TEXT
  5
450
330
17
100
AcDbEntity
  8
TEXT
100
AcDbText
 10
881.5
 20
341.0
 30
0.0
 40
2.3
  1
500-HM-002 REBOILER HEATING MEDIUM RETURN
 11
881.5
 21
341.0
 31
0.0
100
AcDbText
  0
LWPOLYLINE
  5
451
330
17
100
AcDbEntity
  8
VALVES
100
AcDbPolyline
 90
4
 70
0
 10
153.5
 20
389.0
 10
163.5
 20
392.0
 10
153.5
 20
395.0
 10
153.5
 20
389.0
  0
LWPOLYLINE
  5
452
330
17
100
AcDbEntity
  8
VALVES
100
AcDbPolyline
 90
4
 70
0
 10
173.5
 20
389.0
 10
163.5
 20
392.0
 10
173.5
 20
395.0
 10
173.5
 20
389.0
  0
LINE
  5
453
330
17
100
AcDbEntity
  8
INSTRUMENT
100
AcDbLine
 10
163.5
 20
395.0
 30
0.0
 11
163.5
 21
407.0
 31
0.0
  0
TEXT
  5
454
330
17
100
AcDbEntity
  8
TEXT
100
AcDbText
 10
155.5
 20
402.0
 30
0.0
 40
2.5
  1
XV-501
 11
155.5
 21
402.0
 31
0.0
100
AcDbText
  0
TEXT
  5
455
330
17
100
AcDbEntity
  8
TEXT
100
AcDbText
 10
155.5
 20
394.0
 30
0.0
 40
2.0
  1
FC
 11
155.5
 21
394.0
 31
0.0
100
AcDbText
  0
LWPOLYLINE
  5
456
330
17
100
AcDbEntity
  8
VALVES
100
AcDbPolyline
 90
4
 70
0
 10
419.0
 20
425.5
 10
429.0
 20
428.5
 10
419.0
 20
431.5
 10
419.0
 20
425.5
  0
LWPOLYLINE
  5
457
330
17
100
AcDbEntity
  8
VALVES
100
AcDbPolyline
 90
4
 70
0
 10
439.0
 20
425.5
 10
429.0
 20
428.5
 10
439.0
 20
431.5
 10
439.0
 20
425.5
  0
LINE
  5
458
330
17
100
AcDbEntity
  8
INSTRUMENT
100
AcDbLine
 10
429.0
 20
431.5
 30
0.0
 11
429.0
 21
443.5
 31
0.0
  0
TEXT
  5
459
330
17
100
AcDbEntity
  8
TEXT
100
AcDbText
 10
421.0
 20
438.5
 30
0.0
 40
2.5
  1
FV-501
 11
421.0
 21
438.5
 31
0.0
100
AcDbText
  0
TEXT
  5
45A
330
17
100
AcDbEntity
  8
TEXT
100
AcDbText
 10
421.0
 20
430.5
 30
0.0
 40
2.0
  1
FC
 11
421.0
 21
430.5
 31
0.0
100
AcDbText
  0
LWPOLYLINE
  5
45B
330
17
100
AcDbEntity
  8
VALVES
100
AcDbPolyline
 90
4
 70
0
 10
510.0
 20
608.0
 10
520.0
 20
611.0
 10
510.0
 20
614.0
 10
510.0
 20
608.0
  0
LWPOLYLINE
  5
45C
330
17
100
AcDbEntity
  8
VALVES
100
AcDbPolyline
 90
4
 70
0
 10
530.0
 20
608.0
 10
520.0
 20
611.0
 10
530.0
 20
614.0
 10
530.0
 20
608.0
  0
TEXT
  5
45D
330
17
100
AcDbEntity
  8
TEXT
100
AcDbText
 10
512.0
 20
621.0
 30
0.0
 40
2.5
  1
HV-501
 11
512.0
 21
621.0
 31
0.0
100
AcDbText
  0
LWPOLYLINE
  5
45E
330
17
100
AcDbEntity
  8
VALVES
100
AcDbPolyline
 90
4
 70
0
 10
510.0
 20
608.0
 10
520.0
 20
611.0
 10
510.0
 20
614.0
 10
510.0
 20
608.0
  0
LWPOLYLINE
  5
45F
330
17
100
AcDbEntity
  8
VALVES
100
AcDbPolyline
 90
4
 70
0
 10
530.0
 20
608.0
 10
520.0
 20
611.0
 10
530.0
 20
614.0
 10
530.0
 20
608.0
  0
LINE
  5
460
330
17
100
AcDbEntity
  8
INSTRUMENT
100
AcDbLine
 10
520.0
 20
614.0
 30
0.0
 11
520.0
 21
626.0
 31
0.0
  0
TEXT
  5
461
330
17
100
AcDbEntity
  8
TEXT
100
AcDbText
 10
512.0
 20
621.0
 30
0.0
 40
2.5
  1
PV-501
 11
512.0
 21
621.0
 31
0.0
100
AcDbText
  0
TEXT
  5
462
330
17
100
AcDbEntity
  8
TEXT
100
AcDbText
 10
512.0
 20
613.0
 30
0.0
 40
2.0
  1
FO
 11
512.0
 21
613.0
 31
0.0
100
AcDbText
  0
LWPOLYLINE
  5
463
330
17
100
AcDbEntity
  8
VALVES
100
AcDbPolyline
 90
4
 70
0
 10
729.0
 20
627.0
 10
739.0
 20
630.0
 10
729.0
 20
633.0
 10
729.0
 20
627.0
  0
LWPOLYLINE
  5
464
330
17
100
AcDbEntity
  8
VALVES
100
AcDbPolyline
 90
4
 70
0
 10
749.0
 20
627.0
 10
739.0
 20
630.0
 10
749.0
 20
633.0
 10
749.0
 20
627.0
  0
TEXT
  5
465
330
17
100
AcDbEntity
  8
TEXT
100
AcDbText
 10
731.0
 20
640.0
 30
0.0
 40
2.5
  1
HV-502
 11
731.0
 21
640.0
 31
0.0
100
AcDbText
  0
LWPOLYLINE
  5
466
330
17
100
AcDbEntity
  8
VALVES
100
AcDbPolyline
 90
4
 70
0
 10
943.0
 20
607.0
 10
953.0
 20
610.0
 10
943.0
 20
613.0
 10
943.0
 20
607.0
  0
LWPOLYLINE
  5
467
330
17
100
AcDbEntity
  8
VALVES
100
AcDbPolyline
 90
4
 70
0
 10
963.0
 20
607.0
 10
953.0
 20
610.0
 10
963.0
 20
613.0
 10
963.0
 20
607.0
  0
LINE
  5
468
330
17
100
AcDbEntity
  8
INSTRUMENT
100
AcDbLine
 10
953.0
 20
613.0
 30
0.0
 11
953.0
 21
625.0
 31
0.0
  0
TEXT
  5
469
330
17
100
AcDbEntity
  8
TEXT
100
AcDbText
 10
945.0
 20
620.0
 30
0.0
 40
2.5
  1
LV-501
 11
945.0
 21
620.0
 31
0.0
100
AcDbText
  0
TEXT
  5
46A
330
17
100
AcDbEntity
  8
TEXT
100
AcDbText
 10
945.0
 20
612.0
 30
0.0
 40
2.0
  1
FC
 11
945.0
 21
612.0
 31
0.0
100
AcDbText
  0
LWPOLYLINE
  5
46B
330
17
100
AcDbEntity
  8
VALVES
100
AcDbPolyline
 90
4
 70
0
 10
943.0
 20
607.0
 10
953.0
 20
610.0
 10
943.0
 20
613.0
 10
943.0
 20
607.0
  0
LWPOLYLINE
  5
46C
330
17
100
AcDbEntity
  8
VALVES
100
AcDbPolyline
 90
4
 70
0
 10
963.0
 20
607.0
 10
953.0
 20
610.0
 10
963.0
 20
613.0
 10
963.0
 20
607.0
  0
TEXT
  5
46D
330
17
100
AcDbEntity
  8
TEXT
100
AcDbText
 10
945.0
 20
620.0
 30
0.0
 40
2.5
  1
HV-503
 11
945.0
 21
620.0
 31
0.0
100
AcDbText
  0
LWPOLYLINE
  5
46E
330
17
100
AcDbEntity
  8
VALVES
100
AcDbPolyline
 90
4
 70
0
 10
745.0
 20
517.0
 10
755.0
 20
520.0
 10
745.0
 20
523.0
 10
745.0
 20
517.0
  0
LWPOLYLINE
  5
46F
330
17
100
AcDbEntity
  8
VALVES
100
AcDbPolyline
 90
4
 70
0
 10
765.0
 20
517.0
 10
755.0
 20
520.0
 10
765.0
 20
523.0
 10
765.0
 20
517.0
  0
TEXT
  5
470
330
17
100
AcDbEntity
  8
TEXT
100
AcDbText
 10
747.0
 20
530.0
 30
0.0
 40
2.5
  1
HV-504A
 11
747.0
 21
530.0
 31
0.0
100
AcDbText
  0
LWPOLYLINE
  5
471
330
17
100
AcDbEntity
  8
VALVES
100
AcDbPolyline
 90
4
 70
0
 10
745.0
 20
494.5
 10
755.0
 20
497.5
 10
745.0
 20
500.5
 10
745.0
 20
494.5
  0
LWPOLYLINE
  5
472
330
17
100
AcDbEntity
  8
VALVES
100
AcDbPolyline
 90
4
 70
0
 10
765.0
 20
494.5
 10
755.0
 20
497.5
 10
765.0
 20
500.5
 10
765.0
 20
494.5
  0
TEXT
  5
473
330
17
100
AcDbEntity
  8
TEXT
100
AcDbText
 10
747.0
 20
507.5
 30
0.0
 40
2.5
  1
HV-504B
 11
747.0
 21
507.5
 31
0.0
100
AcDbText
  0
LWPOLYLINE
  5
474
330
17
100
AcDbEntity
  8
VALVES
100
AcDbPolyline
 90
4
 70
0
 10
866.0
 20
492.0
 10
876.0
 20
495.0
 10
866.0
 20
498.0
 10
866.0
 20
492.0
  0
LWPOLYLINE
  5
475
330
17
100
AcDbEntity
  8
VALVES
100
AcDbPolyline
 90
4
 70
0
 10
886.0
 20
492.0
 10
876.0
 20
495.0
 10
886.0
 20
498.0
 10
886.0
 20
492.0
  0
TEXT
  5
476
330
17
100
AcDbEntity
  8
TEXT
100
AcDbText
 10
868.0
 20
505.0
 30
0.0
 40
2.5
  1
NRV-501A
 11
868.0
 21
505.0
 31
0.0
100
AcDbText
  0
TEXT
  5
477
330
17
100
AcDbEntity
  8
TEXT
100
AcDbText
 10
868.0
 20
497.0
 30
0.0
 40
2.0
  1
non_return
 11
868.0
 21
497.0
 31
0.0
100
AcDbText
  0
LWPOLYLINE
  5
478
330
17
100
AcDbEntity
  8
VALVES
100
AcDbPolyline
 90
4
 70
0
 10
866.0
 20
492.0
 10
876.0
 20
495.0
 10
866.0
 20
498.0
 10
866.0
 20
492.0
  0
LWPOLYLINE
  5
479
330
17
100
AcDbEntity
  8
VALVES
100
AcDbPolyline
 90
4
 70
0
 10
886.0
 20
492.0
 10
876.0
 20
495.0
 10
886.0
 20
498.0
 10
886.0
 20
492.0
  0
TEXT
  5
47A
330
17
100
AcDbEntity
  8
TEXT
100
AcDbText
 10
868.0
 20
505.0
 30
0.0
 40
2.5
  1
HV-505A
 11
868.0
 21
505.0
 31
0.0
100
AcDbText
  0
LWPOLYLINE
  5
47B
330
17
100
AcDbEntity
  8
VALVES
100
AcDbPolyline
 90
4
 70
0
 10
890.0
 20
484.5
 10
900.0
 20
487.5
 10
890.0
 20
490.5
 10
890.0
 20
484.5
  0
LWPOLYLINE
  5
47C
330
17
100
AcDbEntity
  8
VALVES
100
AcDbPolyline
 90
4
 70
0
 10
910.0
 20
484.5
 10
900.0
 20
487.5
 10
910.0
 20
490.5
 10
910.0
 20
484.5
  0
TEXT
  5
47D
330
17
100
AcDbEntity
  8
TEXT
100
AcDbText
 10
892.0
 20
497.5
 30
0.0
 40
2.5
  1
NRV-501B
 11
892.0
 21
497.5
 31
0.0
100
AcDbText
  0
TEXT
  5
47E
330
17
100
AcDbEntity
  8
TEXT
100
AcDbText
 10
892.0
 20
489.5
 30
0.0
 40
2.0
  1
non_return
 11
892.0
 21
489.5
 31
0.0
100
AcDbText
  0
LWPOLYLINE
  5
47F
330
17
100
AcDbEntity
  8
VALVES
100
AcDbPolyline
 90
4
 70
0
 10
890.0
 20
484.5
 10
900.0
 20
487.5
 10
890.0
 20
490.5
 10
890.0
 20
484.5
  0
LWPOLYLINE
  5
480
330
17
100
AcDbEntity
  8
VALVES
100
AcDbPolyline
 90
4
 70
0
 10
910.0
 20
484.5
 10
900.0
 20
487.5
 10
910.0
 20
490.5
 10
910.0
 20
484.5
  0
TEXT
  5
481
330
17
100
AcDbEntity
  8
TEXT
100
AcDbText
 10
892.0
 20
497.5
 30
0.0
 40
2.5
  1
HV-505B
 11
892.0
 21
497.5
 31
0.0
100
AcDbText
  0
LWPOLYLINE
  5
482
330
17
100
AcDbEntity
  8
VALVES
100
AcDbPolyline
 90
4
 70
0
 10
785.0
 20
522.0
 10
795.0
 20
525.0
 10
785.0
 20
528.0
 10
785.0
 20
522.0
  0
LWPOLYLINE
  5
483
330
17
100
AcDbEntity
  8
VALVES
100
AcDbPolyline
 90
4
 70
0
 10
805.0
 20
522.0
 10
795.0
 20
525.0
 10
805.0
 20
528.0
 10
805.0
 20
522.0
  0
LINE
  5
484
330
17
100
AcDbEntity
  8
INSTRUMENT
100
AcDbLine
 10
795.0
 20
528.0
 30
0.0
 11
795.0
 21
540.0
 31
0.0
  0
TEXT
  5
485
330
17
100
AcDbEntity
  8
TEXT
100
AcDbText
 10
787.0
 20
535.0
 30
0.0
 40
2.5
  1
FV-502
 11
787.0
 21
535.0
 31
0.0
100
AcDbText
  0
TEXT
  5
486
330
17
100
AcDbEntity
  8
TEXT
100
AcDbText
 10
787.0
 20
527.0
 30
0.0
 40
2.0
  1
FC
 11
787.0
 21
527.0
 31
0.0
100
AcDbText
  0
LWPOLYLINE
  5
487
330
17
100
AcDbEntity
  8
VALVES
100
AcDbPolyline
 90
4
 70
0
 10
794.0
 20
600.0
 10
797.0
 20
590.0
 10
800.0
 20
600.0
 10
794.0
 20
600.0
  0
LWPOLYLINE
  5
488
330
17
100
AcDbEntity
  8
VALVES
100
AcDbPolyline
 90
4
 70
0
 10
794.0
 20
580.0
 10
797.0
 20
590.0
 10
800.0
 20
580.0
 10
794.0
 20
580.0
  0
TEXT
  5
489
330
17
100
AcDbEntity
  8
TEXT
100
AcDbText
 10
805.0
 20
590.0
 30
0.0
 40
2.5
  1
HV-506
 11
805.0
 21
590.0
 31
0.0
100
AcDbText
  0
LWPOLYLINE
  5
48A
330
17
100
AcDbEntity
  8
VALVES
100
AcDbPolyline
 90
4
 70
0
 10
794.0
 20
600.0
 10
797.0
 20
590.0
 10
800.0
 20
600.0
 10
794.0
 20
600.0
  0
LWPOLYLINE
  5
48B
330
17
100
AcDbEntity
  8
VALVES
100
AcDbPolyline
 90
4
 70
0
 10
794.0
 20
580.0
 10
797.0
 20
590.0
 10
800.0
 20
580.0
 10
794.0
 20
580.0
  0
TEXT
  5
48C
330
17
100
AcDbEntity
  8
TEXT
100
AcDbText
 10
805.0
 20
590.0
 30
0.0
 40
2.5
  1
RO-501
 11
805.0
 21
590.0
 31
0.0
100
AcDbText
  0
LWPOLYLINE
  5
48D
330
17
100
AcDbEntity
  8
VALVES
100
AcDbPolyline
 90
4
 70
0
 10
596.0
 20
323.5
 10
606.0
 20
326.5
 10
596.0
 20
329.5
 10
596.0
 20
323.5
  0
LWPOLYLINE
  5
48E
330
17
100
AcDbEntity
  8
VALVES
100
AcDbPolyline
 90
4
 70
0
 10
616.0
 20
323.5
 10
606.0
 20
326.5
 10
616.0
 20
329.5
 10
616.0
 20
323.5
  0
TEXT
  5
48F
330
17
100
AcDbEntity
  8
TEXT
100
AcDbText
 10
598.0
 20
336.5
 30
0.0
 40
2.5
  1
HV-507
 11
598.0
 21
336.5
 31
0.0
100
AcDbText
  0
LWPOLYLINE
  5
490
330
17
100
AcDbEntity
  8
VALVES
100
AcDbPolyline
 90
4
 70
0
 10
596.0
 20
351.5
 10
606.0
 20
354.5
 10
596.0
 20
357.5
 10
596.0
 20
351.5
  0
LWPOLYLINE
  5
491
330
17
100
AcDbEntity
  8
VALVES
100
AcDbPolyline
 90
4
 70
0
 10
616.0
 20
351.5
 10
606.0
 20
354.5
 10
616.0
 20
357.5
 10
616.0
 20
351.5
  0
TEXT
  5
492
330
17
100
AcDbEntity
  8
TEXT
100
AcDbText
 10
598.0
 20
364.5
 30
0.0
 40
2.5
  1
HV-508
 11
598.0
 21
364.5
 31
0.0
100
AcDbText
  0
LWPOLYLINE
  5
493
330
17
100
AcDbEntity
  8
VALVES
100
AcDbPolyline
 90
4
 70
0
 10
896.5
 20
367.0
 10
906.5
 20
370.0
 10
896.5
 20
373.0
 10
896.5
 20
367.0
  0
LWPOLYLINE
  5
494
330
17
100
AcDbEntity
  8
VALVES
100
AcDbPolyline
 90
4
 70
0
 10
916.5
 20
367.0
 10
906.5
 20
370.0
 10
916.5
 20
373.0
 10
916.5
 20
367.0
  0
LINE
  5
495
330
17
100
AcDbEntity
  8
INSTRUMENT
100
AcDbLine
 10
906.5
 20
373.0
 30
0.0
 11
906.5
 21
385.0
 31
0.0
  0
TEXT
  5
496
330
17
100
AcDbEntity
  8
TEXT
100
AcDbText
 10
898.5
 20
380.0
 30
0.0
 40
2.5
  1
TV-501
 11
898.5
 21
380.0
 31
0.0
100
AcDbText
  0
TEXT
  5
497
330
17
100
AcDbEntity
  8
TEXT
100
AcDbText
 10
898.5
 20
372.0
 30
0.0
 40
2.0
  1
FC
 11
898.5
 21
372.0
 31
0.0
100
AcDbText
  0
LWPOLYLINE
  5
498
330
17
100
AcDbEntity
  8
VALVES
100
AcDbPolyline
 90
4
 70
0
 10
896.5
 20
367.0
 10
906.5
 20
370.0
 10
896.5
 20
373.0
 10
896.5
 20
367.0
  0
LWPOLYLINE
  5
499
330
17
100
AcDbEntity
  8
VALVES
100
AcDbPolyline
 90
4
 70
0
 10
916.5
 20
367.0
 10
906.5
 20
370.0
 10
916.5
 20
373.0
 10
916.5
 20
367.0
  0
TEXT
  5
49A
330
17
100
AcDbEntity
  8
TEXT
100
AcDbText
 10
898.5
 20
380.0
 30
0.0
 40
2.5
  1
HV-509
 11
898.5
 21
380.0
 31
0.0
100
AcDbText
  0
LWPOLYLINE
  5
49B
330
17
100
AcDbEntity
  8
VALVES
100
AcDbPolyline
 90
4
 70
0
 10
896.5
 20
332.0
 10
906.5
 20
335.0
 10
896.5
 20
338.0
 10
896.5
 20
332.0
  0
LWPOLYLINE
  5
49C
330
17
100
AcDbEntity
  8
VALVES
100
AcDbPolyline
 90
4
 70
0
 10
916.5
 20
332.0
 10
906.5
 20
335.0
 10
916.5
 20
338.0
 10
916.5
 20
332.0
  0
TEXT
  5
49D
330
17
100
AcDbEntity
  8
TEXT
100
AcDbText
 10
898.5
 20
345.0
 30
0.0
 40
2.5
  1
HV-510
 11
898.5
 21
345.0
 31
0.0
100
AcDbText
  0
LWPOLYLINE
  5
49E
330
17
100
AcDbEntity
  8
VALVES
100
AcDbPolyline
 90
4
 70
0
 10
404.0
 20
202.0
 10
414.0
 20
205.0
 10
404.0
 20
208.0
 10
404.0
 20
202.0
  0
LWPOLYLINE
  5
49F
330
17
100
AcDbEntity
  8
VALVES
100
AcDbPolyline
 90
4
 70
0
 10
424.0
 20
202.0
 10
414.0
 20
205.0
 10
424.0
 20
208.0
 10
424.0
 20
202.0
  0
TEXT
  5
4A0
330
17
100
AcDbEntity
  8
TEXT
100
AcDbText
 10
406.0
 20
215.0
 30
0.0
 40
2.5
  1
HV-511A
 11
406.0
 21
215.0
 31
0.0
100
AcDbText
  0
LWPOLYLINE
  5
4A1
330
17
100
AcDbEntity
  8
VALVES
100
AcDbPolyline
 90
4
 70
0
 10
380.0
 20
197.0
 10
390.0
 20
200.0
 10
380.0
 20
203.0
 10
380.0
 20
197.0
  0
LWPOLYLINE
  5
4A2
330
17
100
AcDbEntity
  8
VALVES
100
AcDbPolyline
 90
4
 70
0
 10
400.0
 20
197.0
 10
390.0
 20
200.0
 10
400.0
 20
203.0
 10
400.0
 20
197.0
  0
TEXT
  5
4A3
330
17
100
AcDbEntity
  8
TEXT
100
AcDbText
 10
382.0
 20
210.0
 30
0.0
 40
2.5
  1
HV-511B
 11
382.0
 21
210.0
 31
0.0
100
AcDbText
  0
LWPOLYLINE
  5
4A4
330
17
100
AcDbEntity
  8
VALVES
100
AcDbPolyline
 90
4
 70
0
 10
545.0
 20
233.5
 10
555.0
 20
236.5
 10
545.0
 20
239.5
 10
545.0
 20
233.5
  0
LWPOLYLINE
  5
4A5
330
17
100
AcDbEntity
  8
VALVES
100
AcDbPolyline
 90
4
 70
0
 10
565.0
 20
233.5
 10
555.0
 20
236.5
 10
565.0
 20
239.5
 10
565.0
 20
233.5
  0
TEXT
  5
4A6
330
17
100
AcDbEntity
  8
TEXT
100
AcDbText
 10
547.0
 20
246.5
 30
0.0
 40
2.5
  1
NRV-502A
 11
547.0
 21
246.5
 31
0.0
100
AcDbText
  0
TEXT
  5
4A7
330
17
100
AcDbEntity
  8
TEXT
100
AcDbText
 10
547.0
 20
238.5
 30
0.0
 40
2.0
  1
non_return
 11
547.0
 21
238.5
 31
0.0
100
AcDbText
  0
LWPOLYLINE
  5
4A8
330
17
100
AcDbEntity
  8
VALVES
100
AcDbPolyline
 90
4
 70
0
 10
545.0
 20
233.5
 10
555.0
 20
236.5
 10
545.0
 20
239.5
 10
545.0
 20
233.5
  0
LWPOLYLINE
  5
4A9
330
17
100
AcDbEntity
  8
VALVES
100
AcDbPolyline
 90
4
 70
0
 10
565.0
 20
233.5
 10
555.0
 20
236.5
 10
565.0
 20
239.5
 10
565.0
 20
233.5
  0
TEXT
  5
4AA
330
17
100
AcDbEntity
  8
TEXT
100
AcDbText
 10
547.0
 20
246.5
 30
0.0
 40
2.5
  1
HV-512A
 11
547.0
 21
246.5
 31
0.0
100
AcDbText
  0
LWPOLYLINE
  5
4AB
330
17
100
AcDbEntity
  8
VALVES
100
AcDbPolyline
 90
4
 70
0
 10
545.0
 20
211.0
 10
555.0
 20
214.0
 10
545.0
 20
217.0
 10
545.0
 20
211.0
  0
LWPOLYLINE
  5
4AC
330
17
100
AcDbEntity
  8
VALVES
100
AcDbPolyline
 90
4
 70
0
 10
565.0
 20
211.0
 10
555.0
 20
214.0
 10
565.0
 20
217.0
 10
565.0
 20
211.0
  0
TEXT
  5
4AD
330
17
100
AcDbEntity
  8
TEXT
100
AcDbText
 10
547.0
 20
224.0
 30
0.0
 40
2.5
  1
NRV-502B
 11
547.0
 21
224.0
 31
0.0
100
AcDbText
  0
TEXT
  5
4AE
330
17
100
AcDbEntity
  8
TEXT
100
AcDbText
 10
547.0
 20
216.0
 30
0.0
 40
2.0
  1
non_return
 11
547.0
 21
216.0
 31
0.0
100
AcDbText
  0
LWPOLYLINE
  5
4AF
330
17
100
AcDbEntity
  8
VALVES
100
AcDbPolyline
 90
4
 70
0
 10
545.0
 20
211.0
 10
555.0
 20
214.0
 10
545.0
 20
217.0
 10
545.0
 20
211.0
  0
LWPOLYLINE
  5
4B0
330
17
100
AcDbEntity
  8
VALVES
100
AcDbPolyline
 90
4
 70
0
 10
565.0
 20
211.0
 10
555.0
 20
214.0
 10
565.0
 20
217.0
 10
565.0
 20
211.0
  0
TEXT
  5
4B1
330
17
100
AcDbEntity
  8
TEXT
100
AcDbText
 10
547.0
 20
224.0
 30
0.0
 40
2.5
  1
HV-512B
 11
547.0
 21
224.0
 31
0.0
100
AcDbText
  0
LWPOLYLINE
  5
4B2
330
17
100
AcDbEntity
  8
VALVES
100
AcDbPolyline
 90
4
 70
0
 10
198.0
 20
335.0
 10
208.0
 20
338.0
 10
198.0
 20
341.0
 10
198.0
 20
335.0
  0
LWPOLYLINE
  5
4B3
330
17
100
AcDbEntity
  8
VALVES
100
AcDbPolyline
 90
4
 70
0
 10
218.0
 20
335.0
 10
208.0
 20
338.0
 10
218.0
 20
341.0
 10
218.0
 20
335.0
  0
LINE
  5
4B4
330
17
100
AcDbEntity
  8
INSTRUMENT
100
AcDbLine
 10
208.0
 20
341.0
 30
0.0
 11
208.0
 21
353.0
 31
0.0
  0
TEXT
  5
4B5
330
17
100
AcDbEntity
  8
TEXT
100
AcDbText
 10
200.0
 20
348.0
 30
0.0
 40
2.5
  1
LV-502
 11
200.0
 21
348.0
 31
0.0
100
AcDbText
  0
TEXT
  5
4B6
330
17
100
AcDbEntity
  8
TEXT
100
AcDbText
 10
200.0
 20
340.0
 30
0.0
 40
2.0
  1
FC
 11
200.0
 21
340.0
 31
0.0
100
AcDbText
  0
LWPOLYLINE
  5
4B7
330
17
100
AcDbEntity
  8
VALVES
100
AcDbPolyline
 90
4
 70
0
 10
886.5
 20
687.0
 10
896.5
 20
690.0
 10
886.5
 20
693.0
 10
886.5
 20
687.0
  0
LWPOLYLINE
  5
4B8
330
17
100
AcDbEntity
  8
VALVES
100
AcDbPolyline
 90
4
 70
0
 10
906.5
 20
687.0
 10
896.5
 20
690.0
 10
906.5
 20
693.0
 10
906.5
 20
687.0
  0
LINE
  5
4B9
330
17
100
AcDbEntity
  8
INSTRUMENT
100
AcDbLine
 10
896.5
 20
693.0
 30
0.0
 11
896.5
 21
705.0
 31
0.0
  0
TEXT
  5
4BA
330
17
100
AcDbEntity
  8
TEXT
100
AcDbText
 10
888.5
 20
700.0
 30
0.0
 40
2.5
  1
TV-502
 11
888.5
 21
700.0
 31
0.0
100
AcDbText
  0
TEXT
  5
4BB
330
17
100
AcDbEntity
  8
TEXT
100
AcDbText
 10
888.5
 20
692.0
 30
0.0
 40
2.0
  1
FO
 11
888.5
 21
692.0
 31
0.0
100
AcDbText
  0
LWPOLYLINE
  5
4BC
330
17
100
AcDbEntity
  8
VALVES
100
AcDbPolyline
 90
4
 70
0
 10
886.5
 20
687.0
 10
896.5
 20
690.0
 10
886.5
 20
693.0
 10
886.5
 20
687.0
  0
LWPOLYLINE
  5
4BD
330
17
100
AcDbEntity
  8
VALVES
100
AcDbPolyline
 90
4
 70
0
 10
906.5
 20
687.0
 10
896.5
 20
690.0
 10
906.5
 20
693.0
 10
906.5
 20
687.0
  0
TEXT
  5
4BE
330
17
100
AcDbEntity
  8
TEXT
100
AcDbText
 10
888.5
 20
700.0
 30
0.0
 40
2.5
  1
HV-513
 11
888.5
 21
700.0
 31
0.0
100
AcDbText
  0
LWPOLYLINE
  5
4BF
330
17
100
AcDbEntity
  8
VALVES
100
AcDbPolyline
 90
4
 70
0
 10
886.5
 20
557.0
 10
896.5
 20
560.0
 10
886.5
 20
563.0
 10
886.5
 20
557.0
  0
LWPOLYLINE
  5
4C0
330
17
100
AcDbEntity
  8
VALVES
100
AcDbPolyline
 90
4
 70
0
 10
906.5
 20
557.0
 10
896.5
 20
560.0
 10
906.5
 20
563.0
 10
906.5
 20
557.0
  0
TEXT
  5
4C1
330
17
100
AcDbEntity
  8
TEXT
100
AcDbText
 10
888.5
 20
570.0
 30
0.0
 40
2.5
  1
HV-514
 11
888.5
 21
570.0
 31
0.0
100
AcDbText
  0
LWPOLYLINE
  5
4C2
330
17
100
AcDbEntity
  8
VALVES
100
AcDbPolyline
 90
4
 70
0
 10
758.5
 20
737.5
 10
761.5
 20
727.5
 10
764.5
 20
737.5
 10
758.5
 20
737.5
  0
LWPOLYLINE
  5
4C3
330
17
100
AcDbEntity
  8
VALVES
100
AcDbPolyline
 90
4
 70
0
 10
758.5
 20
717.5
 10
761.5
 20
727.5
 10
764.5
 20
717.5
 10
758.5
 20
717.5
  0
LINE
  5
4C4
330
17
100
AcDbEntity
  8
INSTRUMENT
100
AcDbLine
 10
761.5
 20
730.5
 30
0.0
 11
761.5
 21
742.5
 31
0.0
  0
TEXT
  5
4C5
330
17
100
AcDbEntity
  8
TEXT
100
AcDbText
 10
769.5
 20
727.5
 30
0.0
 40
2.5
  1
PSV-501A
 11
769.5
 21
727.5
 31
0.0
100
AcDbText
  0
TEXT
  5
4C6
330
17
100
AcDbEntity
  8
TEXT
100
AcDbText
 10
769.5
 20
719.5
 30
0.0
 40
2.0
  1
relief_open
 11
769.5
 21
719.5
 31
0.0
100
AcDbText
  0
LWPOLYLINE
  5
4C7
330
17
100
AcDbEntity
  8
VALVES
100
AcDbPolyline
 90
4
 70
0
 10
776.0
 20
737.5
 10
779.0
 20
727.5
 10
782.0
 20
737.5
 10
776.0
 20
737.5
  0
LWPOLYLINE
  5
4C8
330
17
100
AcDbEntity
  8
VALVES
100
AcDbPolyline
 90
4
 70
0
 10
776.0
 20
717.5
 10
779.0
 20
727.5
 10
782.0
 20
717.5
 10
776.0
 20
717.5
  0
LINE
  5
4C9
330
17
100
AcDbEntity
  8
INSTRUMENT
100
AcDbLine
 10
779.0
 20
730.5
 30
0.0
 11
779.0
 21
742.5
 31
0.0
  0
TEXT
  5
4CA
330
17
100
AcDbEntity
  8
TEXT
100
AcDbText
 10
787.0
 20
727.5
 30
0.0
 40
2.5
  1
PSV-501B
 11
787.0
 21
727.5
 31
0.0
100
AcDbText
  0
TEXT
  5
4CB
330
17
100
AcDbEntity
  8
TEXT
100
AcDbText
 10
787.0
 20
719.5
 30
0.0
 40
2.0
  1
relief_open
 11
787.0
 21
719.5
 31
0.0
100
AcDbText
  0
LWPOLYLINE
  5
4CC
330
17
100
AcDbEntity
  8
VALVES
100
AcDbPolyline
 90
4
 70
0
 10
953.5
 20
737.5
 10
956.5
 20
727.5
 10
959.5
 20
737.5
 10
953.5
 20
737.5
  0
LWPOLYLINE
  5
4CD
330
17
100
AcDbEntity
  8
VALVES
100
AcDbPolyline
 90
4
 70
0
 10
953.5
 20
717.5
 10
956.5
 20
727.5
 10
959.5
 20
717.5
 10
953.5
 20
717.5
  0
LINE
  5
4CE
330
17
100
AcDbEntity
  8
INSTRUMENT
100
AcDbLine
 10
956.5
 20
730.5
 30
0.0
 11
956.5
 21
742.5
 31
0.0
  0
TEXT
  5
4CF
330
17
100
AcDbEntity
  8
TEXT
100
AcDbText
 10
964.5
 20
727.5
 30
0.0
 40
2.5
  1
PSV-502
 11
964.5
 21
727.5
 31
0.0
100
AcDbText
  0
TEXT
  5
4D0
330
17
100
AcDbEntity
  8
TEXT
100
AcDbText
 10
964.5
 20
719.5
 30
0.0
 40
2.0
  1
relief_open
 11
964.5
 21
719.5
 31
0.0
100
AcDbText
  0
LWPOLYLINE
  5
4D1
330
17
100
AcDbEntity
  8
VALVES
100
AcDbPolyline
 90
4
 70
0
 10
843.5
 20
745.0
 10
846.5
 20
735.0
 10
849.5
 20
745.0
 10
843.5
 20
745.0
  0
LWPOLYLINE
  5
4D2
330
17
100
AcDbEntity
  8
VALVES
100
AcDbPolyline
 90
4
 70
0
 10
843.5
 20
725.0
 10
846.5
 20
735.0
 10
849.5
 20
725.0
 10
843.5
 20
725.0
  0
TEXT
  5
4D3
330
17
100
AcDbEntity
  8
TEXT
100
AcDbText
 10
854.5
 20
735.0
 30
0.0
 40
2.5
  1
HV-515
 11
854.5
 21
735.0
 31
0.0
100
AcDbText
  0
LWPOLYLINE
  5
4D4
330
17
100
AcDbEntity
  8
VALVES
100
AcDbPolyline
 90
4
 70
0
 10
963.5
 20
745.0
 10
966.5
 20
735.0
 10
969.5
 20
745.0
 10
963.5
 20
745.0
  0
LWPOLYLINE
  5
4D5
330
17
100
AcDbEntity
  8
VALVES
100
AcDbPolyline
 90
4
 70
0
 10
963.5
 20
725.0
 10
966.5
 20
735.0
 10
969.5
 20
725.0
 10
963.5
 20
725.0
  0
TEXT
  5
4D6
330
17
100
AcDbEntity
  8
TEXT
100
AcDbText
 10
974.5
 20
735.0
 30
0.0
 40
2.5
  1
HV-516
 11
974.5
 21
735.0
 31
0.0
100
AcDbText
  0
LWPOLYLINE
  5
4D7
330
17
100
AcDbEntity
  8
VALVES
100
AcDbPolyline
 90
4
 70
0
 10
633.0
 20
204.0
 10
636.0
 20
194.0
 10
639.0
 20
204.0
 10
633.0
 20
204.0
  0
LWPOLYLINE
  5
4D8
330
17
100
AcDbEntity
  8
VALVES
100
AcDbPolyline
 90
4
 70
0
 10
633.0
 20
184.0
 10
636.0
 20
194.0
 10
639.0
 20
184.0
 10
633.0
 20
184.0
  0
TEXT
  5
4D9
330
17
100
AcDbEntity
  8
TEXT
100
AcDbText
 10
644.0
 20
194.0
 30
0.0
 40
2.5
  1
HV-517
 11
644.0
 21
194.0
 31
0.0
100
AcDbText
  0
LWPOLYLINE
  5
4DA
330
17
100
AcDbEntity
  8
VALVES
100
AcDbPolyline
 90
4
 70
0
 10
837.0
 20
340.5
 10
840.0
 20
330.5
 10
843.0
 20
340.5
 10
837.0
 20
340.5
  0
LWPOLYLINE
  5
4DB
330
17
100
AcDbEntity
  8
VALVES
100
AcDbPolyline
 90
4
 70
0
 10
837.0
 20
320.5
 10
840.0
 20
330.5
 10
843.0
 20
320.5
 10
837.0
 20
320.5
  0
TEXT
  5
4DC
330
17
100
AcDbEntity
  8
TEXT
100
AcDbText
 10
848.0
 20
330.5
 30
0.0
 40
2.5
  1
HV-518
 11
848.0
 21
330.5
 31
0.0
100
AcDbText
  0
LWPOLYLINE
  5
4DD
330
17
100
AcDbEntity
  8
VALVES
100
AcDbPolyline
 90
4
 70
0
 10
910.5
 20
100.0
 10
913.5
 20
90.0
 10
916.5
 20
100.0
 10
910.5
 20
100.0
  0
LWPOLYLINE
  5
4DE
330
17
100
AcDbEntity
  8
VALVES
100
AcDbPolyline
 90
4
 70
0
 10
910.5
 20
80.0
 10
913.5
 20
90.0
 10
916.5
 20
80.0
 10
910.5
 20
80.0
  0
TEXT
  5
4DF
330
17
100
AcDbEntity
  8
TEXT
100
AcDbText
 10
921.5
 20
90.0
 30
0.0
 40
2.5
  1
HV-519
 11
921.5
 21
90.0
 31
0.0
100
AcDbText
  0
LWPOLYLINE
  5
4E0
330
17
100
AcDbEntity
  8
VALVES
100
AcDbPolyline
 90
4
 70
0
 10
883.5
 20
570.0
 10
886.5
 20
560.0
 10
889.5
 20
570.0
 10
883.5
 20
570.0
  0
LWPOLYLINE
  5
4E1
330
17
100
AcDbEntity
  8
VALVES
100
AcDbPolyline
 90
4
 70
0
 10
883.5
 20
550.0
 10
886.5
 20
560.0
 10
889.5
 20
550.0
 10
883.5
 20
550.0
  0
TEXT
  5
4E2
330
17
100
AcDbEntity
  8
TEXT
100
AcDbText
 10
894.5
 20
560.0
 30
0.0
 40
2.5
  1
HV-520
 11
894.5
 21
560.0
 31
0.0
100
AcDbText
  0
CIRCLE
  5
4E3
330
17
100
AcDbEntity
  8
INSTRUMENT
100
AcDbCircle
 10
410.0
 20
535.0
 30
0.0
 40
6.0
  0
TEXT
  5
4E4
330
17
100
AcDbEntity
  8
TEXT
100
AcDbText
 10
404.6
 20
533.5
 30
0.0
 40
2.0
  1
PT-501
 11
404.6
 21
533.5
 31
0.0
100
AcDbText
  0
CIRCLE
  5
4E5
330
17
100
AcDbEntity
  8
INSTRUMENT
100
AcDbCircle
 10
410.0
 20
517.0
 30
0.0
 40
6.0
  0
TEXT
  5
4E6
330
17
100
AcDbEntity
  8
TEXT
100
AcDbText
 10
404.6
 20
515.5
 30
0.0
 40
2.0
  1
PI-501
 11
404.6
 21
515.5
 31
0.0
100
AcDbText
  0
CIRCLE
  5
4E7
330
17
100
AcDbEntity
  8
INSTRUMENT
100
AcDbCircle
 10
410.0
 20
499.0
 30
0.0
 40
6.0
  0
TEXT
  5
4E8
330
17
100
AcDbEntity
  8
TEXT
100
AcDbText
 10
402.8
 20
497.5
 30
0.0
 40
2.0
  1
DPIT-501
 11
402.8
 21
497.5
 31
0.0
100
AcDbText
  0
CIRCLE
  5
4E9
330
17
100
AcDbEntity
  8
INSTRUMENT
100
AcDbCircle
 10
410.0
 20
481.0
 30
0.0
 40
6.0
  0
LINE
  5
4EA
330
17
100
AcDbEntity
  8
INSTRUMENT
100
AcDbLine
 10
404.0
 20
481.0
 30
0.0
 11
416.0
 21
481.0
 31
0.0
  0
TEXT
  5
4EB
330
17
100
AcDbEntity
  8
TEXT
100
AcDbText
 10
403.7
 20
479.5
 30
0.0
 40
2.0
  1
PAH-501
 11
403.7
 21
479.5
 31
0.0
100
AcDbText
  0
CIRCLE
  5
4EC
330
17
100
AcDbEntity
  8
INSTRUMENT
100
AcDbCircle
 10
410.0
 20
463.0
 30
0.0
 40
6.0
  0
LINE
  5
4ED
330
17
100
AcDbEntity
  8
INSTRUMENT
100
AcDbLine
 10
404.0
 20
463.0
 30
0.0
 11
416.0
 21
463.0
 31
0.0
  0
TEXT
  5
4EE
330
17
100
AcDbEntity
  8
TEXT
100
AcDbText
 10
403.7
 20
461.5
 30
0.0
 40
2.0
  1
PAL-501
 11
403.7
 21
461.5
 31
0.0
100
AcDbText
  0
CIRCLE
  5
4EF
330
17
100
AcDbEntity
  8
INSTRUMENT
100
AcDbCircle
 10
405.0
 20
330.0
 30
0.0
 40
6.0
  0
TEXT
  5
4F0
330
17
100
AcDbEntity
  8
TEXT
100
AcDbText
 10
399.6
 20
328.5
 30
0.0
 40
2.0
  1
LT-502
 11
399.6
 21
328.5
 31
0.0
100
AcDbText
  0
CIRCLE
  5
4F1
330
17
100
AcDbEntity
  8
INSTRUMENT
100
AcDbCircle
 10
405.0
 20
312.0
 30
0.0
 40
6.0
  0
LINE
  5
4F2
330
17
100
AcDbEntity
  8
INSTRUMENT
100
AcDbLine
 10
399.0
 20
312.0
 30
0.0
 11
411.0
 21
312.0
 31
0.0
  0
TEXT
  5
4F3
330
17
100
AcDbEntity
  8
TEXT
100
AcDbText
 10
398.7
 20
310.5
 30
0.0
 40
2.0
  1
LIC-502
 11
398.7
 21
310.5
 31
0.0
100
AcDbText
  0
CIRCLE
  5
4F4
330
17
100
AcDbEntity
  8
INSTRUMENT
100
AcDbCircle
 10
405.0
 20
294.0
 30
0.0
 40
6.0
  0
LINE
  5
4F5
330
17
100
AcDbEntity
  8
INSTRUMENT
100
AcDbLine
 10
399.0
 20
294.0
 30
0.0
 11
411.0
 21
294.0
 31
0.0
  0
TEXT
  5
4F6
330
17
100
AcDbEntity
  8
TEXT
100
AcDbText
 10
398.7
 20
292.5
 30
0.0
 40
2.0
  1
LAH-502
 11
398.7
 21
292.5
 31
0.0
100
AcDbText
  0
CIRCLE
  5
4F7
330
17
100
AcDbEntity
  8
INSTRUMENT
100
AcDbCircle
 10
405.0
 20
276.0
 30
0.0
 40
6.0
  0
LINE
  5
4F8
330
17
100
AcDbEntity
  8
INSTRUMENT
100
AcDbLine
 10
399.0
 20
276.0
 30
0.0
 11
411.0
 21
276.0
 31
0.0
  0
TEXT
  5
4F9
330
17
100
AcDbEntity
  8
TEXT
100
AcDbText
 10
398.7
 20
274.5
 30
0.0
 40
2.0
  1
LAL-502
 11
398.7
 21
274.5
 31
0.0
100
AcDbText
  0
CIRCLE
  5
4FA
330
17
100
AcDbEntity
  8
INSTRUMENT
100
AcDbCircle
 10
405.0
 20
258.0
 30
0.0
 40
6.0
  0
TEXT
  5
4FB
330
17
100
AcDbEntity
  8
TEXT
100
AcDbText
 10
398.7
 20
256.5
 30
0.0
 40
2.0
  1
LSL-502
 11
398.7
 21
256.5
 31
0.0
100
AcDbText
  0
CIRCLE
  5
4FC
330
17
100
AcDbEntity
  8
INSTRUMENT
100
AcDbCircle
 10
615.0
 20
435.0
 30
0.0
 40
6.0
  0
TEXT
  5
4FD
330
17
100
AcDbEntity
  8
TEXT
100
AcDbText
 10
608.7
 20
433.5
 30
0.0
 40
2.0
  1
TT-501A
 11
608.7
 21
433.5
 31
0.0
100
AcDbText
  0
CIRCLE
  5
4FE
330
17
100
AcDbEntity
  8
INSTRUMENT
100
AcDbCircle
 10
615.0
 20
417.0
 30
0.0
 40
6.0
  0
TEXT
  5
4FF
330
17
100
AcDbEntity
  8
TEXT
100
AcDbText
 10
608.7
 20
415.5
 30
0.0
 40
2.0
  1
TI-501A
 11
608.7
 21
415.5
 31
0.0
100
AcDbText
  0
CIRCLE
  5
500
330
17
100
AcDbEntity
  8
INSTRUMENT
100
AcDbCircle
 10
615.0
 20
399.0
 30
0.0
 40
6.0
  0
TEXT
  5
501
330
17
100
AcDbEntity
  8
TEXT
100
AcDbText
 10
608.7
 20
397.5
 30
0.0
 40
2.0
  1
TT-501B
 11
608.7
 21
397.5
 31
0.0
100
AcDbText
  0
CIRCLE
  5
502
330
17
100
AcDbEntity
  8
INSTRUMENT
100
AcDbCircle
 10
615.0
 20
381.0
 30
0.0
 40
6.0
  0
LINE
  5
503
330
17
100
AcDbEntity
  8
INSTRUMENT
100
AcDbLine
 10
609.0
 20
381.0
 30
0.0
 11
621.0
 21
381.0
 31
0.0
  0
TEXT
  5
504
330
17
100
AcDbEntity
  8
TEXT
100
AcDbText
 10
608.7
 20
379.5
 30
0.0
 40
2.0
  1
TIC-501
 11
608.7
 21
379.5
 31
0.0
100
AcDbText
  0
CIRCLE
  5
505
330
17
100
AcDbEntity
  8
INSTRUMENT
100
AcDbCircle
 10
615.0
 20
363.0
 30
0.0
 40
6.0
  0
TEXT
  5
506
330
17
100
AcDbEntity
  8
TEXT
100
AcDbText
 10
608.7
 20
361.5
 30
0.0
 40
2.0
  1
TT-501C
 11
608.7
 21
361.5
 31
0.0
100
AcDbText
  0
CIRCLE
  5
507
330
17
100
AcDbEntity
  8
INSTRUMENT
100
AcDbCircle
 10
615.0
 20
345.0
 30
0.0
 40
6.0
  0
TEXT
  5
508
330
17
100
AcDbEntity
  8
TEXT
100
AcDbText
 10
608.7
 20
343.5
 30
0.0
 40
2.0
  1
TI-501C
 11
608.7
 21
343.5
 31
0.0
100
AcDbText
  0
CIRCLE
  5
509
330
17
100
AcDbEntity
  8
INSTRUMENT
100
AcDbCircle
 10
615.0
 20
327.0
 30
0.0
 40
6.0
  0
LINE
  5
50A
330
17
100
AcDbEntity
  8
INSTRUMENT
100
AcDbLine
 10
609.0
 20
327.0
 30
0.0
 11
621.0
 21
327.0
 31
0.0
  0
TEXT
  5
50B
330
17
100
AcDbEntity
  8
TEXT
100
AcDbText
 10
608.7
 20
325.5
 30
0.0
 40
2.0
  1
TAH-501
 11
608.7
 21
325.5
 31
0.0
100
AcDbText
  0
CIRCLE
  5
50C
330
17
100
AcDbEntity
  8
INSTRUMENT
100
AcDbCircle
 10
615.0
 20
309.0
 30
0.0
 40
6.0
  0
LINE
  5
50D
330
17
100
AcDbEntity
  8
INSTRUMENT
100
AcDbLine
 10
609.0
 20
309.0
 30
0.0
 11
621.0
 21
309.0
 31
0.0
  0
TEXT
  5
50E
330
17
100
AcDbEntity
  8
TEXT
100
AcDbText
 10
608.7
 20
307.5
 30
0.0
 40
2.0
  1
TAL-501
 11
608.7
 21
307.5
 31
0.0
100
AcDbText
  0
CIRCLE
  5
50F
330
17
100
AcDbEntity
  8
INSTRUMENT
100
AcDbCircle
 10
360.0
 20
460.0
 30
0.0
 40
6.0
  0
TEXT
  5
510
330
17
100
AcDbEntity
  8
TEXT
100
AcDbText
 10
354.6
 20
458.5
 30
0.0
 40
2.0
  1
FE-501
 11
354.6
 21
458.5
 31
0.0
100
AcDbText
  0
CIRCLE
  5
511
330
17
100
AcDbEntity
  8
INSTRUMENT
100
AcDbCircle
 10
388.0
 20
460.0
 30
0.0
 40
6.0
  0
TEXT
  5
512
330
17
100
AcDbEntity
  8
TEXT
100
AcDbText
 10
382.6
 20
458.5
 30
0.0
 40
2.0
  1
FT-501
 11
382.6
 21
458.5
 31
0.0
100
AcDbText
  0
CIRCLE
  5
513
330
17
100
AcDbEntity
  8
INSTRUMENT
100
AcDbCircle
 10
416.0
 20
460.0
 30
0.0
 40
6.0
  0
LINE
  5
514
330
17
100
AcDbEntity
  8
INSTRUMENT
100
AcDbLine
 10
410.0
 20
460.0
 30
0.0
 11
422.0
 21
460.0
 31
0.0
  0
TEXT
  5
515
330
17
100
AcDbEntity
  8
TEXT
100
AcDbText
 10
409.7
 20
458.5
 30
0.0
 40
2.0
  1
FIC-501
 11
409.7
 21
458.5
 31
0.0
100
AcDbText
  0
CIRCLE
  5
516
330
17
100
AcDbEntity
  8
INSTRUMENT
100
AcDbCircle
 10
540.0
 20
710.0
 30
0.0
 40
6.0
  0
LINE
  5
517
330
17
100
AcDbEntity
  8
INSTRUMENT
100
AcDbLine
 10
534.0
 20
710.0
 30
0.0
 11
546.0
 21
710.0
 31
0.0
  0
TEXT
  5
518
330
17
100
AcDbEntity
  8
TEXT
100
AcDbText
 10
533.7
 20
708.5
 30
0.0
 40
2.0
  1
PIC-501
 11
533.7
 21
708.5
 31
0.0
100
AcDbText
  0
CIRCLE
  5
519
330
17
100
AcDbEntity
  8
INSTRUMENT
100
AcDbCircle
 10
568.0
 20
710.0
 30
0.0
 40
6.0
  0
TEXT
  5
51A
330
17
100
AcDbEntity
  8
TEXT
100
AcDbText
 10
560.8
 20
708.5
 30
0.0
 40
2.0
  1
PSHH-501
 11
560.8
 21
708.5
 31
0.0
100
AcDbText
  0
CIRCLE
  5
51B
330
17
100
AcDbEntity
  8
INSTRUMENT
100
AcDbCircle
 10
735.0
 20
610.0
 30
0.0
 40
6.0
  0
TEXT
  5
51C
330
17
100
AcDbEntity
  8
TEXT
100
AcDbText
 10
729.6
 20
608.5
 30
0.0
 40
2.0
  1
LT-501
 11
729.6
 21
608.5
 31
0.0
100
AcDbText
  0
CIRCLE
  5
51D
330
17
100
AcDbEntity
  8
INSTRUMENT
100
AcDbCircle
 10
735.0
 20
592.0
 30
0.0
 40
6.0
  0
LINE
  5
51E
330
17
100
AcDbEntity
  8
INSTRUMENT
100
AcDbLine
 10
729.0
 20
592.0
 30
0.0
 11
741.0
 21
592.0
 31
0.0
  0
TEXT
  5
51F
330
17
100
AcDbEntity
  8
TEXT
100
AcDbText
 10
728.7
 20
590.5
 30
0.0
 40
2.0
  1
LIC-501
 11
728.7
 21
590.5
 31
0.0
100
AcDbText
  0
CIRCLE
  5
520
330
17
100
AcDbEntity
  8
INSTRUMENT
100
AcDbCircle
 10
735.0
 20
574.0
 30
0.0
 40
6.0
  0
LINE
  5
521
330
17
100
AcDbEntity
  8
INSTRUMENT
100
AcDbLine
 10
729.0
 20
574.0
 30
0.0
 11
741.0
 21
574.0
 31
0.0
  0
TEXT
  5
522
330
17
100
AcDbEntity
  8
TEXT
100
AcDbText
 10
728.7
 20
572.5
 30
0.0
 40
2.0
  1
LAH-501
 11
728.7
 21
572.5
 31
0.0
100
AcDbText
  0
CIRCLE
  5
523
330
17
100
AcDbEntity
  8
INSTRUMENT
100
AcDbCircle
 10
735.0
 20
556.0
 30
0.0
 40
6.0
  0
LINE
  5
524
330
17
100
AcDbEntity
  8
INSTRUMENT
100
AcDbLine
 10
729.0
 20
556.0
 30
0.0
 11
741.0
 21
556.0
 31
0.0
  0
TEXT
  5
525
330
17
100
AcDbEntity
  8
TEXT
100
AcDbText
 10
728.7
 20
554.5
 30
0.0
 40
2.0
  1
LAL-501
 11
728.7
 21
554.5
 31
0.0
100
AcDbText
  0
CIRCLE
  5
526
330
17
100
AcDbEntity
  8
INSTRUMENT
100
AcDbCircle
 10
735.0
 20
538.0
 30
0.0
 40
6.0
  0
TEXT
  5
527
330
17
100
AcDbEntity
  8
TEXT
100
AcDbText
 10
727.8
 20
536.5
 30
0.0
 40
2.0
  1
LSHH-501
 11
727.8
 21
536.5
 31
0.0
100
AcDbText
  0
CIRCLE
  5
528
330
17
100
AcDbEntity
  8
INSTRUMENT
100
AcDbCircle
 10
735.0
 20
520.0
 30
0.0
 40
6.0
  0
TEXT
  5
529
330
17
100
AcDbEntity
  8
TEXT
100
AcDbText
 10
729.6
 20
518.5
 30
0.0
 40
2.0
  1
PT-502
 11
729.6
 21
518.5
 31
0.0
100
AcDbText
  0
CIRCLE
  5
52A
330
17
100
AcDbEntity
  8
INSTRUMENT
100
AcDbCircle
 10
735.0
 20
502.0
 30
0.0
 40
6.0
  0
TEXT
  5
52B
330
17
100
AcDbEntity
  8
TEXT
100
AcDbText
 10
729.6
 20
500.5
 30
0.0
 40
2.0
  1
PI-502
 11
729.6
 21
500.5
 31
0.0
100
AcDbText
  0
CIRCLE
  5
52C
330
17
100
AcDbEntity
  8
INSTRUMENT
100
AcDbCircle
 10
690.0
 20
525.0
 30
0.0
 40
6.0
  0
TEXT
  5
52D
330
17
100
AcDbEntity
  8
TEXT
100
AcDbText
 10
684.6
 20
523.5
 30
0.0
 40
2.0
  1
FE-502
 11
684.6
 21
523.5
 31
0.0
100
AcDbText
  0
CIRCLE
  5
52E
330
17
100
AcDbEntity
  8
INSTRUMENT
100
AcDbCircle
 10
718.0
 20
525.0
 30
0.0
 40
6.0
  0
TEXT
  5
52F
330
17
100
AcDbEntity
  8
TEXT
100
AcDbText
 10
712.6
 20
523.5
 30
0.0
 40
2.0
  1
FT-502
 11
712.6
 21
523.5
 31
0.0
100
AcDbText
  0
CIRCLE
  5
530
330
17
100
AcDbEntity
  8
INSTRUMENT
100
AcDbCircle
 10
746.0
 20
525.0
 30
0.0
 40
6.0
  0
LINE
  5
531
330
17
100
AcDbEntity
  8
INSTRUMENT
100
AcDbLine
 10
740.0
 20
525.0
 30
0.0
 11
752.0
 21
525.0
 31
0.0
  0
TEXT
  5
532
330
17
100
AcDbEntity
  8
TEXT
100
AcDbText
 10
739.7
 20
523.5
 30
0.0
 40
2.0
  1
FIC-502
 11
739.7
 21
523.5
 31
0.0
100
AcDbText
  0
CIRCLE
  5
533
330
17
100
AcDbEntity
  8
INSTRUMENT
100
AcDbCircle
 10
760.0
 20
370.0
 30
0.0
 40
6.0
  0
TEXT
  5
534
330
17
100
AcDbEntity
  8
TEXT
100
AcDbText
 10
754.6
 20
368.5
 30
0.0
 40
2.0
  1
TT-503
 11
754.6
 21
368.5
 31
0.0
100
AcDbText
  0
CIRCLE
  5
535
330
17
100
AcDbEntity
  8
INSTRUMENT
100
AcDbCircle
 10
760.0
 20
352.0
 30
0.0
 40
6.0
  0
TEXT
  5
536
330
17
100
AcDbEntity
  8
TEXT
100
AcDbText
 10
754.6
 20
350.5
 30
0.0
 40
2.0
  1
TI-503
 11
754.6
 21
350.5
 31
0.0
100
AcDbText
  0
CIRCLE
  5
537
330
17
100
AcDbEntity
  8
INSTRUMENT
100
AcDbCircle
 10
1010.0
 20
610.0
 30
0.0
 40
6.0
  0
TEXT
  5
538
330
17
100
AcDbEntity
  8
TEXT
100
AcDbText
 10
1003.7
 20
608.5
 30
0.0
 40
2.0
  1
AIT-501
 11
1003.7
 21
608.5
 31
0.0
100
AcDbText
  0
CIRCLE
  5
539
330
17
100
AcDbEntity
  8
INSTRUMENT
100
AcDbCircle
 10
1010.0
 20
592.0
 30
0.0
 40
6.0
  0
LINE
  5
53A
330
17
100
AcDbEntity
  8
INSTRUMENT
100
AcDbLine
 10
1004.0
 20
592.0
 30
0.0
 11
1016.0
 21
592.0
 31
0.0
  0
TEXT
  5
53B
330
17
100
AcDbEntity
  8
TEXT
100
AcDbText
 10
1003.7
 20
590.5
 30
0.0
 40
2.0
  1
AIC-501
 11
1003.7
 21
590.5
 31
0.0
100
AcDbText
  0
CIRCLE
  5
53C
330
17
100
AcDbEntity
  8
INSTRUMENT
100
AcDbCircle
 10
1010.0
 20
574.0
 30
0.0
 40
6.0
  0
TEXT
  5
53D
330
17
100
AcDbEntity
  8
TEXT
100
AcDbText
 10
1004.6
 20
572.5
 30
0.0
 40
2.0
  1
AS-501
 11
1004.6
 21
572.5
 31
0.0
100
AcDbText
  0
CIRCLE
  5
53E
330
17
100
AcDbEntity
  8
INSTRUMENT
100
AcDbCircle
 10
260.0
 20
260.0
 30
0.0
 40
6.0
  0
TEXT
  5
53F
330
17
100
AcDbEntity
  8
TEXT
100
AcDbText
 10
253.7
 20
258.5
 30
0.0
 40
2.0
  1
AIT-502
 11
253.7
 21
258.5
 31
0.0
100
AcDbText
  0
CIRCLE
  5
540
330
17
100
AcDbEntity
  8
INSTRUMENT
100
AcDbCircle
 10
260.0
 20
242.0
 30
0.0
 40
6.0
  0
LINE
  5
541
330
17
100
AcDbEntity
  8
INSTRUMENT
100
AcDbLine
 10
254.0
 20
242.0
 30
0.0
 11
266.0
 21
242.0
 31
0.0
  0
TEXT
  5
542
330
17
100
AcDbEntity
  8
TEXT
100
AcDbText
 10
253.7
 20
240.5
 30
0.0
 40
2.0
  1
AIC-502
 11
253.7
 21
240.5
 31
0.0
100
AcDbText
  0
CIRCLE
  5
543
330
17
100
AcDbEntity
  8
INSTRUMENT
100
AcDbCircle
 10
260.0
 20
224.0
 30
0.0
 40
6.0
  0
TEXT
  5
544
330
17
100
AcDbEntity
  8
TEXT
100
AcDbText
 10
254.6
 20
222.5
 30
0.0
 40
2.0
  1
AS-502
 11
254.6
 21
222.5
 31
0.0
100
AcDbText
  0
CIRCLE
  5
545
330
17
100
AcDbEntity
  8
INSTRUMENT
100
AcDbCircle
 10
710.0
 20
180.0
 30
0.0
 40
6.0
  0
TEXT
  5
546
330
17
100
AcDbEntity
  8
TEXT
100
AcDbText
 10
703.7
 20
178.5
 30
0.0
 40
2.0
  1
XS-501A
 11
703.7
 21
178.5
 31
0.0
100
AcDbText
  0
CIRCLE
  5
547
330
17
100
AcDbEntity
  8
INSTRUMENT
100
AcDbCircle
 10
738.0
 20
180.0
 30
0.0
 40
6.0
  0
TEXT
  5
548
330
17
100
AcDbEntity
  8
TEXT
100
AcDbText
 10
731.7
 20
178.5
 30
0.0
 40
2.0
  1
XS-501B
 11
731.7
 21
178.5
 31
0.0
100
AcDbText
  0
CIRCLE
  5
549
330
17
100
AcDbEntity
  8
INSTRUMENT
100
AcDbCircle
 10
766.0
 20
180.0
 30
0.0
 40
6.0
  0
TEXT
  5
54A
330
17
100
AcDbEntity
  8
TEXT
100
AcDbText
 10
759.7
 20
178.5
 30
0.0
 40
2.0
  1
XS-502A
 11
759.7
 21
178.5
 31
0.0
100
AcDbText
  0
CIRCLE
  5
54B
330
17
100
AcDbEntity
  8
INSTRUMENT
100
AcDbCircle
 10
794.0
 20
180.0
 30
0.0
 40
6.0
  0
TEXT
  5
54C
330
17
100
AcDbEntity
  8
TEXT
100
AcDbText
 10
787.7
 20
178.5
 30
0.0
 40
2.0
  1
XS-502B
 11
787.7
 21
178.5
 31
0.0
100
AcDbText
  0
CIRCLE
  5
54D
330
17
100
AcDbEntity
  8
INSTRUMENT
100
AcDbCircle
 10
210.0
 20
450.0
 30
0.0
 40
6.0
  0
TEXT
  5
54E
330
17
100
AcDbEntity
  8
TEXT
100
AcDbText
 10
203.7
 20
448.5
 30
0.0
 40
2.0
  1
ZSO-501
 11
203.7
 21
448.5
 31
0.0
100
AcDbText
  0
CIRCLE
  5
54F
330
17
100
AcDbEntity
  8
INSTRUMENT
100
AcDbCircle
 10
210.0
 20
432.0
 30
0.0
 40
6.0
  0
TEXT
  5
550
330
17
100
AcDbEntity
  8
TEXT
100
AcDbText
 10
203.7
 20
430.5
 30
0.0
 40
2.0
  1
ZSC-501
 11
203.7
 21
430.5
 31
0.0
100
AcDbText
  0
LWPOLYLINE
  5
551
330
17
100
AcDbEntity
  8
SIGNAL_ELECTRIC
  6
DASHED
370
18
100
AcDbPolyline
 90
4
 70
0
 10
418.0
 20
535.0
 10
385.0
 20
535.0
 10
385.0
 20
710.0
 10
532.0
 20
710.0
  0
LWPOLYLINE
  5
552
330
17
100
AcDbEntity
  8
SIGNAL_SOFTWARE
  6
DASHED
370
18
100
AcDbPolyline
 90
4
 70
0
 10
418.0
 20
535.0
 10
385.0
 20
535.0
 10
385.0
 20
481.0
 10
402.0
 20
481.0
  0
LWPOLYLINE
  5
553
330
17
100
AcDbEntity
  8
SIGNAL_SOFTWARE
  6
DASHED
370
18
100
AcDbPolyline
 90
4
 70
0
 10
418.0
 20
535.0
 10
385.0
 20
535.0
 10
385.0
 20
463.0
 10
402.0
 20
463.0
  0
LWPOLYLINE
  5
554
330
17
100
AcDbEntity
  8
SIGNAL_PNEUMATIC
  6
DASHED
370
18
100
AcDbPolyline
 90
4
 70
0
 10
548.0
 20
710.0
 10
548.0
 20
720.0
 10
520.0
 20
720.0
 10
520.0
 20
626.0
  0
LWPOLYLINE
  5
555
330
17
100
AcDbEntity
  8
SIGNAL_SIS
  6
DASHED
370
18
100
AcDbPolyline
 90
4
 70
0
 10
576.0
 20
710.0
 10
576.0
 20
735.0
 10
163.5
 20
735.0
 10
163.5
 20
407.0
  0
LWPOLYLINE
  5
556
330
17
100
AcDbEntity
  8
IMPULSE_LINE
  6
DOTTED
370
18
100
AcDbPolyline
 90
4
 70
0
 10
360.0
 20
452.0
 10
360.0
 20
485.0
 10
388.0
 20
485.0
 10
388.0
 20
452.0
  0
LWPOLYLINE
  5
557
330
17
100
AcDbEntity
  8
SIGNAL_ELECTRIC
  6
DASHED
370
18
100
AcDbPolyline
 90
4
 70
0
 10
396.0
 20
460.0
 10
396.0
 20
485.0
 10
408.0
 20
485.0
 10
408.0
 20
460.0
  0
LWPOLYLINE
  5
558
330
17
100
AcDbEntity
  8
SIGNAL_PNEUMATIC
  6
DASHED
370
18
100
AcDbPolyline
 90
4
 70
0
 10
424.0
 20
460.0
 10
424.0
 20
485.0
 10
429.0
 20
485.0
 10
429.0
 20
443.5
  0
LWPOLYLINE
  5
559
330
17
100
AcDbEntity
  8
SIGNAL_ELECTRIC
  6
DASHED
370
18
100
AcDbPolyline
 90
4
 70
0
 10
218.0
 20
450.0
 10
218.0
 20
485.0
 10
158.5
 20
485.0
 10
158.5
 20
407.0
  0
LWPOLYLINE
  5
55A
330
17
100
AcDbEntity
  8
SIGNAL_ELECTRIC
  6
DASHED
370
18
100
AcDbPolyline
 90
4
 70
0
 10
218.0
 20
432.0
 10
218.0
 20
485.0
 10
168.5
 20
485.0
 10
168.5
 20
407.0
  0
LWPOLYLINE
  5
55B
330
17
100
AcDbEntity
  8
IMPULSE_LINE
  6
DOTTED
370
18
100
AcDbPolyline
 90
4
 70
0
 10
410.0
 20
491.0
 10
385.0
 20
491.0
 10
385.0
 20
502.0
 10
472.0
 20
502.0
  0
LWPOLYLINE
  5
55C
330
17
100
AcDbEntity
  8
IMPULSE_LINE
  6
DOTTED
370
18
100
AcDbPolyline
 90
4
 70
0
 10
410.0
 20
491.0
 10
385.0
 20
491.0
 10
385.0
 20
358.0
 10
472.0
 20
358.0
  0
LWPOLYLINE
  5
55D
330
17
100
AcDbEntity
  8
IMPULSE_LINE
  6
DOTTED
370
18
100
AcDbPolyline
 90
4
 70
0
 10
615.0
 20
427.0
 10
650.0
 20
427.0
 10
650.0
 20
478.0
 10
568.0
 20
478.0
  0
LWPOLYLINE
  5
55E
330
17
100
AcDbEntity
  8
SIGNAL_ELECTRIC
  6
DASHED
370
18
100
AcDbPolyline
 90
4
 70
0
 10
623.0
 20
399.0
 10
650.0
 20
399.0
 10
650.0
 20
381.0
 10
607.0
 20
381.0
  0
LWPOLYLINE
  5
55F
330
17
100
AcDbEntity
  8
SIGNAL_PNEUMATIC
  6
DASHED
370
18
100
AcDbPolyline
 90
4
 70
0
 10
623.0
 20
381.0
 10
650.0
 20
381.0
 10
650.0
 20
385.0
 10
906.5
 20
385.0
  0
LWPOLYLINE
  5
560
330
17
100
AcDbEntity
  8
IMPULSE_LINE
  6
DOTTED
370
18
100
AcDbPolyline
 90
4
 70
0
 10
405.0
 20
322.0
 10
385.0
 20
322.0
 10
385.0
 20
348.0
 10
472.0
 20
348.0
  0
LWPOLYLINE
  5
561
330
17
100
AcDbEntity
  8
IMPULSE_LINE
  6
DOTTED
370
18
100
AcDbPolyline
 90
4
 70
0
 10
405.0
 20
322.0
 10
385.0
 20
322.0
 10
385.0
 20
326.0
 10
472.0
 20
326.0
  0
LWPOLYLINE
  5
562
330
17
100
AcDbEntity
  8
SIGNAL_ELECTRIC
  6
DASHED
370
18
100
AcDbPolyline
 90
4
 70
0
 10
413.0
 20
330.0
 10
385.0
 20
330.0
 10
385.0
 20
312.0
 10
397.0
 20
312.0
  0
LWPOLYLINE
  5
563
330
17
100
AcDbEntity
  8
SIGNAL_PNEUMATIC
  6
DASHED
370
18
100
AcDbPolyline
 90
4
 70
0
 10
413.0
 20
312.0
 10
413.0
 20
285.0
 10
208.0
 20
285.0
 10
208.0
 20
353.0
  0
LWPOLYLINE
  5
564
330
17
100
AcDbEntity
  8
IMPULSE_LINE
  6
DOTTED
370
18
100
AcDbPolyline
 90
4
 70
0
 10
735.0
 20
602.0
 10
715.0
 20
602.0
 10
715.0
 20
620.0
 10
774.0
 20
620.0
  0
LWPOLYLINE
  5
565
330
17
100
AcDbEntity
  8
IMPULSE_LINE
  6
DOTTED
370
18
100
AcDbPolyline
 90
4
 70
0
 10
735.0
 20
602.0
 10
715.0
 20
602.0
 10
715.0
 20
600.0
 10
774.0
 20
600.0
  0
LWPOLYLINE
  5
566
330
17
100
AcDbEntity
  8
SIGNAL_ELECTRIC
  6
DASHED
370
18
100
AcDbPolyline
 90
4
 70
0
 10
743.0
 20
610.0
 10
715.0
 20
610.0
 10
715.0
 20
592.0
 10
727.0
 20
592.0
  0
LWPOLYLINE
  5
567
330
17
100
AcDbEntity
  8
SIGNAL_PNEUMATIC
  6
DASHED
370
18
100
AcDbPolyline
 90
4
 70
0
 10
743.0
 20
592.0
 10
715.0
 20
592.0
 10
715.0
 20
625.0
 10
953.0
 20
625.0
  0
LWPOLYLINE
  5
568
330
17
100
AcDbEntity
  8
IMPULSE_LINE
  6
DOTTED
370
18
100
AcDbPolyline
 90
4
 70
0
 10
690.0
 20
517.0
 10
690.0
 20
535.0
 10
718.0
 20
535.0
 10
718.0
 20
517.0
  0
LWPOLYLINE
  5
569
330
17
100
AcDbEntity
  8
SIGNAL_ELECTRIC
  6
DASHED
370
18
100
AcDbPolyline
 90
4
 70
0
 10
726.0
 20
525.0
 10
726.0
 20
535.0
 10
738.0
 20
535.0
 10
738.0
 20
525.0
  0
LWPOLYLINE
  5
56A
330
17
100
AcDbEntity
  8
SIGNAL_PNEUMATIC
  6
DASHED
370
18
100
AcDbPolyline
 90
4
 70
0
 10
754.0
 20
525.0
 10
754.0
 20
535.0
 10
795.0
 20
535.0
 10
795.0
 20
540.0
  0
LWPOLYLINE
  5
56B
330
17
100
AcDbEntity
  8
SIGNAL_ELECTRIC
  6
DASHED
370
18
100
AcDbPolyline
 90
4
 70
0
 10
1018.0
 20
610.0
 10
990.0
 20
610.0
 10
990.0
 20
592.0
 10
1002.0
 20
592.0
  0
LWPOLYLINE
  5
56C
330
17
100
AcDbEntity
  8
SIGNAL_ELECTRIC
  6
DASHED
370
18
100
AcDbPolyline
 90
4
 70
0
 10
268.0
 20
260.0
 10
990.0
 20
260.0
 10
990.0
 20
242.0
 10
252.0
 20
242.0
  0
LWPOLYLINE
  5
56D
330
17
100
AcDbEntity
  8
SIGNAL_ELECTRIC
  6
DASHED
370
18
100
AcDbPolyline
 90
4
 70
0
 10
820.0
 20
521.0
 10
820.0
 20
285.0
 10
702.0
 20
285.0
 10
702.0
 20
180.0
  0
LWPOLYLINE
  5
56E
330
17
100
AcDbEntity
  8
SIGNAL_ELECTRIC
  6
DASHED
370
18
100
AcDbPolyline
 90
4
 70
0
 10
820.0
 20
476.0
 10
820.0
 20
285.0
 10
730.0
 20
285.0
 10
730.0
 20
180.0
  0
LWPOLYLINE
  5
56F
330
17
100
AcDbEntity
  8
SIGNAL_ELECTRIC
  6
DASHED
370
18
100
AcDbPolyline
 90
4
 70
0
 10
470.0
 20
231.0
 10
470.0
 20
285.0
 10
758.0
 20
285.0
 10
758.0
 20
180.0
  0
LWPOLYLINE
  5
570
330
17
100
AcDbEntity
  8
SIGNAL_ELECTRIC
  6
DASHED
370
18
100
AcDbPolyline
 90
4
 70
0
 10
470.0
 20
186.0
 10
470.0
 20
285.0
 10
786.0
 20
285.0
 10
786.0
 20
180.0
  0
LWPOLYLINE
  5
571
330
17
100
AcDbEntity
  8
QA_OVERLAY
100
AcDbPolyline
 90
5
 70
0
 10
845.0
 20
100.0
 10
911.7
 20
100.0
 10
911.7
 20
105.0
 10
845.0
 20
105.0
 10
845.0
 20
100.0
  0
LWPOLYLINE
  5
572
330
17
100
AcDbEntity
  8
QA_OVERLAY
100
AcDbPolyline
 90
5
 70
0
 10
845.0
 20
79.0
 10
874.0
 20
79.0
 10
874.0
 20
81.5
 10
845.0
 20
81.5
 10
845.0
 20
79.0
  0
LWPOLYLINE
  5
573
330
17
100
AcDbEntity
  8
QA_OVERLAY
100
AcDbPolyline
 90
5
 70
0
 10
1048.0
 20
79.0
 10
1056.7
 20
79.0
 10
1056.7
 20
81.5
 10
1048.0
 20
81.5
 10
1048.0
 20
79.0
  0
LWPOLYLINE
  5
574
330
17
100
AcDbEntity
  8
QA_OVERLAY
100
AcDbPolyline
 90
5
 70
0
 10
845.0
 20
55.0
 10
858.05
 20
55.0
 10
858.05
 20
57.5
 10
845.0
 20
57.5
 10
845.0
 20
55.0
  0
LWPOLYLINE
  5
575
330
17
100
AcDbEntity
  8
QA_OVERLAY
100
AcDbPolyline
 90
5
 70
0
 10
1048.0
 20
55.0
 10
1062.5
 20
55.0
 10
1062.5
 20
57.5
 10
1048.0
 20
57.5
 10
1048.0
 20
55.0
  0
LWPOLYLINE
  5
576
330
17
100
AcDbEntity
  8
QA_OVERLAY
100
AcDbPolyline
 90
5
 70
0
 10
845.0
 20
32.0
 10
877.48
 20
32.0
 10
877.48
 20
34.0
 10
845.0
 20
34.0
 10
845.0
 20
32.0
  0
LWPOLYLINE
  5
577
330
17
100
AcDbEntity
  8
QA_OVERLAY
100
AcDbPolyline
 90
5
 70
0
 10
1098.0
 20
32.0
 10
1105.25
 20
32.0
 10
1105.25
 20
34.5
 10
1098.0
 20
34.5
 10
1098.0
 20
32.0
  0
LWPOLYLINE
  5
578
330
17
100
AcDbEntity
  8
QA_OVERLAY
100
AcDbPolyline
 90
5
 70
0
 10
61.0
 20
106.0
 10
71.15
 20
106.0
 10
71.15
 20
109.5
 10
61.0
 20
109.5
 10
61.0
 20
106.0
  0
LWPOLYLINE
  5
579
330
17
100
AcDbEntity
  8
QA_OVERLAY
100
AcDbPolyline
 90
5
 70
0
 10
63.0
 20
96.0
 10
105.91999999999999
 20
96.0
 10
105.91999999999999
 20
98.0
 10
63.0
 20
98.0
 10
63.0
 20
96.0
  0
LWPOLYLINE
  5
57A
330
17
100
AcDbEntity
  8
QA_OVERLAY
100
AcDbPolyline
 90
5
 70
0
 10
63.0
 20
87.0
 10
144.2
 20
87.0
 10
144.2
 20
89.0
 10
63.0
 20
89.0
 10
63.0
 20
87.0
  0
LWPOLYLINE
  5
57B
330
17
100
AcDbEntity
  8
QA_OVERLAY
100
AcDbPolyline
 90
5
 70
0
 10
63.0
 20
78.0
 10
116.36
 20
78.0
 10
116.36
 20
80.0
 10
63.0
 20
80.0
 10
63.0
 20
78.0
  0
LWPOLYLINE
  5
57C
330
17
100
AcDbEntity
  8
QA_OVERLAY
100
AcDbPolyline
 90
5
 70
0
 10
63.0
 20
69.0
 10
132.6
 20
69.0
 10
132.6
 20
71.0
 10
63.0
 20
71.0
 10
63.0
 20
69.0
  0
LWPOLYLINE
  5
57D
330
17
100
AcDbEntity
  8
QA_OVERLAY
100
AcDbPolyline
 90
5
 70
0
 10
650.0
 20
118.0
 10
662.18
 20
118.0
 10
662.18
 20
121.5
 10
650.0
 20
121.5
 10
650.0
 20
118.0
  0
LWPOLYLINE
  5
57E
330
17
100
AcDbEntity
  8
QA_OVERLAY
100
AcDbPolyline
 90
5
 70
0
 10
650.0
 20
106.0
 10
685.96
 20
106.0
 10
685.96
 20
108.0
 10
650.0
 20
108.0
 10
650.0
 20
106.0
  0
LWPOLYLINE
  5
57F
330
17
100
AcDbEntity
  8
QA_OVERLAY
100
AcDbPolyline
 90
5
 70
0
 10
650.0
 20
96.0
 10
688.28
 20
96.0
 10
688.28
 20
98.0
 10
650.0
 20
98.0
 10
650.0
 20
96.0
  0
LWPOLYLINE
  5
580
330
17
100
AcDbEntity
  8
QA_OVERLAY
100
AcDbPolyline
 90
5
 70
0
 10
654.0
 20
65.0
 10
680.68
 20
65.0
 10
680.68
 20
67.0
 10
654.0
 20
67.0
 10
654.0
 20
65.0
  0
LWPOLYLINE
  5
581
330
17
100
AcDbEntity
  8
QA_OVERLAY
100
AcDbPolyline
 90
5
 70
0
 10
654.0
 20
53.0
 10
679.52
 20
53.0
 10
679.52
 20
55.0
 10
654.0
 20
55.0
 10
654.0
 20
53.0
  0
LWPOLYLINE
  5
582
330
17
100
AcDbEntity
  8
QA_OVERLAY
100
AcDbPolyline
 90
5
 70
0
 10
50.0
 20
404.0
 10
76.68
 20
404.0
 10
76.68
 20
406.0
 10
50.0
 20
406.0
 10
50.0
 20
404.0
  0
LWPOLYLINE
  5
583
330
17
100
AcDbEntity
  8
QA_OVERLAY
100
AcDbPolyline
 90
5
 70
0
 10
61.0
 20
376.0
 10
74.92
 20
376.0
 10
74.92
 20
378.0
 10
61.0
 20
378.0
 10
61.0
 20
376.0
  0
LWPOLYLINE
  5
584
330
17
100
AcDbEntity
  8
QA_OVERLAY
100
AcDbPolyline
 90
5
 70
0
 10
61.0
 20
382.0
 10
109.0
 20
382.0
 10
109.0
 20
402.0
 10
61.0
 20
402.0
 10
61.0
 20
382.0
  0
LWPOLYLINE
  5
585
330
17
100
AcDbEntity
  8
QA_OVERLAY
100
AcDbPolyline
 90
5
 70
0
 10
1080.0
 20
622.0
 10
1102.04
 20
622.0
 10
1102.04
 20
624.0
 10
1080.0
 20
624.0
 10
1080.0
 20
622.0
  0
LWPOLYLINE
  5
586
330
17
100
AcDbEntity
  8
QA_OVERLAY
100
AcDbPolyline
 90
5
 70
0
 10
1091.0
 20
594.0
 10
1114.2
 20
594.0
 10
1114.2
 20
596.0
 10
1091.0
 20
596.0
 10
1091.0
 20
594.0
  0
LWPOLYLINE
  5
587
330
17
100
AcDbEntity
  8
QA_OVERLAY
100
AcDbPolyline
 90
5
 70
0
 10
1091.0
 20
600.0
 10
1139.0
 20
600.0
 10
1139.0
 20
620.0
 10
1091.0
 20
620.0
 10
1091.0
 20
600.0
  0
LWPOLYLINE
  5
588
330
17
100
AcDbEntity
  8
QA_OVERLAY
100
AcDbPolyline
 90
5
 70
0
 10
50.0
 20
280.0
 10
70.88
 20
280.0
 10
70.88
 20
282.0
 10
50.0
 20
282.0
 10
50.0
 20
280.0
  0
LWPOLYLINE
  5
589
330
17
100
AcDbEntity
  8
QA_OVERLAY
100
AcDbPolyline
 90
5
 70
0
 10
61.0
 20
252.0
 10
83.03999999999999
 20
252.0
 10
83.03999999999999
 20
254.0
 10
61.0
 20
254.0
 10
61.0
 20
252.0
  0
LWPOLYLINE
  5
58A
330
17
100
AcDbEntity
  8
QA_OVERLAY
100
AcDbPolyline
 90
5
 70
0
 10
61.0
 20
258.0
 10
109.0
 20
258.0
 10
109.0
 20
278.0
 10
61.0
 20
278.0
 10
61.0
 20
258.0
  0
LWPOLYLINE
  5
58B
330
17
100
AcDbEntity
  8
QA_OVERLAY
100
AcDbPolyline
 90
5
 70
0
 10
1080.0
 20
747.0
 10
1097.4
 20
747.0
 10
1097.4
 20
749.0
 10
1080.0
 20
749.0
 10
1080.0
 20
747.0
  0
LWPOLYLINE
  5
58C
330
17
100
AcDbEntity
  8
QA_OVERLAY
100
AcDbPolyline
 90
5
 70
0
 10
1091.0
 20
719.0
 10
1102.6
 20
719.0
 10
1102.6
 20
721.0
 10
1091.0
 20
721.0
 10
1091.0
 20
719.0
  0
LWPOLYLINE
  5
58D
330
17
100
AcDbEntity
  8
QA_OVERLAY
100
AcDbPolyline
 90
5
 70
0
 10
1091.0
 20
725.0
 10
1139.0
 20
725.0
 10
1139.0
 20
745.0
 10
1091.0
 20
745.0
 10
1091.0
 20
725.0
  0
LWPOLYLINE
  5
58E
330
17
100
AcDbEntity
  8
QA_OVERLAY
100
AcDbPolyline
 90
5
 70
0
 10
1080.0
 20
102.0
 10
1097.4
 20
102.0
 10
1097.4
 20
104.0
 10
1080.0
 20
104.0
 10
1080.0
 20
102.0
  0
LWPOLYLINE
  5
58F
330
17
100
AcDbEntity
  8
QA_OVERLAY
100
AcDbPolyline
 90
5
 70
0
 10
1091.0
 20
74.0
 10
1102.6
 20
74.0
 10
1102.6
 20
76.0
 10
1091.0
 20
76.0
 10
1091.0
 20
74.0
  0
LWPOLYLINE
  5
590
330
17
100
AcDbEntity
  8
QA_OVERLAY
100
AcDbPolyline
 90
5
 70
0
 10
1091.0
 20
80.0
 10
1139.0
 20
80.0
 10
1139.0
 20
100.0
 10
1091.0
 20
100.0
 10
1091.0
 20
80.0
  0
LWPOLYLINE
  5
591
330
17
100
AcDbEntity
  8
QA_OVERLAY
100
AcDbPolyline
 90
5
 70
0
 10
1080.0
 20
702.0
 10
1103.2
 20
702.0
 10
1103.2
 20
704.0
 10
1080.0
 20
704.0
 10
1080.0
 20
702.0
  0
LWPOLYLINE
  5
592
330
17
100
AcDbEntity
  8
QA_OVERLAY
100
AcDbPolyline
 90
5
 70
0
 10
1091.0
 20
674.0
 10
1104.92
 20
674.0
 10
1104.92
 20
676.0
 10
1091.0
 20
676.0
 10
1091.0
 20
674.0
  0
LWPOLYLINE
  5
593
330
17
100
AcDbEntity
  8
QA_OVERLAY
100
AcDbPolyline
 90
5
 70
0
 10
1091.0
 20
680.0
 10
1139.0
 20
680.0
 10
1139.0
 20
700.0
 10
1091.0
 20
700.0
 10
1091.0
 20
680.0
  0
LWPOLYLINE
  5
594
330
17
100
AcDbEntity
  8
QA_OVERLAY
100
AcDbPolyline
 90
5
 70
0
 10
1080.0
 20
572.0
 10
1103.2
 20
572.0
 10
1103.2
 20
574.0
 10
1080.0
 20
574.0
 10
1080.0
 20
572.0
  0
LWPOLYLINE
  5
595
330
17
100
AcDbEntity
  8
QA_OVERLAY
100
AcDbPolyline
 90
5
 70
0
 10
1091.0
 20
544.0
 10
1102.6
 20
544.0
 10
1102.6
 20
546.0
 10
1091.0
 20
546.0
 10
1091.0
 20
544.0
  0
LWPOLYLINE
  5
596
330
17
100
AcDbEntity
  8
QA_OVERLAY
100
AcDbPolyline
 90
5
 70
0
 10
1091.0
 20
550.0
 10
1139.0
 20
550.0
 10
1139.0
 20
570.0
 10
1091.0
 20
570.0
 10
1091.0
 20
550.0
  0
LWPOLYLINE
  5
597
330
17
100
AcDbEntity
  8
QA_OVERLAY
100
AcDbPolyline
 90
5
 70
0
 10
1080.0
 20
382.0
 10
1104.36
 20
382.0
 10
1104.36
 20
384.0
 10
1080.0
 20
384.0
 10
1080.0
 20
382.0
  0
LWPOLYLINE
  5
598
330
17
100
AcDbEntity
  8
QA_OVERLAY
100
AcDbPolyline
 90
5
 70
0
 10
1091.0
 20
354.0
 10
1104.92
 20
354.0
 10
1104.92
 20
356.0
 10
1091.0
 20
356.0
 10
1091.0
 20
354.0
  0
LWPOLYLINE
  5
599
330
17
100
AcDbEntity
  8
QA_OVERLAY
100
AcDbPolyline
 90
5
 70
0
 10
1091.0
 20
360.0
 10
1139.0
 20
360.0
 10
1139.0
 20
380.0
 10
1091.0
 20
380.0
 10
1091.0
 20
360.0
  0
LWPOLYLINE
  5
59A
330
17
100
AcDbEntity
  8
QA_OVERLAY
100
AcDbPolyline
 90
5
 70
0
 10
1080.0
 20
347.0
 10
1104.36
 20
347.0
 10
1104.36
 20
349.0
 10
1080.0
 20
349.0
 10
1080.0
 20
347.0
  0
LWPOLYLINE
  5
59B
330
17
100
AcDbEntity
  8
QA_OVERLAY
100
AcDbPolyline
 90
5
 70
0
 10
1091.0
 20
319.0
 10
1102.6
 20
319.0
 10
1102.6
 20
321.0
 10
1091.0
 20
321.0
 10
1091.0
 20
319.0
  0
LWPOLYLINE
  5
59C
330
17
100
AcDbEntity
  8
QA_OVERLAY
100
AcDbPolyline
 90
5
 70
0
 10
1091.0
 20
325.0
 10
1139.0
 20
325.0
 10
1139.0
 20
345.0
 10
1091.0
 20
345.0
 10
1091.0
 20
325.0
  0
LWPOLYLINE
  5
59D
330
17
100
AcDbEntity
  8
QA_OVERLAY
100
AcDbPolyline
 90
5
 70
0
 10
492.0
 20
315.0
 10
548.0
 20
315.0
 10
548.0
 20
545.0
 10
492.0
 20
545.0
 10
492.0
 20
315.0
  0
LWPOLYLINE
  5
59E
330
17
100
AcDbEntity
  8
QA_OVERLAY
100
AcDbPolyline
 90
5
 70
0
 10
492.0
 20
315.0
 10
548.0
 20
315.0
 10
548.0
 20
545.0
 10
492.0
 20
545.0
 10
492.0
 20
315.0
  0
LWPOLYLINE
  5
59F
330
17
100
AcDbEntity
  8
QA_OVERLAY
100
AcDbPolyline
 90
5
 70
0
 10
513.0
 20
303.0
 10
523.15
 20
303.0
 10
523.15
 20
306.5
 10
513.0
 20
306.5
 10
513.0
 20
303.0
  0
LWPOLYLINE
  5
5A0
330
17
100
AcDbEntity
  8
QA_OVERLAY
100
AcDbPolyline
 90
5
 70
0
 10
657.0
 20
294.0
 10
743.0
 20
294.0
 10
743.0
 20
336.0
 10
657.0
 20
336.0
 10
657.0
 20
294.0
  0
LWPOLYLINE
  5
5A1
330
17
100
AcDbEntity
  8
QA_OVERLAY
100
AcDbPolyline
 90
5
 70
0
 10
694.5
 20
283.0
 10
704.65
 20
283.0
 10
704.65
 20
286.5
 10
694.5
 20
286.5
 10
694.5
 20
283.0
  0
LWPOLYLINE
  5
5A2
330
17
100
AcDbEntity
  8
QA_OVERLAY
100
AcDbPolyline
 90
5
 70
0
 10
612.0
 20
633.0
 10
688.0
 20
633.0
 10
688.0
 20
667.0
 10
612.0
 20
667.0
 10
612.0
 20
633.0
  0
LWPOLYLINE
  5
5A3
330
17
100
AcDbEntity
  8
QA_OVERLAY
100
AcDbPolyline
 90
5
 70
0
 10
644.5
 20
622.0
 10
654.65
 20
622.0
 10
654.65
 20
625.5
 10
644.5
 20
625.5
 10
644.5
 20
622.0
  0
LWPOLYLINE
  5
5A4
330
17
100
AcDbEntity
  8
QA_OVERLAY
100
AcDbPolyline
 90
5
 70
0
 10
794.0
 20
591.0
 10
886.0
 20
591.0
 10
886.0
 20
629.0
 10
794.0
 20
629.0
 10
794.0
 20
591.0
  0
LWPOLYLINE
  5
5A5
330
17
100
AcDbEntity
  8
QA_OVERLAY
100
AcDbPolyline
 90
5
 70
0
 10
834.5
 20
580.0
 10
844.65
 20
580.0
 10
844.65
 20
583.5
 10
834.5
 20
583.5
 10
834.5
 20
580.0
  0
LWPOLYLINE
  5
5A6
330
17
100
AcDbEntity
  8
QA_OVERLAY
100
AcDbPolyline
 90
5
 70
0
 10
803.0
 20
483.0
 10
837.0
 20
483.0
 10
837.0
 20
507.0
 10
803.0
 20
507.0
 10
803.0
 20
483.0
  0
LWPOLYLINE
  5
5A7
330
17
100
AcDbEntity
  8
QA_OVERLAY
100
AcDbPolyline
 90
5
 70
0
 10
813.4
 20
472.0
 10
825.5799999999999
 20
472.0
 10
825.5799999999999
 20
475.5
 10
813.4
 20
475.5
 10
813.4
 20
472.0
  0
LWPOLYLINE
  5
5A8
330
17
100
AcDbEntity
  8
QA_OVERLAY
100
AcDbPolyline
 90
5
 70
0
 10
803.0
 20
438.0
 10
837.0
 20
438.0
 10
837.0
 20
462.0
 10
803.0
 20
462.0
 10
803.0
 20
438.0
  0
LWPOLYLINE
  5
5A9
330
17
100
AcDbEntity
  8
QA_OVERLAY
100
AcDbPolyline
 90
5
 70
0
 10
813.4
 20
427.0
 10
825.5799999999999
 20
427.0
 10
825.5799999999999
 20
430.5
 10
813.4
 20
430.5
 10
813.4
 20
427.0
  0
LWPOLYLINE
  5
5AA
330
17
100
AcDbEntity
  8
QA_OVERLAY
100
AcDbPolyline
 90
5
 70
0
 10
262.0
 20
383.0
 10
338.0
 20
383.0
 10
338.0
 20
417.0
 10
262.0
 20
417.0
 10
262.0
 20
383.0
  0
LWPOLYLINE
  5
5AB
330
17
100
AcDbEntity
  8
QA_OVERLAY
100
AcDbPolyline
 90
5
 70
0
 10
294.5
 20
372.0
 10
304.65
 20
372.0
 10
304.65
 20
375.5
 10
294.5
 20
375.5
 10
294.5
 20
372.0
  0
LWPOLYLINE
  5
5AC
330
17
100
AcDbEntity
  8
QA_OVERLAY
100
AcDbPolyline
 90
5
 70
0
 10
453.0
 20
193.0
 10
487.0
 20
193.0
 10
487.0
 20
217.0
 10
453.0
 20
217.0
 10
453.0
 20
193.0
  0
LWPOLYLINE
  5
5AD
330
17
100
AcDbEntity
  8
QA_OVERLAY
100
AcDbPolyline
 90
5
 70
0
 10
463.4
 20
182.0
 10
475.58
 20
182.0
 10
475.58
 20
185.5
 10
463.4
 20
185.5
 10
463.4
 20
182.0
  0
LWPOLYLINE
  5
5AE
330
17
100
AcDbEntity
  8
QA_OVERLAY
100
AcDbPolyline
 90
5
 70
0
 10
453.0
 20
148.0
 10
487.0
 20
148.0
 10
487.0
 20
172.0
 10
453.0
 20
172.0
 10
453.0
 20
148.0
  0
LWPOLYLINE
  5
5AF
330
17
100
AcDbEntity
  8
QA_OVERLAY
100
AcDbPolyline
 90
5
 70
0
 10
463.4
 20
137.0
 10
475.58
 20
137.0
 10
475.58
 20
140.5
 10
463.4
 20
140.5
 10
463.4
 20
137.0
  0
LWPOLYLINE
  5
5B0
330
17
100
AcDbEntity
  8
QA_OVERLAY
100
AcDbPolyline
 90
5
 70
0
 10
419.0
 20
646.0
 10
441.0
 20
646.0
 10
441.0
 20
674.0
 10
419.0
 20
674.0
 10
419.0
 20
646.0
  0
LWPOLYLINE
  5
5B1
330
17
100
AcDbEntity
  8
QA_OVERLAY
100
AcDbPolyline
 90
5
 70
0
 10
421.2
 20
635.0
 10
437.44
 20
635.0
 10
437.44
 20
638.5
 10
421.2
 20
638.5
 10
421.2
 20
635.0
  0
LWPOLYLINE
  5
5B2
330
17
100
AcDbEntity
  8
QA_OVERLAY
100
AcDbPolyline
 90
5
 70
0
 10
454.0
 20
646.0
 10
476.0
 20
646.0
 10
476.0
 20
674.0
 10
454.0
 20
674.0
 10
454.0
 20
646.0
  0
LWPOLYLINE
  5
5B3
330
17
100
AcDbEntity
  8
QA_OVERLAY
100
AcDbPolyline
 90
5
 70
0
 10
456.2
 20
635.0
 10
472.44
 20
635.0
 10
472.44
 20
638.5
 10
456.2
 20
638.5
 10
456.2
 20
635.0
  0
LWPOLYLINE
  5
5B4
330
17
100
AcDbEntity
  8
QA_OVERLAY
100
AcDbPolyline
 90
5
 70
0
 10
809.0
 20
676.0
 10
831.0
 20
676.0
 10
831.0
 20
704.0
 10
809.0
 20
704.0
 10
809.0
 20
676.0
  0
LWPOLYLINE
  5
5B5
330
17
100
AcDbEntity
  8
QA_OVERLAY
100
AcDbPolyline
 90
5
 70
0
 10
812.3
 20
665.0
 10
826.51
 20
665.0
 10
826.51
 20
668.5
 10
812.3
 20
668.5
 10
812.3
 20
665.0
  0
LWPOLYLINE
  5
5B6
330
17
100
AcDbEntity
  8
QA_OVERLAY
100
AcDbPolyline
 90
5
 70
0
 10
466.0
 20
463.0
 10
494.0
 20
463.0
 10
494.0
 20
467.0
 10
466.0
 20
467.0
 10
466.0
 20
463.0
  0
LWPOLYLINE
  5
5B7
330
17
100
AcDbEntity
  8
QA_OVERLAY
100
AcDbPolyline
 90
5
 70
0
 10
518.0
 20
543.0
 10
522.0
 20
543.0
 10
522.0
 20
574.0
 10
518.0
 20
574.0
 10
518.0
 20
543.0
  0
LWPOLYLINE
  5
5B8
330
17
100
AcDbEntity
  8
QA_OVERLAY
100
AcDbPolyline
 90
5
 70
0
 10
546.0
 20
506.0
 10
574.0
 20
506.0
 10
574.0
 20
510.0
 10
546.0
 20
510.0
 10
546.0
 20
506.0
  0
LWPOLYLINE
  5
5B9
330
17
100
AcDbEntity
  8
QA_OVERLAY
100
AcDbPolyline
 90
5
 70
0
 10
546.0
 20
346.0
 10
574.0
 20
346.0
 10
574.0
 20
350.0
 10
546.0
 20
350.0
 10
546.0
 20
346.0
  0
LWPOLYLINE
  5
5BA
330
17
100
AcDbEntity
  8
QA_OVERLAY
100
AcDbPolyline
 90
5
 70
0
 10
546.0
 20
380.0
 10
574.0
 20
380.0
 10
574.0
 20
384.0
 10
546.0
 20
384.0
 10
546.0
 20
380.0
  0
LWPOLYLINE
  5
5BB
330
17
100
AcDbEntity
  8
QA_OVERLAY
100
AcDbPolyline
 90
5
 70
0
 10
518.0
 20
286.0
 10
522.0
 20
286.0
 10
522.0
 20
317.0
 10
518.0
 20
317.0
 10
518.0
 20
286.0
  0
LWPOLYLINE
  5
5BC
330
17
100
AcDbEntity
  8
QA_OVERLAY
100
AcDbPolyline
 90
5
 70
0
 10
530.0
 20
540.0
 10
554.0
 20
540.0
 10
554.0
 20
564.0
 10
530.0
 20
564.0
 10
530.0
 20
540.0
  0
LWPOLYLINE
  5
5BD
330
17
100
AcDbEntity
  8
QA_OVERLAY
100
AcDbPolyline
 90
5
 70
0
 10
530.0
 20
296.0
 10
554.0
 20
296.0
 10
554.0
 20
320.0
 10
530.0
 20
320.0
 10
530.0
 20
296.0
  0
LWPOLYLINE
  5
5BE
330
17
100
AcDbEntity
  8
QA_OVERLAY
100
AcDbPolyline
 90
5
 70
0
 10
486.0
 20
540.0
 10
510.0
 20
540.0
 10
510.0
 20
564.0
 10
486.0
 20
564.0
 10
486.0
 20
540.0
  0
LWPOLYLINE
  5
5BF
330
17
100
AcDbEntity
  8
QA_OVERLAY
100
AcDbPolyline
 90
5
 70
0
 10
470.0
 20
520.0
 10
494.0
 20
520.0
 10
494.0
 20
524.0
 10
470.0
 20
524.0
 10
470.0
 20
520.0
  0
LWPOLYLINE
  5
5C0
330
17
100
AcDbEntity
  8
QA_OVERLAY
100
AcDbPolyline
 90
5
 70
0
 10
470.0
 20
500.0
 10
494.0
 20
500.0
 10
494.0
 20
504.0
 10
470.0
 20
504.0
 10
470.0
 20
500.0
  0
LWPOLYLINE
  5
5C1
330
17
100
AcDbEntity
  8
QA_OVERLAY
100
AcDbPolyline
 90
5
 70
0
 10
470.0
 20
356.0
 10
494.0
 20
356.0
 10
494.0
 20
360.0
 10
470.0
 20
360.0
 10
470.0
 20
356.0
  0
LWPOLYLINE
  5
5C2
330
17
100
AcDbEntity
  8
QA_OVERLAY
100
AcDbPolyline
 90
5
 70
0
 10
546.0
 20
476.0
 10
570.0
 20
476.0
 10
570.0
 20
480.0
 10
546.0
 20
480.0
 10
546.0
 20
476.0
  0
LWPOLYLINE
  5
5C3
330
17
100
AcDbEntity
  8
QA_OVERLAY
100
AcDbPolyline
 90
5
 70
0
 10
546.0
 20
428.0
 10
570.0
 20
428.0
 10
570.0
 20
432.0
 10
546.0
 20
432.0
 10
546.0
 20
428.0
  0
LWPOLYLINE
  5
5C4
330
17
100
AcDbEntity
  8
QA_OVERLAY
100
AcDbPolyline
 90
5
 70
0
 10
546.0
 20
390.0
 10
570.0
 20
390.0
 10
570.0
 20
394.0
 10
546.0
 20
394.0
 10
546.0
 20
390.0
  0
LWPOLYLINE
  5
5C5
330
17
100
AcDbEntity
  8
QA_OVERLAY
100
AcDbPolyline
 90
5
 70
0
 10
470.0
 20
346.0
 10
494.0
 20
346.0
 10
494.0
 20
350.0
 10
470.0
 20
350.0
 10
470.0
 20
346.0
  0
LWPOLYLINE
  5
5C6
330
17
100
AcDbEntity
  8
QA_OVERLAY
100
AcDbPolyline
 90
5
 70
0
 10
470.0
 20
324.0
 10
494.0
 20
324.0
 10
494.0
 20
328.0
 10
470.0
 20
328.0
 10
470.0
 20
324.0
  0
LWPOLYLINE
  5
5C7
330
17
100
AcDbEntity
  8
QA_OVERLAY
100
AcDbPolyline
 90
5
 70
0
 10
638.0
 20
303.0
 10
659.0
 20
303.0
 10
659.0
 20
307.0
 10
638.0
 20
307.0
 10
638.0
 20
303.0
  0
LWPOLYLINE
  5
5C8
330
17
100
AcDbEntity
  8
QA_OVERLAY
100
AcDbPolyline
 90
5
 70
0
 10
638.0
 20
325.0
 10
659.0
 20
325.0
 10
659.0
 20
329.0
 10
638.0
 20
329.0
 10
638.0
 20
325.0
  0
LWPOLYLINE
  5
5C9
330
17
100
AcDbEntity
  8
QA_OVERLAY
100
AcDbPolyline
 90
5
 70
0
 10
741.0
 20
303.0
 10
762.0
 20
303.0
 10
762.0
 20
307.0
 10
741.0
 20
307.0
 10
741.0
 20
303.0
  0
LWPOLYLINE
  5
5CA
330
17
100
AcDbEntity
  8
QA_OVERLAY
100
AcDbPolyline
 90
5
 70
0
 10
718.0
 20
334.0
 10
722.0
 20
334.0
 10
722.0
 20
355.0
 10
718.0
 20
355.0
 10
718.0
 20
334.0
  0
LWPOLYLINE
  5
5CB
330
17
100
AcDbEntity
  8
QA_OVERLAY
100
AcDbPolyline
 90
5
 70
0
 10
678.0
 20
334.0
 10
682.0
 20
334.0
 10
682.0
 20
355.0
 10
678.0
 20
355.0
 10
678.0
 20
334.0
  0
LWPOLYLINE
  5
5CC
330
17
100
AcDbEntity
  8
QA_OVERLAY
100
AcDbPolyline
 90
5
 70
0
 10
732.0
 20
334.0
 10
736.0
 20
334.0
 10
736.0
 20
355.0
 10
732.0
 20
355.0
 10
732.0
 20
334.0
  0
LWPOLYLINE
  5
5CD
330
17
100
AcDbEntity
  8
QA_OVERLAY
100
AcDbPolyline
 90
5
 70
0
 10
732.0
 20
275.0
 10
736.0
 20
275.0
 10
736.0
 20
296.0
 10
732.0
 20
296.0
 10
732.0
 20
275.0
  0
LWPOLYLINE
  5
5CE
330
17
100
AcDbEntity
  8
QA_OVERLAY
100
AcDbPolyline
 90
5
 70
0
 10
594.0
 20
648.0
 10
614.0
 20
648.0
 10
614.0
 20
652.0
 10
594.0
 20
652.0
 10
594.0
 20
648.0
  0
LWPOLYLINE
  5
5CF
330
17
100
AcDbEntity
  8
QA_OVERLAY
100
AcDbPolyline
 90
5
 70
0
 10
686.0
 20
648.0
 10
706.0
 20
648.0
 10
706.0
 20
652.0
 10
686.0
 20
652.0
 10
686.0
 20
648.0
  0
LWPOLYLINE
  5
5D0
330
17
100
AcDbEntity
  8
QA_OVERLAY
100
AcDbPolyline
 90
5
 70
0
 10
666.0
 20
616.0
 10
670.0
 20
616.0
 10
670.0
 20
635.0
 10
666.0
 20
635.0
 10
666.0
 20
616.0
  0
LWPOLYLINE
  5
5D1
330
17
100
AcDbEntity
  8
QA_OVERLAY
100
AcDbPolyline
 90
5
 70
0
 10
630.0
 20
616.0
 10
634.0
 20
616.0
 10
634.0
 20
635.0
 10
630.0
 20
635.0
 10
630.0
 20
616.0
  0
LWPOLYLINE
  5
5D2
330
17
100
AcDbEntity
  8
QA_OVERLAY
100
AcDbPolyline
 90
5
 70
0
 10
678.0
 20
665.0
 10
682.0
 20
665.0
 10
682.0
 20
682.0
 10
678.0
 20
682.0
 10
678.0
 20
665.0
  0
LWPOLYLINE
  5
5D3
330
17
100
AcDbEntity
  8
QA_OVERLAY
100
AcDbPolyline
 90
5
 70
0
 10
678.0
 20
618.0
 10
682.0
 20
618.0
 10
682.0
 20
635.0
 10
678.0
 20
635.0
 10
678.0
 20
618.0
  0
LWPOLYLINE
  5
5D4
330
17
100
AcDbEntity
  8
QA_OVERLAY
100
AcDbPolyline
 90
5
 70
0
 10
772.0
 20
608.0
 10
796.0
 20
608.0
 10
796.0
 20
612.0
 10
772.0
 20
612.0
 10
772.0
 20
608.0
  0
LWPOLYLINE
  5
5D5
330
17
100
AcDbEntity
  8
QA_OVERLAY
100
AcDbPolyline
 90
5
 70
0
 10
838.0
 20
627.0
 10
842.0
 20
627.0
 10
842.0
 20
651.0
 10
838.0
 20
651.0
 10
838.0
 20
627.0
  0
LWPOLYLINE
  5
5D6
330
17
100
AcDbEntity
  8
QA_OVERLAY
100
AcDbPolyline
 90
5
 70
0
 10
884.0
 20
608.0
 10
908.0
 20
608.0
 10
908.0
 20
612.0
 10
884.0
 20
612.0
 10
884.0
 20
608.0
  0
LWPOLYLINE
  5
5D7
330
17
100
AcDbEntity
  8
QA_OVERLAY
100
AcDbPolyline
 90
5
 70
0
 10
856.0
 20
569.0
 10
860.0
 20
569.0
 10
860.0
 20
593.0
 10
856.0
 20
593.0
 10
856.0
 20
569.0
  0
LWPOLYLINE
  5
5D8
330
17
100
AcDbEntity
  8
QA_OVERLAY
100
AcDbPolyline
 90
5
 70
0
 10
820.0
 20
569.0
 10
824.0
 20
569.0
 10
824.0
 20
593.0
 10
820.0
 20
593.0
 10
820.0
 20
569.0
  0
LWPOLYLINE
  5
5D9
330
17
100
AcDbEntity
  8
QA_OVERLAY
100
AcDbPolyline
 90
5
 70
0
 10
814.0
 20
627.0
 10
818.0
 20
627.0
 10
818.0
 20
651.0
 10
814.0
 20
651.0
 10
814.0
 20
627.0
  0
LWPOLYLINE
  5
5DA
330
17
100
AcDbEntity
  8
QA_OVERLAY
100
AcDbPolyline
 90
5
 70
0
 10
772.0
 20
618.0
 10
796.0
 20
618.0
 10
796.0
 20
622.0
 10
772.0
 20
622.0
 10
772.0
 20
618.0
  0
LWPOLYLINE
  5
5DB
330
17
100
AcDbEntity
  8
QA_OVERLAY
100
AcDbPolyline
 90
5
 70
0
 10
772.0
 20
598.0
 10
796.0
 20
598.0
 10
796.0
 20
602.0
 10
772.0
 20
602.0
 10
772.0
 20
598.0
  0
LWPOLYLINE
  5
5DC
330
17
100
AcDbEntity
  8
QA_OVERLAY
100
AcDbPolyline
 90
5
 70
0
 10
870.0
 20
627.0
 10
874.0
 20
627.0
 10
874.0
 20
651.0
 10
870.0
 20
651.0
 10
870.0
 20
627.0
  0
LWPOLYLINE
  5
5DD
330
17
100
AcDbEntity
  8
QA_OVERLAY
100
AcDbPolyline
 90
5
 70
0
 10
244.0
 20
390.0
 10
264.0
 20
390.0
 10
264.0
 20
394.0
 10
244.0
 20
394.0
 10
244.0
 20
390.0
  0
LWPOLYLINE
  5
5DE
330
17
100
AcDbEntity
  8
QA_OVERLAY
100
AcDbPolyline
 90
5
 70
0
 10
336.0
 20
390.0
 10
356.0
 20
390.0
 10
356.0
 20
394.0
 10
336.0
 20
394.0
 10
336.0
 20
390.0
  0
LWPOLYLINE
  5
5DF
330
17
100
AcDbEntity
  8
QA_OVERLAY
100
AcDbPolyline
 90
5
 70
0
 10
336.0
 20
406.0
 10
356.0
 20
406.0
 10
356.0
 20
410.0
 10
336.0
 20
410.0
 10
336.0
 20
406.0
  0
LWPOLYLINE
  5
5E0
330
17
100
AcDbEntity
  8
QA_OVERLAY
100
AcDbPolyline
 90
5
 70
0
 10
244.0
 20
406.0
 10
264.0
 20
406.0
 10
264.0
 20
410.0
 10
244.0
 20
410.0
 10
244.0
 20
406.0
  0
LWPOLYLINE
  5
5E1
330
17
100
AcDbEntity
  8
QA_OVERLAY
100
AcDbPolyline
 90
5
 70
0
 10
328.0
 20
415.0
 10
332.0
 20
415.0
 10
332.0
 20
432.0
 10
328.0
 20
432.0
 10
328.0
 20
415.0
  0
LWPOLYLINE
  5
5E2
330
17
100
AcDbEntity
  8
QA_OVERLAY
100
AcDbPolyline
 90
5
 70
0
 10
328.0
 20
368.0
 10
332.0
 20
368.0
 10
332.0
 20
385.0
 10
328.0
 20
385.0
 10
328.0
 20
368.0
  0
LWPOLYLINE
  5
5E3
330
17
100
AcDbEntity
  8
QA_OVERLAY
100
AcDbPolyline
 90
5
 70
0
 10
786.0
 20
493.0
 10
805.0
 20
493.0
 10
805.0
 20
497.0
 10
786.0
 20
497.0
 10
786.0
 20
493.0
  0
LWPOLYLINE
  5
5E4
330
17
100
AcDbEntity
  8
QA_OVERLAY
100
AcDbPolyline
 90
5
 70
0
 10
835.0
 20
493.0
 10
854.0
 20
493.0
 10
854.0
 20
497.0
 10
835.0
 20
497.0
 10
835.0
 20
493.0
  0
LWPOLYLINE
  5
5E5
330
17
100
AcDbEntity
  8
QA_OVERLAY
100
AcDbPolyline
 90
5
 70
0
 10
818.0
 20
467.0
 10
822.0
 20
467.0
 10
822.0
 20
485.0
 10
818.0
 20
485.0
 10
818.0
 20
467.0
  0
LWPOLYLINE
  5
5E6
330
17
100
AcDbEntity
  8
QA_OVERLAY
100
AcDbPolyline
 90
5
 70
0
 10
786.0
 20
448.0
 10
805.0
 20
448.0
 10
805.0
 20
452.0
 10
786.0
 20
452.0
 10
786.0
 20
448.0
  0
LWPOLYLINE
  5
5E7
330
17
100
AcDbEntity
  8
QA_OVERLAY
100
AcDbPolyline
 90
5
 70
0
 10
835.0
 20
448.0
 10
854.0
 20
448.0
 10
854.0
 20
452.0
 10
835.0
 20
452.0
 10
835.0
 20
448.0
  0
LWPOLYLINE
  5
5E8
330
17
100
AcDbEntity
  8
QA_OVERLAY
100
AcDbPolyline
 90
5
 70
0
 10
818.0
 20
422.0
 10
822.0
 20
422.0
 10
822.0
 20
440.0
 10
818.0
 20
440.0
 10
818.0
 20
422.0
  0
LWPOLYLINE
  5
5E9
330
17
100
AcDbEntity
  8
QA_OVERLAY
100
AcDbPolyline
 90
5
 70
0
 10
436.0
 20
203.0
 10
455.0
 20
203.0
 10
455.0
 20
207.0
 10
436.0
 20
207.0
 10
436.0
 20
203.0
  0
LWPOLYLINE
  5
5EA
330
17
100
AcDbEntity
  8
QA_OVERLAY
100
AcDbPolyline
 90
5
 70
0
 10
485.0
 20
203.0
 10
504.0
 20
203.0
 10
504.0
 20
207.0
 10
485.0
 20
207.0
 10
485.0
 20
203.0
  0
LWPOLYLINE
  5
5EB
330
17
100
AcDbEntity
  8
QA_OVERLAY
100
AcDbPolyline
 90
5
 70
0
 10
468.0
 20
177.0
 10
472.0
 20
177.0
 10
472.0
 20
195.0
 10
468.0
 20
195.0
 10
468.0
 20
177.0
  0
LWPOLYLINE
  5
5EC
330
17
100
AcDbEntity
  8
QA_OVERLAY
100
AcDbPolyline
 90
5
 70
0
 10
436.0
 20
158.0
 10
455.0
 20
158.0
 10
455.0
 20
162.0
 10
436.0
 20
162.0
 10
436.0
 20
158.0
  0
LWPOLYLINE
  5
5ED
330
17
100
AcDbEntity
  8
QA_OVERLAY
100
AcDbPolyline
 90
5
 70
0
 10
485.0
 20
158.0
 10
504.0
 20
158.0
 10
504.0
 20
162.0
 10
485.0
 20
162.0
 10
485.0
 20
158.0
  0
LWPOLYLINE
  5
5EE
330
17
100
AcDbEntity
  8
QA_OVERLAY
100
AcDbPolyline
 90
5
 70
0
 10
468.0
 20
132.0
 10
472.0
 20
132.0
 10
472.0
 20
150.0
 10
468.0
 20
150.0
 10
468.0
 20
132.0
  0
LWPOLYLINE
  5
5EF
330
17
100
AcDbEntity
  8
QA_OVERLAY
100
AcDbPolyline
 90
5
 70
0
 10
138.5
 20
398.0
 10
177.18599999999998
 20
398.0
 10
177.18599999999998
 20
400.3
 10
138.5
 20
400.3
 10
138.5
 20
398.0
  0
LWPOLYLINE
  5
5F0
330
17
100
AcDbEntity
  8
QA_OVERLAY
100
AcDbPolyline
 90
5
 70
0
 10
435.0
 20
428.5
 10
483.024
 20
428.5
 10
483.024
 20
430.8
 10
435.0
 20
430.8
 10
435.0
 20
428.5
  0
LWPOLYLINE
  5
5F1
330
17
100
AcDbEntity
  8
QA_OVERLAY
100
AcDbPolyline
 90
5
 70
0
 10
526.0
 20
611.0
 10
571.356
 20
611.0
 10
571.356
 20
613.3
 10
526.0
 20
613.3
 10
526.0
 20
611.0
  0
LWPOLYLINE
  5
5F2
330
17
100
AcDbEntity
  8
QA_OVERLAY
100
AcDbPolyline
 90
5
 70
0
 10
745.0
 20
630.0
 10
795.692
 20
630.0
 10
795.692
 20
632.3
 10
745.0
 20
632.3
 10
745.0
 20
630.0
  0
LWPOLYLINE
  5
5F3
330
17
100
AcDbEntity
  8
QA_OVERLAY
100
AcDbPolyline
 90
5
 70
0
 10
928.0
 20
616.0
 10
974.69
 20
616.0
 10
974.69
 20
618.3
 10
928.0
 20
618.3
 10
928.0
 20
616.0
  0
LWPOLYLINE
  5
5F4
330
17
100
AcDbEntity
  8
QA_OVERLAY
100
AcDbPolyline
 90
5
 70
0
 10
781.5
 20
551.0
 10
829.524
 20
551.0
 10
829.524
 20
553.3
 10
781.5
 20
553.3
 10
781.5
 20
551.0
  0
LWPOLYLINE
  5
5F5
330
17
100
AcDbEntity
  8
QA_OVERLAY
100
AcDbPolyline
 90
5
 70
0
 10
761.0
 20
520.0
 10
810.358
 20
520.0
 10
810.358
 20
522.3
 10
761.0
 20
522.3
 10
761.0
 20
520.0
  0
LWPOLYLINE
  5
5F6
330
17
100
AcDbEntity
  8
QA_OVERLAY
100
AcDbPolyline
 90
5
 70
0
 10
761.0
 20
497.5
 10
810.358
 20
497.5
 10
810.358
 20
499.8
 10
761.0
 20
499.8
 10
761.0
 20
497.5
  0
LWPOLYLINE
  5
5F7
330
17
100
AcDbEntity
  8
QA_OVERLAY
100
AcDbPolyline
 90
5
 70
0
 10
851.0
 20
501.0
 10
903.026
 20
501.0
 10
903.026
 20
503.3
 10
851.0
 20
503.3
 10
851.0
 20
501.0
  0
LWPOLYLINE
  5
5F8
330
17
100
AcDbEntity
  8
QA_OVERLAY
100
AcDbPolyline
 90
5
 70
0
 10
906.0
 20
487.5
 10
958.026
 20
487.5
 10
958.026
 20
489.8
 10
906.0
 20
489.8
 10
906.0
 20
487.5
  0
LWPOLYLINE
  5
5F9
330
17
100
AcDbEntity
  8
QA_OVERLAY
100
AcDbPolyline
 90
5
 70
0
 10
770.0
 20
531.0
 10
818.024
 20
531.0
 10
818.024
 20
533.3
 10
770.0
 20
533.3
 10
770.0
 20
531.0
  0
LWPOLYLINE
  5
5FA
330
17
100
AcDbEntity
  8
QA_OVERLAY
100
AcDbPolyline
 90
5
 70
0
 10
803.0
 20
590.0
 10
861.696
 20
590.0
 10
861.696
 20
592.3
 10
803.0
 20
592.3
 10
803.0
 20
590.0
  0
LWPOLYLINE
  5
5FB
330
17
100
AcDbEntity
  8
QA_OVERLAY
100
AcDbPolyline
 90
5
 70
0
 10
612.0
 20
326.5
 10
653.354
 20
326.5
 10
653.354
 20
328.8
 10
612.0
 20
328.8
 10
612.0
 20
326.5
  0
LWPOLYLINE
  5
5FC
330
17
100
AcDbEntity
  8
QA_OVERLAY
100
AcDbPolyline
 90
5
 70
0
 10
612.0
 20
354.5
 10
654.688
 20
354.5
 10
654.688
 20
356.8
 10
612.0
 20
356.8
 10
612.0
 20
354.5
  0
LWPOLYLINE
  5
5FD
330
17
100
AcDbEntity
  8
QA_OVERLAY
100
AcDbPolyline
 90
5
 70
0
 10
430.0
 20
246.0
 10
482.026
 20
246.0
 10
482.026
 20
248.3
 10
430.0
 20
248.3
 10
430.0
 20
246.0
  0
LWPOLYLINE
  5
5FE
330
17
100
AcDbEntity
  8
QA_OVERLAY
100
AcDbPolyline
 90
5
 70
0
 10
389.0
 20
211.0
 10
438.358
 20
211.0
 10
438.358
 20
213.3
 10
389.0
 20
213.3
 10
389.0
 20
211.0
  0
LWPOLYLINE
  5
5FF
330
17
100
AcDbEntity
  8
QA_OVERLAY
100
AcDbPolyline
 90
5
 70
0
 10
396.0
 20
200.0
 10
445.358
 20
200.0
 10
445.358
 20
202.3
 10
396.0
 20
202.3
 10
396.0
 20
200.0
  0
LWPOLYLINE
  5
600
330
17
100
AcDbEntity
  8
QA_OVERLAY
100
AcDbPolyline
 90
5
 70
0
 10
561.0
 20
236.5
 10
613.026
 20
236.5
 10
613.026
 20
238.8
 10
561.0
 20
238.8
 10
561.0
 20
236.5
  0
LWPOLYLINE
  5
601
330
17
100
AcDbEntity
  8
QA_OVERLAY
100
AcDbPolyline
 90
5
 70
0
 10
561.0
 20
214.0
 10
613.026
 20
214.0
 10
613.026
 20
216.3
 10
561.0
 20
216.3
 10
561.0
 20
214.0
  0
LWPOLYLINE
  5
602
330
17
100
AcDbEntity
  8
QA_OVERLAY
100
AcDbPolyline
 90
5
 70
0
 10
378.0
 20
338.0
 10
430.026
 20
338.0
 10
430.026
 20
340.3
 10
378.0
 20
340.3
 10
378.0
 20
338.0
  0
LWPOLYLINE
  5
603
330
17
100
AcDbEntity
  8
QA_OVERLAY
100
AcDbPolyline
 90
5
 70
0
 10
214.0
 20
338.0
 10
258.022
 20
338.0
 10
258.022
 20
340.3
 10
214.0
 20
340.3
 10
214.0
 20
338.0
  0
LWPOLYLINE
  5
604
330
17
100
AcDbEntity
  8
QA_OVERLAY
100
AcDbPolyline
 90
5
 70
0
 10
767.5
 20
727.5
 10
812.856
 20
727.5
 10
812.856
 20
729.8
 10
767.5
 20
729.8
 10
767.5
 20
727.5
  0
LWPOLYLINE
  5
605
330
17
100
AcDbEntity
  8
QA_OVERLAY
100
AcDbPolyline
 90
5
 70
0
 10
785.0
 20
727.5
 10
830.356
 20
727.5
 10
830.356
 20
729.8
 10
785.0
 20
729.8
 10
785.0
 20
727.5
  0
LWPOLYLINE
  5
606
330
17
100
AcDbEntity
  8
QA_OVERLAY
100
AcDbPolyline
 90
5
 70
0
 10
962.5
 20
727.5
 10
1013.192
 20
727.5
 10
1013.192
 20
729.8
 10
962.5
 20
729.8
 10
962.5
 20
727.5
  0
LWPOLYLINE
  5
607
330
17
100
AcDbEntity
  8
QA_OVERLAY
100
AcDbPolyline
 90
5
 70
0
 10
821.5
 20
741.0
 10
862.854
 20
741.0
 10
862.854
 20
743.3
 10
821.5
 20
743.3
 10
821.5
 20
741.0
  0
LWPOLYLINE
  5
608
330
17
100
AcDbEntity
  8
QA_OVERLAY
100
AcDbPolyline
 90
5
 70
0
 10
941.5
 20
741.0
 10
989.524
 20
741.0
 10
989.524
 20
743.3
 10
941.5
 20
743.3
 10
941.5
 20
741.0
  0
LWPOLYLINE
  5
609
330
17
100
AcDbEntity
  8
QA_OVERLAY
100
AcDbPolyline
 90
5
 70
0
 10
642.0
 20
194.0
 10
682.02
 20
194.0
 10
682.02
 20
196.3
 10
642.0
 20
196.3
 10
642.0
 20
194.0
  0
LWPOLYLINE
  5
60A
330
17
100
AcDbEntity
  8
QA_OVERLAY
100
AcDbPolyline
 90
5
 70
0
 10
846.0
 20
330.5
 10
892.69
 20
330.5
 10
892.69
 20
332.8
 10
846.0
 20
332.8
 10
846.0
 20
330.5
  0
LWPOLYLINE
  5
60B
330
17
100
AcDbEntity
  8
QA_OVERLAY
100
AcDbPolyline
 90
5
 70
0
 10
888.5
 20
96.0
 10
921.85
 20
96.0
 10
921.85
 20
98.3
 10
888.5
 20
98.3
 10
888.5
 20
96.0
  0
LWPOLYLINE
  5
60C
330
17
100
AcDbEntity
  8
QA_OVERLAY
100
AcDbPolyline
 90
5
 70
0
 10
861.5
 20
566.0
 10
896.184
 20
566.0
 10
896.184
 20
568.3
 10
861.5
 20
568.3
 10
861.5
 20
566.0
  0
LWPOLYLINE
  5
60D
330
17
100
AcDbEntity
  8
QA_OVERLAY
100
AcDbPolyline
 90
5
 70
0
 10
871.5
 20
696.0
 10
912.854
 20
696.0
 10
912.854
 20
698.3
 10
871.5
 20
698.3
 10
871.5
 20
696.0
  0
LWPOLYLINE
  5
60E
330
17
100
AcDbEntity
  8
QA_OVERLAY
100
AcDbPolyline
 90
5
 70
0
 10
871.5
 20
566.0
 10
912.854
 20
566.0
 10
912.854
 20
568.3
 10
871.5
 20
568.3
 10
871.5
 20
566.0
  0
LWPOLYLINE
  5
60F
330
17
100
AcDbEntity
  8
QA_OVERLAY
100
AcDbPolyline
 90
5
 70
0
 10
881.5
 20
376.0
 10
936.194
 20
376.0
 10
936.194
 20
378.3
 10
881.5
 20
378.3
 10
881.5
 20
376.0
  0
LWPOLYLINE
  5
610
330
17
100
AcDbEntity
  8
QA_OVERLAY
100
AcDbPolyline
 90
5
 70
0
 10
881.5
 20
341.0
 10
936.194
 20
341.0
 10
936.194
 20
343.3
 10
881.5
 20
343.3
 10
881.5
 20
341.0
  0
LWPOLYLINE
  5
611
330
17
100
AcDbEntity
  8
QA_OVERLAY
100
AcDbPolyline
 90
5
 70
0
 10
155.5
 20
402.0
 10
164.2
 20
402.0
 10
164.2
 20
404.5
 10
155.5
 20
404.5
 10
155.5
 20
402.0
  0
LWPOLYLINE
  5
612
330
17
100
AcDbEntity
  8
QA_OVERLAY
100
AcDbPolyline
 90
5
 70
0
 10
155.5
 20
394.0
 10
157.82
 20
394.0
 10
157.82
 20
396.0
 10
155.5
 20
396.0
 10
155.5
 20
394.0
  0
LWPOLYLINE
  5
613
330
17
100
AcDbEntity
  8
QA_OVERLAY
100
AcDbPolyline
 90
5
 70
0
 10
149.5
 20
378.0
 10
177.5
 20
378.0
 10
177.5
 20
410.0
 10
149.5
 20
410.0
 10
149.5
 20
378.0
  0
LWPOLYLINE
  5
614
330
17
100
AcDbEntity
  8
QA_OVERLAY
100
AcDbPolyline
 90
5
 70
0
 10
421.0
 20
438.5
 10
429.7
 20
438.5
 10
429.7
 20
441.0
 10
421.0
 20
441.0
 10
421.0
 20
438.5
  0
LWPOLYLINE
  5
615
330
17
100
AcDbEntity
  8
QA_OVERLAY
100
AcDbPolyline
 90
5
 70
0
 10
421.0
 20
430.5
 10
423.32
 20
430.5
 10
423.32
 20
432.5
 10
421.0
 20
432.5
 10
421.0
 20
430.5
  0
LWPOLYLINE
  5
616
330
17
100
AcDbEntity
  8
QA_OVERLAY
100
AcDbPolyline
 90
5
 70
0
 10
415.0
 20
414.5
 10
443.0
 20
414.5
 10
443.0
 20
446.5
 10
415.0
 20
446.5
 10
415.0
 20
414.5
  0
LWPOLYLINE
  5
617
330
17
100
AcDbEntity
  8
QA_OVERLAY
100
AcDbPolyline
 90
5
 70
0
 10
512.0
 20
621.0
 10
520.7
 20
621.0
 10
520.7
 20
623.5
 10
512.0
 20
623.5
 10
512.0
 20
621.0
  0
LWPOLYLINE
  5
618
330
17
100
AcDbEntity
  8
QA_OVERLAY
100
AcDbPolyline
 90
5
 70
0
 10
506.0
 20
597.0
 10
534.0
 20
597.0
 10
534.0
 20
629.0
 10
506.0
 20
629.0
 10
506.0
 20
597.0
  0
LWPOLYLINE
  5
619
330
17
100
AcDbEntity
  8
QA_OVERLAY
100
AcDbPolyline
 90
5
 70
0
 10
512.0
 20
621.0
 10
520.7
 20
621.0
 10
520.7
 20
623.5
 10
512.0
 20
623.5
 10
512.0
 20
621.0
  0
LWPOLYLINE
  5
61A
330
17
100
AcDbEntity
  8
QA_OVERLAY
100
AcDbPolyline
 90
5
 70
0
 10
512.0
 20
613.0
 10
514.32
 20
613.0
 10
514.32
 20
615.0
 10
512.0
 20
615.0
 10
512.0
 20
613.0
  0
LWPOLYLINE
  5
61B
330
17
100
AcDbEntity
  8
QA_OVERLAY
100
AcDbPolyline
 90
5
 70
0
 10
506.0
 20
597.0
 10
534.0
 20
597.0
 10
534.0
 20
629.0
 10
506.0
 20
629.0
 10
506.0
 20
597.0
  0
LWPOLYLINE
  5
61C
330
17
100
AcDbEntity
  8
QA_OVERLAY
100
AcDbPolyline
 90
5
 70
0
 10
731.0
 20
640.0
 10
739.7
 20
640.0
 10
739.7
 20
642.5
 10
731.0
 20
642.5
 10
731.0
 20
640.0
  0
LWPOLYLINE
  5
61D
330
17
100
AcDbEntity
  8
QA_OVERLAY
100
AcDbPolyline
 90
5
 70
0
 10
725.0
 20
616.0
 10
753.0
 20
616.0
 10
753.0
 20
648.0
 10
725.0
 20
648.0
 10
725.0
 20
616.0
  0
LWPOLYLINE
  5
61E
330
17
100
AcDbEntity
  8
QA_OVERLAY
100
AcDbPolyline
 90
5
 70
0
 10
945.0
 20
620.0
 10
953.7
 20
620.0
 10
953.7
 20
622.5
 10
945.0
 20
622.5
 10
945.0
 20
620.0
  0
LWPOLYLINE
  5
61F
330
17
100
AcDbEntity
  8
QA_OVERLAY
100
AcDbPolyline
 90
5
 70
0
 10
945.0
 20
612.0
 10
947.32
 20
612.0
 10
947.32
 20
614.0
 10
945.0
 20
614.0
 10
945.0
 20
612.0
  0
LWPOLYLINE
  5
620
330
17
100
AcDbEntity
  8
QA_OVERLAY
100
AcDbPolyline
 90
5
 70
0
 10
939.0
 20
596.0
 10
967.0
 20
596.0
 10
967.0
 20
628.0
 10
939.0
 20
628.0
 10
939.0
 20
596.0
  0
LWPOLYLINE
  5
621
330
17
100
AcDbEntity
  8
QA_OVERLAY
100
AcDbPolyline
 90
5
 70
0
 10
945.0
 20
620.0
 10
953.7
 20
620.0
 10
953.7
 20
622.5
 10
945.0
 20
622.5
 10
945.0
 20
620.0
  0
LWPOLYLINE
  5
622
330
17
100
AcDbEntity
  8
QA_OVERLAY
100
AcDbPolyline
 90
5
 70
0
 10
939.0
 20
596.0
 10
967.0
 20
596.0
 10
967.0
 20
628.0
 10
939.0
 20
628.0
 10
939.0
 20
596.0
  0
LWPOLYLINE
  5
623
330
17
100
AcDbEntity
  8
QA_OVERLAY
100
AcDbPolyline
 90
5
 70
0
 10
747.0
 20
530.0
 10
757.15
 20
530.0
 10
757.15
 20
532.5
 10
747.0
 20
532.5
 10
747.0
 20
530.0
  0
LWPOLYLINE
  5
624
330
17
100
AcDbEntity
  8
QA_OVERLAY
100
AcDbPolyline
 90
5
 70
0
 10
741.0
 20
506.0
 10
769.0
 20
506.0
 10
769.0
 20
538.0
 10
741.0
 20
538.0
 10
741.0
 20
506.0
  0
LWPOLYLINE
  5
625
330
17
100
AcDbEntity
  8
QA_OVERLAY
100
AcDbPolyline
 90
5
 70
0
 10
747.0
 20
507.5
 10
757.15
 20
507.5
 10
757.15
 20
510.0
 10
747.0
 20
510.0
 10
747.0
 20
507.5
  0
LWPOLYLINE
  5
626
330
17
100
AcDbEntity
  8
QA_OVERLAY
100
AcDbPolyline
 90
5
 70
0
 10
741.0
 20
483.5
 10
769.0
 20
483.5
 10
769.0
 20
515.5
 10
741.0
 20
515.5
 10
741.0
 20
483.5
  0
LWPOLYLINE
  5
627
330
17
100
AcDbEntity
  8
QA_OVERLAY
100
AcDbPolyline
 90
5
 70
0
 10
868.0
 20
505.0
 10
879.6
 20
505.0
 10
879.6
 20
507.5
 10
868.0
 20
507.5
 10
868.0
 20
505.0
  0
LWPOLYLINE
  5
628
330
17
100
AcDbEntity
  8
QA_OVERLAY
100
AcDbPolyline
 90
5
 70
0
 10
868.0
 20
497.0
 10
879.6
 20
497.0
 10
879.6
 20
499.0
 10
868.0
 20
499.0
 10
868.0
 20
497.0
  0
LWPOLYLINE
  5
629
330
17
100
AcDbEntity
  8
QA_OVERLAY
100
AcDbPolyline
 90
5
 70
0
 10
862.0
 20
481.0
 10
890.0
 20
481.0
 10
890.0
 20
513.0
 10
862.0
 20
513.0
 10
862.0
 20
481.0
  0
LWPOLYLINE
  5
62A
330
17
100
AcDbEntity
  8
QA_OVERLAY
100
AcDbPolyline
 90
5
 70
0
 10
868.0
 20
505.0
 10
878.15
 20
505.0
 10
878.15
 20
507.5
 10
868.0
 20
507.5
 10
868.0
 20
505.0
  0
LWPOLYLINE
  5
62B
330
17
100
AcDbEntity
  8
QA_OVERLAY
100
AcDbPolyline
 90
5
 70
0
 10
862.0
 20
481.0
 10
890.0
 20
481.0
 10
890.0
 20
513.0
 10
862.0
 20
513.0
 10
862.0
 20
481.0
  0
LWPOLYLINE
  5
62C
330
17
100
AcDbEntity
  8
QA_OVERLAY
100
AcDbPolyline
 90
5
 70
0
 10
892.0
 20
497.5
 10
903.6
 20
497.5
 10
903.6
 20
500.0
 10
892.0
 20
500.0
 10
892.0
 20
497.5
  0
LWPOLYLINE
  5
62D
330
17
100
AcDbEntity
  8
QA_OVERLAY
100
AcDbPolyline
 90
5
 70
0
 10
892.0
 20
489.5
 10
903.6
 20
489.5
 10
903.6
 20
491.5
 10
892.0
 20
491.5
 10
892.0
 20
489.5
  0
LWPOLYLINE
  5
62E
330
17
100
AcDbEntity
  8
QA_OVERLAY
100
AcDbPolyline
 90
5
 70
0
 10
886.0
 20
473.5
 10
914.0
 20
473.5
 10
914.0
 20
505.5
 10
886.0
 20
505.5
 10
886.0
 20
473.5
  0
LWPOLYLINE
  5
62F
330
17
100
AcDbEntity
  8
QA_OVERLAY
100
AcDbPolyline
 90
5
 70
0
 10
892.0
 20
497.5
 10
902.15
 20
497.5
 10
902.15
 20
500.0
 10
892.0
 20
500.0
 10
892.0
 20
497.5
  0
LWPOLYLINE
  5
630
330
17
100
AcDbEntity
  8
QA_OVERLAY
100
AcDbPolyline
 90
5
 70
0
 10
886.0
 20
473.5
 10
914.0
 20
473.5
 10
914.0
 20
505.5
 10
886.0
 20
505.5
 10
886.0
 20
473.5
  0
LWPOLYLINE
  5
631
330
17
100
AcDbEntity
  8
QA_OVERLAY
100
AcDbPolyline
 90
5
 70
0
 10
787.0
 20
535.0
 10
795.7
 20
535.0
 10
795.7
 20
537.5
 10
787.0
 20
537.5
 10
787.0
 20
535.0
  0
LWPOLYLINE
  5
632
330
17
100
AcDbEntity
  8
QA_OVERLAY
100
AcDbPolyline
 90
5
 70
0
 10
787.0
 20
527.0
 10
789.32
 20
527.0
 10
789.32
 20
529.0
 10
787.0
 20
529.0
 10
787.0
 20
527.0
  0
LWPOLYLINE
  5
633
330
17
100
AcDbEntity
  8
QA_OVERLAY
100
AcDbPolyline
 90
5
 70
0
 10
781.0
 20
511.0
 10
809.0
 20
511.0
 10
809.0
 20
543.0
 10
781.0
 20
543.0
 10
781.0
 20
511.0
  0
LWPOLYLINE
  5
634
330
17
100
AcDbEntity
  8
QA_OVERLAY
100
AcDbPolyline
 90
5
 70
0
 10
805.0
 20
590.0
 10
813.7
 20
590.0
 10
813.7
 20
592.5
 10
805.0
 20
592.5
 10
805.0
 20
590.0
  0
LWPOLYLINE
  5
635
330
17
100
AcDbEntity
  8
QA_OVERLAY
100
AcDbPolyline
 90
5
 70
0
 10
783.0
 20
576.0
 10
811.0
 20
576.0
 10
811.0
 20
608.0
 10
783.0
 20
608.0
 10
783.0
 20
576.0
  0
LWPOLYLINE
  5
636
330
17
100
AcDbEntity
  8
QA_OVERLAY
100
AcDbPolyline
 90
5
 70
0
 10
805.0
 20
590.0
 10
813.7
 20
590.0
 10
813.7
 20
592.5
 10
805.0
 20
592.5
 10
805.0
 20
590.0
  0
LWPOLYLINE
  5
637
330
17
100
AcDbEntity
  8
QA_OVERLAY
100
AcDbPolyline
 90
5
 70
0
 10
783.0
 20
576.0
 10
811.0
 20
576.0
 10
811.0
 20
608.0
 10
783.0
 20
608.0
 10
783.0
 20
576.0
  0
LWPOLYLINE
  5
638
330
17
100
AcDbEntity
  8
QA_OVERLAY
100
AcDbPolyline
 90
5
 70
0
 10
598.0
 20
336.5
 10
606.7
 20
336.5
 10
606.7
 20
339.0
 10
598.0
 20
339.0
 10
598.0
 20
336.5
  0
LWPOLYLINE
  5
639
330
17
100
AcDbEntity
  8
QA_OVERLAY
100
AcDbPolyline
 90
5
 70
0
 10
592.0
 20
312.5
 10
620.0
 20
312.5
 10
620.0
 20
344.5
 10
592.0
 20
344.5
 10
592.0
 20
312.5
  0
LWPOLYLINE
  5
63A
330
17
100
AcDbEntity
  8
QA_OVERLAY
100
AcDbPolyline
 90
5
 70
0
 10
598.0
 20
364.5
 10
606.7
 20
364.5
 10
606.7
 20
367.0
 10
598.0
 20
367.0
 10
598.0
 20
364.5
  0
LWPOLYLINE
  5
63B
330
17
100
AcDbEntity
  8
QA_OVERLAY
100
AcDbPolyline
 90
5
 70
0
 10
592.0
 20
340.5
 10
620.0
 20
340.5
 10
620.0
 20
372.5
 10
592.0
 20
372.5
 10
592.0
 20
340.5
  0
LWPOLYLINE
  5
63C
330
17
100
AcDbEntity
  8
QA_OVERLAY
100
AcDbPolyline
 90
5
 70
0
 10
898.5
 20
380.0
 10
907.2
 20
380.0
 10
907.2
 20
382.5
 10
898.5
 20
382.5
 10
898.5
 20
380.0
  0
LWPOLYLINE
  5
63D
330
17
100
AcDbEntity
  8
QA_OVERLAY
100
AcDbPolyline
 90
5
 70
0
 10
898.5
 20
372.0
 10
900.82
 20
372.0
 10
900.82
 20
374.0
 10
898.5
 20
374.0
 10
898.5
 20
372.0
  0
LWPOLYLINE
  5
63E
330
17
100
AcDbEntity
  8
QA_OVERLAY
100
AcDbPolyline
 90
5
 70
0
 10
892.5
 20
356.0
 10
920.5
 20
356.0
 10
920.5
 20
388.0
 10
892.5
 20
388.0
 10
892.5
 20
356.0
  0
LWPOLYLINE
  5
63F
330
17
100
AcDbEntity
  8
QA_OVERLAY
100
AcDbPolyline
 90
5
 70
0
 10
898.5
 20
380.0
 10
907.2
 20
380.0
 10
907.2
 20
382.5
 10
898.5
 20
382.5
 10
898.5
 20
380.0
  0
LWPOLYLINE
  5
640
330
17
100
AcDbEntity
  8
QA_OVERLAY
100
AcDbPolyline
 90
5
 70
0
 10
892.5
 20
356.0
 10
920.5
 20
356.0
 10
920.5
 20
388.0
 10
892.5
 20
388.0
 10
892.5
 20
356.0
  0
LWPOLYLINE
  5
641
330
17
100
AcDbEntity
  8
QA_OVERLAY
100
AcDbPolyline
 90
5
 70
0
 10
898.5
 20
345.0
 10
907.2
 20
345.0
 10
907.2
 20
347.5
 10
898.5
 20
347.5
 10
898.5
 20
345.0
  0
LWPOLYLINE
  5
642
330
17
100
AcDbEntity
  8
QA_OVERLAY
100
AcDbPolyline
 90
5
 70
0
 10
892.5
 20
321.0
 10
920.5
 20
321.0
 10
920.5
 20
353.0
 10
892.5
 20
353.0
 10
892.5
 20
321.0
  0
LWPOLYLINE
  5
643
330
17
100
AcDbEntity
  8
QA_OVERLAY
100
AcDbPolyline
 90
5
 70
0
 10
406.0
 20
215.0
 10
416.15
 20
215.0
 10
416.15
 20
217.5
 10
406.0
 20
217.5
 10
406.0
 20
215.0
  0
LWPOLYLINE
  5
644
330
17
100
AcDbEntity
  8
QA_OVERLAY
100
AcDbPolyline
 90
5
 70
0
 10
400.0
 20
191.0
 10
428.0
 20
191.0
 10
428.0
 20
223.0
 10
400.0
 20
223.0
 10
400.0
 20
191.0
  0
LWPOLYLINE
  5
645
330
17
100
AcDbEntity
  8
QA_OVERLAY
100
AcDbPolyline
 90
5
 70
0
 10
382.0
 20
210.0
 10
392.15
 20
210.0
 10
392.15
 20
212.5
 10
382.0
 20
212.5
 10
382.0
 20
210.0
  0
LWPOLYLINE
  5
646
330
17
100
AcDbEntity
  8
QA_OVERLAY
100
AcDbPolyline
 90
5
 70
0
 10
376.0
 20
186.0
 10
404.0
 20
186.0
 10
404.0
 20
218.0
 10
376.0
 20
218.0
 10
376.0
 20
186.0
  0
LWPOLYLINE
  5
647
330
17
100
AcDbEntity
  8
QA_OVERLAY
100
AcDbPolyline
 90
5
 70
0
 10
547.0
 20
246.5
 10
558.6
 20
246.5
 10
558.6
 20
249.0
 10
547.0
 20
249.0
 10
547.0
 20
246.5
  0
LWPOLYLINE
  5
648
330
17
100
AcDbEntity
  8
QA_OVERLAY
100
AcDbPolyline
 90
5
 70
0
 10
547.0
 20
238.5
 10
558.6
 20
238.5
 10
558.6
 20
240.5
 10
547.0
 20
240.5
 10
547.0
 20
238.5
  0
LWPOLYLINE
  5
649
330
17
100
AcDbEntity
  8
QA_OVERLAY
100
AcDbPolyline
 90
5
 70
0
 10
541.0
 20
222.5
 10
569.0
 20
222.5
 10
569.0
 20
254.5
 10
541.0
 20
254.5
 10
541.0
 20
222.5
  0
LWPOLYLINE
  5
64A
330
17
100
AcDbEntity
  8
QA_OVERLAY
100
AcDbPolyline
 90
5
 70
0
 10
547.0
 20
246.5
 10
557.15
 20
246.5
 10
557.15
 20
249.0
 10
547.0
 20
249.0
 10
547.0
 20
246.5
  0
LWPOLYLINE
  5
64B
330
17
100
AcDbEntity
  8
QA_OVERLAY
100
AcDbPolyline
 90
5
 70
0
 10
541.0
 20
222.5
 10
569.0
 20
222.5
 10
569.0
 20
254.5
 10
541.0
 20
254.5
 10
541.0
 20
222.5
  0
LWPOLYLINE
  5
64C
330
17
100
AcDbEntity
  8
QA_OVERLAY
100
AcDbPolyline
 90
5
 70
0
 10
547.0
 20
224.0
 10
558.6
 20
224.0
 10
558.6
 20
226.5
 10
547.0
 20
226.5
 10
547.0
 20
224.0
  0
LWPOLYLINE
  5
64D
330
17
100
AcDbEntity
  8
QA_OVERLAY
100
AcDbPolyline
 90
5
 70
0
 10
547.0
 20
216.0
 10
558.6
 20
216.0
 10
558.6
 20
218.0
 10
547.0
 20
218.0
 10
547.0
 20
216.0
  0
LWPOLYLINE
  5
64E
330
17
100
AcDbEntity
  8
QA_OVERLAY
100
AcDbPolyline
 90
5
 70
0
 10
541.0
 20
200.0
 10
569.0
 20
200.0
 10
569.0
 20
232.0
 10
541.0
 20
232.0
 10
541.0
 20
200.0
  0
LWPOLYLINE
  5
64F
330
17
100
AcDbEntity
  8
QA_OVERLAY
100
AcDbPolyline
 90
5
 70
0
 10
547.0
 20
224.0
 10
557.15
 20
224.0
 10
557.15
 20
226.5
 10
547.0
 20
226.5
 10
547.0
 20
224.0
  0
LWPOLYLINE
  5
650
330
17
100
AcDbEntity
  8
QA_OVERLAY
100
AcDbPolyline
 90
5
 70
0
 10
541.0
 20
200.0
 10
569.0
 20
200.0
 10
569.0
 20
232.0
 10
541.0
 20
232.0
 10
541.0
 20
200.0
  0
LWPOLYLINE
  5
651
330
17
100
AcDbEntity
  8
QA_OVERLAY
100
AcDbPolyline
 90
5
 70
0
 10
200.0
 20
348.0
 10
208.7
 20
348.0
 10
208.7
 20
350.5
 10
200.0
 20
350.5
 10
200.0
 20
348.0
  0
LWPOLYLINE
  5
652
330
17
100
AcDbEntity
  8
QA_OVERLAY
100
AcDbPolyline
 90
5
 70
0
 10
200.0
 20
340.0
 10
202.32
 20
340.0
 10
202.32
 20
342.0
 10
200.0
 20
342.0
 10
200.0
 20
340.0
  0
LWPOLYLINE
  5
653
330
17
100
AcDbEntity
  8
QA_OVERLAY
100
AcDbPolyline
 90
5
 70
0
 10
194.0
 20
324.0
 10
222.0
 20
324.0
 10
222.0
 20
356.0
 10
194.0
 20
356.0
 10
194.0
 20
324.0
  0
LWPOLYLINE
  5
654
330
17
100
AcDbEntity
  8
QA_OVERLAY
100
AcDbPolyline
 90
5
 70
0
 10
888.5
 20
700.0
 10
897.2
 20
700.0
 10
897.2
 20
702.5
 10
888.5
 20
702.5
 10
888.5
 20
700.0
  0
LWPOLYLINE
  5
655
330
17
100
AcDbEntity
  8
QA_OVERLAY
100
AcDbPolyline
 90
5
 70
0
 10
888.5
 20
692.0
 10
890.82
 20
692.0
 10
890.82
 20
694.0
 10
888.5
 20
694.0
 10
888.5
 20
692.0
  0
LWPOLYLINE
  5
656
330
17
100
AcDbEntity
  8
QA_OVERLAY
100
AcDbPolyline
 90
5
 70
0
 10
882.5
 20
676.0
 10
910.5
 20
676.0
 10
910.5
 20
708.0
 10
882.5
 20
708.0
 10
882.5
 20
676.0
  0
LWPOLYLINE
  5
657
330
17
100
AcDbEntity
  8
QA_OVERLAY
100
AcDbPolyline
 90
5
 70
0
 10
888.5
 20
700.0
 10
897.2
 20
700.0
 10
897.2
 20
702.5
 10
888.5
 20
702.5
 10
888.5
 20
700.0
  0
LWPOLYLINE
  5
658
330
17
100
AcDbEntity
  8
QA_OVERLAY
100
AcDbPolyline
 90
5
 70
0
 10
882.5
 20
676.0
 10
910.5
 20
676.0
 10
910.5
 20
708.0
 10
882.5
 20
708.0
 10
882.5
 20
676.0
  0
LWPOLYLINE
  5
659
330
17
100
AcDbEntity
  8
QA_OVERLAY
100
AcDbPolyline
 90
5
 70
0
 10
888.5
 20
570.0
 10
897.2
 20
570.0
 10
897.2
 20
572.5
 10
888.5
 20
572.5
 10
888.5
 20
570.0
  0
LWPOLYLINE
  5
65A
330
17
100
AcDbEntity
  8
QA_OVERLAY
100
AcDbPolyline
 90
5
 70
0
 10
882.5
 20
546.0
 10
910.5
 20
546.0
 10
910.5
 20
578.0
 10
882.5
 20
578.0
 10
882.5
 20
546.0
  0
LWPOLYLINE
  5
65B
330
17
100
AcDbEntity
  8
QA_OVERLAY
100
AcDbPolyline
 90
5
 70
0
 10
769.5
 20
727.5
 10
781.1
 20
727.5
 10
781.1
 20
730.0
 10
769.5
 20
730.0
 10
769.5
 20
727.5
  0
LWPOLYLINE
  5
65C
330
17
100
AcDbEntity
  8
QA_OVERLAY
100
AcDbPolyline
 90
5
 70
0
 10
769.5
 20
719.5
 10
782.26
 20
719.5
 10
782.26
 20
721.5
 10
769.5
 20
721.5
 10
769.5
 20
719.5
  0
LWPOLYLINE
  5
65D
330
17
100
AcDbEntity
  8
QA_OVERLAY
100
AcDbPolyline
 90
5
 70
0
 10
747.5
 20
713.5
 10
775.5
 20
713.5
 10
775.5
 20
745.5
 10
747.5
 20
745.5
 10
747.5
 20
713.5
  0
LWPOLYLINE
  5
65E
330
17
100
AcDbEntity
  8
QA_OVERLAY
100
AcDbPolyline
 90
5
 70
0
 10
787.0
 20
727.5
 10
798.6
 20
727.5
 10
798.6
 20
730.0
 10
787.0
 20
730.0
 10
787.0
 20
727.5
  0
LWPOLYLINE
  5
65F
330
17
100
AcDbEntity
  8
QA_OVERLAY
100
AcDbPolyline
 90
5
 70
0
 10
787.0
 20
719.5
 10
799.76
 20
719.5
 10
799.76
 20
721.5
 10
787.0
 20
721.5
 10
787.0
 20
719.5
  0
LWPOLYLINE
  5
660
330
17
100
AcDbEntity
  8
QA_OVERLAY
100
AcDbPolyline
 90
5
 70
0
 10
765.0
 20
713.5
 10
793.0
 20
713.5
 10
793.0
 20
745.5
 10
765.0
 20
745.5
 10
765.0
 20
713.5
  0
LWPOLYLINE
  5
661
330
17
100
AcDbEntity
  8
QA_OVERLAY
100
AcDbPolyline
 90
5
 70
0
 10
964.5
 20
727.5
 10
974.65
 20
727.5
 10
974.65
 20
730.0
 10
964.5
 20
730.0
 10
964.5
 20
727.5
  0
LWPOLYLINE
  5
662
330
17
100
AcDbEntity
  8
QA_OVERLAY
100
AcDbPolyline
 90
5
 70
0
 10
964.5
 20
719.5
 10
977.26
 20
719.5
 10
977.26
 20
721.5
 10
964.5
 20
721.5
 10
964.5
 20
719.5
  0
LWPOLYLINE
  5
663
330
17
100
AcDbEntity
  8
QA_OVERLAY
100
AcDbPolyline
 90
5
 70
0
 10
942.5
 20
713.5
 10
970.5
 20
713.5
 10
970.5
 20
745.5
 10
942.5
 20
745.5
 10
942.5
 20
713.5
  0
LWPOLYLINE
  5
664
330
17
100
AcDbEntity
  8
QA_OVERLAY
100
AcDbPolyline
 90
5
 70
0
 10
854.5
 20
735.0
 10
863.2
 20
735.0
 10
863.2
 20
737.5
 10
854.5
 20
737.5
 10
854.5
 20
735.0
  0
LWPOLYLINE
  5
665
330
17
100
AcDbEntity
  8
QA_OVERLAY
100
AcDbPolyline
 90
5
 70
0
 10
832.5
 20
721.0
 10
860.5
 20
721.0
 10
860.5
 20
753.0
 10
832.5
 20
753.0
 10
832.5
 20
721.0
  0
LWPOLYLINE
  5
666
330
17
100
AcDbEntity
  8
QA_OVERLAY
100
AcDbPolyline
 90
5
 70
0
 10
974.5
 20
735.0
 10
983.2
 20
735.0
 10
983.2
 20
737.5
 10
974.5
 20
737.5
 10
974.5
 20
735.0
  0
LWPOLYLINE
  5
667
330
17
100
AcDbEntity
  8
QA_OVERLAY
100
AcDbPolyline
 90
5
 70
0
 10
952.5
 20
721.0
 10
980.5
 20
721.0
 10
980.5
 20
753.0
 10
952.5
 20
753.0
 10
952.5
 20
721.0
  0
LWPOLYLINE
  5
668
330
17
100
AcDbEntity
  8
QA_OVERLAY
100
AcDbPolyline
 90
5
 70
0
 10
644.0
 20
194.0
 10
652.7
 20
194.0
 10
652.7
 20
196.5
 10
644.0
 20
196.5
 10
644.0
 20
194.0
  0
LWPOLYLINE
  5
669
330
17
100
AcDbEntity
  8
QA_OVERLAY
100
AcDbPolyline
 90
5
 70
0
 10
622.0
 20
180.0
 10
650.0
 20
180.0
 10
650.0
 20
212.0
 10
622.0
 20
212.0
 10
622.0
 20
180.0
  0
LWPOLYLINE
  5
66A
330
17
100
AcDbEntity
  8
QA_OVERLAY
100
AcDbPolyline
 90
5
 70
0
 10
848.0
 20
330.5
 10
856.7
 20
330.5
 10
856.7
 20
333.0
 10
848.0
 20
333.0
 10
848.0
 20
330.5
  0
LWPOLYLINE
  5
66B
330
17
100
AcDbEntity
  8
QA_OVERLAY
100
AcDbPolyline
 90
5
 70
0
 10
826.0
 20
316.5
 10
854.0
 20
316.5
 10
854.0
 20
348.5
 10
826.0
 20
348.5
 10
826.0
 20
316.5
  0
LWPOLYLINE
  5
66C
330
17
100
AcDbEntity
  8
QA_OVERLAY
100
AcDbPolyline
 90
5
 70
0
 10
921.5
 20
90.0
 10
930.2
 20
90.0
 10
930.2
 20
92.5
 10
921.5
 20
92.5
 10
921.5
 20
90.0
  0
LWPOLYLINE
  5
66D
330
17
100
AcDbEntity
  8
QA_OVERLAY
100
AcDbPolyline
 90
5
 70
0
 10
899.5
 20
76.0
 10
927.5
 20
76.0
 10
927.5
 20
108.0
 10
899.5
 20
108.0
 10
899.5
 20
76.0
  0
LWPOLYLINE
  5
66E
330
17
100
AcDbEntity
  8
QA_OVERLAY
100
AcDbPolyline
 90
5
 70
0
 10
894.5
 20
560.0
 10
903.2
 20
560.0
 10
903.2
 20
562.5
 10
894.5
 20
562.5
 10
894.5
 20
560.0
  0
LWPOLYLINE
  5
66F
330
17
100
AcDbEntity
  8
QA_OVERLAY
100
AcDbPolyline
 90
5
 70
0
 10
872.5
 20
546.0
 10
900.5
 20
546.0
 10
900.5
 20
578.0
 10
872.5
 20
578.0
 10
872.5
 20
546.0
  0
LWPOLYLINE
  5
670
330
17
100
AcDbEntity
  8
QA_OVERLAY
100
AcDbPolyline
 90
5
 70
0
 10
404.6
 20
533.5
 10
411.56
 20
533.5
 10
411.56
 20
535.5
 10
404.6
 20
535.5
 10
404.6
 20
533.5
  0
LWPOLYLINE
  5
671
330
17
100
AcDbEntity
  8
QA_OVERLAY
100
AcDbPolyline
 90
5
 70
0
 10
404.0
 20
529.0
 10
416.0
 20
529.0
 10
416.0
 20
541.0
 10
404.0
 20
541.0
 10
404.0
 20
529.0
  0
LWPOLYLINE
  5
672
330
17
100
AcDbEntity
  8
QA_OVERLAY
100
AcDbPolyline
 90
5
 70
0
 10
404.6
 20
515.5
 10
411.56
 20
515.5
 10
411.56
 20
517.5
 10
404.6
 20
517.5
 10
404.6
 20
515.5
  0
LWPOLYLINE
  5
673
330
17
100
AcDbEntity
  8
QA_OVERLAY
100
AcDbPolyline
 90
5
 70
0
 10
404.0
 20
511.0
 10
416.0
 20
511.0
 10
416.0
 20
523.0
 10
404.0
 20
523.0
 10
404.0
 20
511.0
  0
LWPOLYLINE
  5
674
330
17
100
AcDbEntity
  8
QA_OVERLAY
100
AcDbPolyline
 90
5
 70
0
 10
402.8
 20
497.5
 10
412.08
 20
497.5
 10
412.08
 20
499.5
 10
402.8
 20
499.5
 10
402.8
 20
497.5
  0
LWPOLYLINE
  5
675
330
17
100
AcDbEntity
  8
QA_OVERLAY
100
AcDbPolyline
 90
5
 70
0
 10
404.0
 20
493.0
 10
416.0
 20
493.0
 10
416.0
 20
505.0
 10
404.0
 20
505.0
 10
404.0
 20
493.0
  0
LWPOLYLINE
  5
676
330
17
100
AcDbEntity
  8
QA_OVERLAY
100
AcDbPolyline
 90
5
 70
0
 10
403.7
 20
479.5
 10
411.82
 20
479.5
 10
411.82
 20
481.5
 10
403.7
 20
481.5
 10
403.7
 20
479.5
  0
LWPOLYLINE
  5
677
330
17
100
AcDbEntity
  8
QA_OVERLAY
100
AcDbPolyline
 90
5
 70
0
 10
404.0
 20
475.0
 10
416.0
 20
475.0
 10
416.0
 20
487.0
 10
404.0
 20
487.0
 10
404.0
 20
475.0
  0
LWPOLYLINE
  5
678
330
17
100
AcDbEntity
  8
QA_OVERLAY
100
AcDbPolyline
 90
5
 70
0
 10
403.7
 20
461.5
 10
411.82
 20
461.5
 10
411.82
 20
463.5
 10
403.7
 20
463.5
 10
403.7
 20
461.5
  0
LWPOLYLINE
  5
679
330
17
100
AcDbEntity
  8
QA_OVERLAY
100
AcDbPolyline
 90
5
 70
0
 10
404.0
 20
457.0
 10
416.0
 20
457.0
 10
416.0
 20
469.0
 10
404.0
 20
469.0
 10
404.0
 20
457.0
  0
LWPOLYLINE
  5
67A
330
17
100
AcDbEntity
  8
QA_OVERLAY
100
AcDbPolyline
 90
5
 70
0
 10
399.6
 20
328.5
 10
406.56
 20
328.5
 10
406.56
 20
330.5
 10
399.6
 20
330.5
 10
399.6
 20
328.5
  0
LWPOLYLINE
  5
67B
330
17
100
AcDbEntity
  8
QA_OVERLAY
100
AcDbPolyline
 90
5
 70
0
 10
399.0
 20
324.0
 10
411.0
 20
324.0
 10
411.0
 20
336.0
 10
399.0
 20
336.0
 10
399.0
 20
324.0
  0
LWPOLYLINE
  5
67C
330
17
100
AcDbEntity
  8
QA_OVERLAY
100
AcDbPolyline
 90
5
 70
0
 10
398.7
 20
310.5
 10
406.82
 20
310.5
 10
406.82
 20
312.5
 10
398.7
 20
312.5
 10
398.7
 20
310.5
  0
LWPOLYLINE
  5
67D
330
17
100
AcDbEntity
  8
QA_OVERLAY
100
AcDbPolyline
 90
5
 70
0
 10
399.0
 20
306.0
 10
411.0
 20
306.0
 10
411.0
 20
318.0
 10
399.0
 20
318.0
 10
399.0
 20
306.0
  0
LWPOLYLINE
  5
67E
330
17
100
AcDbEntity
  8
QA_OVERLAY
100
AcDbPolyline
 90
5
 70
0
 10
398.7
 20
292.5
 10
406.82
 20
292.5
 10
406.82
 20
294.5
 10
398.7
 20
294.5
 10
398.7
 20
292.5
  0
LWPOLYLINE
  5
67F
330
17
100
AcDbEntity
  8
QA_OVERLAY
100
AcDbPolyline
 90
5
 70
0
 10
399.0
 20
288.0
 10
411.0
 20
288.0
 10
411.0
 20
300.0
 10
399.0
 20
300.0
 10
399.0
 20
288.0
  0
LWPOLYLINE
  5
680
330
17
100
AcDbEntity
  8
QA_OVERLAY
100
AcDbPolyline
 90
5
 70
0
 10
398.7
 20
274.5
 10
406.82
 20
274.5
 10
406.82
 20
276.5
 10
398.7
 20
276.5
 10
398.7
 20
274.5
  0
LWPOLYLINE
  5
681
330
17
100
AcDbEntity
  8
QA_OVERLAY
100
AcDbPolyline
 90
5
 70
0
 10
399.0
 20
270.0
 10
411.0
 20
270.0
 10
411.0
 20
282.0
 10
399.0
 20
282.0
 10
399.0
 20
270.0
  0
LWPOLYLINE
  5
682
330
17
100
AcDbEntity
  8
QA_OVERLAY
100
AcDbPolyline
 90
5
 70
0
 10
398.7
 20
256.5
 10
406.82
 20
256.5
 10
406.82
 20
258.5
 10
398.7
 20
258.5
 10
398.7
 20
256.5
  0
LWPOLYLINE
  5
683
330
17
100
AcDbEntity
  8
QA_OVERLAY
100
AcDbPolyline
 90
5
 70
0
 10
399.0
 20
252.0
 10
411.0
 20
252.0
 10
411.0
 20
264.0
 10
399.0
 20
264.0
 10
399.0
 20
252.0
  0
LWPOLYLINE
  5
684
330
17
100
AcDbEntity
  8
QA_OVERLAY
100
AcDbPolyline
 90
5
 70
0
 10
608.7
 20
433.5
 10
616.82
 20
433.5
 10
616.82
 20
435.5
 10
608.7
 20
435.5
 10
608.7
 20
433.5
  0
LWPOLYLINE
  5
685
330
17
100
AcDbEntity
  8
QA_OVERLAY
100
AcDbPolyline
 90
5
 70
0
 10
609.0
 20
429.0
 10
621.0
 20
429.0
 10
621.0
 20
441.0
 10
609.0
 20
441.0
 10
609.0
 20
429.0
  0
LWPOLYLINE
  5
686
330
17
100
AcDbEntity
  8
QA_OVERLAY
100
AcDbPolyline
 90
5
 70
0
 10
608.7
 20
415.5
 10
616.82
 20
415.5
 10
616.82
 20
417.5
 10
608.7
 20
417.5
 10
608.7
 20
415.5
  0
LWPOLYLINE
  5
687
330
17
100
AcDbEntity
  8
QA_OVERLAY
100
AcDbPolyline
 90
5
 70
0
 10
609.0
 20
411.0
 10
621.0
 20
411.0
 10
621.0
 20
423.0
 10
609.0
 20
423.0
 10
609.0
 20
411.0
  0
LWPOLYLINE
  5
688
330
17
100
AcDbEntity
  8
QA_OVERLAY
100
AcDbPolyline
 90
5
 70
0
 10
608.7
 20
397.5
 10
616.82
 20
397.5
 10
616.82
 20
399.5
 10
608.7
 20
399.5
 10
608.7
 20
397.5
  0
LWPOLYLINE
  5
689
330
17
100
AcDbEntity
  8
QA_OVERLAY
100
AcDbPolyline
 90
5
 70
0
 10
609.0
 20
393.0
 10
621.0
 20
393.0
 10
621.0
 20
405.0
 10
609.0
 20
405.0
 10
609.0
 20
393.0
  0
LWPOLYLINE
  5
68A
330
17
100
AcDbEntity
  8
QA_OVERLAY
100
AcDbPolyline
 90
5
 70
0
 10
608.7
 20
379.5
 10
616.82
 20
379.5
 10
616.82
 20
381.5
 10
608.7
 20
381.5
 10
608.7
 20
379.5
  0
LWPOLYLINE
  5
68B
330
17
100
AcDbEntity
  8
QA_OVERLAY
100
AcDbPolyline
 90
5
 70
0
 10
609.0
 20
375.0
 10
621.0
 20
375.0
 10
621.0
 20
387.0
 10
609.0
 20
387.0
 10
609.0
 20
375.0
  0
LWPOLYLINE
  5
68C
330
17
100
AcDbEntity
  8
QA_OVERLAY
100
AcDbPolyline
 90
5
 70
0
 10
608.7
 20
361.5
 10
616.82
 20
361.5
 10
616.82
 20
363.5
 10
608.7
 20
363.5
 10
608.7
 20
361.5
  0
LWPOLYLINE
  5
68D
330
17
100
AcDbEntity
  8
QA_OVERLAY
100
AcDbPolyline
 90
5
 70
0
 10
609.0
 20
357.0
 10
621.0
 20
357.0
 10
621.0
 20
369.0
 10
609.0
 20
369.0
 10
609.0
 20
357.0
  0
LWPOLYLINE
  5
68E
330
17
100
AcDbEntity
  8
QA_OVERLAY
100
AcDbPolyline
 90
5
 70
0
 10
608.7
 20
343.5
 10
616.82
 20
343.5
 10
616.82
 20
345.5
 10
608.7
 20
345.5
 10
608.7
 20
343.5
  0
LWPOLYLINE
  5
68F
330
17
100
AcDbEntity
  8
QA_OVERLAY
100
AcDbPolyline
 90
5
 70
0
 10
609.0
 20
339.0
 10
621.0
 20
339.0
 10
621.0
 20
351.0
 10
609.0
 20
351.0
 10
609.0
 20
339.0
  0
LWPOLYLINE
  5
690
330
17
100
AcDbEntity
  8
QA_OVERLAY
100
AcDbPolyline
 90
5
 70
0
 10
608.7
 20
325.5
 10
616.82
 20
325.5
 10
616.82
 20
327.5
 10
608.7
 20
327.5
 10
608.7
 20
325.5
  0
LWPOLYLINE
  5
691
330
17
100
AcDbEntity
  8
QA_OVERLAY
100
AcDbPolyline
 90
5
 70
0
 10
609.0
 20
321.0
 10
621.0
 20
321.0
 10
621.0
 20
333.0
 10
609.0
 20
333.0
 10
609.0
 20
321.0
  0
LWPOLYLINE
  5
692
330
17
100
AcDbEntity
  8
QA_OVERLAY
100
AcDbPolyline
 90
5
 70
0
 10
608.7
 20
307.5
 10
616.82
 20
307.5
 10
616.82
 20
309.5
 10
608.7
 20
309.5
 10
608.7
 20
307.5
  0
LWPOLYLINE
  5
693
330
17
100
AcDbEntity
  8
QA_OVERLAY
100
AcDbPolyline
 90
5
 70
0
 10
609.0
 20
303.0
 10
621.0
 20
303.0
 10
621.0
 20
315.0
 10
609.0
 20
315.0
 10
609.0
 20
303.0
  0
LWPOLYLINE
  5
694
330
17
100
AcDbEntity
  8
QA_OVERLAY
100
AcDbPolyline
 90
5
 70
0
 10
354.6
 20
458.5
 10
361.56
 20
458.5
 10
361.56
 20
460.5
 10
354.6
 20
460.5
 10
354.6
 20
458.5
  0
LWPOLYLINE
  5
695
330
17
100
AcDbEntity
  8
QA_OVERLAY
100
AcDbPolyline
 90
5
 70
0
 10
354.0
 20
454.0
 10
366.0
 20
454.0
 10
366.0
 20
466.0
 10
354.0
 20
466.0
 10
354.0
 20
454.0
  0
LWPOLYLINE
  5
696
330
17
100
AcDbEntity
  8
QA_OVERLAY
100
AcDbPolyline
 90
5
 70
0
 10
382.6
 20
458.5
 10
389.56
 20
458.5
 10
389.56
 20
460.5
 10
382.6
 20
460.5
 10
382.6
 20
458.5
  0
LWPOLYLINE
  5
697
330
17
100
AcDbEntity
  8
QA_OVERLAY
100
AcDbPolyline
 90
5
 70
0
 10
382.0
 20
454.0
 10
394.0
 20
454.0
 10
394.0
 20
466.0
 10
382.0
 20
466.0
 10
382.0
 20
454.0
  0
LWPOLYLINE
  5
698
330
17
100
AcDbEntity
  8
QA_OVERLAY
100
AcDbPolyline
 90
5
 70
0
 10
409.7
 20
458.5
 10
417.82
 20
458.5
 10
417.82
 20
460.5
 10
409.7
 20
460.5
 10
409.7
 20
458.5
  0
LWPOLYLINE
  5
699
330
17
100
AcDbEntity
  8
QA_OVERLAY
100
AcDbPolyline
 90
5
 70
0
 10
410.0
 20
454.0
 10
422.0
 20
454.0
 10
422.0
 20
466.0
 10
410.0
 20
466.0
 10
410.0
 20
454.0
  0
LWPOLYLINE
  5
69A
330
17
100
AcDbEntity
  8
QA_OVERLAY
100
AcDbPolyline
 90
5
 70
0
 10
533.7
 20
708.5
 10
541.82
 20
708.5
 10
541.82
 20
710.5
 10
533.7
 20
710.5
 10
533.7
 20
708.5
  0
LWPOLYLINE
  5
69B
330
17
100
AcDbEntity
  8
QA_OVERLAY
100
AcDbPolyline
 90
5
 70
0
 10
534.0
 20
704.0
 10
546.0
 20
704.0
 10
546.0
 20
716.0
 10
534.0
 20
716.0
 10
534.0
 20
704.0
  0
LWPOLYLINE
  5
69C
330
17
100
AcDbEntity
  8
QA_OVERLAY
100
AcDbPolyline
 90
5
 70
0
 10
560.8
 20
708.5
 10
570.0799999999999
 20
708.5
 10
570.0799999999999
 20
710.5
 10
560.8
 20
710.5
 10
560.8
 20
708.5
  0
LWPOLYLINE
  5
69D
330
17
100
AcDbEntity
  8
QA_OVERLAY
100
AcDbPolyline
 90
5
 70
0
 10
562.0
 20
704.0
 10
574.0
 20
704.0
 10
574.0
 20
716.0
 10
562.0
 20
716.0
 10
562.0
 20
704.0
  0
LWPOLYLINE
  5
69E
330
17
100
AcDbEntity
  8
QA_OVERLAY
100
AcDbPolyline
 90
5
 70
0
 10
729.6
 20
608.5
 10
736.5600000000001
 20
608.5
 10
736.5600000000001
 20
610.5
 10
729.6
 20
610.5
 10
729.6
 20
608.5
  0
LWPOLYLINE
  5
69F
330
17
100
AcDbEntity
  8
QA_OVERLAY
100
AcDbPolyline
 90
5
 70
0
 10
729.0
 20
604.0
 10
741.0
 20
604.0
 10
741.0
 20
616.0
 10
729.0
 20
616.0
 10
729.0
 20
604.0
  0
LWPOLYLINE
  5
6A0
330
17
100
AcDbEntity
  8
QA_OVERLAY
100
AcDbPolyline
 90
5
 70
0
 10
728.7
 20
590.5
 10
736.82
 20
590.5
 10
736.82
 20
592.5
 10
728.7
 20
592.5
 10
728.7
 20
590.5
  0
LWPOLYLINE
  5
6A1
330
17
100
AcDbEntity
  8
QA_OVERLAY
100
AcDbPolyline
 90
5
 70
0
 10
729.0
 20
586.0
 10
741.0
 20
586.0
 10
741.0
 20
598.0
 10
729.0
 20
598.0
 10
729.0
 20
586.0
  0
LWPOLYLINE
  5
6A2
330
17
100
AcDbEntity
  8
QA_OVERLAY
100
AcDbPolyline
 90
5
 70
0
 10
728.7
 20
572.5
 10
736.82
 20
572.5
 10
736.82
 20
574.5
 10
728.7
 20
574.5
 10
728.7
 20
572.5
  0
LWPOLYLINE
  5
6A3
330
17
100
AcDbEntity
  8
QA_OVERLAY
100
AcDbPolyline
 90
5
 70
0
 10
729.0
 20
568.0
 10
741.0
 20
568.0
 10
741.0
 20
580.0
 10
729.0
 20
580.0
 10
729.0
 20
568.0
  0
LWPOLYLINE
  5
6A4
330
17
100
AcDbEntity
  8
QA_OVERLAY
100
AcDbPolyline
 90
5
 70
0
 10
728.7
 20
554.5
 10
736.82
 20
554.5
 10
736.82
 20
556.5
 10
728.7
 20
556.5
 10
728.7
 20
554.5
  0
LWPOLYLINE
  5
6A5
330
17
100
AcDbEntity
  8
QA_OVERLAY
100
AcDbPolyline
 90
5
 70
0
 10
729.0
 20
550.0
 10
741.0
 20
550.0
 10
741.0
 20
562.0
 10
729.0
 20
562.0
 10
729.0
 20
550.0
  0
LWPOLYLINE
  5
6A6
330
17
100
AcDbEntity
  8
QA_OVERLAY
100
AcDbPolyline
 90
5
 70
0
 10
727.8
 20
536.5
 10
737.0799999999999
 20
536.5
 10
737.0799999999999
 20
538.5
 10
727.8
 20
538.5
 10
727.8
 20
536.5
  0
LWPOLYLINE
  5
6A7
330
17
100
AcDbEntity
  8
QA_OVERLAY
100
AcDbPolyline
 90
5
 70
0
 10
729.0
 20
532.0
 10
741.0
 20
532.0
 10
741.0
 20
544.0
 10
729.0
 20
544.0
 10
729.0
 20
532.0
  0
LWPOLYLINE
  5
6A8
330
17
100
AcDbEntity
  8
QA_OVERLAY
100
AcDbPolyline
 90
5
 70
0
 10
729.6
 20
518.5
 10
736.5600000000001
 20
518.5
 10
736.5600000000001
 20
520.5
 10
729.6
 20
520.5
 10
729.6
 20
518.5
  0
LWPOLYLINE
  5
6A9
330
17
100
AcDbEntity
  8
QA_OVERLAY
100
AcDbPolyline
 90
5
 70
0
 10
729.0
 20
514.0
 10
741.0
 20
514.0
 10
741.0
 20
526.0
 10
729.0
 20
526.0
 10
729.0
 20
514.0
  0
LWPOLYLINE
  5
6AA
330
17
100
AcDbEntity
  8
QA_OVERLAY
100
AcDbPolyline
 90
5
 70
0
 10
729.6
 20
500.5
 10
736.5600000000001
 20
500.5
 10
736.5600000000001
 20
502.5
 10
729.6
 20
502.5
 10
729.6
 20
500.5
  0
LWPOLYLINE
  5
6AB
330
17
100
AcDbEntity
  8
QA_OVERLAY
100
AcDbPolyline
 90
5
 70
0
 10
729.0
 20
496.0
 10
741.0
 20
496.0
 10
741.0
 20
508.0
 10
729.0
 20
508.0
 10
729.0
 20
496.0
  0
LWPOLYLINE
  5
6AC
330
17
100
AcDbEntity
  8
QA_OVERLAY
100
AcDbPolyline
 90
5
 70
0
 10
684.6
 20
523.5
 10
691.5600000000001
 20
523.5
 10
691.5600000000001
 20
525.5
 10
684.6
 20
525.5
 10
684.6
 20
523.5
  0
LWPOLYLINE
  5
6AD
330
17
100
AcDbEntity
  8
QA_OVERLAY
100
AcDbPolyline
 90
5
 70
0
 10
684.0
 20
519.0
 10
696.0
 20
519.0
 10
696.0
 20
531.0
 10
684.0
 20
531.0
 10
684.0
 20
519.0
  0
LWPOLYLINE
  5
6AE
330
17
100
AcDbEntity
  8
QA_OVERLAY
100
AcDbPolyline
 90
5
 70
0
 10
712.6
 20
523.5
 10
719.5600000000001
 20
523.5
 10
719.5600000000001
 20
525.5
 10
712.6
 20
525.5
 10
712.6
 20
523.5
  0
LWPOLYLINE
  5
6AF
330
17
100
AcDbEntity
  8
QA_OVERLAY
100
AcDbPolyline
 90
5
 70
0
 10
712.0
 20
519.0
 10
724.0
 20
519.0
 10
724.0
 20
531.0
 10
712.0
 20
531.0
 10
712.0
 20
519.0
  0
LWPOLYLINE
  5
6B0
330
17
100
AcDbEntity
  8
QA_OVERLAY
100
AcDbPolyline
 90
5
 70
0
 10
739.7
 20
523.5
 10
747.82
 20
523.5
 10
747.82
 20
525.5
 10
739.7
 20
525.5
 10
739.7
 20
523.5
  0
LWPOLYLINE
  5
6B1
330
17
100
AcDbEntity
  8
QA_OVERLAY
100
AcDbPolyline
 90
5
 70
0
 10
740.0
 20
519.0
 10
752.0
 20
519.0
 10
752.0
 20
531.0
 10
740.0
 20
531.0
 10
740.0
 20
519.0
  0
LWPOLYLINE
  5
6B2
330
17
100
AcDbEntity
  8
QA_OVERLAY
100
AcDbPolyline
 90
5
 70
0
 10
754.6
 20
368.5
 10
761.5600000000001
 20
368.5
 10
761.5600000000001
 20
370.5
 10
754.6
 20
370.5
 10
754.6
 20
368.5
  0
LWPOLYLINE
  5
6B3
330
17
100
AcDbEntity
  8
QA_OVERLAY
100
AcDbPolyline
 90
5
 70
0
 10
754.0
 20
364.0
 10
766.0
 20
364.0
 10
766.0
 20
376.0
 10
754.0
 20
376.0
 10
754.0
 20
364.0
  0
LWPOLYLINE
  5
6B4
330
17
100
AcDbEntity
  8
QA_OVERLAY
100
AcDbPolyline
 90
5
 70
0
 10
754.6
 20
350.5
 10
761.5600000000001
 20
350.5
 10
761.5600000000001
 20
352.5
 10
754.6
 20
352.5
 10
754.6
 20
350.5
  0
LWPOLYLINE
  5
6B5
330
17
100
AcDbEntity
  8
QA_OVERLAY
100
AcDbPolyline
 90
5
 70
0
 10
754.0
 20
346.0
 10
766.0
 20
346.0
 10
766.0
 20
358.0
 10
754.0
 20
358.0
 10
754.0
 20
346.0
  0
LWPOLYLINE
  5
6B6
330
17
100
AcDbEntity
  8
QA_OVERLAY
100
AcDbPolyline
 90
5
 70
0
 10
1003.7
 20
608.5
 10
1011.82
 20
608.5
 10
1011.82
 20
610.5
 10
1003.7
 20
610.5
 10
1003.7
 20
608.5
  0
LWPOLYLINE
  5
6B7
330
17
100
AcDbEntity
  8
QA_OVERLAY
100
AcDbPolyline
 90
5
 70
0
 10
1004.0
 20
604.0
 10
1016.0
 20
604.0
 10
1016.0
 20
616.0
 10
1004.0
 20
616.0
 10
1004.0
 20
604.0
  0
LWPOLYLINE
  5
6B8
330
17
100
AcDbEntity
  8
QA_OVERLAY
100
AcDbPolyline
 90
5
 70
0
 10
1003.7
 20
590.5
 10
1011.82
 20
590.5
 10
1011.82
 20
592.5
 10
1003.7
 20
592.5
 10
1003.7
 20
590.5
  0
LWPOLYLINE
  5
6B9
330
17
100
AcDbEntity
  8
QA_OVERLAY
100
AcDbPolyline
 90
5
 70
0
 10
1004.0
 20
586.0
 10
1016.0
 20
586.0
 10
1016.0
 20
598.0
 10
1004.0
 20
598.0
 10
1004.0
 20
586.0
  0
LWPOLYLINE
  5
6BA
330
17
100
AcDbEntity
  8
QA_OVERLAY
100
AcDbPolyline
 90
5
 70
0
 10
1004.6
 20
572.5
 10
1011.5600000000001
 20
572.5
 10
1011.5600000000001
 20
574.5
 10
1004.6
 20
574.5
 10
1004.6
 20
572.5
  0
LWPOLYLINE
  5
6BB
330
17
100
AcDbEntity
  8
QA_OVERLAY
100
AcDbPolyline
 90
5
 70
0
 10
1004.0
 20
568.0
 10
1016.0
 20
568.0
 10
1016.0
 20
580.0
 10
1004.0
 20
580.0
 10
1004.0
 20
568.0
  0
LWPOLYLINE
  5
6BC
330
17
100
AcDbEntity
  8
QA_OVERLAY
100
AcDbPolyline
 90
5
 70
0
 10
253.7
 20
258.5
 10
261.82
 20
258.5
 10
261.82
 20
260.5
 10
253.7
 20
260.5
 10
253.7
 20
258.5
  0
LWPOLYLINE
  5
6BD
330
17
100
AcDbEntity
  8
QA_OVERLAY
100
AcDbPolyline
 90
5
 70
0
 10
254.0
 20
254.0
 10
266.0
 20
254.0
 10
266.0
 20
266.0
 10
254.0
 20
266.0
 10
254.0
 20
254.0
  0
LWPOLYLINE
  5
6BE
330
17
100
AcDbEntity
  8
QA_OVERLAY
100
AcDbPolyline
 90
5
 70
0
 10
253.7
 20
240.5
 10
261.82
 20
240.5
 10
261.82
 20
242.5
 10
253.7
 20
242.5
 10
253.7
 20
240.5
  0
LWPOLYLINE
  5
6BF
330
17
100
AcDbEntity
  8
QA_OVERLAY
100
AcDbPolyline
 90
5
 70
0
 10
254.0
 20
236.0
 10
266.0
 20
236.0
 10
266.0
 20
248.0
 10
254.0
 20
248.0
 10
254.0
 20
236.0
  0
LWPOLYLINE
  5
6C0
330
17
100
AcDbEntity
  8
QA_OVERLAY
100
AcDbPolyline
 90
5
 70
0
 10
254.6
 20
222.5
 10
261.56
 20
222.5
 10
261.56
 20
224.5
 10
254.6
 20
224.5
 10
254.6
 20
222.5
  0
LWPOLYLINE
  5
6C1
330
17
100
AcDbEntity
  8
QA_OVERLAY
100
AcDbPolyline
 90
5
 70
0
 10
254.0
 20
218.0
 10
266.0
 20
218.0
 10
266.0
 20
230.0
 10
254.0
 20
230.0
 10
254.0
 20
218.0
  0
LWPOLYLINE
  5
6C2
330
17
100
AcDbEntity
  8
QA_OVERLAY
100
AcDbPolyline
 90
5
 70
0
 10
703.7
 20
178.5
 10
711.82
 20
178.5
 10
711.82
 20
180.5
 10
703.7
 20
180.5
 10
703.7
 20
178.5
  0
LWPOLYLINE
  5
6C3
330
17
100
AcDbEntity
  8
QA_OVERLAY
100
AcDbPolyline
 90
5
 70
0
 10
704.0
 20
174.0
 10
716.0
 20
174.0
 10
716.0
 20
186.0
 10
704.0
 20
186.0
 10
704.0
 20
174.0
  0
LWPOLYLINE
  5
6C4
330
17
100
AcDbEntity
  8
QA_OVERLAY
100
AcDbPolyline
 90
5
 70
0
 10
731.7
 20
178.5
 10
739.82
 20
178.5
 10
739.82
 20
180.5
 10
731.7
 20
180.5
 10
731.7
 20
178.5
  0
LWPOLYLINE
  5
6C5
330
17
100
AcDbEntity
  8
QA_OVERLAY
100
AcDbPolyline
 90
5
 70
0
 10
732.0
 20
174.0
 10
744.0
 20
174.0
 10
744.0
 20
186.0
 10
732.0
 20
186.0
 10
732.0
 20
174.0
  0
LWPOLYLINE
  5
6C6
330
17
100
AcDbEntity
  8
QA_OVERLAY
100
AcDbPolyline
 90
5
 70
0
 10
759.7
 20
178.5
 10
767.82
 20
178.5
 10
767.82
 20
180.5
 10
759.7
 20
180.5
 10
759.7
 20
178.5
  0
LWPOLYLINE
  5
6C7
330
17
100
AcDbEntity
  8
QA_OVERLAY
100
AcDbPolyline
 90
5
 70
0
 10
760.0
 20
174.0
 10
772.0
 20
174.0
 10
772.0
 20
186.0
 10
760.0
 20
186.0
 10
760.0
 20
174.0
  0
LWPOLYLINE
  5
6C8
330
17
100
AcDbEntity
  8
QA_OVERLAY
100
AcDbPolyline
 90
5
 70
0
 10
787.7
 20
178.5
 10
795.82
 20
178.5
 10
795.82
 20
180.5
 10
787.7
 20
180.5
 10
787.7
 20
178.5
  0
LWPOLYLINE
  5
6C9
330
17
100
AcDbEntity
  8
QA_OVERLAY
100
AcDbPolyline
 90
5
 70
0
 10
788.0
 20
174.0
 10
800.0
 20
174.0
 10
800.0
 20
186.0
 10
788.0
 20
186.0
 10
788.0
 20
174.0
  0
LWPOLYLINE
  5
6CA
330
17
100
AcDbEntity
  8
QA_OVERLAY
100
AcDbPolyline
 90
5
 70
0
 10
203.7
 20
448.5
 10
211.82
 20
448.5
 10
211.82
 20
450.5
 10
203.7
 20
450.5
 10
203.7
 20
448.5
  0
LWPOLYLINE
  5
6CB
330
17
100
AcDbEntity
  8
QA_OVERLAY
100
AcDbPolyline
 90
5
 70
0
 10
204.0
 20
444.0
 10
216.0
 20
444.0
 10
216.0
 20
456.0
 10
204.0
 20
456.0
 10
204.0
 20
444.0
  0
LWPOLYLINE
  5
6CC
330
17
100
AcDbEntity
  8
QA_OVERLAY
100
AcDbPolyline
 90
5
 70
0
 10
203.7
 20
430.5
 10
211.82
 20
430.5
 10
211.82
 20
432.5
 10
203.7
 20
432.5
 10
203.7
 20
430.5
  0
LWPOLYLINE
  5
6CD
330
17
100
AcDbEntity
  8
QA_OVERLAY
100
AcDbPolyline
 90
5
 70
0
 10
204.0
 20
426.0
 10
216.0
 20
426.0
 10
216.0
 20
438.0
 10
204.0
 20
438.0
 10
204.0
 20
426.0
  0
LINE
  5
6CE
330
17
100
AcDbEntity
  8
QA_OVERLAY
100
AcDbLine
 10
105.0
 20
392.0
 30
0.0
 11
109.0
 21
392.0
 31
0.0
  0
LINE
  5
6CF
330
17
100
AcDbEntity
  8
QA_OVERLAY
100
AcDbLine
 10
107.0
 20
390.0
 30
0.0
 11
107.0
 21
394.0
 31
0.0
  0
LINE
  5
6D0
330
17
100
AcDbEntity
  8
QA_OVERLAY
100
AcDbLine
 10
105.0
 20
392.0
 30
0.0
 11
109.0
 21
392.0
 31
0.0
  0
LINE
  5
6D1
330
17
100
AcDbEntity
  8
QA_OVERLAY
100
AcDbLine
 10
107.0
 20
390.0
 30
0.0
 11
107.0
 21
394.0
 31
0.0
  0
LINE
  5
6D2
330
17
100
AcDbEntity
  8
QA_OVERLAY
100
AcDbLine
 10
1091.0
 20
610.0
 30
0.0
 11
1095.0
 21
610.0
 31
0.0
  0
LINE
  5
6D3
330
17
100
AcDbEntity
  8
QA_OVERLAY
100
AcDbLine
 10
1093.0
 20
608.0
 30
0.0
 11
1093.0
 21
612.0
 31
0.0
  0
LINE
  5
6D4
330
17
100
AcDbEntity
  8
QA_OVERLAY
100
AcDbLine
 10
1091.0
 20
610.0
 30
0.0
 11
1095.0
 21
610.0
 31
0.0
  0
LINE
  5
6D5
330
17
100
AcDbEntity
  8
QA_OVERLAY
100
AcDbLine
 10
1093.0
 20
608.0
 30
0.0
 11
1093.0
 21
612.0
 31
0.0
  0
LINE
  5
6D6
330
17
100
AcDbEntity
  8
QA_OVERLAY
100
AcDbLine
 10
105.0
 20
268.0
 30
0.0
 11
109.0
 21
268.0
 31
0.0
  0
LINE
  5
6D7
330
17
100
AcDbEntity
  8
QA_OVERLAY
100
AcDbLine
 10
107.0
 20
266.0
 30
0.0
 11
107.0
 21
270.0
 31
0.0
  0
LINE
  5
6D8
330
17
100
AcDbEntity
  8
QA_OVERLAY
100
AcDbLine
 10
105.0
 20
268.0
 30
0.0
 11
109.0
 21
268.0
 31
0.0
  0
LINE
  5
6D9
330
17
100
AcDbEntity
  8
QA_OVERLAY
100
AcDbLine
 10
107.0
 20
266.0
 30
0.0
 11
107.0
 21
270.0
 31
0.0
  0
LINE
  5
6DA
330
17
100
AcDbEntity
  8
QA_OVERLAY
100
AcDbLine
 10
1091.0
 20
735.0
 30
0.0
 11
1095.0
 21
735.0
 31
0.0
  0
LINE
  5
6DB
330
17
100
AcDbEntity
  8
QA_OVERLAY
100
AcDbLine
 10
1093.0
 20
733.0
 30
0.0
 11
1093.0
 21
737.0
 31
0.0
  0
LINE
  5
6DC
330
17
100
AcDbEntity
  8
QA_OVERLAY
100
AcDbLine
 10
1091.0
 20
735.0
 30
0.0
 11
1095.0
 21
735.0
 31
0.0
  0
LINE
  5
6DD
330
17
100
AcDbEntity
  8
QA_OVERLAY
100
AcDbLine
 10
1093.0
 20
733.0
 30
0.0
 11
1093.0
 21
737.0
 31
0.0
  0
LINE
  5
6DE
330
17
100
AcDbEntity
  8
QA_OVERLAY
100
AcDbLine
 10
1091.0
 20
90.0
 30
0.0
 11
1095.0
 21
90.0
 31
0.0
  0
LINE
  5
6DF
330
17
100
AcDbEntity
  8
QA_OVERLAY
100
AcDbLine
 10
1093.0
 20
88.0
 30
0.0
 11
1093.0
 21
92.0
 31
0.0
  0
LINE
  5
6E0
330
17
100
AcDbEntity
  8
QA_OVERLAY
100
AcDbLine
 10
1091.0
 20
90.0
 30
0.0
 11
1095.0
 21
90.0
 31
0.0
  0
LINE
  5
6E1
330
17
100
AcDbEntity
  8
QA_OVERLAY
100
AcDbLine
 10
1093.0
 20
88.0
 30
0.0
 11
1093.0
 21
92.0
 31
0.0
  0
LINE
  5
6E2
330
17
100
AcDbEntity
  8
QA_OVERLAY
100
AcDbLine
 10
1091.0
 20
690.0
 30
0.0
 11
1095.0
 21
690.0
 31
0.0
  0
LINE
  5
6E3
330
17
100
AcDbEntity
  8
QA_OVERLAY
100
AcDbLine
 10
1093.0
 20
688.0
 30
0.0
 11
1093.0
 21
692.0
 31
0.0
  0
LINE
  5
6E4
330
17
100
AcDbEntity
  8
QA_OVERLAY
100
AcDbLine
 10
1091.0
 20
690.0
 30
0.0
 11
1095.0
 21
690.0
 31
0.0
  0
LINE
  5
6E5
330
17
100
AcDbEntity
  8
QA_OVERLAY
100
AcDbLine
 10
1093.0
 20
688.0
 30
0.0
 11
1093.0
 21
692.0
 31
0.0
  0
LINE
  5
6E6
330
17
100
AcDbEntity
  8
QA_OVERLAY
100
AcDbLine
 10
1091.0
 20
560.0
 30
0.0
 11
1095.0
 21
560.0
 31
0.0
  0
LINE
  5
6E7
330
17
100
AcDbEntity
  8
QA_OVERLAY
100
AcDbLine
 10
1093.0
 20
558.0
 30
0.0
 11
1093.0
 21
562.0
 31
0.0
  0
LINE
  5
6E8
330
17
100
AcDbEntity
  8
QA_OVERLAY
100
AcDbLine
 10
1091.0
 20
560.0
 30
0.0
 11
1095.0
 21
560.0
 31
0.0
  0
LINE
  5
6E9
330
17
100
AcDbEntity
  8
QA_OVERLAY
100
AcDbLine
 10
1093.0
 20
558.0
 30
0.0
 11
1093.0
 21
562.0
 31
0.0
  0
LINE
  5
6EA
330
17
100
AcDbEntity
  8
QA_OVERLAY
100
AcDbLine
 10
1091.0
 20
370.0
 30
0.0
 11
1095.0
 21
370.0
 31
0.0
  0
LINE
  5
6EB
330
17
100
AcDbEntity
  8
QA_OVERLAY
100
AcDbLine
 10
1093.0
 20
368.0
 30
0.0
 11
1093.0
 21
372.0
 31
0.0
  0
LINE
  5
6EC
330
17
100
AcDbEntity
  8
QA_OVERLAY
100
AcDbLine
 10
1091.0
 20
370.0
 30
0.0
 11
1095.0
 21
370.0
 31
0.0
  0
LINE
  5
6ED
330
17
100
AcDbEntity
  8
QA_OVERLAY
100
AcDbLine
 10
1093.0
 20
368.0
 30
0.0
 11
1093.0
 21
372.0
 31
0.0
  0
LINE
  5
6EE
330
17
100
AcDbEntity
  8
QA_OVERLAY
100
AcDbLine
 10
1091.0
 20
335.0
 30
0.0
 11
1095.0
 21
335.0
 31
0.0
  0
LINE
  5
6EF
330
17
100
AcDbEntity
  8
QA_OVERLAY
100
AcDbLine
 10
1093.0
 20
333.0
 30
0.0
 11
1093.0
 21
337.0
 31
0.0
  0
LINE
  5
6F0
330
17
100
AcDbEntity
  8
QA_OVERLAY
100
AcDbLine
 10
1091.0
 20
335.0
 30
0.0
 11
1095.0
 21
335.0
 31
0.0
  0
LINE
  5
6F1
330
17
100
AcDbEntity
  8
QA_OVERLAY
100
AcDbLine
 10
1093.0
 20
333.0
 30
0.0
 11
1093.0
 21
337.0
 31
0.0
  0
LINE
  5
6F2
330
17
100
AcDbEntity
  8
QA_OVERLAY
100
AcDbLine
 10
490.0
 20
465.0
 30
0.0
 11
494.0
 21
465.0
 31
0.0
  0
LINE
  5
6F3
330
17
100
AcDbEntity
  8
QA_OVERLAY
100
AcDbLine
 10
492.0
 20
463.0
 30
0.0
 11
492.0
 21
467.0
 31
0.0
  0
LINE
  5
6F4
330
17
100
AcDbEntity
  8
QA_OVERLAY
100
AcDbLine
 10
474.0
 20
465.0
 30
0.0
 11
478.0
 21
465.0
 31
0.0
  0
LINE
  5
6F5
330
17
100
AcDbEntity
  8
QA_OVERLAY
100
AcDbLine
 10
476.0
 20
463.0
 30
0.0
 11
476.0
 21
467.0
 31
0.0
  0
LINE
  5
6F6
330
17
100
AcDbEntity
  8
QA_OVERLAY
100
AcDbLine
 10
466.0
 20
465.0
 30
0.0
 11
470.0
 21
465.0
 31
0.0
  0
LINE
  5
6F7
330
17
100
AcDbEntity
  8
QA_OVERLAY
100
AcDbLine
 10
468.0
 20
463.0
 30
0.0
 11
468.0
 21
467.0
 31
0.0
  0
LINE
  5
6F8
330
17
100
AcDbEntity
  8
QA_OVERLAY
100
AcDbLine
 10
466.0
 20
465.0
 30
0.0
 11
470.0
 21
465.0
 31
0.0
  0
LINE
  5
6F9
330
17
100
AcDbEntity
  8
QA_OVERLAY
100
AcDbLine
 10
468.0
 20
463.0
 30
0.0
 11
468.0
 21
467.0
 31
0.0
  0
LINE
  5
6FA
330
17
100
AcDbEntity
  8
QA_OVERLAY
100
AcDbLine
 10
518.0
 20
545.0
 30
0.0
 11
522.0
 21
545.0
 31
0.0
  0
LINE
  5
6FB
330
17
100
AcDbEntity
  8
QA_OVERLAY
100
AcDbLine
 10
520.0
 20
543.0
 30
0.0
 11
520.0
 21
547.0
 31
0.0
  0
LINE
  5
6FC
330
17
100
AcDbEntity
  8
QA_OVERLAY
100
AcDbLine
 10
518.0
 20
562.0
 30
0.0
 11
522.0
 21
562.0
 31
0.0
  0
LINE
  5
6FD
330
17
100
AcDbEntity
  8
QA_OVERLAY
100
AcDbLine
 10
520.0
 20
560.0
 30
0.0
 11
520.0
 21
564.0
 31
0.0
  0
LINE
  5
6FE
330
17
100
AcDbEntity
  8
QA_OVERLAY
100
AcDbLine
 10
518.0
 20
572.0
 30
0.0
 11
522.0
 21
572.0
 31
0.0
  0
LINE
  5
6FF
330
17
100
AcDbEntity
  8
QA_OVERLAY
100
AcDbLine
 10
520.0
 20
570.0
 30
0.0
 11
520.0
 21
574.0
 31
0.0
  0
LINE
  5
700
330
17
100
AcDbEntity
  8
QA_OVERLAY
100
AcDbLine
 10
518.0
 20
572.0
 30
0.0
 11
522.0
 21
572.0
 31
0.0
  0
LINE
  5
701
330
17
100
AcDbEntity
  8
QA_OVERLAY
100
AcDbLine
 10
520.0
 20
570.0
 30
0.0
 11
520.0
 21
574.0
 31
0.0
  0
LINE
  5
702
330
17
100
AcDbEntity
  8
QA_OVERLAY
100
AcDbLine
 10
546.0
 20
508.0
 30
0.0
 11
550.0
 21
508.0
 31
0.0
  0
LINE
  5
703
330
17
100
AcDbEntity
  8
QA_OVERLAY
100
AcDbLine
 10
548.0
 20
506.0
 30
0.0
 11
548.0
 21
510.0
 31
0.0
  0
LINE
  5
704
330
17
100
AcDbEntity
  8
QA_OVERLAY
100
AcDbLine
 10
562.0
 20
508.0
 30
0.0
 11
566.0
 21
508.0
 31
0.0
  0
LINE
  5
705
330
17
100
AcDbEntity
  8
QA_OVERLAY
100
AcDbLine
 10
564.0
 20
506.0
 30
0.0
 11
564.0
 21
510.0
 31
0.0
  0
LINE
  5
706
330
17
100
AcDbEntity
  8
QA_OVERLAY
100
AcDbLine
 10
570.0
 20
508.0
 30
0.0
 11
574.0
 21
508.0
 31
0.0
  0
LINE
  5
707
330
17
100
AcDbEntity
  8
QA_OVERLAY
100
AcDbLine
 10
572.0
 20
506.0
 30
0.0
 11
572.0
 21
510.0
 31
0.0
  0
LINE
  5
708
330
17
100
AcDbEntity
  8
QA_OVERLAY
100
AcDbLine
 10
570.0
 20
508.0
 30
0.0
 11
574.0
 21
508.0
 31
0.0
  0
LINE
  5
709
330
17
100
AcDbEntity
  8
QA_OVERLAY
100
AcDbLine
 10
572.0
 20
506.0
 30
0.0
 11
572.0
 21
510.0
 31
0.0
  0
LINE
  5
70A
330
17
100
AcDbEntity
  8
QA_OVERLAY
100
AcDbLine
 10
546.0
 20
348.0
 30
0.0
 11
550.0
 21
348.0
 31
0.0
  0
LINE
  5
70B
330
17
100
AcDbEntity
  8
QA_OVERLAY
100
AcDbLine
 10
548.0
 20
346.0
 30
0.0
 11
548.0
 21
350.0
 31
0.0
  0
LINE
  5
70C
330
17
100
AcDbEntity
  8
QA_OVERLAY
100
AcDbLine
 10
562.0
 20
348.0
 30
0.0
 11
566.0
 21
348.0
 31
0.0
  0
LINE
  5
70D
330
17
100
AcDbEntity
  8
QA_OVERLAY
100
AcDbLine
 10
564.0
 20
346.0
 30
0.0
 11
564.0
 21
350.0
 31
0.0
  0
LINE
  5
70E
330
17
100
AcDbEntity
  8
QA_OVERLAY
100
AcDbLine
 10
570.0
 20
348.0
 30
0.0
 11
574.0
 21
348.0
 31
0.0
  0
LINE
  5
70F
330
17
100
AcDbEntity
  8
QA_OVERLAY
100
AcDbLine
 10
572.0
 20
346.0
 30
0.0
 11
572.0
 21
350.0
 31
0.0
  0
LINE
  5
710
330
17
100
AcDbEntity
  8
QA_OVERLAY
100
AcDbLine
 10
570.0
 20
348.0
 30
0.0
 11
574.0
 21
348.0
 31
0.0
  0
LINE
  5
711
330
17
100
AcDbEntity
  8
QA_OVERLAY
100
AcDbLine
 10
572.0
 20
346.0
 30
0.0
 11
572.0
 21
350.0
 31
0.0
  0
LINE
  5
712
330
17
100
AcDbEntity
  8
QA_OVERLAY
100
AcDbLine
 10
546.0
 20
382.0
 30
0.0
 11
550.0
 21
382.0
 31
0.0
  0
LINE
  5
713
330
17
100
AcDbEntity
  8
QA_OVERLAY
100
AcDbLine
 10
548.0
 20
380.0
 30
0.0
 11
548.0
 21
384.0
 31
0.0
  0
LINE
  5
714
330
17
100
AcDbEntity
  8
QA_OVERLAY
100
AcDbLine
 10
562.0
 20
382.0
 30
0.0
 11
566.0
 21
382.0
 31
0.0
  0
LINE
  5
715
330
17
100
AcDbEntity
  8
QA_OVERLAY
100
AcDbLine
 10
564.0
 20
380.0
 30
0.0
 11
564.0
 21
384.0
 31
0.0
  0
LINE
  5
716
330
17
100
AcDbEntity
  8
QA_OVERLAY
100
AcDbLine
 10
570.0
 20
382.0
 30
0.0
 11
574.0
 21
382.0
 31
0.0
  0
LINE
  5
717
330
17
100
AcDbEntity
  8
QA_OVERLAY
100
AcDbLine
 10
572.0
 20
380.0
 30
0.0
 11
572.0
 21
384.0
 31
0.0
  0
LINE
  5
718
330
17
100
AcDbEntity
  8
QA_OVERLAY
100
AcDbLine
 10
570.0
 20
382.0
 30
0.0
 11
574.0
 21
382.0
 31
0.0
  0
LINE
  5
719
330
17
100
AcDbEntity
  8
QA_OVERLAY
100
AcDbLine
 10
572.0
 20
380.0
 30
0.0
 11
572.0
 21
384.0
 31
0.0
  0
LINE
  5
71A
330
17
100
AcDbEntity
  8
QA_OVERLAY
100
AcDbLine
 10
518.0
 20
315.0
 30
0.0
 11
522.0
 21
315.0
 31
0.0
  0
LINE
  5
71B
330
17
100
AcDbEntity
  8
QA_OVERLAY
100
AcDbLine
 10
520.0
 20
313.0
 30
0.0
 11
520.0
 21
317.0
 31
0.0
  0
LINE
  5
71C
330
17
100
AcDbEntity
  8
QA_OVERLAY
100
AcDbLine
 10
518.0
 20
298.0
 30
0.0
 11
522.0
 21
298.0
 31
0.0
  0
LINE
  5
71D
330
17
100
AcDbEntity
  8
QA_OVERLAY
100
AcDbLine
 10
520.0
 20
296.0
 30
0.0
 11
520.0
 21
300.0
 31
0.0
  0
LINE
  5
71E
330
17
100
AcDbEntity
  8
QA_OVERLAY
100
AcDbLine
 10
518.0
 20
288.0
 30
0.0
 11
522.0
 21
288.0
 31
0.0
  0
LINE
  5
71F
330
17
100
AcDbEntity
  8
QA_OVERLAY
100
AcDbLine
 10
520.0
 20
286.0
 30
0.0
 11
520.0
 21
290.0
 31
0.0
  0
LINE
  5
720
330
17
100
AcDbEntity
  8
QA_OVERLAY
100
AcDbLine
 10
518.0
 20
288.0
 30
0.0
 11
522.0
 21
288.0
 31
0.0
  0
LINE
  5
721
330
17
100
AcDbEntity
  8
QA_OVERLAY
100
AcDbLine
 10
520.0
 20
286.0
 30
0.0
 11
520.0
 21
290.0
 31
0.0
  0
LINE
  5
722
330
17
100
AcDbEntity
  8
QA_OVERLAY
100
AcDbLine
 10
530.0
 20
542.0
 30
0.0
 11
534.0
 21
542.0
 31
0.0
  0
LINE
  5
723
330
17
100
AcDbEntity
  8
QA_OVERLAY
100
AcDbLine
 10
532.0
 20
540.0
 30
0.0
 11
532.0
 21
544.0
 31
0.0
  0
LINE
  5
724
330
17
100
AcDbEntity
  8
QA_OVERLAY
100
AcDbLine
 10
542.0
 20
554.0
 30
0.0
 11
546.0
 21
554.0
 31
0.0
  0
LINE
  5
725
330
17
100
AcDbEntity
  8
QA_OVERLAY
100
AcDbLine
 10
544.0
 20
552.0
 30
0.0
 11
544.0
 21
556.0
 31
0.0
  0
LINE
  5
726
330
17
100
AcDbEntity
  8
QA_OVERLAY
100
AcDbLine
 10
550.0
 20
562.0
 30
0.0
 11
554.0
 21
562.0
 31
0.0
  0
LINE
  5
727
330
17
100
AcDbEntity
  8
QA_OVERLAY
100
AcDbLine
 10
552.0
 20
560.0
 30
0.0
 11
552.0
 21
564.0
 31
0.0
  0
LINE
  5
728
330
17
100
AcDbEntity
  8
QA_OVERLAY
100
AcDbLine
 10
550.0
 20
562.0
 30
0.0
 11
554.0
 21
562.0
 31
0.0
  0
LINE
  5
729
330
17
100
AcDbEntity
  8
QA_OVERLAY
100
AcDbLine
 10
552.0
 20
560.0
 30
0.0
 11
552.0
 21
564.0
 31
0.0
  0
LINE
  5
72A
330
17
100
AcDbEntity
  8
QA_OVERLAY
100
AcDbLine
 10
530.0
 20
318.0
 30
0.0
 11
534.0
 21
318.0
 31
0.0
  0
LINE
  5
72B
330
17
100
AcDbEntity
  8
QA_OVERLAY
100
AcDbLine
 10
532.0
 20
316.0
 30
0.0
 11
532.0
 21
320.0
 31
0.0
  0
LINE
  5
72C
330
17
100
AcDbEntity
  8
QA_OVERLAY
100
AcDbLine
 10
542.0
 20
306.0
 30
0.0
 11
546.0
 21
306.0
 31
0.0
  0
LINE
  5
72D
330
17
100
AcDbEntity
  8
QA_OVERLAY
100
AcDbLine
 10
544.0
 20
304.0
 30
0.0
 11
544.0
 21
308.0
 31
0.0
  0
LINE
  5
72E
330
17
100
AcDbEntity
  8
QA_OVERLAY
100
AcDbLine
 10
550.0
 20
298.0
 30
0.0
 11
554.0
 21
298.0
 31
0.0
  0
LINE
  5
72F
330
17
100
AcDbEntity
  8
QA_OVERLAY
100
AcDbLine
 10
552.0
 20
296.0
 30
0.0
 11
552.0
 21
300.0
 31
0.0
  0
LINE
  5
730
330
17
100
AcDbEntity
  8
QA_OVERLAY
100
AcDbLine
 10
550.0
 20
298.0
 30
0.0
 11
554.0
 21
298.0
 31
0.0
  0
LINE
  5
731
330
17
100
AcDbEntity
  8
QA_OVERLAY
100
AcDbLine
 10
552.0
 20
296.0
 30
0.0
 11
552.0
 21
300.0
 31
0.0
  0
LINE
  5
732
330
17
100
AcDbEntity
  8
QA_OVERLAY
100
AcDbLine
 10
506.0
 20
542.0
 30
0.0
 11
510.0
 21
542.0
 31
0.0
  0
LINE
  5
733
330
17
100
AcDbEntity
  8
QA_OVERLAY
100
AcDbLine
 10
508.0
 20
540.0
 30
0.0
 11
508.0
 21
544.0
 31
0.0
  0
LINE
  5
734
330
17
100
AcDbEntity
  8
QA_OVERLAY
100
AcDbLine
 10
494.0
 20
554.0
 30
0.0
 11
498.0
 21
554.0
 31
0.0
  0
LINE
  5
735
330
17
100
AcDbEntity
  8
QA_OVERLAY
100
AcDbLine
 10
496.0
 20
552.0
 30
0.0
 11
496.0
 21
556.0
 31
0.0
  0
LINE
  5
736
330
17
100
AcDbEntity
  8
QA_OVERLAY
100
AcDbLine
 10
486.0
 20
562.0
 30
0.0
 11
490.0
 21
562.0
 31
0.0
  0
LINE
  5
737
330
17
100
AcDbEntity
  8
QA_OVERLAY
100
AcDbLine
 10
488.0
 20
560.0
 30
0.0
 11
488.0
 21
564.0
 31
0.0
  0
LINE
  5
738
330
17
100
AcDbEntity
  8
QA_OVERLAY
100
AcDbLine
 10
486.0
 20
562.0
 30
0.0
 11
490.0
 21
562.0
 31
0.0
  0
LINE
  5
739
330
17
100
AcDbEntity
  8
QA_OVERLAY
100
AcDbLine
 10
488.0
 20
560.0
 30
0.0
 11
488.0
 21
564.0
 31
0.0
  0
LINE
  5
73A
330
17
100
AcDbEntity
  8
QA_OVERLAY
100
AcDbLine
 10
490.0
 20
522.0
 30
0.0
 11
494.0
 21
522.0
 31
0.0
  0
LINE
  5
73B
330
17
100
AcDbEntity
  8
QA_OVERLAY
100
AcDbLine
 10
492.0
 20
520.0
 30
0.0
 11
492.0
 21
524.0
 31
0.0
  0
LINE
  5
73C
330
17
100
AcDbEntity
  8
QA_OVERLAY
100
AcDbLine
 10
478.0
 20
522.0
 30
0.0
 11
482.0
 21
522.0
 31
0.0
  0
LINE
  5
73D
330
17
100
AcDbEntity
  8
QA_OVERLAY
100
AcDbLine
 10
480.0
 20
520.0
 30
0.0
 11
480.0
 21
524.0
 31
0.0
  0
LINE
  5
73E
330
17
100
AcDbEntity
  8
QA_OVERLAY
100
AcDbLine
 10
470.0
 20
522.0
 30
0.0
 11
474.0
 21
522.0
 31
0.0
  0
LINE
  5
73F
330
17
100
AcDbEntity
  8
QA_OVERLAY
100
AcDbLine
 10
472.0
 20
520.0
 30
0.0
 11
472.0
 21
524.0
 31
0.0
  0
LINE
  5
740
330
17
100
AcDbEntity
  8
QA_OVERLAY
100
AcDbLine
 10
470.0
 20
522.0
 30
0.0
 11
474.0
 21
522.0
 31
0.0
  0
LINE
  5
741
330
17
100
AcDbEntity
  8
QA_OVERLAY
100
AcDbLine
 10
472.0
 20
520.0
 30
0.0
 11
472.0
 21
524.0
 31
0.0
  0
LINE
  5
742
330
17
100
AcDbEntity
  8
QA_OVERLAY
100
AcDbLine
 10
490.0
 20
502.0
 30
0.0
 11
494.0
 21
502.0
 31
0.0
  0
LINE
  5
743
330
17
100
AcDbEntity
  8
QA_OVERLAY
100
AcDbLine
 10
492.0
 20
500.0
 30
0.0
 11
492.0
 21
504.0
 31
0.0
  0
LINE
  5
744
330
17
100
AcDbEntity
  8
QA_OVERLAY
100
AcDbLine
 10
478.0
 20
502.0
 30
0.0
 11
482.0
 21
502.0
 31
0.0
  0
LINE
  5
745
330
17
100
AcDbEntity
  8
QA_OVERLAY
100
AcDbLine
 10
480.0
 20
500.0
 30
0.0
 11
480.0
 21
504.0
 31
0.0
  0
LINE
  5
746
330
17
100
AcDbEntity
  8
QA_OVERLAY
100
AcDbLine
 10
470.0
 20
502.0
 30
0.0
 11
474.0
 21
502.0
 31
0.0
  0
LINE
  5
747
330
17
100
AcDbEntity
  8
QA_OVERLAY
100
AcDbLine
 10
472.0
 20
500.0
 30
0.0
 11
472.0
 21
504.0
 31
0.0
  0
LINE
  5
748
330
17
100
AcDbEntity
  8
QA_OVERLAY
100
AcDbLine
 10
470.0
 20
502.0
 30
0.0
 11
474.0
 21
502.0
 31
0.0
  0
LINE
  5
749
330
17
100
AcDbEntity
  8
QA_OVERLAY
100
AcDbLine
 10
472.0
 20
500.0
 30
0.0
 11
472.0
 21
504.0
 31
0.0
  0
LINE
  5
74A
330
17
100
AcDbEntity
  8
QA_OVERLAY
100
AcDbLine
 10
490.0
 20
358.0
 30
0.0
 11
494.0
 21
358.0
 31
0.0
  0
LINE
  5
74B
330
17
100
AcDbEntity
  8
QA_OVERLAY
100
AcDbLine
 10
492.0
 20
356.0
 30
0.0
 11
492.0
 21
360.0
 31
0.0
  0
LINE
  5
74C
330
17
100
AcDbEntity
  8
QA_OVERLAY
100
AcDbLine
 10
478.0
 20
358.0
 30
0.0
 11
482.0
 21
358.0
 31
0.0
  0
LINE
  5
74D
330
17
100
AcDbEntity
  8
QA_OVERLAY
100
AcDbLine
 10
480.0
 20
356.0
 30
0.0
 11
480.0
 21
360.0
 31
0.0
  0
LINE
  5
74E
330
17
100
AcDbEntity
  8
QA_OVERLAY
100
AcDbLine
 10
470.0
 20
358.0
 30
0.0
 11
474.0
 21
358.0
 31
0.0
  0
LINE
  5
74F
330
17
100
AcDbEntity
  8
QA_OVERLAY
100
AcDbLine
 10
472.0
 20
356.0
 30
0.0
 11
472.0
 21
360.0
 31
0.0
  0
LINE
  5
750
330
17
100
AcDbEntity
  8
QA_OVERLAY
100
AcDbLine
 10
470.0
 20
358.0
 30
0.0
 11
474.0
 21
358.0
 31
0.0
  0
LINE
  5
751
330
17
100
AcDbEntity
  8
QA_OVERLAY
100
AcDbLine
 10
472.0
 20
356.0
 30
0.0
 11
472.0
 21
360.0
 31
0.0
  0
LINE
  5
752
330
17
100
AcDbEntity
  8
QA_OVERLAY
100
AcDbLine
 10
546.0
 20
478.0
 30
0.0
 11
550.0
 21
478.0
 31
0.0
  0
LINE
  5
753
330
17
100
AcDbEntity
  8
QA_OVERLAY
100
AcDbLine
 10
548.0
 20
476.0
 30
0.0
 11
548.0
 21
480.0
 31
0.0
  0
LINE
  5
754
330
17
100
AcDbEntity
  8
QA_OVERLAY
100
AcDbLine
 10
558.0
 20
478.0
 30
0.0
 11
562.0
 21
478.0
 31
0.0
  0
LINE
  5
755
330
17
100
AcDbEntity
  8
QA_OVERLAY
100
AcDbLine
 10
560.0
 20
476.0
 30
0.0
 11
560.0
 21
480.0
 31
0.0
  0
LINE
  5
756
330
17
100
AcDbEntity
  8
QA_OVERLAY
100
AcDbLine
 10
566.0
 20
478.0
 30
0.0
 11
570.0
 21
478.0
 31
0.0
  0
LINE
  5
757
330
17
100
AcDbEntity
  8
QA_OVERLAY
100
AcDbLine
 10
568.0
 20
476.0
 30
0.0
 11
568.0
 21
480.0
 31
0.0
  0
LINE
  5
758
330
17
100
AcDbEntity
  8
QA_OVERLAY
100
AcDbLine
 10
566.0
 20
478.0
 30
0.0
 11
570.0
 21
478.0
 31
0.0
  0
LINE
  5
759
330
17
100
AcDbEntity
  8
QA_OVERLAY
100
AcDbLine
 10
568.0
 20
476.0
 30
0.0
 11
568.0
 21
480.0
 31
0.0
  0
LINE
  5
75A
330
17
100
AcDbEntity
  8
QA_OVERLAY
100
AcDbLine
 10
546.0
 20
430.0
 30
0.0
 11
550.0
 21
430.0
 31
0.0
  0
LINE
  5
75B
330
17
100
AcDbEntity
  8
QA_OVERLAY
100
AcDbLine
 10
548.0
 20
428.0
 30
0.0
 11
548.0
 21
432.0
 31
0.0
  0
LINE
  5
75C
330
17
100
AcDbEntity
  8
QA_OVERLAY
100
AcDbLine
 10
558.0
 20
430.0
 30
0.0
 11
562.0
 21
430.0
 31
0.0
  0
LINE
  5
75D
330
17
100
AcDbEntity
  8
QA_OVERLAY
100
AcDbLine
 10
560.0
 20
428.0
 30
0.0
 11
560.0
 21
432.0
 31
0.0
  0
LINE
  5
75E
330
17
100
AcDbEntity
  8
QA_OVERLAY
100
AcDbLine
 10
566.0
 20
430.0
 30
0.0
 11
570.0
 21
430.0
 31
0.0
  0
LINE
  5
75F
330
17
100
AcDbEntity
  8
QA_OVERLAY
100
AcDbLine
 10
568.0
 20
428.0
 30
0.0
 11
568.0
 21
432.0
 31
0.0
  0
LINE
  5
760
330
17
100
AcDbEntity
  8
QA_OVERLAY
100
AcDbLine
 10
566.0
 20
430.0
 30
0.0
 11
570.0
 21
430.0
 31
0.0
  0
LINE
  5
761
330
17
100
AcDbEntity
  8
QA_OVERLAY
100
AcDbLine
 10
568.0
 20
428.0
 30
0.0
 11
568.0
 21
432.0
 31
0.0
  0
LINE
  5
762
330
17
100
AcDbEntity
  8
QA_OVERLAY
100
AcDbLine
 10
546.0
 20
392.0
 30
0.0
 11
550.0
 21
392.0
 31
0.0
  0
LINE
  5
763
330
17
100
AcDbEntity
  8
QA_OVERLAY
100
AcDbLine
 10
548.0
 20
390.0
 30
0.0
 11
548.0
 21
394.0
 31
0.0
  0
LINE
  5
764
330
17
100
AcDbEntity
  8
QA_OVERLAY
100
AcDbLine
 10
558.0
 20
392.0
 30
0.0
 11
562.0
 21
392.0
 31
0.0
  0
LINE
  5
765
330
17
100
AcDbEntity
  8
QA_OVERLAY
100
AcDbLine
 10
560.0
 20
390.0
 30
0.0
 11
560.0
 21
394.0
 31
0.0
  0
LINE
  5
766
330
17
100
AcDbEntity
  8
QA_OVERLAY
100
AcDbLine
 10
566.0
 20
392.0
 30
0.0
 11
570.0
 21
392.0
 31
0.0
  0
LINE
  5
767
330
17
100
AcDbEntity
  8
QA_OVERLAY
100
AcDbLine
 10
568.0
 20
390.0
 30
0.0
 11
568.0
 21
394.0
 31
0.0
  0
LINE
  5
768
330
17
100
AcDbEntity
  8
QA_OVERLAY
100
AcDbLine
 10
566.0
 20
392.0
 30
0.0
 11
570.0
 21
392.0
 31
0.0
  0
LINE
  5
769
330
17
100
AcDbEntity
  8
QA_OVERLAY
100
AcDbLine
 10
568.0
 20
390.0
 30
0.0
 11
568.0
 21
394.0
 31
0.0
  0
LINE
  5
76A
330
17
100
AcDbEntity
  8
QA_OVERLAY
100
AcDbLine
 10
490.0
 20
348.0
 30
0.0
 11
494.0
 21
348.0
 31
0.0
  0
LINE
  5
76B
330
17
100
AcDbEntity
  8
QA_OVERLAY
100
AcDbLine
 10
492.0
 20
346.0
 30
0.0
 11
492.0
 21
350.0
 31
0.0
  0
LINE
  5
76C
330
17
100
AcDbEntity
  8
QA_OVERLAY
100
AcDbLine
 10
478.0
 20
348.0
 30
0.0
 11
482.0
 21
348.0
 31
0.0
  0
LINE
  5
76D
330
17
100
AcDbEntity
  8
QA_OVERLAY
100
AcDbLine
 10
480.0
 20
346.0
 30
0.0
 11
480.0
 21
350.0
 31
0.0
  0
LINE
  5
76E
330
17
100
AcDbEntity
  8
QA_OVERLAY
100
AcDbLine
 10
470.0
 20
348.0
 30
0.0
 11
474.0
 21
348.0
 31
0.0
  0
LINE
  5
76F
330
17
100
AcDbEntity
  8
QA_OVERLAY
100
AcDbLine
 10
472.0
 20
346.0
 30
0.0
 11
472.0
 21
350.0
 31
0.0
  0
LINE
  5
770
330
17
100
AcDbEntity
  8
QA_OVERLAY
100
AcDbLine
 10
470.0
 20
348.0
 30
0.0
 11
474.0
 21
348.0
 31
0.0
  0
LINE
  5
771
330
17
100
AcDbEntity
  8
QA_OVERLAY
100
AcDbLine
 10
472.0
 20
346.0
 30
0.0
 11
472.0
 21
350.0
 31
0.0
  0
LINE
  5
772
330
17
100
AcDbEntity
  8
QA_OVERLAY
100
AcDbLine
 10
490.0
 20
326.0
 30
0.0
 11
494.0
 21
326.0
 31
0.0
  0
LINE
  5
773
330
17
100
AcDbEntity
  8
QA_OVERLAY
100
AcDbLine
 10
492.0
 20
324.0
 30
0.0
 11
492.0
 21
328.0
 31
0.0
  0
LINE
  5
774
330
17
100
AcDbEntity
  8
QA_OVERLAY
100
AcDbLine
 10
478.0
 20
326.0
 30
0.0
 11
482.0
 21
326.0
 31
0.0
  0
LINE
  5
775
330
17
100
AcDbEntity
  8
QA_OVERLAY
100
AcDbLine
 10
480.0
 20
324.0
 30
0.0
 11
480.0
 21
328.0
 31
0.0
  0
LINE
  5
776
330
17
100
AcDbEntity
  8
QA_OVERLAY
100
AcDbLine
 10
470.0
 20
326.0
 30
0.0
 11
474.0
 21
326.0
 31
0.0
  0
LINE
  5
777
330
17
100
AcDbEntity
  8
QA_OVERLAY
100
AcDbLine
 10
472.0
 20
324.0
 30
0.0
 11
472.0
 21
328.0
 31
0.0
  0
LINE
  5
778
330
17
100
AcDbEntity
  8
QA_OVERLAY
100
AcDbLine
 10
470.0
 20
326.0
 30
0.0
 11
474.0
 21
326.0
 31
0.0
  0
LINE
  5
779
330
17
100
AcDbEntity
  8
QA_OVERLAY
100
AcDbLine
 10
472.0
 20
324.0
 30
0.0
 11
472.0
 21
328.0
 31
0.0
  0
LINE
  5
77A
330
17
100
AcDbEntity
  8
QA_OVERLAY
100
AcDbLine
 10
646.0
 20
305.0
 30
0.0
 11
650.0
 21
305.0
 31
0.0
  0
LINE
  5
77B
330
17
100
AcDbEntity
  8
QA_OVERLAY
100
AcDbLine
 10
648.0
 20
303.0
 30
0.0
 11
648.0
 21
307.0
 31
0.0
  0
LINE
  5
77C
330
17
100
AcDbEntity
  8
QA_OVERLAY
100
AcDbLine
 10
646.0
 20
327.0
 30
0.0
 11
650.0
 21
327.0
 31
0.0
  0
LINE
  5
77D
330
17
100
AcDbEntity
  8
QA_OVERLAY
100
AcDbLine
 10
648.0
 20
325.0
 30
0.0
 11
648.0
 21
329.0
 31
0.0
  0
LINE
  5
77E
330
17
100
AcDbEntity
  8
QA_OVERLAY
100
AcDbLine
 10
750.0
 20
305.0
 30
0.0
 11
754.0
 21
305.0
 31
0.0
  0
LINE
  5
77F
330
17
100
AcDbEntity
  8
QA_OVERLAY
100
AcDbLine
 10
752.0
 20
303.0
 30
0.0
 11
752.0
 21
307.0
 31
0.0
  0
LINE
  5
780
330
17
100
AcDbEntity
  8
QA_OVERLAY
100
AcDbLine
 10
718.0
 20
345.0
 30
0.0
 11
722.0
 21
345.0
 31
0.0
  0
LINE
  5
781
330
17
100
AcDbEntity
  8
QA_OVERLAY
100
AcDbLine
 10
720.0
 20
343.0
 30
0.0
 11
720.0
 21
347.0
 31
0.0
  0
LINE
  5
782
330
17
100
AcDbEntity
  8
QA_OVERLAY
100
AcDbLine
 10
678.0
 20
345.0
 30
0.0
 11
682.0
 21
345.0
 31
0.0
  0
LINE
  5
783
330
17
100
AcDbEntity
  8
QA_OVERLAY
100
AcDbLine
 10
680.0
 20
343.0
 30
0.0
 11
680.0
 21
347.0
 31
0.0
  0
LINE
  5
784
330
17
100
AcDbEntity
  8
QA_OVERLAY
100
AcDbLine
 10
732.0
 20
343.0
 30
0.0
 11
736.0
 21
343.0
 31
0.0
  0
LINE
  5
785
330
17
100
AcDbEntity
  8
QA_OVERLAY
100
AcDbLine
 10
734.0
 20
341.0
 30
0.0
 11
734.0
 21
345.0
 31
0.0
  0
LINE
  5
786
330
17
100
AcDbEntity
  8
QA_OVERLAY
100
AcDbLine
 10
732.0
 20
287.0
 30
0.0
 11
736.0
 21
287.0
 31
0.0
  0
LINE
  5
787
330
17
100
AcDbEntity
  8
QA_OVERLAY
100
AcDbLine
 10
734.0
 20
285.0
 30
0.0
 11
734.0
 21
289.0
 31
0.0
  0
LINE
  5
788
330
17
100
AcDbEntity
  8
QA_OVERLAY
100
AcDbLine
 10
655.0
 20
305.0
 30
0.0
 11
659.0
 21
305.0
 31
0.0
  0
LINE
  5
789
330
17
100
AcDbEntity
  8
QA_OVERLAY
100
AcDbLine
 10
657.0
 20
303.0
 30
0.0
 11
657.0
 21
307.0
 31
0.0
  0
LINE
  5
78A
330
17
100
AcDbEntity
  8
QA_OVERLAY
100
AcDbLine
 10
646.0
 20
305.0
 30
0.0
 11
650.0
 21
305.0
 31
0.0
  0
LINE
  5
78B
330
17
100
AcDbEntity
  8
QA_OVERLAY
100
AcDbLine
 10
648.0
 20
303.0
 30
0.0
 11
648.0
 21
307.0
 31
0.0
  0
LINE
  5
78C
330
17
100
AcDbEntity
  8
QA_OVERLAY
100
AcDbLine
 10
638.0
 20
305.0
 30
0.0
 11
642.0
 21
305.0
 31
0.0
  0
LINE
  5
78D
330
17
100
AcDbEntity
  8
QA_OVERLAY
100
AcDbLine
 10
640.0
 20
303.0
 30
0.0
 11
640.0
 21
307.0
 31
0.0
  0
LINE
  5
78E
330
17
100
AcDbEntity
  8
QA_OVERLAY
100
AcDbLine
 10
638.0
 20
305.0
 30
0.0
 11
642.0
 21
305.0
 31
0.0
  0
LINE
  5
78F
330
17
100
AcDbEntity
  8
QA_OVERLAY
100
AcDbLine
 10
640.0
 20
303.0
 30
0.0
 11
640.0
 21
307.0
 31
0.0
  0
LINE
  5
790
330
17
100
AcDbEntity
  8
QA_OVERLAY
100
AcDbLine
 10
655.0
 20
327.0
 30
0.0
 11
659.0
 21
327.0
 31
0.0
  0
LINE
  5
791
330
17
100
AcDbEntity
  8
QA_OVERLAY
100
AcDbLine
 10
657.0
 20
325.0
 30
0.0
 11
657.0
 21
329.0
 31
0.0
  0
LINE
  5
792
330
17
100
AcDbEntity
  8
QA_OVERLAY
100
AcDbLine
 10
646.0
 20
327.0
 30
0.0
 11
650.0
 21
327.0
 31
0.0
  0
LINE
  5
793
330
17
100
AcDbEntity
  8
QA_OVERLAY
100
AcDbLine
 10
648.0
 20
325.0
 30
0.0
 11
648.0
 21
329.0
 31
0.0
  0
LINE
  5
794
330
17
100
AcDbEntity
  8
QA_OVERLAY
100
AcDbLine
 10
638.0
 20
327.0
 30
0.0
 11
642.0
 21
327.0
 31
0.0
  0
LINE
  5
795
330
17
100
AcDbEntity
  8
QA_OVERLAY
100
AcDbLine
 10
640.0
 20
325.0
 30
0.0
 11
640.0
 21
329.0
 31
0.0
  0
LINE
  5
796
330
17
100
AcDbEntity
  8
QA_OVERLAY
100
AcDbLine
 10
638.0
 20
327.0
 30
0.0
 11
642.0
 21
327.0
 31
0.0
  0
LINE
  5
797
330
17
100
AcDbEntity
  8
QA_OVERLAY
100
AcDbLine
 10
640.0
 20
325.0
 30
0.0
 11
640.0
 21
329.0
 31
0.0
  0
LINE
  5
798
330
17
100
AcDbEntity
  8
QA_OVERLAY
100
AcDbLine
 10
741.0
 20
305.0
 30
0.0
 11
745.0
 21
305.0
 31
0.0
  0
LINE
  5
799
330
17
100
AcDbEntity
  8
QA_OVERLAY
100
AcDbLine
 10
743.0
 20
303.0
 30
0.0
 11
743.0
 21
307.0
 31
0.0
  0
LINE
  5
79A
330
17
100
AcDbEntity
  8
QA_OVERLAY
100
AcDbLine
 10
750.0
 20
305.0
 30
0.0
 11
754.0
 21
305.0
 31
0.0
  0
LINE
  5
79B
330
17
100
AcDbEntity
  8
QA_OVERLAY
100
AcDbLine
 10
752.0
 20
303.0
 30
0.0
 11
752.0
 21
307.0
 31
0.0
  0
LINE
  5
79C
330
17
100
AcDbEntity
  8
QA_OVERLAY
100
AcDbLine
 10
758.0
 20
305.0
 30
0.0
 11
762.0
 21
305.0
 31
0.0
  0
LINE
  5
79D
330
17
100
AcDbEntity
  8
QA_OVERLAY
100
AcDbLine
 10
760.0
 20
303.0
 30
0.0
 11
760.0
 21
307.0
 31
0.0
  0
LINE
  5
79E
330
17
100
AcDbEntity
  8
QA_OVERLAY
100
AcDbLine
 10
758.0
 20
305.0
 30
0.0
 11
762.0
 21
305.0
 31
0.0
  0
LINE
  5
79F
330
17
100
AcDbEntity
  8
QA_OVERLAY
100
AcDbLine
 10
760.0
 20
303.0
 30
0.0
 11
760.0
 21
307.0
 31
0.0
  0
LINE
  5
7A0
330
17
100
AcDbEntity
  8
QA_OVERLAY
100
AcDbLine
 10
718.0
 20
336.0
 30
0.0
 11
722.0
 21
336.0
 31
0.0
  0
LINE
  5
7A1
330
17
100
AcDbEntity
  8
QA_OVERLAY
100
AcDbLine
 10
720.0
 20
334.0
 30
0.0
 11
720.0
 21
338.0
 31
0.0
  0
LINE
  5
7A2
330
17
100
AcDbEntity
  8
QA_OVERLAY
100
AcDbLine
 10
718.0
 20
345.0
 30
0.0
 11
722.0
 21
345.0
 31
0.0
  0
LINE
  5
7A3
330
17
100
AcDbEntity
  8
QA_OVERLAY
100
AcDbLine
 10
720.0
 20
343.0
 30
0.0
 11
720.0
 21
347.0
 31
0.0
  0
LINE
  5
7A4
330
17
100
AcDbEntity
  8
QA_OVERLAY
100
AcDbLine
 10
718.0
 20
353.0
 30
0.0
 11
722.0
 21
353.0
 31
0.0
  0
LINE
  5
7A5
330
17
100
AcDbEntity
  8
QA_OVERLAY
100
AcDbLine
 10
720.0
 20
351.0
 30
0.0
 11
720.0
 21
355.0
 31
0.0
  0
LINE
  5
7A6
330
17
100
AcDbEntity
  8
QA_OVERLAY
100
AcDbLine
 10
718.0
 20
353.0
 30
0.0
 11
722.0
 21
353.0
 31
0.0
  0
LINE
  5
7A7
330
17
100
AcDbEntity
  8
QA_OVERLAY
100
AcDbLine
 10
720.0
 20
351.0
 30
0.0
 11
720.0
 21
355.0
 31
0.0
  0
LINE
  5
7A8
330
17
100
AcDbEntity
  8
QA_OVERLAY
100
AcDbLine
 10
678.0
 20
336.0
 30
0.0
 11
682.0
 21
336.0
 31
0.0
  0
LINE
  5
7A9
330
17
100
AcDbEntity
  8
QA_OVERLAY
100
AcDbLine
 10
680.0
 20
334.0
 30
0.0
 11
680.0
 21
338.0
 31
0.0
  0
LINE
  5
7AA
330
17
100
AcDbEntity
  8
QA_OVERLAY
100
AcDbLine
 10
678.0
 20
345.0
 30
0.0
 11
682.0
 21
345.0
 31
0.0
  0
LINE
  5
7AB
330
17
100
AcDbEntity
  8
QA_OVERLAY
100
AcDbLine
 10
680.0
 20
343.0
 30
0.0
 11
680.0
 21
347.0
 31
0.0
  0
LINE
  5
7AC
330
17
100
AcDbEntity
  8
QA_OVERLAY
100
AcDbLine
 10
678.0
 20
353.0
 30
0.0
 11
682.0
 21
353.0
 31
0.0
  0
LINE
  5
7AD
330
17
100
AcDbEntity
  8
QA_OVERLAY
100
AcDbLine
 10
680.0
 20
351.0
 30
0.0
 11
680.0
 21
355.0
 31
0.0
  0
LINE
  5
7AE
330
17
100
AcDbEntity
  8
QA_OVERLAY
100
AcDbLine
 10
678.0
 20
353.0
 30
0.0
 11
682.0
 21
353.0
 31
0.0
  0
LINE
  5
7AF
330
17
100
AcDbEntity
  8
QA_OVERLAY
100
AcDbLine
 10
680.0
 20
351.0
 30
0.0
 11
680.0
 21
355.0
 31
0.0
  0
LINE
  5
7B0
330
17
100
AcDbEntity
  8
QA_OVERLAY
100
AcDbLine
 10
732.0
 20
336.0
 30
0.0
 11
736.0
 21
336.0
 31
0.0
  0
LINE
  5
7B1
330
17
100
AcDbEntity
  8
QA_OVERLAY
100
AcDbLine
 10
734.0
 20
334.0
 30
0.0
 11
734.0
 21
338.0
 31
0.0
  0
LINE
  5
7B2
330
17
100
AcDbEntity
  8
QA_OVERLAY
100
AcDbLine
 10
732.0
 20
345.0
 30
0.0
 11
736.0
 21
345.0
 31
0.0
  0
LINE
  5
7B3
330
17
100
AcDbEntity
  8
QA_OVERLAY
100
AcDbLine
 10
734.0
 20
343.0
 30
0.0
 11
734.0
 21
347.0
 31
0.0
  0
LINE
  5
7B4
330
17
100
AcDbEntity
  8
QA_OVERLAY
100
AcDbLine
 10
732.0
 20
353.0
 30
0.0
 11
736.0
 21
353.0
 31
0.0
  0
LINE
  5
7B5
330
17
100
AcDbEntity
  8
QA_OVERLAY
100
AcDbLine
 10
734.0
 20
351.0
 30
0.0
 11
734.0
 21
355.0
 31
0.0
  0
LINE
  5
7B6
330
17
100
AcDbEntity
  8
QA_OVERLAY
100
AcDbLine
 10
732.0
 20
353.0
 30
0.0
 11
736.0
 21
353.0
 31
0.0
  0
LINE
  5
7B7
330
17
100
AcDbEntity
  8
QA_OVERLAY
100
AcDbLine
 10
734.0
 20
351.0
 30
0.0
 11
734.0
 21
355.0
 31
0.0
  0
LINE
  5
7B8
330
17
100
AcDbEntity
  8
QA_OVERLAY
100
AcDbLine
 10
732.0
 20
294.0
 30
0.0
 11
736.0
 21
294.0
 31
0.0
  0
LINE
  5
7B9
330
17
100
AcDbEntity
  8
QA_OVERLAY
100
AcDbLine
 10
734.0
 20
292.0
 30
0.0
 11
734.0
 21
296.0
 31
0.0
  0
LINE
  5
7BA
330
17
100
AcDbEntity
  8
QA_OVERLAY
100
AcDbLine
 10
732.0
 20
285.0
 30
0.0
 11
736.0
 21
285.0
 31
0.0
  0
LINE
  5
7BB
330
17
100
AcDbEntity
  8
QA_OVERLAY
100
AcDbLine
 10
734.0
 20
283.0
 30
0.0
 11
734.0
 21
287.0
 31
0.0
  0
LINE
  5
7BC
330
17
100
AcDbEntity
  8
QA_OVERLAY
100
AcDbLine
 10
732.0
 20
277.0
 30
0.0
 11
736.0
 21
277.0
 31
0.0
  0
LINE
  5
7BD
330
17
100
AcDbEntity
  8
QA_OVERLAY
100
AcDbLine
 10
734.0
 20
275.0
 30
0.0
 11
734.0
 21
279.0
 31
0.0
  0
LINE
  5
7BE
330
17
100
AcDbEntity
  8
QA_OVERLAY
100
AcDbLine
 10
732.0
 20
277.0
 30
0.0
 11
736.0
 21
277.0
 31
0.0
  0
LINE
  5
7BF
330
17
100
AcDbEntity
  8
QA_OVERLAY
100
AcDbLine
 10
734.0
 20
275.0
 30
0.0
 11
734.0
 21
279.0
 31
0.0
  0
LINE
  5
7C0
330
17
100
AcDbEntity
  8
QA_OVERLAY
100
AcDbLine
 10
602.0
 20
650.0
 30
0.0
 11
606.0
 21
650.0
 31
0.0
  0
LINE
  5
7C1
330
17
100
AcDbEntity
  8
QA_OVERLAY
100
AcDbLine
 10
604.0
 20
648.0
 30
0.0
 11
604.0
 21
652.0
 31
0.0
  0
LINE
  5
7C2
330
17
100
AcDbEntity
  8
QA_OVERLAY
100
AcDbLine
 10
694.0
 20
650.0
 30
0.0
 11
698.0
 21
650.0
 31
0.0
  0
LINE
  5
7C3
330
17
100
AcDbEntity
  8
QA_OVERLAY
100
AcDbLine
 10
696.0
 20
648.0
 30
0.0
 11
696.0
 21
652.0
 31
0.0
  0
LINE
  5
7C4
330
17
100
AcDbEntity
  8
QA_OVERLAY
100
AcDbLine
 10
666.0
 20
626.0
 30
0.0
 11
670.0
 21
626.0
 31
0.0
  0
LINE
  5
7C5
330
17
100
AcDbEntity
  8
QA_OVERLAY
100
AcDbLine
 10
668.0
 20
624.0
 30
0.0
 11
668.0
 21
628.0
 31
0.0
  0
LINE
  5
7C6
330
17
100
AcDbEntity
  8
QA_OVERLAY
100
AcDbLine
 10
630.0
 20
626.0
 30
0.0
 11
634.0
 21
626.0
 31
0.0
  0
LINE
  5
7C7
330
17
100
AcDbEntity
  8
QA_OVERLAY
100
AcDbLine
 10
632.0
 20
624.0
 30
0.0
 11
632.0
 21
628.0
 31
0.0
  0
LINE
  5
7C8
330
17
100
AcDbEntity
  8
QA_OVERLAY
100
AcDbLine
 10
678.0
 20
672.0
 30
0.0
 11
682.0
 21
672.0
 31
0.0
  0
LINE
  5
7C9
330
17
100
AcDbEntity
  8
QA_OVERLAY
100
AcDbLine
 10
680.0
 20
670.0
 30
0.0
 11
680.0
 21
674.0
 31
0.0
  0
LINE
  5
7CA
330
17
100
AcDbEntity
  8
QA_OVERLAY
100
AcDbLine
 10
678.0
 20
628.0
 30
0.0
 11
682.0
 21
628.0
 31
0.0
  0
LINE
  5
7CB
330
17
100
AcDbEntity
  8
QA_OVERLAY
100
AcDbLine
 10
680.0
 20
626.0
 30
0.0
 11
680.0
 21
630.0
 31
0.0
  0
LINE
  5
7CC
330
17
100
AcDbEntity
  8
QA_OVERLAY
100
AcDbLine
 10
610.0
 20
650.0
 30
0.0
 11
614.0
 21
650.0
 31
0.0
  0
LINE
  5
7CD
330
17
100
AcDbEntity
  8
QA_OVERLAY
100
AcDbLine
 10
612.0
 20
648.0
 30
0.0
 11
612.0
 21
652.0
 31
0.0
  0
LINE
  5
7CE
330
17
100
AcDbEntity
  8
QA_OVERLAY
100
AcDbLine
 10
602.0
 20
650.0
 30
0.0
 11
606.0
 21
650.0
 31
0.0
  0
LINE
  5
7CF
330
17
100
AcDbEntity
  8
QA_OVERLAY
100
AcDbLine
 10
604.0
 20
648.0
 30
0.0
 11
604.0
 21
652.0
 31
0.0
  0
LINE
  5
7D0
330
17
100
AcDbEntity
  8
QA_OVERLAY
100
AcDbLine
 10
594.0
 20
650.0
 30
0.0
 11
598.0
 21
650.0
 31
0.0
  0
LINE
  5
7D1
330
17
100
AcDbEntity
  8
QA_OVERLAY
100
AcDbLine
 10
596.0
 20
648.0
 30
0.0
 11
596.0
 21
652.0
 31
0.0
  0
LINE
  5
7D2
330
17
100
AcDbEntity
  8
QA_OVERLAY
100
AcDbLine
 10
594.0
 20
650.0
 30
0.0
 11
598.0
 21
650.0
 31
0.0
  0
LINE
  5
7D3
330
17
100
AcDbEntity
  8
QA_OVERLAY
100
AcDbLine
 10
596.0
 20
648.0
 30
0.0
 11
596.0
 21
652.0
 31
0.0
  0
LINE
  5
7D4
330
17
100
AcDbEntity
  8
QA_OVERLAY
100
AcDbLine
 10
686.0
 20
650.0
 30
0.0
 11
690.0
 21
650.0
 31
0.0
  0
LINE
  5
7D5
330
17
100
AcDbEntity
  8
QA_OVERLAY
100
AcDbLine
 10
688.0
 20
648.0
 30
0.0
 11
688.0
 21
652.0
 31
0.0
  0
LINE
  5
7D6
330
17
100
AcDbEntity
  8
QA_OVERLAY
100
AcDbLine
 10
694.0
 20
650.0
 30
0.0
 11
698.0
 21
650.0
 31
0.0
  0
LINE
  5
7D7
330
17
100
AcDbEntity
  8
QA_OVERLAY
100
AcDbLine
 10
696.0
 20
648.0
 30
0.0
 11
696.0
 21
652.0
 31
0.0
  0
LINE
  5
7D8
330
17
100
AcDbEntity
  8
QA_OVERLAY
100
AcDbLine
 10
702.0
 20
650.0
 30
0.0
 11
706.0
 21
650.0
 31
0.0
  0
LINE
  5
7D9
330
17
100
AcDbEntity
  8
QA_OVERLAY
100
AcDbLine
 10
704.0
 20
648.0
 30
0.0
 11
704.0
 21
652.0
 31
0.0
  0
LINE
  5
7DA
330
17
100
AcDbEntity
  8
QA_OVERLAY
100
AcDbLine
 10
702.0
 20
650.0
 30
0.0
 11
706.0
 21
650.0
 31
0.0
  0
LINE
  5
7DB
330
17
100
AcDbEntity
  8
QA_OVERLAY
100
AcDbLine
 10
704.0
 20
648.0
 30
0.0
 11
704.0
 21
652.0
 31
0.0
  0
LINE
  5
7DC
330
17
100
AcDbEntity
  8
QA_OVERLAY
100
AcDbLine
 10
666.0
 20
633.0
 30
0.0
 11
670.0
 21
633.0
 31
0.0
  0
LINE
  5
7DD
330
17
100
AcDbEntity
  8
QA_OVERLAY
100
AcDbLine
 10
668.0
 20
631.0
 30
0.0
 11
668.0
 21
635.0
 31
0.0
  0
LINE
  5
7DE
330
17
100
AcDbEntity
  8
QA_OVERLAY
100
AcDbLine
 10
666.0
 20
626.0
 30
0.0
 11
670.0
 21
626.0
 31
0.0
  0
LINE
  5
7DF
330
17
100
AcDbEntity
  8
QA_OVERLAY
100
AcDbLine
 10
668.0
 20
624.0
 30
0.0
 11
668.0
 21
628.0
 31
0.0
  0
LINE
  5
7E0
330
17
100
AcDbEntity
  8
QA_OVERLAY
100
AcDbLine
 10
666.0
 20
618.0
 30
0.0
 11
670.0
 21
618.0
 31
0.0
  0
LINE
  5
7E1
330
17
100
AcDbEntity
  8
QA_OVERLAY
100
AcDbLine
 10
668.0
 20
616.0
 30
0.0
 11
668.0
 21
620.0
 31
0.0
  0
LINE
  5
7E2
330
17
100
AcDbEntity
  8
QA_OVERLAY
100
AcDbLine
 10
666.0
 20
618.0
 30
0.0
 11
670.0
 21
618.0
 31
0.0
  0
LINE
  5
7E3
330
17
100
AcDbEntity
  8
QA_OVERLAY
100
AcDbLine
 10
668.0
 20
616.0
 30
0.0
 11
668.0
 21
620.0
 31
0.0
  0
LINE
  5
7E4
330
17
100
AcDbEntity
  8
QA_OVERLAY
100
AcDbLine
 10
630.0
 20
633.0
 30
0.0
 11
634.0
 21
633.0
 31
0.0
  0
LINE
  5
7E5
330
17
100
AcDbEntity
  8
QA_OVERLAY
100
AcDbLine
 10
632.0
 20
631.0
 30
0.0
 11
632.0
 21
635.0
 31
0.0
  0
LINE
  5
7E6
330
17
100
AcDbEntity
  8
QA_OVERLAY
100
AcDbLine
 10
630.0
 20
626.0
 30
0.0
 11
634.0
 21
626.0
 31
0.0
  0
LINE
  5
7E7
330
17
100
AcDbEntity
  8
QA_OVERLAY
100
AcDbLine
 10
632.0
 20
624.0
 30
0.0
 11
632.0
 21
628.0
 31
0.0
  0
LINE
  5
7E8
330
17
100
AcDbEntity
  8
QA_OVERLAY
100
AcDbLine
 10
630.0
 20
618.0
 30
0.0
 11
634.0
 21
618.0
 31
0.0
  0
LINE
  5
7E9
330
17
100
AcDbEntity
  8
QA_OVERLAY
100
AcDbLine
 10
632.0
 20
616.0
 30
0.0
 11
632.0
 21
620.0
 31
0.0
  0
LINE
  5
7EA
330
17
100
AcDbEntity
  8
QA_OVERLAY
100
AcDbLine
 10
630.0
 20
618.0
 30
0.0
 11
634.0
 21
618.0
 31
0.0
  0
LINE
  5
7EB
330
17
100
AcDbEntity
  8
QA_OVERLAY
100
AcDbLine
 10
632.0
 20
616.0
 30
0.0
 11
632.0
 21
620.0
 31
0.0
  0
LINE
  5
7EC
330
17
100
AcDbEntity
  8
QA_OVERLAY
100
AcDbLine
 10
678.0
 20
667.0
 30
0.0
 11
682.0
 21
667.0
 31
0.0
  0
LINE
  5
7ED
330
17
100
AcDbEntity
  8
QA_OVERLAY
100
AcDbLine
 10
680.0
 20
665.0
 30
0.0
 11
680.0
 21
669.0
 31
0.0
  0
LINE
  5
7EE
330
17
100
AcDbEntity
  8
QA_OVERLAY
100
AcDbLine
 10
678.0
 20
672.0
 30
0.0
 11
682.0
 21
672.0
 31
0.0
  0
LINE
  5
7EF
330
17
100
AcDbEntity
  8
QA_OVERLAY
100
AcDbLine
 10
680.0
 20
670.0
 30
0.0
 11
680.0
 21
674.0
 31
0.0
  0
LINE
  5
7F0
330
17
100
AcDbEntity
  8
QA_OVERLAY
100
AcDbLine
 10
678.0
 20
680.0
 30
0.0
 11
682.0
 21
680.0
 31
0.0
  0
LINE
  5
7F1
330
17
100
AcDbEntity
  8
QA_OVERLAY
100
AcDbLine
 10
680.0
 20
678.0
 30
0.0
 11
680.0
 21
682.0
 31
0.0
  0
LINE
  5
7F2
330
17
100
AcDbEntity
  8
QA_OVERLAY
100
AcDbLine
 10
678.0
 20
680.0
 30
0.0
 11
682.0
 21
680.0
 31
0.0
  0
LINE
  5
7F3
330
17
100
AcDbEntity
  8
QA_OVERLAY
100
AcDbLine
 10
680.0
 20
678.0
 30
0.0
 11
680.0
 21
682.0
 31
0.0
  0
LINE
  5
7F4
330
17
100
AcDbEntity
  8
QA_OVERLAY
100
AcDbLine
 10
678.0
 20
633.0
 30
0.0
 11
682.0
 21
633.0
 31
0.0
  0
LINE
  5
7F5
330
17
100
AcDbEntity
  8
QA_OVERLAY
100
AcDbLine
 10
680.0
 20
631.0
 30
0.0
 11
680.0
 21
635.0
 31
0.0
  0
LINE
  5
7F6
330
17
100
AcDbEntity
  8
QA_OVERLAY
100
AcDbLine
 10
678.0
 20
628.0
 30
0.0
 11
682.0
 21
628.0
 31
0.0
  0
LINE
  5
7F7
330
17
100
AcDbEntity
  8
QA_OVERLAY
100
AcDbLine
 10
680.0
 20
626.0
 30
0.0
 11
680.0
 21
630.0
 31
0.0
  0
LINE
  5
7F8
330
17
100
AcDbEntity
  8
QA_OVERLAY
100
AcDbLine
 10
678.0
 20
620.0
 30
0.0
 11
682.0
 21
620.0
 31
0.0
  0
LINE
  5
7F9
330
17
100
AcDbEntity
  8
QA_OVERLAY
100
AcDbLine
 10
680.0
 20
618.0
 30
0.0
 11
680.0
 21
622.0
 31
0.0
  0
LINE
  5
7FA
330
17
100
AcDbEntity
  8
QA_OVERLAY
100
AcDbLine
 10
678.0
 20
620.0
 30
0.0
 11
682.0
 21
620.0
 31
0.0
  0
LINE
  5
7FB
330
17
100
AcDbEntity
  8
QA_OVERLAY
100
AcDbLine
 10
680.0
 20
618.0
 30
0.0
 11
680.0
 21
622.0
 31
0.0
  0
LINE
  5
7FC
330
17
100
AcDbEntity
  8
QA_OVERLAY
100
AcDbLine
 10
792.0
 20
610.0
 30
0.0
 11
796.0
 21
610.0
 31
0.0
  0
LINE
  5
7FD
330
17
100
AcDbEntity
  8
QA_OVERLAY
100
AcDbLine
 10
794.0
 20
608.0
 30
0.0
 11
794.0
 21
612.0
 31
0.0
  0
LINE
  5
7FE
330
17
100
AcDbEntity
  8
QA_OVERLAY
100
AcDbLine
 10
780.0
 20
610.0
 30
0.0
 11
784.0
 21
610.0
 31
0.0
  0
LINE
  5
7FF
330
17
100
AcDbEntity
  8
QA_OVERLAY
100
AcDbLine
 10
782.0
 20
608.0
 30
0.0
 11
782.0
 21
612.0
 31
0.0
  0
LINE
  5
800
330
17
100
AcDbEntity
  8
QA_OVERLAY
100
AcDbLine
 10
772.0
 20
610.0
 30
0.0
 11
776.0
 21
610.0
 31
0.0
  0
LINE
  5
801
330
17
100
AcDbEntity
  8
QA_OVERLAY
100
AcDbLine
 10
774.0
 20
608.0
 30
0.0
 11
774.0
 21
612.0
 31
0.0
  0
LINE
  5
802
330
17
100
AcDbEntity
  8
QA_OVERLAY
100
AcDbLine
 10
772.0
 20
610.0
 30
0.0
 11
776.0
 21
610.0
 31
0.0
  0
LINE
  5
803
330
17
100
AcDbEntity
  8
QA_OVERLAY
100
AcDbLine
 10
774.0
 20
608.0
 30
0.0
 11
774.0
 21
612.0
 31
0.0
  0
LINE
  5
804
330
17
100
AcDbEntity
  8
QA_OVERLAY
100
AcDbLine
 10
838.0
 20
629.0
 30
0.0
 11
842.0
 21
629.0
 31
0.0
  0
LINE
  5
805
330
17
100
AcDbEntity
  8
QA_OVERLAY
100
AcDbLine
 10
840.0
 20
627.0
 30
0.0
 11
840.0
 21
631.0
 31
0.0
  0
LINE
  5
806
330
17
100
AcDbEntity
  8
QA_OVERLAY
100
AcDbLine
 10
838.0
 20
641.0
 30
0.0
 11
842.0
 21
641.0
 31
0.0
  0
LINE
  5
807
330
17
100
AcDbEntity
  8
QA_OVERLAY
100
AcDbLine
 10
840.0
 20
639.0
 30
0.0
 11
840.0
 21
643.0
 31
0.0
  0
LINE
  5
808
330
17
100
AcDbEntity
  8
QA_OVERLAY
100
AcDbLine
 10
838.0
 20
649.0
 30
0.0
 11
842.0
 21
649.0
 31
0.0
  0
LINE
  5
809
330
17
100
AcDbEntity
  8
QA_OVERLAY
100
AcDbLine
 10
840.0
 20
647.0
 30
0.0
 11
840.0
 21
651.0
 31
0.0
  0
LINE
  5
80A
330
17
100
AcDbEntity
  8
QA_OVERLAY
100
AcDbLine
 10
838.0
 20
649.0
 30
0.0
 11
842.0
 21
649.0
 31
0.0
  0
LINE
  5
80B
330
17
100
AcDbEntity
  8
QA_OVERLAY
100
AcDbLine
 10
840.0
 20
647.0
 30
0.0
 11
840.0
 21
651.0
 31
0.0
  0
LINE
  5
80C
330
17
100
AcDbEntity
  8
QA_OVERLAY
100
AcDbLine
 10
884.0
 20
610.0
 30
0.0
 11
888.0
 21
610.0
 31
0.0
  0
LINE
  5
80D
330
17
100
AcDbEntity
  8
QA_OVERLAY
100
AcDbLine
 10
886.0
 20
608.0
 30
0.0
 11
886.0
 21
612.0
 31
0.0
  0
LINE
  5
80E
330
17
100
AcDbEntity
  8
QA_OVERLAY
100
AcDbLine
 10
896.0
 20
610.0
 30
0.0
 11
900.0
 21
610.0
 31
0.0
  0
LINE
  5
80F
330
17
100
AcDbEntity
  8
QA_OVERLAY
100
AcDbLine
 10
898.0
 20
608.0
 30
0.0
 11
898.0
 21
612.0
 31
0.0
  0
LINE
  5
810
330
17
100
AcDbEntity
  8
QA_OVERLAY
100
AcDbLine
 10
904.0
 20
610.0
 30
0.0
 11
908.0
 21
610.0
 31
0.0
  0
LINE
  5
811
330
17
100
AcDbEntity
  8
QA_OVERLAY
100
AcDbLine
 10
906.0
 20
608.0
 30
0.0
 11
906.0
 21
612.0
 31
0.0
  0
LINE
  5
812
330
17
100
AcDbEntity
  8
QA_OVERLAY
100
AcDbLine
 10
904.0
 20
610.0
 30
0.0
 11
908.0
 21
610.0
 31
0.0
  0
LINE
  5
813
330
17
100
AcDbEntity
  8
QA_OVERLAY
100
AcDbLine
 10
906.0
 20
608.0
 30
0.0
 11
906.0
 21
612.0
 31
0.0
  0
LINE
  5
814
330
17
100
AcDbEntity
  8
QA_OVERLAY
100
AcDbLine
 10
856.0
 20
591.0
 30
0.0
 11
860.0
 21
591.0
 31
0.0
  0
LINE
  5
815
330
17
100
AcDbEntity
  8
QA_OVERLAY
100
AcDbLine
 10
858.0
 20
589.0
 30
0.0
 11
858.0
 21
593.0
 31
0.0
  0
LINE
  5
816
330
17
100
AcDbEntity
  8
QA_OVERLAY
100
AcDbLine
 10
856.0
 20
579.0
 30
0.0
 11
860.0
 21
579.0
 31
0.0
  0
LINE
  5
817
330
17
100
AcDbEntity
  8
QA_OVERLAY
100
AcDbLine
 10
858.0
 20
577.0
 30
0.0
 11
858.0
 21
581.0
 31
0.0
  0
LINE
  5
818
330
17
100
AcDbEntity
  8
QA_OVERLAY
100
AcDbLine
 10
856.0
 20
571.0
 30
0.0
 11
860.0
 21
571.0
 31
0.0
  0
LINE
  5
819
330
17
100
AcDbEntity
  8
QA_OVERLAY
100
AcDbLine
 10
858.0
 20
569.0
 30
0.0
 11
858.0
 21
573.0
 31
0.0
  0
LINE
  5
81A
330
17
100
AcDbEntity
  8
QA_OVERLAY
100
AcDbLine
 10
856.0
 20
571.0
 30
0.0
 11
860.0
 21
571.0
 31
0.0
  0
LINE
  5
81B
330
17
100
AcDbEntity
  8
QA_OVERLAY
100
AcDbLine
 10
858.0
 20
569.0
 30
0.0
 11
858.0
 21
573.0
 31
0.0
  0
LINE
  5
81C
330
17
100
AcDbEntity
  8
QA_OVERLAY
100
AcDbLine
 10
820.0
 20
591.0
 30
0.0
 11
824.0
 21
591.0
 31
0.0
  0
LINE
  5
81D
330
17
100
AcDbEntity
  8
QA_OVERLAY
100
AcDbLine
 10
822.0
 20
589.0
 30
0.0
 11
822.0
 21
593.0
 31
0.0
  0
LINE
  5
81E
330
17
100
AcDbEntity
  8
QA_OVERLAY
100
AcDbLine
 10
820.0
 20
579.0
 30
0.0
 11
824.0
 21
579.0
 31
0.0
  0
LINE
  5
81F
330
17
100
AcDbEntity
  8
QA_OVERLAY
100
AcDbLine
 10
822.0
 20
577.0
 30
0.0
 11
822.0
 21
581.0
 31
0.0
  0
LINE
  5
820
330
17
100
AcDbEntity
  8
QA_OVERLAY
100
AcDbLine
 10
820.0
 20
571.0
 30
0.0
 11
824.0
 21
571.0
 31
0.0
  0
LINE
  5
821
330
17
100
AcDbEntity
  8
QA_OVERLAY
100
AcDbLine
 10
822.0
 20
569.0
 30
0.0
 11
822.0
 21
573.0
 31
0.0
  0
LINE
  5
822
330
17
100
AcDbEntity
  8
QA_OVERLAY
100
AcDbLine
 10
820.0
 20
571.0
 30
0.0
 11
824.0
 21
571.0
 31
0.0
  0
LINE
  5
823
330
17
100
AcDbEntity
  8
QA_OVERLAY
100
AcDbLine
 10
822.0
 20
569.0
 30
0.0
 11
822.0
 21
573.0
 31
0.0
  0
LINE
  5
824
330
17
100
AcDbEntity
  8
QA_OVERLAY
100
AcDbLine
 10
814.0
 20
629.0
 30
0.0
 11
818.0
 21
629.0
 31
0.0
  0
LINE
  5
825
330
17
100
AcDbEntity
  8
QA_OVERLAY
100
AcDbLine
 10
816.0
 20
627.0
 30
0.0
 11
816.0
 21
631.0
 31
0.0
  0
LINE
  5
826
330
17
100
AcDbEntity
  8
QA_OVERLAY
100
AcDbLine
 10
814.0
 20
641.0
 30
0.0
 11
818.0
 21
641.0
 31
0.0
  0
LINE
  5
827
330
17
100
AcDbEntity
  8
QA_OVERLAY
100
AcDbLine
 10
816.0
 20
639.0
 30
0.0
 11
816.0
 21
643.0
 31
0.0
  0
LINE
  5
828
330
17
100
AcDbEntity
  8
QA_OVERLAY
100
AcDbLine
 10
814.0
 20
649.0
 30
0.0
 11
818.0
 21
649.0
 31
0.0
  0
LINE
  5
829
330
17
100
AcDbEntity
  8
QA_OVERLAY
100
AcDbLine
 10
816.0
 20
647.0
 30
0.0
 11
816.0
 21
651.0
 31
0.0
  0
LINE
  5
82A
330
17
100
AcDbEntity
  8
QA_OVERLAY
100
AcDbLine
 10
814.0
 20
649.0
 30
0.0
 11
818.0
 21
649.0
 31
0.0
  0
LINE
  5
82B
330
17
100
AcDbEntity
  8
QA_OVERLAY
100
AcDbLine
 10
816.0
 20
647.0
 30
0.0
 11
816.0
 21
651.0
 31
0.0
  0
LINE
  5
82C
330
17
100
AcDbEntity
  8
QA_OVERLAY
100
AcDbLine
 10
792.0
 20
620.0
 30
0.0
 11
796.0
 21
620.0
 31
0.0
  0
LINE
  5
82D
330
17
100
AcDbEntity
  8
QA_OVERLAY
100
AcDbLine
 10
794.0
 20
618.0
 30
0.0
 11
794.0
 21
622.0
 31
0.0
  0
LINE
  5
82E
330
17
100
AcDbEntity
  8
QA_OVERLAY
100
AcDbLine
 10
780.0
 20
620.0
 30
0.0
 11
784.0
 21
620.0
 31
0.0
  0
LINE
  5
82F
330
17
100
AcDbEntity
  8
QA_OVERLAY
100
AcDbLine
 10
782.0
 20
618.0
 30
0.0
 11
782.0
 21
622.0
 31
0.0
  0
LINE
  5
830
330
17
100
AcDbEntity
  8
QA_OVERLAY
100
AcDbLine
 10
772.0
 20
620.0
 30
0.0
 11
776.0
 21
620.0
 31
0.0
  0
LINE
  5
831
330
17
100
AcDbEntity
  8
QA_OVERLAY
100
AcDbLine
 10
774.0
 20
618.0
 30
0.0
 11
774.0
 21
622.0
 31
0.0
  0
LINE
  5
832
330
17
100
AcDbEntity
  8
QA_OVERLAY
100
AcDbLine
 10
772.0
 20
620.0
 30
0.0
 11
776.0
 21
620.0
 31
0.0
  0
LINE
  5
833
330
17
100
AcDbEntity
  8
QA_OVERLAY
100
AcDbLine
 10
774.0
 20
618.0
 30
0.0
 11
774.0
 21
622.0
 31
0.0
  0
LINE
  5
834
330
17
100
AcDbEntity
  8
QA_OVERLAY
100
AcDbLine
 10
792.0
 20
600.0
 30
0.0
 11
796.0
 21
600.0
 31
0.0
  0
LINE
  5
835
330
17
100
AcDbEntity
  8
QA_OVERLAY
100
AcDbLine
 10
794.0
 20
598.0
 30
0.0
 11
794.0
 21
602.0
 31
0.0
  0
LINE
  5
836
330
17
100
AcDbEntity
  8
QA_OVERLAY
100
AcDbLine
 10
780.0
 20
600.0
 30
0.0
 11
784.0
 21
600.0
 31
0.0
  0
LINE
  5
837
330
17
100
AcDbEntity
  8
QA_OVERLAY
100
AcDbLine
 10
782.0
 20
598.0
 30
0.0
 11
782.0
 21
602.0
 31
0.0
  0
LINE
  5
838
330
17
100
AcDbEntity
  8
QA_OVERLAY
100
AcDbLine
 10
772.0
 20
600.0
 30
0.0
 11
776.0
 21
600.0
 31
0.0
  0
LINE
  5
839
330
17
100
AcDbEntity
  8
QA_OVERLAY
100
AcDbLine
 10
774.0
 20
598.0
 30
0.0
 11
774.0
 21
602.0
 31
0.0
  0
LINE
  5
83A
330
17
100
AcDbEntity
  8
QA_OVERLAY
100
AcDbLine
 10
772.0
 20
600.0
 30
0.0
 11
776.0
 21
600.0
 31
0.0
  0
LINE
  5
83B
330
17
100
AcDbEntity
  8
QA_OVERLAY
100
AcDbLine
 10
774.0
 20
598.0
 30
0.0
 11
774.0
 21
602.0
 31
0.0
  0
LINE
  5
83C
330
17
100
AcDbEntity
  8
QA_OVERLAY
100
AcDbLine
 10
870.0
 20
629.0
 30
0.0
 11
874.0
 21
629.0
 31
0.0
  0
LINE
  5
83D
330
17
100
AcDbEntity
  8
QA_OVERLAY
100
AcDbLine
 10
872.0
 20
627.0
 30
0.0
 11
872.0
 21
631.0
 31
0.0
  0
LINE
  5
83E
330
17
100
AcDbEntity
  8
QA_OVERLAY
100
AcDbLine
 10
870.0
 20
641.0
 30
0.0
 11
874.0
 21
641.0
 31
0.0
  0
LINE
  5
83F
330
17
100
AcDbEntity
  8
QA_OVERLAY
100
AcDbLine
 10
872.0
 20
639.0
 30
0.0
 11
872.0
 21
643.0
 31
0.0
  0
LINE
  5
840
330
17
100
AcDbEntity
  8
QA_OVERLAY
100
AcDbLine
 10
870.0
 20
649.0
 30
0.0
 11
874.0
 21
649.0
 31
0.0
  0
LINE
  5
841
330
17
100
AcDbEntity
  8
QA_OVERLAY
100
AcDbLine
 10
872.0
 20
647.0
 30
0.0
 11
872.0
 21
651.0
 31
0.0
  0
LINE
  5
842
330
17
100
AcDbEntity
  8
QA_OVERLAY
100
AcDbLine
 10
870.0
 20
649.0
 30
0.0
 11
874.0
 21
649.0
 31
0.0
  0
LINE
  5
843
330
17
100
AcDbEntity
  8
QA_OVERLAY
100
AcDbLine
 10
872.0
 20
647.0
 30
0.0
 11
872.0
 21
651.0
 31
0.0
  0
LINE
  5
844
330
17
100
AcDbEntity
  8
QA_OVERLAY
100
AcDbLine
 10
794.0
 20
495.0
 30
0.0
 11
798.0
 21
495.0
 31
0.0
  0
LINE
  5
845
330
17
100
AcDbEntity
  8
QA_OVERLAY
100
AcDbLine
 10
796.0
 20
493.0
 30
0.0
 11
796.0
 21
497.0
 31
0.0
  0
LINE
  5
846
330
17
100
AcDbEntity
  8
QA_OVERLAY
100
AcDbLine
 10
842.0
 20
495.0
 30
0.0
 11
846.0
 21
495.0
 31
0.0
  0
LINE
  5
847
330
17
100
AcDbEntity
  8
QA_OVERLAY
100
AcDbLine
 10
844.0
 20
493.0
 30
0.0
 11
844.0
 21
497.0
 31
0.0
  0
LINE
  5
848
330
17
100
AcDbEntity
  8
QA_OVERLAY
100
AcDbLine
 10
818.0
 20
477.0
 30
0.0
 11
822.0
 21
477.0
 31
0.0
  0
LINE
  5
849
330
17
100
AcDbEntity
  8
QA_OVERLAY
100
AcDbLine
 10
820.0
 20
475.0
 30
0.0
 11
820.0
 21
479.0
 31
0.0
  0
LINE
  5
84A
330
17
100
AcDbEntity
  8
QA_OVERLAY
100
AcDbLine
 10
818.0
 20
513.0
 30
0.0
 11
822.0
 21
513.0
 31
0.0
  0
LINE
  5
84B
330
17
100
AcDbEntity
  8
QA_OVERLAY
100
AcDbLine
 10
820.0
 20
511.0
 30
0.0
 11
820.0
 21
515.0
 31
0.0
  0
LINE
  5
84C
330
17
100
AcDbEntity
  8
QA_OVERLAY
100
AcDbLine
 10
818.0
 20
521.0
 30
0.0
 11
822.0
 21
521.0
 31
0.0
  0
LINE
  5
84D
330
17
100
AcDbEntity
  8
QA_OVERLAY
100
AcDbLine
 10
820.0
 20
519.0
 30
0.0
 11
820.0
 21
523.0
 31
0.0
  0
LINE
  5
84E
330
17
100
AcDbEntity
  8
QA_OVERLAY
100
AcDbLine
 10
801.0
 20
495.0
 30
0.0
 11
805.0
 21
495.0
 31
0.0
  0
LINE
  5
84F
330
17
100
AcDbEntity
  8
QA_OVERLAY
100
AcDbLine
 10
803.0
 20
493.0
 30
0.0
 11
803.0
 21
497.0
 31
0.0
  0
LINE
  5
850
330
17
100
AcDbEntity
  8
QA_OVERLAY
100
AcDbLine
 10
794.0
 20
495.0
 30
0.0
 11
798.0
 21
495.0
 31
0.0
  0
LINE
  5
851
330
17
100
AcDbEntity
  8
QA_OVERLAY
100
AcDbLine
 10
796.0
 20
493.0
 30
0.0
 11
796.0
 21
497.0
 31
0.0
  0
LINE
  5
852
330
17
100
AcDbEntity
  8
QA_OVERLAY
100
AcDbLine
 10
786.0
 20
495.0
 30
0.0
 11
790.0
 21
495.0
 31
0.0
  0
LINE
  5
853
330
17
100
AcDbEntity
  8
QA_OVERLAY
100
AcDbLine
 10
788.0
 20
493.0
 30
0.0
 11
788.0
 21
497.0
 31
0.0
  0
LINE
  5
854
330
17
100
AcDbEntity
  8
QA_OVERLAY
100
AcDbLine
 10
786.0
 20
495.0
 30
0.0
 11
790.0
 21
495.0
 31
0.0
  0
LINE
  5
855
330
17
100
AcDbEntity
  8
QA_OVERLAY
100
AcDbLine
 10
788.0
 20
493.0
 30
0.0
 11
788.0
 21
497.0
 31
0.0
  0
LINE
  5
856
330
17
100
AcDbEntity
  8
QA_OVERLAY
100
AcDbLine
 10
835.0
 20
495.0
 30
0.0
 11
839.0
 21
495.0
 31
0.0
  0
LINE
  5
857
330
17
100
AcDbEntity
  8
QA_OVERLAY
100
AcDbLine
 10
837.0
 20
493.0
 30
0.0
 11
837.0
 21
497.0
 31
0.0
  0
LINE
  5
858
330
17
100
AcDbEntity
  8
QA_OVERLAY
100
AcDbLine
 10
842.0
 20
495.0
 30
0.0
 11
846.0
 21
495.0
 31
0.0
  0
LINE
  5
859
330
17
100
AcDbEntity
  8
QA_OVERLAY
100
AcDbLine
 10
844.0
 20
493.0
 30
0.0
 11
844.0
 21
497.0
 31
0.0
  0
LINE
  5
85A
330
17
100
AcDbEntity
  8
QA_OVERLAY
100
AcDbLine
 10
850.0
 20
495.0
 30
0.0
 11
854.0
 21
495.0
 31
0.0
  0
LINE
  5
85B
330
17
100
AcDbEntity
  8
QA_OVERLAY
100
AcDbLine
 10
852.0
 20
493.0
 30
0.0
 11
852.0
 21
497.0
 31
0.0
  0
LINE
  5
85C
330
17
100
AcDbEntity
  8
QA_OVERLAY
100
AcDbLine
 10
850.0
 20
495.0
 30
0.0
 11
854.0
 21
495.0
 31
0.0
  0
LINE
  5
85D
330
17
100
AcDbEntity
  8
QA_OVERLAY
100
AcDbLine
 10
852.0
 20
493.0
 30
0.0
 11
852.0
 21
497.0
 31
0.0
  0
LINE
  5
85E
330
17
100
AcDbEntity
  8
QA_OVERLAY
100
AcDbLine
 10
818.0
 20
483.0
 30
0.0
 11
822.0
 21
483.0
 31
0.0
  0
LINE
  5
85F
330
17
100
AcDbEntity
  8
QA_OVERLAY
100
AcDbLine
 10
820.0
 20
481.0
 30
0.0
 11
820.0
 21
485.0
 31
0.0
  0
LINE
  5
860
330
17
100
AcDbEntity
  8
QA_OVERLAY
100
AcDbLine
 10
818.0
 20
477.0
 30
0.0
 11
822.0
 21
477.0
 31
0.0
  0
LINE
  5
861
330
17
100
AcDbEntity
  8
QA_OVERLAY
100
AcDbLine
 10
820.0
 20
475.0
 30
0.0
 11
820.0
 21
479.0
 31
0.0
  0
LINE
  5
862
330
17
100
AcDbEntity
  8
QA_OVERLAY
100
AcDbLine
 10
818.0
 20
469.0
 30
0.0
 11
822.0
 21
469.0
 31
0.0
  0
LINE
  5
863
330
17
100
AcDbEntity
  8
QA_OVERLAY
100
AcDbLine
 10
820.0
 20
467.0
 30
0.0
 11
820.0
 21
471.0
 31
0.0
  0
LINE
  5
864
330
17
100
AcDbEntity
  8
QA_OVERLAY
100
AcDbLine
 10
818.0
 20
469.0
 30
0.0
 11
822.0
 21
469.0
 31
0.0
  0
LINE
  5
865
330
17
100
AcDbEntity
  8
QA_OVERLAY
100
AcDbLine
 10
820.0
 20
467.0
 30
0.0
 11
820.0
 21
471.0
 31
0.0
  0
LINE
  5
866
330
17
100
AcDbEntity
  8
QA_OVERLAY
100
AcDbLine
 10
794.0
 20
450.0
 30
0.0
 11
798.0
 21
450.0
 31
0.0
  0
LINE
  5
867
330
17
100
AcDbEntity
  8
QA_OVERLAY
100
AcDbLine
 10
796.0
 20
448.0
 30
0.0
 11
796.0
 21
452.0
 31
0.0
  0
LINE
  5
868
330
17
100
AcDbEntity
  8
QA_OVERLAY
100
AcDbLine
 10
842.0
 20
450.0
 30
0.0
 11
846.0
 21
450.0
 31
0.0
  0
LINE
  5
869
330
17
100
AcDbEntity
  8
QA_OVERLAY
100
AcDbLine
 10
844.0
 20
448.0
 30
0.0
 11
844.0
 21
452.0
 31
0.0
  0
LINE
  5
86A
330
17
100
AcDbEntity
  8
QA_OVERLAY
100
AcDbLine
 10
818.0
 20
432.0
 30
0.0
 11
822.0
 21
432.0
 31
0.0
  0
LINE
  5
86B
330
17
100
AcDbEntity
  8
QA_OVERLAY
100
AcDbLine
 10
820.0
 20
430.0
 30
0.0
 11
820.0
 21
434.0
 31
0.0
  0
LINE
  5
86C
330
17
100
AcDbEntity
  8
QA_OVERLAY
100
AcDbLine
 10
818.0
 20
468.0
 30
0.0
 11
822.0
 21
468.0
 31
0.0
  0
LINE
  5
86D
330
17
100
AcDbEntity
  8
QA_OVERLAY
100
AcDbLine
 10
820.0
 20
466.0
 30
0.0
 11
820.0
 21
470.0
 31
0.0
  0
LINE
  5
86E
330
17
100
AcDbEntity
  8
QA_OVERLAY
100
AcDbLine
 10
818.0
 20
476.0
 30
0.0
 11
822.0
 21
476.0
 31
0.0
  0
LINE
  5
86F
330
17
100
AcDbEntity
  8
QA_OVERLAY
100
AcDbLine
 10
820.0
 20
474.0
 30
0.0
 11
820.0
 21
478.0
 31
0.0
  0
LINE
  5
870
330
17
100
AcDbEntity
  8
QA_OVERLAY
100
AcDbLine
 10
801.0
 20
450.0
 30
0.0
 11
805.0
 21
450.0
 31
0.0
  0
LINE
  5
871
330
17
100
AcDbEntity
  8
QA_OVERLAY
100
AcDbLine
 10
803.0
 20
448.0
 30
0.0
 11
803.0
 21
452.0
 31
0.0
  0
LINE
  5
872
330
17
100
AcDbEntity
  8
QA_OVERLAY
100
AcDbLine
 10
794.0
 20
450.0
 30
0.0
 11
798.0
 21
450.0
 31
0.0
  0
LINE
  5
873
330
17
100
AcDbEntity
  8
QA_OVERLAY
100
AcDbLine
 10
796.0
 20
448.0
 30
0.0
 11
796.0
 21
452.0
 31
0.0
  0
LINE
  5
874
330
17
100
AcDbEntity
  8
QA_OVERLAY
100
AcDbLine
 10
786.0
 20
450.0
 30
0.0
 11
790.0
 21
450.0
 31
0.0
  0
LINE
  5
875
330
17
100
AcDbEntity
  8
QA_OVERLAY
100
AcDbLine
 10
788.0
 20
448.0
 30
0.0
 11
788.0
 21
452.0
 31
0.0
  0
LINE
  5
876
330
17
100
AcDbEntity
  8
QA_OVERLAY
100
AcDbLine
 10
786.0
 20
450.0
 30
0.0
 11
790.0
 21
450.0
 31
0.0
  0
LINE
  5
877
330
17
100
AcDbEntity
  8
QA_OVERLAY
100
AcDbLine
 10
788.0
 20
448.0
 30
0.0
 11
788.0
 21
452.0
 31
0.0
  0
LINE
  5
878
330
17
100
AcDbEntity
  8
QA_OVERLAY
100
AcDbLine
 10
835.0
 20
450.0
 30
0.0
 11
839.0
 21
450.0
 31
0.0
  0
LINE
  5
879
330
17
100
AcDbEntity
  8
QA_OVERLAY
100
AcDbLine
 10
837.0
 20
448.0
 30
0.0
 11
837.0
 21
452.0
 31
0.0
  0
LINE
  5
87A
330
17
100
AcDbEntity
  8
QA_OVERLAY
100
AcDbLine
 10
842.0
 20
450.0
 30
0.0
 11
846.0
 21
450.0
 31
0.0
  0
LINE
  5
87B
330
17
100
AcDbEntity
  8
QA_OVERLAY
100
AcDbLine
 10
844.0
 20
448.0
 30
0.0
 11
844.0
 21
452.0
 31
0.0
  0
LINE
  5
87C
330
17
100
AcDbEntity
  8
QA_OVERLAY
100
AcDbLine
 10
850.0
 20
450.0
 30
0.0
 11
854.0
 21
450.0
 31
0.0
  0
LINE
  5
87D
330
17
100
AcDbEntity
  8
QA_OVERLAY
100
AcDbLine
 10
852.0
 20
448.0
 30
0.0
 11
852.0
 21
452.0
 31
0.0
  0
LINE
  5
87E
330
17
100
AcDbEntity
  8
QA_OVERLAY
100
AcDbLine
 10
850.0
 20
450.0
 30
0.0
 11
854.0
 21
450.0
 31
0.0
  0
LINE
  5
87F
330
17
100
AcDbEntity
  8
QA_OVERLAY
100
AcDbLine
 10
852.0
 20
448.0
 30
0.0
 11
852.0
 21
452.0
 31
0.0
  0
LINE
  5
880
330
17
100
AcDbEntity
  8
QA_OVERLAY
100
AcDbLine
 10
818.0
 20
438.0
 30
0.0
 11
822.0
 21
438.0
 31
0.0
  0
LINE
  5
881
330
17
100
AcDbEntity
  8
QA_OVERLAY
100
AcDbLine
 10
820.0
 20
436.0
 30
0.0
 11
820.0
 21
440.0
 31
0.0
  0
LINE
  5
882
330
17
100
AcDbEntity
  8
QA_OVERLAY
100
AcDbLine
 10
818.0
 20
432.0
 30
0.0
 11
822.0
 21
432.0
 31
0.0
  0
LINE
  5
883
330
17
100
AcDbEntity
  8
QA_OVERLAY
100
AcDbLine
 10
820.0
 20
430.0
 30
0.0
 11
820.0
 21
434.0
 31
0.0
  0
LINE
  5
884
330
17
100
AcDbEntity
  8
QA_OVERLAY
100
AcDbLine
 10
818.0
 20
424.0
 30
0.0
 11
822.0
 21
424.0
 31
0.0
  0
LINE
  5
885
330
17
100
AcDbEntity
  8
QA_OVERLAY
100
AcDbLine
 10
820.0
 20
422.0
 30
0.0
 11
820.0
 21
426.0
 31
0.0
  0
LINE
  5
886
330
17
100
AcDbEntity
  8
QA_OVERLAY
100
AcDbLine
 10
818.0
 20
424.0
 30
0.0
 11
822.0
 21
424.0
 31
0.0
  0
LINE
  5
887
330
17
100
AcDbEntity
  8
QA_OVERLAY
100
AcDbLine
 10
820.0
 20
422.0
 30
0.0
 11
820.0
 21
426.0
 31
0.0
  0
LINE
  5
888
330
17
100
AcDbEntity
  8
QA_OVERLAY
100
AcDbLine
 10
252.0
 20
392.0
 30
0.0
 11
256.0
 21
392.0
 31
0.0
  0
LINE
  5
889
330
17
100
AcDbEntity
  8
QA_OVERLAY
100
AcDbLine
 10
254.0
 20
390.0
 30
0.0
 11
254.0
 21
394.0
 31
0.0
  0
LINE
  5
88A
330
17
100
AcDbEntity
  8
QA_OVERLAY
100
AcDbLine
 10
344.0
 20
392.0
 30
0.0
 11
348.0
 21
392.0
 31
0.0
  0
LINE
  5
88B
330
17
100
AcDbEntity
  8
QA_OVERLAY
100
AcDbLine
 10
346.0
 20
390.0
 30
0.0
 11
346.0
 21
394.0
 31
0.0
  0
LINE
  5
88C
330
17
100
AcDbEntity
  8
QA_OVERLAY
100
AcDbLine
 10
344.0
 20
408.0
 30
0.0
 11
348.0
 21
408.0
 31
0.0
  0
LINE
  5
88D
330
17
100
AcDbEntity
  8
QA_OVERLAY
100
AcDbLine
 10
346.0
 20
406.0
 30
0.0
 11
346.0
 21
410.0
 31
0.0
  0
LINE
  5
88E
330
17
100
AcDbEntity
  8
QA_OVERLAY
100
AcDbLine
 10
252.0
 20
408.0
 30
0.0
 11
256.0
 21
408.0
 31
0.0
  0
LINE
  5
88F
330
17
100
AcDbEntity
  8
QA_OVERLAY
100
AcDbLine
 10
254.0
 20
406.0
 30
0.0
 11
254.0
 21
410.0
 31
0.0
  0
LINE
  5
890
330
17
100
AcDbEntity
  8
QA_OVERLAY
100
AcDbLine
 10
328.0
 20
422.0
 30
0.0
 11
332.0
 21
422.0
 31
0.0
  0
LINE
  5
891
330
17
100
AcDbEntity
  8
QA_OVERLAY
100
AcDbLine
 10
330.0
 20
420.0
 30
0.0
 11
330.0
 21
424.0
 31
0.0
  0
LINE
  5
892
330
17
100
AcDbEntity
  8
QA_OVERLAY
100
AcDbLine
 10
328.0
 20
378.0
 30
0.0
 11
332.0
 21
378.0
 31
0.0
  0
LINE
  5
893
330
17
100
AcDbEntity
  8
QA_OVERLAY
100
AcDbLine
 10
330.0
 20
376.0
 30
0.0
 11
330.0
 21
380.0
 31
0.0
  0
LINE
  5
894
330
17
100
AcDbEntity
  8
QA_OVERLAY
100
AcDbLine
 10
260.0
 20
392.0
 30
0.0
 11
264.0
 21
392.0
 31
0.0
  0
LINE
  5
895
330
17
100
AcDbEntity
  8
QA_OVERLAY
100
AcDbLine
 10
262.0
 20
390.0
 30
0.0
 11
262.0
 21
394.0
 31
0.0
  0
LINE
  5
896
330
17
100
AcDbEntity
  8
QA_OVERLAY
100
AcDbLine
 10
252.0
 20
392.0
 30
0.0
 11
256.0
 21
392.0
 31
0.0
  0
LINE
  5
897
330
17
100
AcDbEntity
  8
QA_OVERLAY
100
AcDbLine
 10
254.0
 20
390.0
 30
0.0
 11
254.0
 21
394.0
 31
0.0
  0
LINE
  5
898
330
17
100
AcDbEntity
  8
QA_OVERLAY
100
AcDbLine
 10
244.0
 20
392.0
 30
0.0
 11
248.0
 21
392.0
 31
0.0
  0
LINE
  5
899
330
17
100
AcDbEntity
  8
QA_OVERLAY
100
AcDbLine
 10
246.0
 20
390.0
 30
0.0
 11
246.0
 21
394.0
 31
0.0
  0
LINE
  5
89A
330
17
100
AcDbEntity
  8
QA_OVERLAY
100
AcDbLine
 10
244.0
 20
392.0
 30
0.0
 11
248.0
 21
392.0
 31
0.0
  0
LINE
  5
89B
330
17
100
AcDbEntity
  8
QA_OVERLAY
100
AcDbLine
 10
246.0
 20
390.0
 30
0.0
 11
246.0
 21
394.0
 31
0.0
  0
LINE
  5
89C
330
17
100
AcDbEntity
  8
QA_OVERLAY
100
AcDbLine
 10
336.0
 20
392.0
 30
0.0
 11
340.0
 21
392.0
 31
0.0
  0
LINE
  5
89D
330
17
100
AcDbEntity
  8
QA_OVERLAY
100
AcDbLine
 10
338.0
 20
390.0
 30
0.0
 11
338.0
 21
394.0
 31
0.0
  0
LINE
  5
89E
330
17
100
AcDbEntity
  8
QA_OVERLAY
100
AcDbLine
 10
344.0
 20
392.0
 30
0.0
 11
348.0
 21
392.0
 31
0.0
  0
LINE
  5
89F
330
17
100
AcDbEntity
  8
QA_OVERLAY
100
AcDbLine
 10
346.0
 20
390.0
 30
0.0
 11
346.0
 21
394.0
 31
0.0
  0
LINE
  5
8A0
330
17
100
AcDbEntity
  8
QA_OVERLAY
100
AcDbLine
 10
352.0
 20
392.0
 30
0.0
 11
356.0
 21
392.0
 31
0.0
  0
LINE
  5
8A1
330
17
100
AcDbEntity
  8
QA_OVERLAY
100
AcDbLine
 10
354.0
 20
390.0
 30
0.0
 11
354.0
 21
394.0
 31
0.0
  0
LINE
  5
8A2
330
17
100
AcDbEntity
  8
QA_OVERLAY
100
AcDbLine
 10
352.0
 20
392.0
 30
0.0
 11
356.0
 21
392.0
 31
0.0
  0
LINE
  5
8A3
330
17
100
AcDbEntity
  8
QA_OVERLAY
100
AcDbLine
 10
354.0
 20
390.0
 30
0.0
 11
354.0
 21
394.0
 31
0.0
  0
LINE
  5
8A4
330
17
100
AcDbEntity
  8
QA_OVERLAY
100
AcDbLine
 10
336.0
 20
408.0
 30
0.0
 11
340.0
 21
408.0
 31
0.0
  0
LINE
  5
8A5
330
17
100
AcDbEntity
  8
QA_OVERLAY
100
AcDbLine
 10
338.0
 20
406.0
 30
0.0
 11
338.0
 21
410.0
 31
0.0
  0
LINE
  5
8A6
330
17
100
AcDbEntity
  8
QA_OVERLAY
100
AcDbLine
 10
344.0
 20
408.0
 30
0.0
 11
348.0
 21
408.0
 31
0.0
  0
LINE
  5
8A7
330
17
100
AcDbEntity
  8
QA_OVERLAY
100
AcDbLine
 10
346.0
 20
406.0
 30
0.0
 11
346.0
 21
410.0
 31
0.0
  0
LINE
  5
8A8
330
17
100
AcDbEntity
  8
QA_OVERLAY
100
AcDbLine
 10
352.0
 20
408.0
 30
0.0
 11
356.0
 21
408.0
 31
0.0
  0
LINE
  5
8A9
330
17
100
AcDbEntity
  8
QA_OVERLAY
100
AcDbLine
 10
354.0
 20
406.0
 30
0.0
 11
354.0
 21
410.0
 31
0.0
  0
LINE
  5
8AA
330
17
100
AcDbEntity
  8
QA_OVERLAY
100
AcDbLine
 10
352.0
 20
408.0
 30
0.0
 11
356.0
 21
408.0
 31
0.0
  0
LINE
  5
8AB
330
17
100
AcDbEntity
  8
QA_OVERLAY
100
AcDbLine
 10
354.0
 20
406.0
 30
0.0
 11
354.0
 21
410.0
 31
0.0
  0
LINE
  5
8AC
330
17
100
AcDbEntity
  8
QA_OVERLAY
100
AcDbLine
 10
260.0
 20
408.0
 30
0.0
 11
264.0
 21
408.0
 31
0.0
  0
LINE
  5
8AD
330
17
100
AcDbEntity
  8
QA_OVERLAY
100
AcDbLine
 10
262.0
 20
406.0
 30
0.0
 11
262.0
 21
410.0
 31
0.0
  0
LINE
  5
8AE
330
17
100
AcDbEntity
  8
QA_OVERLAY
100
AcDbLine
 10
252.0
 20
408.0
 30
0.0
 11
256.0
 21
408.0
 31
0.0
  0
LINE
  5
8AF
330
17
100
AcDbEntity
  8
QA_OVERLAY
100
AcDbLine
 10
254.0
 20
406.0
 30
0.0
 11
254.0
 21
410.0
 31
0.0
  0
LINE
  5
8B0
330
17
100
AcDbEntity
  8
QA_OVERLAY
100
AcDbLine
 10
244.0
 20
408.0
 30
0.0
 11
248.0
 21
408.0
 31
0.0
  0
LINE
  5
8B1
330
17
100
AcDbEntity
  8
QA_OVERLAY
100
AcDbLine
 10
246.0
 20
406.0
 30
0.0
 11
246.0
 21
410.0
 31
0.0
  0
LINE
  5
8B2
330
17
100
AcDbEntity
  8
QA_OVERLAY
100
AcDbLine
 10
244.0
 20
408.0
 30
0.0
 11
248.0
 21
408.0
 31
0.0
  0
LINE
  5
8B3
330
17
100
AcDbEntity
  8
QA_OVERLAY
100
AcDbLine
 10
246.0
 20
406.0
 30
0.0
 11
246.0
 21
410.0
 31
0.0
  0
LINE
  5
8B4
330
17
100
AcDbEntity
  8
QA_OVERLAY
100
AcDbLine
 10
328.0
 20
417.0
 30
0.0
 11
332.0
 21
417.0
 31
0.0
  0
LINE
  5
8B5
330
17
100
AcDbEntity
  8
QA_OVERLAY
100
AcDbLine
 10
330.0
 20
415.0
 30
0.0
 11
330.0
 21
419.0
 31
0.0
  0
LINE
  5
8B6
330
17
100
AcDbEntity
  8
QA_OVERLAY
100
AcDbLine
 10
328.0
 20
422.0
 30
0.0
 11
332.0
 21
422.0
 31
0.0
  0
LINE
  5
8B7
330
17
100
AcDbEntity
  8
QA_OVERLAY
100
AcDbLine
 10
330.0
 20
420.0
 30
0.0
 11
330.0
 21
424.0
 31
0.0
  0
LINE
  5
8B8
330
17
100
AcDbEntity
  8
QA_OVERLAY
100
AcDbLine
 10
328.0
 20
430.0
 30
0.0
 11
332.0
 21
430.0
 31
0.0
  0
LINE
  5
8B9
330
17
100
AcDbEntity
  8
QA_OVERLAY
100
AcDbLine
 10
330.0
 20
428.0
 30
0.0
 11
330.0
 21
432.0
 31
0.0
  0
LINE
  5
8BA
330
17
100
AcDbEntity
  8
QA_OVERLAY
100
AcDbLine
 10
328.0
 20
430.0
 30
0.0
 11
332.0
 21
430.0
 31
0.0
  0
LINE
  5
8BB
330
17
100
AcDbEntity
  8
QA_OVERLAY
100
AcDbLine
 10
330.0
 20
428.0
 30
0.0
 11
330.0
 21
432.0
 31
0.0
  0
LINE
  5
8BC
330
17
100
AcDbEntity
  8
QA_OVERLAY
100
AcDbLine
 10
328.0
 20
383.0
 30
0.0
 11
332.0
 21
383.0
 31
0.0
  0
LINE
  5
8BD
330
17
100
AcDbEntity
  8
QA_OVERLAY
100
AcDbLine
 10
330.0
 20
381.0
 30
0.0
 11
330.0
 21
385.0
 31
0.0
  0
LINE
  5
8BE
330
17
100
AcDbEntity
  8
QA_OVERLAY
100
AcDbLine
 10
328.0
 20
378.0
 30
0.0
 11
332.0
 21
378.0
 31
0.0
  0
LINE
  5
8BF
330
17
100
AcDbEntity
  8
QA_OVERLAY
100
AcDbLine
 10
330.0
 20
376.0
 30
0.0
 11
330.0
 21
380.0
 31
0.0
  0
LINE
  5
8C0
330
17
100
AcDbEntity
  8
QA_OVERLAY
100
AcDbLine
 10
328.0
 20
370.0
 30
0.0
 11
332.0
 21
370.0
 31
0.0
  0
LINE
  5
8C1
330
17
100
AcDbEntity
  8
QA_OVERLAY
100
AcDbLine
 10
330.0
 20
368.0
 30
0.0
 11
330.0
 21
372.0
 31
0.0
  0
LINE
  5
8C2
330
17
100
AcDbEntity
  8
QA_OVERLAY
100
AcDbLine
 10
328.0
 20
370.0
 30
0.0
 11
332.0
 21
370.0
 31
0.0
  0
LINE
  5
8C3
330
17
100
AcDbEntity
  8
QA_OVERLAY
100
AcDbLine
 10
330.0
 20
368.0
 30
0.0
 11
330.0
 21
372.0
 31
0.0
  0
LINE
  5
8C4
330
17
100
AcDbEntity
  8
QA_OVERLAY
100
AcDbLine
 10
444.0
 20
205.0
 30
0.0
 11
448.0
 21
205.0
 31
0.0
  0
LINE
  5
8C5
330
17
100
AcDbEntity
  8
QA_OVERLAY
100
AcDbLine
 10
446.0
 20
203.0
 30
0.0
 11
446.0
 21
207.0
 31
0.0
  0
LINE
  5
8C6
330
17
100
AcDbEntity
  8
QA_OVERLAY
100
AcDbLine
 10
492.0
 20
205.0
 30
0.0
 11
496.0
 21
205.0
 31
0.0
  0
LINE
  5
8C7
330
17
100
AcDbEntity
  8
QA_OVERLAY
100
AcDbLine
 10
494.0
 20
203.0
 30
0.0
 11
494.0
 21
207.0
 31
0.0
  0
LINE
  5
8C8
330
17
100
AcDbEntity
  8
QA_OVERLAY
100
AcDbLine
 10
468.0
 20
187.0
 30
0.0
 11
472.0
 21
187.0
 31
0.0
  0
LINE
  5
8C9
330
17
100
AcDbEntity
  8
QA_OVERLAY
100
AcDbLine
 10
470.0
 20
185.0
 30
0.0
 11
470.0
 21
189.0
 31
0.0
  0
LINE
  5
8CA
330
17
100
AcDbEntity
  8
QA_OVERLAY
100
AcDbLine
 10
468.0
 20
223.0
 30
0.0
 11
472.0
 21
223.0
 31
0.0
  0
LINE
  5
8CB
330
17
100
AcDbEntity
  8
QA_OVERLAY
100
AcDbLine
 10
470.0
 20
221.0
 30
0.0
 11
470.0
 21
225.0
 31
0.0
  0
LINE
  5
8CC
330
17
100
AcDbEntity
  8
QA_OVERLAY
100
AcDbLine
 10
468.0
 20
231.0
 30
0.0
 11
472.0
 21
231.0
 31
0.0
  0
LINE
  5
8CD
330
17
100
AcDbEntity
  8
QA_OVERLAY
100
AcDbLine
 10
470.0
 20
229.0
 30
0.0
 11
470.0
 21
233.0
 31
0.0
  0
LINE
  5
8CE
330
17
100
AcDbEntity
  8
QA_OVERLAY
100
AcDbLine
 10
451.0
 20
205.0
 30
0.0
 11
455.0
 21
205.0
 31
0.0
  0
LINE
  5
8CF
330
17
100
AcDbEntity
  8
QA_OVERLAY
100
AcDbLine
 10
453.0
 20
203.0
 30
0.0
 11
453.0
 21
207.0
 31
0.0
  0
LINE
  5
8D0
330
17
100
AcDbEntity
  8
QA_OVERLAY
100
AcDbLine
 10
444.0
 20
205.0
 30
0.0
 11
448.0
 21
205.0
 31
0.0
  0
LINE
  5
8D1
330
17
100
AcDbEntity
  8
QA_OVERLAY
100
AcDbLine
 10
446.0
 20
203.0
 30
0.0
 11
446.0
 21
207.0
 31
0.0
  0
LINE
  5
8D2
330
17
100
AcDbEntity
  8
QA_OVERLAY
100
AcDbLine
 10
436.0
 20
205.0
 30
0.0
 11
440.0
 21
205.0
 31
0.0
  0
LINE
  5
8D3
330
17
100
AcDbEntity
  8
QA_OVERLAY
100
AcDbLine
 10
438.0
 20
203.0
 30
0.0
 11
438.0
 21
207.0
 31
0.0
  0
LINE
  5
8D4
330
17
100
AcDbEntity
  8
QA_OVERLAY
100
AcDbLine
 10
436.0
 20
205.0
 30
0.0
 11
440.0
 21
205.0
 31
0.0
  0
LINE
  5
8D5
330
17
100
AcDbEntity
  8
QA_OVERLAY
100
AcDbLine
 10
438.0
 20
203.0
 30
0.0
 11
438.0
 21
207.0
 31
0.0
  0
LINE
  5
8D6
330
17
100
AcDbEntity
  8
QA_OVERLAY
100
AcDbLine
 10
485.0
 20
205.0
 30
0.0
 11
489.0
 21
205.0
 31
0.0
  0
LINE
  5
8D7
330
17
100
AcDbEntity
  8
QA_OVERLAY
100
AcDbLine
 10
487.0
 20
203.0
 30
0.0
 11
487.0
 21
207.0
 31
0.0
  0
LINE
  5
8D8
330
17
100
AcDbEntity
  8
QA_OVERLAY
100
AcDbLine
 10
492.0
 20
205.0
 30
0.0
 11
496.0
 21
205.0
 31
0.0
  0
LINE
  5
8D9
330
17
100
AcDbEntity
  8
QA_OVERLAY
100
AcDbLine
 10
494.0
 20
203.0
 30
0.0
 11
494.0
 21
207.0
 31
0.0
  0
LINE
  5
8DA
330
17
100
AcDbEntity
  8
QA_OVERLAY
100
AcDbLine
 10
500.0
 20
205.0
 30
0.0
 11
504.0
 21
205.0
 31
0.0
  0
LINE
  5
8DB
330
17
100
AcDbEntity
  8
QA_OVERLAY
100
AcDbLine
 10
502.0
 20
203.0
 30
0.0
 11
502.0
 21
207.0
 31
0.0
  0
LINE
  5
8DC
330
17
100
AcDbEntity
  8
QA_OVERLAY
100
AcDbLine
 10
500.0
 20
205.0
 30
0.0
 11
504.0
 21
205.0
 31
0.0
  0
LINE
  5
8DD
330
17
100
AcDbEntity
  8
QA_OVERLAY
100
AcDbLine
 10
502.0
 20
203.0
 30
0.0
 11
502.0
 21
207.0
 31
0.0
  0
LINE
  5
8DE
330
17
100
AcDbEntity
  8
QA_OVERLAY
100
AcDbLine
 10
468.0
 20
193.0
 30
0.0
 11
472.0
 21
193.0
 31
0.0
  0
LINE
  5
8DF
330
17
100
AcDbEntity
  8
QA_OVERLAY
100
AcDbLine
 10
470.0
 20
191.0
 30
0.0
 11
470.0
 21
195.0
 31
0.0
  0
LINE
  5
8E0
330
17
100
AcDbEntity
  8
QA_OVERLAY
100
AcDbLine
 10
468.0
 20
187.0
 30
0.0
 11
472.0
 21
187.0
 31
0.0
  0
LINE
  5
8E1
330
17
100
AcDbEntity
  8
QA_OVERLAY
100
AcDbLine
 10
470.0
 20
185.0
 30
0.0
 11
470.0
 21
189.0
 31
0.0
  0
LINE
  5
8E2
330
17
100
AcDbEntity
  8
QA_OVERLAY
100
AcDbLine
 10
468.0
 20
179.0
 30
0.0
 11
472.0
 21
179.0
 31
0.0
  0
LINE
  5
8E3
330
17
100
AcDbEntity
  8
QA_OVERLAY
100
AcDbLine
 10
470.0
 20
177.0
 30
0.0
 11
470.0
 21
181.0
 31
0.0
  0
LINE
  5
8E4
330
17
100
AcDbEntity
  8
QA_OVERLAY
100
AcDbLine
 10
468.0
 20
179.0
 30
0.0
 11
472.0
 21
179.0
 31
0.0
  0
LINE
  5
8E5
330
17
100
AcDbEntity
  8
QA_OVERLAY
100
AcDbLine
 10
470.0
 20
177.0
 30
0.0
 11
470.0
 21
181.0
 31
0.0
  0
LINE
  5
8E6
330
17
100
AcDbEntity
  8
QA_OVERLAY
100
AcDbLine
 10
444.0
 20
160.0
 30
0.0
 11
448.0
 21
160.0
 31
0.0
  0
LINE
  5
8E7
330
17
100
AcDbEntity
  8
QA_OVERLAY
100
AcDbLine
 10
446.0
 20
158.0
 30
0.0
 11
446.0
 21
162.0
 31
0.0
  0
LINE
  5
8E8
330
17
100
AcDbEntity
  8
QA_OVERLAY
100
AcDbLine
 10
492.0
 20
160.0
 30
0.0
 11
496.0
 21
160.0
 31
0.0
  0
LINE
  5
8E9
330
17
100
AcDbEntity
  8
QA_OVERLAY
100
AcDbLine
 10
494.0
 20
158.0
 30
0.0
 11
494.0
 21
162.0
 31
0.0
  0
LINE
  5
8EA
330
17
100
AcDbEntity
  8
QA_OVERLAY
100
AcDbLine
 10
468.0
 20
142.0
 30
0.0
 11
472.0
 21
142.0
 31
0.0
  0
LINE
  5
8EB
330
17
100
AcDbEntity
  8
QA_OVERLAY
100
AcDbLine
 10
470.0
 20
140.0
 30
0.0
 11
470.0
 21
144.0
 31
0.0
  0
LINE
  5
8EC
330
17
100
AcDbEntity
  8
QA_OVERLAY
100
AcDbLine
 10
468.0
 20
178.0
 30
0.0
 11
472.0
 21
178.0
 31
0.0
  0
LINE
  5
8ED
330
17
100
AcDbEntity
  8
QA_OVERLAY
100
AcDbLine
 10
470.0
 20
176.0
 30
0.0
 11
470.0
 21
180.0
 31
0.0
  0
LINE
  5
8EE
330
17
100
AcDbEntity
  8
QA_OVERLAY
100
AcDbLine
 10
468.0
 20
186.0
 30
0.0
 11
472.0
 21
186.0
 31
0.0
  0
LINE
  5
8EF
330
17
100
AcDbEntity
  8
QA_OVERLAY
100
AcDbLine
 10
470.0
 20
184.0
 30
0.0
 11
470.0
 21
188.0
 31
0.0
  0
LINE
  5
8F0
330
17
100
AcDbEntity
  8
QA_OVERLAY
100
AcDbLine
 10
451.0
 20
160.0
 30
0.0
 11
455.0
 21
160.0
 31
0.0
  0
LINE
  5
8F1
330
17
100
AcDbEntity
  8
QA_OVERLAY
100
AcDbLine
 10
453.0
 20
158.0
 30
0.0
 11
453.0
 21
162.0
 31
0.0
  0
LINE
  5
8F2
330
17
100
AcDbEntity
  8
QA_OVERLAY
100
AcDbLine
 10
444.0
 20
160.0
 30
0.0
 11
448.0
 21
160.0
 31
0.0
  0
LINE
  5
8F3
330
17
100
AcDbEntity
  8
QA_OVERLAY
100
AcDbLine
 10
446.0
 20
158.0
 30
0.0
 11
446.0
 21
162.0
 31
0.0
  0
LINE
  5
8F4
330
17
100
AcDbEntity
  8
QA_OVERLAY
100
AcDbLine
 10
436.0
 20
160.0
 30
0.0
 11
440.0
 21
160.0
 31
0.0
  0
LINE
  5
8F5
330
17
100
AcDbEntity
  8
QA_OVERLAY
100
AcDbLine
 10
438.0
 20
158.0
 30
0.0
 11
438.0
 21
162.0
 31
0.0
  0
LINE
  5
8F6
330
17
100
AcDbEntity
  8
QA_OVERLAY
100
AcDbLine
 10
436.0
 20
160.0
 30
0.0
 11
440.0
 21
160.0
 31
0.0
  0
LINE
  5
8F7
330
17
100
AcDbEntity
  8
QA_OVERLAY
100
AcDbLine
 10
438.0
 20
158.0
 30
0.0
 11
438.0
 21
162.0
 31
0.0
  0
LINE
  5
8F8
330
17
100
AcDbEntity
  8
QA_OVERLAY
100
AcDbLine
 10
485.0
 20
160.0
 30
0.0
 11
489.0
 21
160.0
 31
0.0
  0
LINE
  5
8F9
330
17
100
AcDbEntity
  8
QA_OVERLAY
100
AcDbLine
 10
487.0
 20
158.0
 30
0.0
 11
487.0
 21
162.0
 31
0.0
  0
LINE
  5
8FA
330
17
100
AcDbEntity
  8
QA_OVERLAY
100
AcDbLine
 10
492.0
 20
160.0
 30
0.0
 11
496.0
 21
160.0
 31
0.0
  0
LINE
  5
8FB
330
17
100
AcDbEntity
  8
QA_OVERLAY
100
AcDbLine
 10
494.0
 20
158.0
 30
0.0
 11
494.0
 21
162.0
 31
0.0
  0
LINE
  5
8FC
330
17
100
AcDbEntity
  8
QA_OVERLAY
100
AcDbLine
 10
500.0
 20
160.0
 30
0.0
 11
504.0
 21
160.0
 31
0.0
  0
LINE
  5
8FD
330
17
100
AcDbEntity
  8
QA_OVERLAY
100
AcDbLine
 10
502.0
 20
158.0
 30
0.0
 11
502.0
 21
162.0
 31
0.0
  0
LINE
  5
8FE
330
17
100
AcDbEntity
  8
QA_OVERLAY
100
AcDbLine
 10
500.0
 20
160.0
 30
0.0
 11
504.0
 21
160.0
 31
0.0
  0
LINE
  5
8FF
330
17
100
AcDbEntity
  8
QA_OVERLAY
100
AcDbLine
 10
502.0
 20
158.0
 30
0.0
 11
502.0
 21
162.0
 31
0.0
  0
LINE
  5
900
330
17
100
AcDbEntity
  8
QA_OVERLAY
100
AcDbLine
 10
468.0
 20
148.0
 30
0.0
 11
472.0
 21
148.0
 31
0.0
  0
LINE
  5
901
330
17
100
AcDbEntity
  8
QA_OVERLAY
100
AcDbLine
 10
470.0
 20
146.0
 30
0.0
 11
470.0
 21
150.0
 31
0.0
  0
LINE
  5
902
330
17
100
AcDbEntity
  8
QA_OVERLAY
100
AcDbLine
 10
468.0
 20
142.0
 30
0.0
 11
472.0
 21
142.0
 31
0.0
  0
LINE
  5
903
330
17
100
AcDbEntity
  8
QA_OVERLAY
100
AcDbLine
 10
470.0
 20
140.0
 30
0.0
 11
470.0
 21
144.0
 31
0.0
  0
LINE
  5
904
330
17
100
AcDbEntity
  8
QA_OVERLAY
100
AcDbLine
 10
468.0
 20
134.0
 30
0.0
 11
472.0
 21
134.0
 31
0.0
  0
LINE
  5
905
330
17
100
AcDbEntity
  8
QA_OVERLAY
100
AcDbLine
 10
470.0
 20
132.0
 30
0.0
 11
470.0
 21
136.0
 31
0.0
  0
LINE
  5
906
330
17
100
AcDbEntity
  8
QA_OVERLAY
100
AcDbLine
 10
468.0
 20
134.0
 30
0.0
 11
472.0
 21
134.0
 31
0.0
  0
LINE
  5
907
330
17
100
AcDbEntity
  8
QA_OVERLAY
100
AcDbLine
 10
470.0
 20
132.0
 30
0.0
 11
470.0
 21
136.0
 31
0.0
  0
LINE
  5
908
330
17
100
AcDbEntity
  8
QA_OVERLAY
100
AcDbLine
 10
428.0
 20
642.0
 30
0.0
 11
432.0
 21
642.0
 31
0.0
  0
LINE
  5
909
330
17
100
AcDbEntity
  8
QA_OVERLAY
100
AcDbLine
 10
430.0
 20
640.0
 30
0.0
 11
430.0
 21
644.0
 31
0.0
  0
LINE
  5
90A
330
17
100
AcDbEntity
  8
QA_OVERLAY
100
AcDbLine
 10
446.0
 20
668.0
 30
0.0
 11
450.0
 21
668.0
 31
0.0
  0
LINE
  5
90B
330
17
100
AcDbEntity
  8
QA_OVERLAY
100
AcDbLine
 10
448.0
 20
666.0
 30
0.0
 11
448.0
 21
670.0
 31
0.0
  0
LINE
  5
90C
330
17
100
AcDbEntity
  8
QA_OVERLAY
100
AcDbLine
 10
463.0
 20
642.0
 30
0.0
 11
467.0
 21
642.0
 31
0.0
  0
LINE
  5
90D
330
17
100
AcDbEntity
  8
QA_OVERLAY
100
AcDbLine
 10
465.0
 20
640.0
 30
0.0
 11
465.0
 21
644.0
 31
0.0
  0
LINE
  5
90E
330
17
100
AcDbEntity
  8
QA_OVERLAY
100
AcDbLine
 10
481.0
 20
668.0
 30
0.0
 11
485.0
 21
668.0
 31
0.0
  0
LINE
  5
90F
330
17
100
AcDbEntity
  8
QA_OVERLAY
100
AcDbLine
 10
483.0
 20
666.0
 30
0.0
 11
483.0
 21
670.0
 31
0.0
  0
LINE
  5
910
330
17
100
AcDbEntity
  8
QA_OVERLAY
100
AcDbLine
 10
818.0
 20
672.0
 30
0.0
 11
822.0
 21
672.0
 31
0.0
  0
LINE
  5
911
330
17
100
AcDbEntity
  8
QA_OVERLAY
100
AcDbLine
 10
820.0
 20
670.0
 30
0.0
 11
820.0
 21
674.0
 31
0.0
  0
LINE
  5
912
330
17
100
AcDbEntity
  8
QA_OVERLAY
100
AcDbLine
 10
836.0
 20
698.0
 30
0.0
 11
840.0
 21
698.0
 31
0.0
  0
LINE
  5
913
330
17
100
AcDbEntity
  8
QA_OVERLAY
100
AcDbLine
 10
838.0
 20
696.0
 30
0.0
 11
838.0
 21
700.0
 31
0.0
  0
LINE
  5
914
330
17
100
AcDbEntity
  8
QA_OVERLAY
100
AcDbLine
 10
753.0
 20
545.0
 30
0.0
 11
757.0
 21
545.0
 31
0.0
  0
LINE
  5
915
330
17
100
AcDbEntity
  8
QA_OVERLAY
100
AcDbLine
 10
755.0
 20
543.0
 30
0.0
 11
755.0
 21
547.0
 31
0.0
  0
LINE
  5
916
330
17
100
AcDbEntity
  8
QA_OVERLAY
100
AcDbLine
 10
898.0
 20
525.0
 30
0.0
 11
902.0
 21
525.0
 31
0.0
  0
LINE
  5
917
330
17
100
AcDbEntity
  8
QA_OVERLAY
100
AcDbLine
 10
900.0
 20
523.0
 30
0.0
 11
900.0
 21
527.0
 31
0.0
  0
LINE
  5
918
330
17
100
AcDbEntity
  8
QA_OVERLAY
100
AcDbLine
 10
818.0
 20
525.0
 30
0.0
 11
822.0
 21
525.0
 31
0.0
  0
LINE
  5
919
330
17
100
AcDbEntity
  8
QA_OVERLAY
100
AcDbLine
 10
820.0
 20
523.0
 30
0.0
 11
820.0
 21
527.0
 31
0.0
  0
LINE
  5
91A
330
17
100
AcDbEntity
  8
QA_OVERLAY
100
AcDbLine
 10
388.0
 20
240.0
 30
0.0
 11
392.0
 21
240.0
 31
0.0
  0
LINE
  5
91B
330
17
100
AcDbEntity
  8
QA_OVERLAY
100
AcDbLine
 10
390.0
 20
238.0
 30
0.0
 11
390.0
 21
242.0
 31
0.0
  0
LINE
  5
91C
330
17
100
AcDbEntity
  8
QA_OVERLAY
100
AcDbLine
 10
553.0
 20
268.0
 30
0.0
 11
557.0
 21
268.0
 31
0.0
  0
LINE
  5
91D
330
17
100
AcDbEntity
  8
QA_OVERLAY
100
AcDbLine
 10
555.0
 20
266.0
 30
0.0
 11
555.0
 21
270.0
 31
0.0
  0
LINE
  5
91E
330
17
100
AcDbEntity
  8
QA_OVERLAY
100
AcDbLine
 10
151.5
 20
392.0
 30
0.0
 11
155.5
 21
392.0
 31
0.0
  0
LINE
  5
91F
330
17
100
AcDbEntity
  8
QA_OVERLAY
100
AcDbLine
 10
153.5
 20
390.0
 30
0.0
 11
153.5
 21
394.0
 31
0.0
  0
LINE
  5
920
330
17
100
AcDbEntity
  8
QA_OVERLAY
100
AcDbLine
 10
171.5
 20
392.0
 30
0.0
 11
175.5
 21
392.0
 31
0.0
  0
LINE
  5
921
330
17
100
AcDbEntity
  8
QA_OVERLAY
100
AcDbLine
 10
173.5
 20
390.0
 30
0.0
 11
173.5
 21
394.0
 31
0.0
  0
LINE
  5
922
330
17
100
AcDbEntity
  8
QA_OVERLAY
100
AcDbLine
 10
161.5
 20
407.0
 30
0.0
 11
165.5
 21
407.0
 31
0.0
  0
LINE
  5
923
330
17
100
AcDbEntity
  8
QA_OVERLAY
100
AcDbLine
 10
163.5
 20
405.0
 30
0.0
 11
163.5
 21
409.0
 31
0.0
  0
LINE
  5
924
330
17
100
AcDbEntity
  8
QA_OVERLAY
100
AcDbLine
 10
161.5
 20
407.0
 30
0.0
 11
165.5
 21
407.0
 31
0.0
  0
LINE
  5
925
330
17
100
AcDbEntity
  8
QA_OVERLAY
100
AcDbLine
 10
163.5
 20
405.0
 30
0.0
 11
163.5
 21
409.0
 31
0.0
  0
LINE
  5
926
330
17
100
AcDbEntity
  8
QA_OVERLAY
100
AcDbLine
 10
156.5
 20
407.0
 30
0.0
 11
160.5
 21
407.0
 31
0.0
  0
LINE
  5
927
330
17
100
AcDbEntity
  8
QA_OVERLAY
100
AcDbLine
 10
158.5
 20
405.0
 30
0.0
 11
158.5
 21
409.0
 31
0.0
  0
LINE
  5
928
330
17
100
AcDbEntity
  8
QA_OVERLAY
100
AcDbLine
 10
166.5
 20
407.0
 30
0.0
 11
170.5
 21
407.0
 31
0.0
  0
LINE
  5
929
330
17
100
AcDbEntity
  8
QA_OVERLAY
100
AcDbLine
 10
168.5
 20
405.0
 30
0.0
 11
168.5
 21
409.0
 31
0.0
  0
LINE
  5
92A
330
17
100
AcDbEntity
  8
QA_OVERLAY
100
AcDbLine
 10
417.0
 20
428.5
 30
0.0
 11
421.0
 21
428.5
 31
0.0
  0
LINE
  5
92B
330
17
100
AcDbEntity
  8
QA_OVERLAY
100
AcDbLine
 10
419.0
 20
426.5
 30
0.0
 11
419.0
 21
430.5
 31
0.0
  0
LINE
  5
92C
330
17
100
AcDbEntity
  8
QA_OVERLAY
100
AcDbLine
 10
437.0
 20
428.5
 30
0.0
 11
441.0
 21
428.5
 31
0.0
  0
LINE
  5
92D
330
17
100
AcDbEntity
  8
QA_OVERLAY
100
AcDbLine
 10
439.0
 20
426.5
 30
0.0
 11
439.0
 21
430.5
 31
0.0
  0
LINE
  5
92E
330
17
100
AcDbEntity
  8
QA_OVERLAY
100
AcDbLine
 10
427.0
 20
443.5
 30
0.0
 11
431.0
 21
443.5
 31
0.0
  0
LINE
  5
92F
330
17
100
AcDbEntity
  8
QA_OVERLAY
100
AcDbLine
 10
429.0
 20
441.5
 30
0.0
 11
429.0
 21
445.5
 31
0.0
  0
LINE
  5
930
330
17
100
AcDbEntity
  8
QA_OVERLAY
100
AcDbLine
 10
427.0
 20
443.5
 30
0.0
 11
431.0
 21
443.5
 31
0.0
  0
LINE
  5
931
330
17
100
AcDbEntity
  8
QA_OVERLAY
100
AcDbLine
 10
429.0
 20
441.5
 30
0.0
 11
429.0
 21
445.5
 31
0.0
  0
LINE
  5
932
330
17
100
AcDbEntity
  8
QA_OVERLAY
100
AcDbLine
 10
422.0
 20
443.5
 30
0.0
 11
426.0
 21
443.5
 31
0.0
  0
LINE
  5
933
330
17
100
AcDbEntity
  8
QA_OVERLAY
100
AcDbLine
 10
424.0
 20
441.5
 30
0.0
 11
424.0
 21
445.5
 31
0.0
  0
LINE
  5
934
330
17
100
AcDbEntity
  8
QA_OVERLAY
100
AcDbLine
 10
432.0
 20
443.5
 30
0.0
 11
436.0
 21
443.5
 31
0.0
  0
LINE
  5
935
330
17
100
AcDbEntity
  8
QA_OVERLAY
100
AcDbLine
 10
434.0
 20
441.5
 30
0.0
 11
434.0
 21
445.5
 31
0.0
  0
LINE
  5
936
330
17
100
AcDbEntity
  8
QA_OVERLAY
100
AcDbLine
 10
508.0
 20
611.0
 30
0.0
 11
512.0
 21
611.0
 31
0.0
  0
LINE
  5
937
330
17
100
AcDbEntity
  8
QA_OVERLAY
100
AcDbLine
 10
510.0
 20
609.0
 30
0.0
 11
510.0
 21
613.0
 31
0.0
  0
LINE
  5
938
330
17
100
AcDbEntity
  8
QA_OVERLAY
100
AcDbLine
 10
528.0
 20
611.0
 30
0.0
 11
532.0
 21
611.0
 31
0.0
  0
LINE
  5
939
330
17
100
AcDbEntity
  8
QA_OVERLAY
100
AcDbLine
 10
530.0
 20
609.0
 30
0.0
 11
530.0
 21
613.0
 31
0.0
  0
LINE
  5
93A
330
17
100
AcDbEntity
  8
QA_OVERLAY
100
AcDbLine
 10
508.0
 20
611.0
 30
0.0
 11
512.0
 21
611.0
 31
0.0
  0
LINE
  5
93B
330
17
100
AcDbEntity
  8
QA_OVERLAY
100
AcDbLine
 10
510.0
 20
609.0
 30
0.0
 11
510.0
 21
613.0
 31
0.0
  0
LINE
  5
93C
330
17
100
AcDbEntity
  8
QA_OVERLAY
100
AcDbLine
 10
528.0
 20
611.0
 30
0.0
 11
532.0
 21
611.0
 31
0.0
  0
LINE
  5
93D
330
17
100
AcDbEntity
  8
QA_OVERLAY
100
AcDbLine
 10
530.0
 20
609.0
 30
0.0
 11
530.0
 21
613.0
 31
0.0
  0
LINE
  5
93E
330
17
100
AcDbEntity
  8
QA_OVERLAY
100
AcDbLine
 10
518.0
 20
626.0
 30
0.0
 11
522.0
 21
626.0
 31
0.0
  0
LINE
  5
93F
330
17
100
AcDbEntity
  8
QA_OVERLAY
100
AcDbLine
 10
520.0
 20
624.0
 30
0.0
 11
520.0
 21
628.0
 31
0.0
  0
LINE
  5
940
330
17
100
AcDbEntity
  8
QA_OVERLAY
100
AcDbLine
 10
518.0
 20
626.0
 30
0.0
 11
522.0
 21
626.0
 31
0.0
  0
LINE
  5
941
330
17
100
AcDbEntity
  8
QA_OVERLAY
100
AcDbLine
 10
520.0
 20
624.0
 30
0.0
 11
520.0
 21
628.0
 31
0.0
  0
LINE
  5
942
330
17
100
AcDbEntity
  8
QA_OVERLAY
100
AcDbLine
 10
513.0
 20
626.0
 30
0.0
 11
517.0
 21
626.0
 31
0.0
  0
LINE
  5
943
330
17
100
AcDbEntity
  8
QA_OVERLAY
100
AcDbLine
 10
515.0
 20
624.0
 30
0.0
 11
515.0
 21
628.0
 31
0.0
  0
LINE
  5
944
330
17
100
AcDbEntity
  8
QA_OVERLAY
100
AcDbLine
 10
523.0
 20
626.0
 30
0.0
 11
527.0
 21
626.0
 31
0.0
  0
LINE
  5
945
330
17
100
AcDbEntity
  8
QA_OVERLAY
100
AcDbLine
 10
525.0
 20
624.0
 30
0.0
 11
525.0
 21
628.0
 31
0.0
  0
LINE
  5
946
330
17
100
AcDbEntity
  8
QA_OVERLAY
100
AcDbLine
 10
727.0
 20
630.0
 30
0.0
 11
731.0
 21
630.0
 31
0.0
  0
LINE
  5
947
330
17
100
AcDbEntity
  8
QA_OVERLAY
100
AcDbLine
 10
729.0
 20
628.0
 30
0.0
 11
729.0
 21
632.0
 31
0.0
  0
LINE
  5
948
330
17
100
AcDbEntity
  8
QA_OVERLAY
100
AcDbLine
 10
747.0
 20
630.0
 30
0.0
 11
751.0
 21
630.0
 31
0.0
  0
LINE
  5
949
330
17
100
AcDbEntity
  8
QA_OVERLAY
100
AcDbLine
 10
749.0
 20
628.0
 30
0.0
 11
749.0
 21
632.0
 31
0.0
  0
LINE
  5
94A
330
17
100
AcDbEntity
  8
QA_OVERLAY
100
AcDbLine
 10
941.0
 20
610.0
 30
0.0
 11
945.0
 21
610.0
 31
0.0
  0
LINE
  5
94B
330
17
100
AcDbEntity
  8
QA_OVERLAY
100
AcDbLine
 10
943.0
 20
608.0
 30
0.0
 11
943.0
 21
612.0
 31
0.0
  0
LINE
  5
94C
330
17
100
AcDbEntity
  8
QA_OVERLAY
100
AcDbLine
 10
961.0
 20
610.0
 30
0.0
 11
965.0
 21
610.0
 31
0.0
  0
LINE
  5
94D
330
17
100
AcDbEntity
  8
QA_OVERLAY
100
AcDbLine
 10
963.0
 20
608.0
 30
0.0
 11
963.0
 21
612.0
 31
0.0
  0
LINE
  5
94E
330
17
100
AcDbEntity
  8
QA_OVERLAY
100
AcDbLine
 10
951.0
 20
625.0
 30
0.0
 11
955.0
 21
625.0
 31
0.0
  0
LINE
  5
94F
330
17
100
AcDbEntity
  8
QA_OVERLAY
100
AcDbLine
 10
953.0
 20
623.0
 30
0.0
 11
953.0
 21
627.0
 31
0.0
  0
LINE
  5
950
330
17
100
AcDbEntity
  8
QA_OVERLAY
100
AcDbLine
 10
951.0
 20
625.0
 30
0.0
 11
955.0
 21
625.0
 31
0.0
  0
LINE
  5
951
330
17
100
AcDbEntity
  8
QA_OVERLAY
100
AcDbLine
 10
953.0
 20
623.0
 30
0.0
 11
953.0
 21
627.0
 31
0.0
  0
LINE
  5
952
330
17
100
AcDbEntity
  8
QA_OVERLAY
100
AcDbLine
 10
946.0
 20
625.0
 30
0.0
 11
950.0
 21
625.0
 31
0.0
  0
LINE
  5
953
330
17
100
AcDbEntity
  8
QA_OVERLAY
100
AcDbLine
 10
948.0
 20
623.0
 30
0.0
 11
948.0
 21
627.0
 31
0.0
  0
LINE
  5
954
330
17
100
AcDbEntity
  8
QA_OVERLAY
100
AcDbLine
 10
956.0
 20
625.0
 30
0.0
 11
960.0
 21
625.0
 31
0.0
  0
LINE
  5
955
330
17
100
AcDbEntity
  8
QA_OVERLAY
100
AcDbLine
 10
958.0
 20
623.0
 30
0.0
 11
958.0
 21
627.0
 31
0.0
  0
LINE
  5
956
330
17
100
AcDbEntity
  8
QA_OVERLAY
100
AcDbLine
 10
941.0
 20
610.0
 30
0.0
 11
945.0
 21
610.0
 31
0.0
  0
LINE
  5
957
330
17
100
AcDbEntity
  8
QA_OVERLAY
100
AcDbLine
 10
943.0
 20
608.0
 30
0.0
 11
943.0
 21
612.0
 31
0.0
  0
LINE
  5
958
330
17
100
AcDbEntity
  8
QA_OVERLAY
100
AcDbLine
 10
961.0
 20
610.0
 30
0.0
 11
965.0
 21
610.0
 31
0.0
  0
LINE
  5
959
330
17
100
AcDbEntity
  8
QA_OVERLAY
100
AcDbLine
 10
963.0
 20
608.0
 30
0.0
 11
963.0
 21
612.0
 31
0.0
  0
LINE
  5
95A
330
17
100
AcDbEntity
  8
QA_OVERLAY
100
AcDbLine
 10
743.0
 20
520.0
 30
0.0
 11
747.0
 21
520.0
 31
0.0
  0
LINE
  5
95B
330
17
100
AcDbEntity
  8
QA_OVERLAY
100
AcDbLine
 10
745.0
 20
518.0
 30
0.0
 11
745.0
 21
522.0
 31
0.0
  0
LINE
  5
95C
330
17
100
AcDbEntity
  8
QA_OVERLAY
100
AcDbLine
 10
763.0
 20
520.0
 30
0.0
 11
767.0
 21
520.0
 31
0.0
  0
LINE
  5
95D
330
17
100
AcDbEntity
  8
QA_OVERLAY
100
AcDbLine
 10
765.0
 20
518.0
 30
0.0
 11
765.0
 21
522.0
 31
0.0
  0
LINE
  5
95E
330
17
100
AcDbEntity
  8
QA_OVERLAY
100
AcDbLine
 10
743.0
 20
497.5
 30
0.0
 11
747.0
 21
497.5
 31
0.0
  0
LINE
  5
95F
330
17
100
AcDbEntity
  8
QA_OVERLAY
100
AcDbLine
 10
745.0
 20
495.5
 30
0.0
 11
745.0
 21
499.5
 31
0.0
  0
LINE
  5
960
330
17
100
AcDbEntity
  8
QA_OVERLAY
100
AcDbLine
 10
763.0
 20
497.5
 30
0.0
 11
767.0
 21
497.5
 31
0.0
  0
LINE
  5
961
330
17
100
AcDbEntity
  8
QA_OVERLAY
100
AcDbLine
 10
765.0
 20
495.5
 30
0.0
 11
765.0
 21
499.5
 31
0.0
  0
LINE
  5
962
330
17
100
AcDbEntity
  8
QA_OVERLAY
100
AcDbLine
 10
864.0
 20
495.0
 30
0.0
 11
868.0
 21
495.0
 31
0.0
  0
LINE
  5
963
330
17
100
AcDbEntity
  8
QA_OVERLAY
100
AcDbLine
 10
866.0
 20
493.0
 30
0.0
 11
866.0
 21
497.0
 31
0.0
  0
LINE
  5
964
330
17
100
AcDbEntity
  8
QA_OVERLAY
100
AcDbLine
 10
884.0
 20
495.0
 30
0.0
 11
888.0
 21
495.0
 31
0.0
  0
LINE
  5
965
330
17
100
AcDbEntity
  8
QA_OVERLAY
100
AcDbLine
 10
886.0
 20
493.0
 30
0.0
 11
886.0
 21
497.0
 31
0.0
  0
LINE
  5
966
330
17
100
AcDbEntity
  8
QA_OVERLAY
100
AcDbLine
 10
864.0
 20
495.0
 30
0.0
 11
868.0
 21
495.0
 31
0.0
  0
LINE
  5
967
330
17
100
AcDbEntity
  8
QA_OVERLAY
100
AcDbLine
 10
866.0
 20
493.0
 30
0.0
 11
866.0
 21
497.0
 31
0.0
  0
LINE
  5
968
330
17
100
AcDbEntity
  8
QA_OVERLAY
100
AcDbLine
 10
884.0
 20
495.0
 30
0.0
 11
888.0
 21
495.0
 31
0.0
  0
LINE
  5
969
330
17
100
AcDbEntity
  8
QA_OVERLAY
100
AcDbLine
 10
886.0
 20
493.0
 30
0.0
 11
886.0
 21
497.0
 31
0.0
  0
LINE
  5
96A
330
17
100
AcDbEntity
  8
QA_OVERLAY
100
AcDbLine
 10
888.0
 20
487.5
 30
0.0
 11
892.0
 21
487.5
 31
0.0
  0
LINE
  5
96B
330
17
100
AcDbEntity
  8
QA_OVERLAY
100
AcDbLine
 10
890.0
 20
485.5
 30
0.0
 11
890.0
 21
489.5
 31
0.0
  0
LINE
  5
96C
330
17
100
AcDbEntity
  8
QA_OVERLAY
100
AcDbLine
 10
908.0
 20
487.5
 30
0.0
 11
912.0
 21
487.5
 31
0.0
  0
LINE
  5
96D
330
17
100
AcDbEntity
  8
QA_OVERLAY
100
AcDbLine
 10
910.0
 20
485.5
 30
0.0
 11
910.0
 21
489.5
 31
0.0
  0
LINE
  5
96E
330
17
100
AcDbEntity
  8
QA_OVERLAY
100
AcDbLine
 10
888.0
 20
487.5
 30
0.0
 11
892.0
 21
487.5
 31
0.0
  0
LINE
  5
96F
330
17
100
AcDbEntity
  8
QA_OVERLAY
100
AcDbLine
 10
890.0
 20
485.5
 30
0.0
 11
890.0
 21
489.5
 31
0.0
  0
LINE
  5
970
330
17
100
AcDbEntity
  8
QA_OVERLAY
100
AcDbLine
 10
908.0
 20
487.5
 30
0.0
 11
912.0
 21
487.5
 31
0.0
  0
LINE
  5
971
330
17
100
AcDbEntity
  8
QA_OVERLAY
100
AcDbLine
 10
910.0
 20
485.5
 30
0.0
 11
910.0
 21
489.5
 31
0.0
  0
LINE
  5
972
330
17
100
AcDbEntity
  8
QA_OVERLAY
100
AcDbLine
 10
783.0
 20
525.0
 30
0.0
 11
787.0
 21
525.0
 31
0.0
  0
LINE
  5
973
330
17
100
AcDbEntity
  8
QA_OVERLAY
100
AcDbLine
 10
785.0
 20
523.0
 30
0.0
 11
785.0
 21
527.0
 31
0.0
  0
LINE
  5
974
330
17
100
AcDbEntity
  8
QA_OVERLAY
100
AcDbLine
 10
803.0
 20
525.0
 30
0.0
 11
807.0
 21
525.0
 31
0.0
  0
LINE
  5
975
330
17
100
AcDbEntity
  8
QA_OVERLAY
100
AcDbLine
 10
805.0
 20
523.0
 30
0.0
 11
805.0
 21
527.0
 31
0.0
  0
LINE
  5
976
330
17
100
AcDbEntity
  8
QA_OVERLAY
100
AcDbLine
 10
793.0
 20
540.0
 30
0.0
 11
797.0
 21
540.0
 31
0.0
  0
LINE
  5
977
330
17
100
AcDbEntity
  8
QA_OVERLAY
100
AcDbLine
 10
795.0
 20
538.0
 30
0.0
 11
795.0
 21
542.0
 31
0.0
  0
LINE
  5
978
330
17
100
AcDbEntity
  8
QA_OVERLAY
100
AcDbLine
 10
793.0
 20
540.0
 30
0.0
 11
797.0
 21
540.0
 31
0.0
  0
LINE
  5
979
330
17
100
AcDbEntity
  8
QA_OVERLAY
100
AcDbLine
 10
795.0
 20
538.0
 30
0.0
 11
795.0
 21
542.0
 31
0.0
  0
LINE
  5
97A
330
17
100
AcDbEntity
  8
QA_OVERLAY
100
AcDbLine
 10
788.0
 20
540.0
 30
0.0
 11
792.0
 21
540.0
 31
0.0
  0
LINE
  5
97B
330
17
100
AcDbEntity
  8
QA_OVERLAY
100
AcDbLine
 10
790.0
 20
538.0
 30
0.0
 11
790.0
 21
542.0
 31
0.0
  0
LINE
  5
97C
330
17
100
AcDbEntity
  8
QA_OVERLAY
100
AcDbLine
 10
798.0
 20
540.0
 30
0.0
 11
802.0
 21
540.0
 31
0.0
  0
LINE
  5
97D
330
17
100
AcDbEntity
  8
QA_OVERLAY
100
AcDbLine
 10
800.0
 20
538.0
 30
0.0
 11
800.0
 21
542.0
 31
0.0
  0
LINE
  5
97E
330
17
100
AcDbEntity
  8
QA_OVERLAY
100
AcDbLine
 10
795.0
 20
600.0
 30
0.0
 11
799.0
 21
600.0
 31
0.0
  0
LINE
  5
97F
330
17
100
AcDbEntity
  8
QA_OVERLAY
100
AcDbLine
 10
797.0
 20
598.0
 30
0.0
 11
797.0
 21
602.0
 31
0.0
  0
LINE
  5
980
330
17
100
AcDbEntity
  8
QA_OVERLAY
100
AcDbLine
 10
795.0
 20
580.0
 30
0.0
 11
799.0
 21
580.0
 31
0.0
  0
LINE
  5
981
330
17
100
AcDbEntity
  8
QA_OVERLAY
100
AcDbLine
 10
797.0
 20
578.0
 30
0.0
 11
797.0
 21
582.0
 31
0.0
  0
LINE
  5
982
330
17
100
AcDbEntity
  8
QA_OVERLAY
100
AcDbLine
 10
795.0
 20
600.0
 30
0.0
 11
799.0
 21
600.0
 31
0.0
  0
LINE
  5
983
330
17
100
AcDbEntity
  8
QA_OVERLAY
100
AcDbLine
 10
797.0
 20
598.0
 30
0.0
 11
797.0
 21
602.0
 31
0.0
  0
LINE
  5
984
330
17
100
AcDbEntity
  8
QA_OVERLAY
100
AcDbLine
 10
795.0
 20
580.0
 30
0.0
 11
799.0
 21
580.0
 31
0.0
  0
LINE
  5
985
330
17
100
AcDbEntity
  8
QA_OVERLAY
100
AcDbLine
 10
797.0
 20
578.0
 30
0.0
 11
797.0
 21
582.0
 31
0.0
  0
LINE
  5
986
330
17
100
AcDbEntity
  8
QA_OVERLAY
100
AcDbLine
 10
594.0
 20
326.5
 30
0.0
 11
598.0
 21
326.5
 31
0.0
  0
LINE
  5
987
330
17
100
AcDbEntity
  8
QA_OVERLAY
100
AcDbLine
 10
596.0
 20
324.5
 30
0.0
 11
596.0
 21
328.5
 31
0.0
  0
LINE
  5
988
330
17
100
AcDbEntity
  8
QA_OVERLAY
100
AcDbLine
 10
614.0
 20
326.5
 30
0.0
 11
618.0
 21
326.5
 31
0.0
  0
LINE
  5
989
330
17
100
AcDbEntity
  8
QA_OVERLAY
100
AcDbLine
 10
616.0
 20
324.5
 30
0.0
 11
616.0
 21
328.5
 31
0.0
  0
LINE
  5
98A
330
17
100
AcDbEntity
  8
QA_OVERLAY
100
AcDbLine
 10
594.0
 20
354.5
 30
0.0
 11
598.0
 21
354.5
 31
0.0
  0
LINE
  5
98B
330
17
100
AcDbEntity
  8
QA_OVERLAY
100
AcDbLine
 10
596.0
 20
352.5
 30
0.0
 11
596.0
 21
356.5
 31
0.0
  0
LINE
  5
98C
330
17
100
AcDbEntity
  8
QA_OVERLAY
100
AcDbLine
 10
614.0
 20
354.5
 30
0.0
 11
618.0
 21
354.5
 31
0.0
  0
LINE
  5
98D
330
17
100
AcDbEntity
  8
QA_OVERLAY
100
AcDbLine
 10
616.0
 20
352.5
 30
0.0
 11
616.0
 21
356.5
 31
0.0
  0
LINE
  5
98E
330
17
100
AcDbEntity
  8
QA_OVERLAY
100
AcDbLine
 10
894.5
 20
370.0
 30
0.0
 11
898.5
 21
370.0
 31
0.0
  0
LINE
  5
98F
330
17
100
AcDbEntity
  8
QA_OVERLAY
100
AcDbLine
 10
896.5
 20
368.0
 30
0.0
 11
896.5
 21
372.0
 31
0.0
  0
LINE
  5
990
330
17
100
AcDbEntity
  8
QA_OVERLAY
100
AcDbLine
 10
914.5
 20
370.0
 30
0.0
 11
918.5
 21
370.0
 31
0.0
  0
LINE
  5
991
330
17
100
AcDbEntity
  8
QA_OVERLAY
100
AcDbLine
 10
916.5
 20
368.0
 30
0.0
 11
916.5
 21
372.0
 31
0.0
  0
LINE
  5
992
330
17
100
AcDbEntity
  8
QA_OVERLAY
100
AcDbLine
 10
904.5
 20
385.0
 30
0.0
 11
908.5
 21
385.0
 31
0.0
  0
LINE
  5
993
330
17
100
AcDbEntity
  8
QA_OVERLAY
100
AcDbLine
 10
906.5
 20
383.0
 30
0.0
 11
906.5
 21
387.0
 31
0.0
  0
LINE
  5
994
330
17
100
AcDbEntity
  8
QA_OVERLAY
100
AcDbLine
 10
904.5
 20
385.0
 30
0.0
 11
908.5
 21
385.0
 31
0.0
  0
LINE
  5
995
330
17
100
AcDbEntity
  8
QA_OVERLAY
100
AcDbLine
 10
906.5
 20
383.0
 30
0.0
 11
906.5
 21
387.0
 31
0.0
  0
LINE
  5
996
330
17
100
AcDbEntity
  8
QA_OVERLAY
100
AcDbLine
 10
899.5
 20
385.0
 30
0.0
 11
903.5
 21
385.0
 31
0.0
  0
LINE
  5
997
330
17
100
AcDbEntity
  8
QA_OVERLAY
100
AcDbLine
 10
901.5
 20
383.0
 30
0.0
 11
901.5
 21
387.0
 31
0.0
  0
LINE
  5
998
330
17
100
AcDbEntity
  8
QA_OVERLAY
100
AcDbLine
 10
909.5
 20
385.0
 30
0.0
 11
913.5
 21
385.0
 31
0.0
  0
LINE
  5
999
330
17
100
AcDbEntity
  8
QA_OVERLAY
100
AcDbLine
 10
911.5
 20
383.0
 30
0.0
 11
911.5
 21
387.0
 31
0.0
  0
LINE
  5
99A
330
17
100
AcDbEntity
  8
QA_OVERLAY
100
AcDbLine
 10
894.5
 20
370.0
 30
0.0
 11
898.5
 21
370.0
 31
0.0
  0
LINE
  5
99B
330
17
100
AcDbEntity
  8
QA_OVERLAY
100
AcDbLine
 10
896.5
 20
368.0
 30
0.0
 11
896.5
 21
372.0
 31
0.0
  0
LINE
  5
99C
330
17
100
AcDbEntity
  8
QA_OVERLAY
100
AcDbLine
 10
914.5
 20
370.0
 30
0.0
 11
918.5
 21
370.0
 31
0.0
  0
LINE
  5
99D
330
17
100
AcDbEntity
  8
QA_OVERLAY
100
AcDbLine
 10
916.5
 20
368.0
 30
0.0
 11
916.5
 21
372.0
 31
0.0
  0
LINE
  5
99E
330
17
100
AcDbEntity
  8
QA_OVERLAY
100
AcDbLine
 10
894.5
 20
335.0
 30
0.0
 11
898.5
 21
335.0
 31
0.0
  0
LINE
  5
99F
330
17
100
AcDbEntity
  8
QA_OVERLAY
100
AcDbLine
 10
896.5
 20
333.0
 30
0.0
 11
896.5
 21
337.0
 31
0.0
  0
LINE
  5
9A0
330
17
100
AcDbEntity
  8
QA_OVERLAY
100
AcDbLine
 10
914.5
 20
335.0
 30
0.0
 11
918.5
 21
335.0
 31
0.0
  0
LINE
  5
9A1
330
17
100
AcDbEntity
  8
QA_OVERLAY
100
AcDbLine
 10
916.5
 20
333.0
 30
0.0
 11
916.5
 21
337.0
 31
0.0
  0
LINE
  5
9A2
330
17
100
AcDbEntity
  8
QA_OVERLAY
100
AcDbLine
 10
402.0
 20
205.0
 30
0.0
 11
406.0
 21
205.0
 31
0.0
  0
LINE
  5
9A3
330
17
100
AcDbEntity
  8
QA_OVERLAY
100
AcDbLine
 10
404.0
 20
203.0
 30
0.0
 11
404.0
 21
207.0
 31
0.0
  0
LINE
  5
9A4
330
17
100
AcDbEntity
  8
QA_OVERLAY
100
AcDbLine
 10
422.0
 20
205.0
 30
0.0
 11
426.0
 21
205.0
 31
0.0
  0
LINE
  5
9A5
330
17
100
AcDbEntity
  8
QA_OVERLAY
100
AcDbLine
 10
424.0
 20
203.0
 30
0.0
 11
424.0
 21
207.0
 31
0.0
  0
LINE
  5
9A6
330
17
100
AcDbEntity
  8
QA_OVERLAY
100
AcDbLine
 10
378.0
 20
200.0
 30
0.0
 11
382.0
 21
200.0
 31
0.0
  0
LINE
  5
9A7
330
17
100
AcDbEntity
  8
QA_OVERLAY
100
AcDbLine
 10
380.0
 20
198.0
 30
0.0
 11
380.0
 21
202.0
 31
0.0
  0
LINE
  5
9A8
330
17
100
AcDbEntity
  8
QA_OVERLAY
100
AcDbLine
 10
398.0
 20
200.0
 30
0.0
 11
402.0
 21
200.0
 31
0.0
  0
LINE
  5
9A9
330
17
100
AcDbEntity
  8
QA_OVERLAY
100
AcDbLine
 10
400.0
 20
198.0
 30
0.0
 11
400.0
 21
202.0
 31
0.0
  0
LINE
  5
9AA
330
17
100
AcDbEntity
  8
QA_OVERLAY
100
AcDbLine
 10
543.0
 20
236.5
 30
0.0
 11
547.0
 21
236.5
 31
0.0
  0
LINE
  5
9AB
330
17
100
AcDbEntity
  8
QA_OVERLAY
100
AcDbLine
 10
545.0
 20
234.5
 30
0.0
 11
545.0
 21
238.5
 31
0.0
  0
LINE
  5
9AC
330
17
100
AcDbEntity
  8
QA_OVERLAY
100
AcDbLine
 10
563.0
 20
236.5
 30
0.0
 11
567.0
 21
236.5
 31
0.0
  0
LINE
  5
9AD
330
17
100
AcDbEntity
  8
QA_OVERLAY
100
AcDbLine
 10
565.0
 20
234.5
 30
0.0
 11
565.0
 21
238.5
 31
0.0
  0
LINE
  5
9AE
330
17
100
AcDbEntity
  8
QA_OVERLAY
100
AcDbLine
 10
543.0
 20
236.5
 30
0.0
 11
547.0
 21
236.5
 31
0.0
  0
LINE
  5
9AF
330
17
100
AcDbEntity
  8
QA_OVERLAY
100
AcDbLine
 10
545.0
 20
234.5
 30
0.0
 11
545.0
 21
238.5
 31
0.0
  0
LINE
  5
9B0
330
17
100
AcDbEntity
  8
QA_OVERLAY
100
AcDbLine
 10
563.0
 20
236.5
 30
0.0
 11
567.0
 21
236.5
 31
0.0
  0
LINE
  5
9B1
330
17
100
AcDbEntity
  8
QA_OVERLAY
100
AcDbLine
 10
565.0
 20
234.5
 30
0.0
 11
565.0
 21
238.5
 31
0.0
  0
LINE
  5
9B2
330
17
100
AcDbEntity
  8
QA_OVERLAY
100
AcDbLine
 10
543.0
 20
214.0
 30
0.0
 11
547.0
 21
214.0
 31
0.0
  0
LINE
  5
9B3
330
17
100
AcDbEntity
  8
QA_OVERLAY
100
AcDbLine
 10
545.0
 20
212.0
 30
0.0
 11
545.0
 21
216.0
 31
0.0
  0
LINE
  5
9B4
330
17
100
AcDbEntity
  8
QA_OVERLAY
100
AcDbLine
 10
563.0
 20
214.0
 30
0.0
 11
567.0
 21
214.0
 31
0.0
  0
LINE
  5
9B5
330
17
100
AcDbEntity
  8
QA_OVERLAY
100
AcDbLine
 10
565.0
 20
212.0
 30
0.0
 11
565.0
 21
216.0
 31
0.0
  0
LINE
  5
9B6
330
17
100
AcDbEntity
  8
QA_OVERLAY
100
AcDbLine
 10
543.0
 20
214.0
 30
0.0
 11
547.0
 21
214.0
 31
0.0
  0
LINE
  5
9B7
330
17
100
AcDbEntity
  8
QA_OVERLAY
100
AcDbLine
 10
545.0
 20
212.0
 30
0.0
 11
545.0
 21
216.0
 31
0.0
  0
LINE
  5
9B8
330
17
100
AcDbEntity
  8
QA_OVERLAY
100
AcDbLine
 10
563.0
 20
214.0
 30
0.0
 11
567.0
 21
214.0
 31
0.0
  0
LINE
  5
9B9
330
17
100
AcDbEntity
  8
QA_OVERLAY
100
AcDbLine
 10
565.0
 20
212.0
 30
0.0
 11
565.0
 21
216.0
 31
0.0
  0
LINE
  5
9BA
330
17
100
AcDbEntity
  8
QA_OVERLAY
100
AcDbLine
 10
196.0
 20
338.0
 30
0.0
 11
200.0
 21
338.0
 31
0.0
  0
LINE
  5
9BB
330
17
100
AcDbEntity
  8
QA_OVERLAY
100
AcDbLine
 10
198.0
 20
336.0
 30
0.0
 11
198.0
 21
340.0
 31
0.0
  0
LINE
  5
9BC
330
17
100
AcDbEntity
  8
QA_OVERLAY
100
AcDbLine
 10
216.0
 20
338.0
 30
0.0
 11
220.0
 21
338.0
 31
0.0
  0
LINE
  5
9BD
330
17
100
AcDbEntity
  8
QA_OVERLAY
100
AcDbLine
 10
218.0
 20
336.0
 30
0.0
 11
218.0
 21
340.0
 31
0.0
  0
LINE
  5
9BE
330
17
100
AcDbEntity
  8
QA_OVERLAY
100
AcDbLine
 10
206.0
 20
353.0
 30
0.0
 11
210.0
 21
353.0
 31
0.0
  0
LINE
  5
9BF
330
17
100
AcDbEntity
  8
QA_OVERLAY
100
AcDbLine
 10
208.0
 20
351.0
 30
0.0
 11
208.0
 21
355.0
 31
0.0
  0
LINE
  5
9C0
330
17
100
AcDbEntity
  8
QA_OVERLAY
100
AcDbLine
 10
206.0
 20
353.0
 30
0.0
 11
210.0
 21
353.0
 31
0.0
  0
LINE
  5
9C1
330
17
100
AcDbEntity
  8
QA_OVERLAY
100
AcDbLine
 10
208.0
 20
351.0
 30
0.0
 11
208.0
 21
355.0
 31
0.0
  0
LINE
  5
9C2
330
17
100
AcDbEntity
  8
QA_OVERLAY
100
AcDbLine
 10
201.0
 20
353.0
 30
0.0
 11
205.0
 21
353.0
 31
0.0
  0
LINE
  5
9C3
330
17
100
AcDbEntity
  8
QA_OVERLAY
100
AcDbLine
 10
203.0
 20
351.0
 30
0.0
 11
203.0
 21
355.0
 31
0.0
  0
LINE
  5
9C4
330
17
100
AcDbEntity
  8
QA_OVERLAY
100
AcDbLine
 10
211.0
 20
353.0
 30
0.0
 11
215.0
 21
353.0
 31
0.0
  0
LINE
  5
9C5
330
17
100
AcDbEntity
  8
QA_OVERLAY
100
AcDbLine
 10
213.0
 20
351.0
 30
0.0
 11
213.0
 21
355.0
 31
0.0
  0
LINE
  5
9C6
330
17
100
AcDbEntity
  8
QA_OVERLAY
100
AcDbLine
 10
884.5
 20
690.0
 30
0.0
 11
888.5
 21
690.0
 31
0.0
  0
LINE
  5
9C7
330
17
100
AcDbEntity
  8
QA_OVERLAY
100
AcDbLine
 10
886.5
 20
688.0
 30
0.0
 11
886.5
 21
692.0
 31
0.0
  0
LINE
  5
9C8
330
17
100
AcDbEntity
  8
QA_OVERLAY
100
AcDbLine
 10
904.5
 20
690.0
 30
0.0
 11
908.5
 21
690.0
 31
0.0
  0
LINE
  5
9C9
330
17
100
AcDbEntity
  8
QA_OVERLAY
100
AcDbLine
 10
906.5
 20
688.0
 30
0.0
 11
906.5
 21
692.0
 31
0.0
  0
LINE
  5
9CA
330
17
100
AcDbEntity
  8
QA_OVERLAY
100
AcDbLine
 10
894.5
 20
705.0
 30
0.0
 11
898.5
 21
705.0
 31
0.0
  0
LINE
  5
9CB
330
17
100
AcDbEntity
  8
QA_OVERLAY
100
AcDbLine
 10
896.5
 20
703.0
 30
0.0
 11
896.5
 21
707.0
 31
0.0
  0
LINE
  5
9CC
330
17
100
AcDbEntity
  8
QA_OVERLAY
100
AcDbLine
 10
894.5
 20
705.0
 30
0.0
 11
898.5
 21
705.0
 31
0.0
  0
LINE
  5
9CD
330
17
100
AcDbEntity
  8
QA_OVERLAY
100
AcDbLine
 10
896.5
 20
703.0
 30
0.0
 11
896.5
 21
707.0
 31
0.0
  0
LINE
  5
9CE
330
17
100
AcDbEntity
  8
QA_OVERLAY
100
AcDbLine
 10
889.5
 20
705.0
 30
0.0
 11
893.5
 21
705.0
 31
0.0
  0
LINE
  5
9CF
330
17
100
AcDbEntity
  8
QA_OVERLAY
100
AcDbLine
 10
891.5
 20
703.0
 30
0.0
 11
891.5
 21
707.0
 31
0.0
  0
LINE
  5
9D0
330
17
100
AcDbEntity
  8
QA_OVERLAY
100
AcDbLine
 10
899.5
 20
705.0
 30
0.0
 11
903.5
 21
705.0
 31
0.0
  0
LINE
  5
9D1
330
17
100
AcDbEntity
  8
QA_OVERLAY
100
AcDbLine
 10
901.5
 20
703.0
 30
0.0
 11
901.5
 21
707.0
 31
0.0
  0
LINE
  5
9D2
330
17
100
AcDbEntity
  8
QA_OVERLAY
100
AcDbLine
 10
884.5
 20
690.0
 30
0.0
 11
888.5
 21
690.0
 31
0.0
  0
LINE
  5
9D3
330
17
100
AcDbEntity
  8
QA_OVERLAY
100
AcDbLine
 10
886.5
 20
688.0
 30
0.0
 11
886.5
 21
692.0
 31
0.0
  0
LINE
  5
9D4
330
17
100
AcDbEntity
  8
QA_OVERLAY
100
AcDbLine
 10
904.5
 20
690.0
 30
0.0
 11
908.5
 21
690.0
 31
0.0
  0
LINE
  5
9D5
330
17
100
AcDbEntity
  8
QA_OVERLAY
100
AcDbLine
 10
906.5
 20
688.0
 30
0.0
 11
906.5
 21
692.0
 31
0.0
  0
LINE
  5
9D6
330
17
100
AcDbEntity
  8
QA_OVERLAY
100
AcDbLine
 10
884.5
 20
560.0
 30
0.0
 11
888.5
 21
560.0
 31
0.0
  0
LINE
  5
9D7
330
17
100
AcDbEntity
  8
QA_OVERLAY
100
AcDbLine
 10
886.5
 20
558.0
 30
0.0
 11
886.5
 21
562.0
 31
0.0
  0
LINE
  5
9D8
330
17
100
AcDbEntity
  8
QA_OVERLAY
100
AcDbLine
 10
904.5
 20
560.0
 30
0.0
 11
908.5
 21
560.0
 31
0.0
  0
LINE
  5
9D9
330
17
100
AcDbEntity
  8
QA_OVERLAY
100
AcDbLine
 10
906.5
 20
558.0
 30
0.0
 11
906.5
 21
562.0
 31
0.0
  0
LINE
  5
9DA
330
17
100
AcDbEntity
  8
QA_OVERLAY
100
AcDbLine
 10
759.5
 20
737.5
 30
0.0
 11
763.5
 21
737.5
 31
0.0
  0
LINE
  5
9DB
330
17
100
AcDbEntity
  8
QA_OVERLAY
100
AcDbLine
 10
761.5
 20
735.5
 30
0.0
 11
761.5
 21
739.5
 31
0.0
  0
LINE
  5
9DC
330
17
100
AcDbEntity
  8
QA_OVERLAY
100
AcDbLine
 10
759.5
 20
717.5
 30
0.0
 11
763.5
 21
717.5
 31
0.0
  0
LINE
  5
9DD
330
17
100
AcDbEntity
  8
QA_OVERLAY
100
AcDbLine
 10
761.5
 20
715.5
 30
0.0
 11
761.5
 21
719.5
 31
0.0
  0
LINE
  5
9DE
330
17
100
AcDbEntity
  8
QA_OVERLAY
100
AcDbLine
 10
759.5
 20
742.5
 30
0.0
 11
763.5
 21
742.5
 31
0.0
  0
LINE
  5
9DF
330
17
100
AcDbEntity
  8
QA_OVERLAY
100
AcDbLine
 10
761.5
 20
740.5
 30
0.0
 11
761.5
 21
744.5
 31
0.0
  0
LINE
  5
9E0
330
17
100
AcDbEntity
  8
QA_OVERLAY
100
AcDbLine
 10
759.5
 20
742.5
 30
0.0
 11
763.5
 21
742.5
 31
0.0
  0
LINE
  5
9E1
330
17
100
AcDbEntity
  8
QA_OVERLAY
100
AcDbLine
 10
761.5
 20
740.5
 30
0.0
 11
761.5
 21
744.5
 31
0.0
  0
LINE
  5
9E2
330
17
100
AcDbEntity
  8
QA_OVERLAY
100
AcDbLine
 10
754.5
 20
742.5
 30
0.0
 11
758.5
 21
742.5
 31
0.0
  0
LINE
  5
9E3
330
17
100
AcDbEntity
  8
QA_OVERLAY
100
AcDbLine
 10
756.5
 20
740.5
 30
0.0
 11
756.5
 21
744.5
 31
0.0
  0
LINE
  5
9E4
330
17
100
AcDbEntity
  8
QA_OVERLAY
100
AcDbLine
 10
764.5
 20
742.5
 30
0.0
 11
768.5
 21
742.5
 31
0.0
  0
LINE
  5
9E5
330
17
100
AcDbEntity
  8
QA_OVERLAY
100
AcDbLine
 10
766.5
 20
740.5
 30
0.0
 11
766.5
 21
744.5
 31
0.0
  0
LINE
  5
9E6
330
17
100
AcDbEntity
  8
QA_OVERLAY
100
AcDbLine
 10
777.0
 20
737.5
 30
0.0
 11
781.0
 21
737.5
 31
0.0
  0
LINE
  5
9E7
330
17
100
AcDbEntity
  8
QA_OVERLAY
100
AcDbLine
 10
779.0
 20
735.5
 30
0.0
 11
779.0
 21
739.5
 31
0.0
  0
LINE
  5
9E8
330
17
100
AcDbEntity
  8
QA_OVERLAY
100
AcDbLine
 10
777.0
 20
717.5
 30
0.0
 11
781.0
 21
717.5
 31
0.0
  0
LINE
  5
9E9
330
17
100
AcDbEntity
  8
QA_OVERLAY
100
AcDbLine
 10
779.0
 20
715.5
 30
0.0
 11
779.0
 21
719.5
 31
0.0
  0
LINE
  5
9EA
330
17
100
AcDbEntity
  8
QA_OVERLAY
100
AcDbLine
 10
777.0
 20
742.5
 30
0.0
 11
781.0
 21
742.5
 31
0.0
  0
LINE
  5
9EB
330
17
100
AcDbEntity
  8
QA_OVERLAY
100
AcDbLine
 10
779.0
 20
740.5
 30
0.0
 11
779.0
 21
744.5
 31
0.0
  0
LINE
  5
9EC
330
17
100
AcDbEntity
  8
QA_OVERLAY
100
AcDbLine
 10
777.0
 20
742.5
 30
0.0
 11
781.0
 21
742.5
 31
0.0
  0
LINE
  5
9ED
330
17
100
AcDbEntity
  8
QA_OVERLAY
100
AcDbLine
 10
779.0
 20
740.5
 30
0.0
 11
779.0
 21
744.5
 31
0.0
  0
LINE
  5
9EE
330
17
100
AcDbEntity
  8
QA_OVERLAY
100
AcDbLine
 10
772.0
 20
742.5
 30
0.0
 11
776.0
 21
742.5
 31
0.0
  0
LINE
  5
9EF
330
17
100
AcDbEntity
  8
QA_OVERLAY
100
AcDbLine
 10
774.0
 20
740.5
 30
0.0
 11
774.0
 21
744.5
 31
0.0
  0
LINE
  5
9F0
330
17
100
AcDbEntity
  8
QA_OVERLAY
100
AcDbLine
 10
782.0
 20
742.5
 30
0.0
 11
786.0
 21
742.5
 31
0.0
  0
LINE
  5
9F1
330
17
100
AcDbEntity
  8
QA_OVERLAY
100
AcDbLine
 10
784.0
 20
740.5
 30
0.0
 11
784.0
 21
744.5
 31
0.0
  0
LINE
  5
9F2
330
17
100
AcDbEntity
  8
QA_OVERLAY
100
AcDbLine
 10
954.5
 20
737.5
 30
0.0
 11
958.5
 21
737.5
 31
0.0
  0
LINE
  5
9F3
330
17
100
AcDbEntity
  8
QA_OVERLAY
100
AcDbLine
 10
956.5
 20
735.5
 30
0.0
 11
956.5
 21
739.5
 31
0.0
  0
LINE
  5
9F4
330
17
100
AcDbEntity
  8
QA_OVERLAY
100
AcDbLine
 10
954.5
 20
717.5
 30
0.0
 11
958.5
 21
717.5
 31
0.0
  0
LINE
  5
9F5
330
17
100
AcDbEntity
  8
QA_OVERLAY
100
AcDbLine
 10
956.5
 20
715.5
 30
0.0
 11
956.5
 21
719.5
 31
0.0
  0
LINE
  5
9F6
330
17
100
AcDbEntity
  8
QA_OVERLAY
100
AcDbLine
 10
954.5
 20
742.5
 30
0.0
 11
958.5
 21
742.5
 31
0.0
  0
LINE
  5
9F7
330
17
100
AcDbEntity
  8
QA_OVERLAY
100
AcDbLine
 10
956.5
 20
740.5
 30
0.0
 11
956.5
 21
744.5
 31
0.0
  0
LINE
  5
9F8
330
17
100
AcDbEntity
  8
QA_OVERLAY
100
AcDbLine
 10
954.5
 20
742.5
 30
0.0
 11
958.5
 21
742.5
 31
0.0
  0
LINE
  5
9F9
330
17
100
AcDbEntity
  8
QA_OVERLAY
100
AcDbLine
 10
956.5
 20
740.5
 30
0.0
 11
956.5
 21
744.5
 31
0.0
  0
LINE
  5
9FA
330
17
100
AcDbEntity
  8
QA_OVERLAY
100
AcDbLine
 10
949.5
 20
742.5
 30
0.0
 11
953.5
 21
742.5
 31
0.0
  0
LINE
  5
9FB
330
17
100
AcDbEntity
  8
QA_OVERLAY
100
AcDbLine
 10
951.5
 20
740.5
 30
0.0
 11
951.5
 21
744.5
 31
0.0
  0
LINE
  5
9FC
330
17
100
AcDbEntity
  8
QA_OVERLAY
100
AcDbLine
 10
959.5
 20
742.5
 30
0.0
 11
963.5
 21
742.5
 31
0.0
  0
LINE
  5
9FD
330
17
100
AcDbEntity
  8
QA_OVERLAY
100
AcDbLine
 10
961.5
 20
740.5
 30
0.0
 11
961.5
 21
744.5
 31
0.0
  0
LINE
  5
9FE
330
17
100
AcDbEntity
  8
QA_OVERLAY
100
AcDbLine
 10
844.5
 20
745.0
 30
0.0
 11
848.5
 21
745.0
 31
0.0
  0
LINE
  5
9FF
330
17
100
AcDbEntity
  8
QA_OVERLAY
100
AcDbLine
 10
846.5
 20
743.0
 30
0.0
 11
846.5
 21
747.0
 31
0.0
  0
LINE
  5
A00
330
17
100
AcDbEntity
  8
QA_OVERLAY
100
AcDbLine
 10
844.5
 20
725.0
 30
0.0
 11
848.5
 21
725.0
 31
0.0
  0
LINE
  5
A01
330
17
100
AcDbEntity
  8
QA_OVERLAY
100
AcDbLine
 10
846.5
 20
723.0
 30
0.0
 11
846.5
 21
727.0
 31
0.0
  0
LINE
  5
A02
330
17
100
AcDbEntity
  8
QA_OVERLAY
100
AcDbLine
 10
964.5
 20
745.0
 30
0.0
 11
968.5
 21
745.0
 31
0.0
  0
LINE
  5
A03
330
17
100
AcDbEntity
  8
QA_OVERLAY
100
AcDbLine
 10
966.5
 20
743.0
 30
0.0
 11
966.5
 21
747.0
 31
0.0
  0
LINE
  5
A04
330
17
100
AcDbEntity
  8
QA_OVERLAY
100
AcDbLine
 10
964.5
 20
725.0
 30
0.0
 11
968.5
 21
725.0
 31
0.0
  0
LINE
  5
A05
330
17
100
AcDbEntity
  8
QA_OVERLAY
100
AcDbLine
 10
966.5
 20
723.0
 30
0.0
 11
966.5
 21
727.0
 31
0.0
  0
LINE
  5
A06
330
17
100
AcDbEntity
  8
QA_OVERLAY
100
AcDbLine
 10
634.0
 20
204.0
 30
0.0
 11
638.0
 21
204.0
 31
0.0
  0
LINE
  5
A07
330
17
100
AcDbEntity
  8
QA_OVERLAY
100
AcDbLine
 10
636.0
 20
202.0
 30
0.0
 11
636.0
 21
206.0
 31
0.0
  0
LINE
  5
A08
330
17
100
AcDbEntity
  8
QA_OVERLAY
100
AcDbLine
 10
634.0
 20
184.0
 30
0.0
 11
638.0
 21
184.0
 31
0.0
  0
LINE
  5
A09
330
17
100
AcDbEntity
  8
QA_OVERLAY
100
AcDbLine
 10
636.0
 20
182.0
 30
0.0
 11
636.0
 21
186.0
 31
0.0
  0
LINE
  5
A0A
330
17
100
AcDbEntity
  8
QA_OVERLAY
100
AcDbLine
 10
838.0
 20
340.5
 30
0.0
 11
842.0
 21
340.5
 31
0.0
  0
LINE
  5
A0B
330
17
100
AcDbEntity
  8
QA_OVERLAY
100
AcDbLine
 10
840.0
 20
338.5
 30
0.0
 11
840.0
 21
342.5
 31
0.0
  0
LINE
  5
A0C
330
17
100
AcDbEntity
  8
QA_OVERLAY
100
AcDbLine
 10
838.0
 20
320.5
 30
0.0
 11
842.0
 21
320.5
 31
0.0
  0
LINE
  5
A0D
330
17
100
AcDbEntity
  8
QA_OVERLAY
100
AcDbLine
 10
840.0
 20
318.5
 30
0.0
 11
840.0
 21
322.5
 31
0.0
  0
LINE
  5
A0E
330
17
100
AcDbEntity
  8
QA_OVERLAY
100
AcDbLine
 10
911.5
 20
100.0
 30
0.0
 11
915.5
 21
100.0
 31
0.0
  0
LINE
  5
A0F
330
17
100
AcDbEntity
  8
QA_OVERLAY
100
AcDbLine
 10
913.5
 20
98.0
 30
0.0
 11
913.5
 21
102.0
 31
0.0
  0
LINE
  5
A10
330
17
100
AcDbEntity
  8
QA_OVERLAY
100
AcDbLine
 10
911.5
 20
80.0
 30
0.0
 11
915.5
 21
80.0
 31
0.0
  0
LINE
  5
A11
330
17
100
AcDbEntity
  8
QA_OVERLAY
100
AcDbLine
 10
913.5
 20
78.0
 30
0.0
 11
913.5
 21
82.0
 31
0.0
  0
LINE
  5
A12
330
17
100
AcDbEntity
  8
QA_OVERLAY
100
AcDbLine
 10
884.5
 20
570.0
 30
0.0
 11
888.5
 21
570.0
 31
0.0
  0
LINE
  5
A13
330
17
100
AcDbEntity
  8
QA_OVERLAY
100
AcDbLine
 10
886.5
 20
568.0
 30
0.0
 11
886.5
 21
572.0
 31
0.0
  0
LINE
  5
A14
330
17
100
AcDbEntity
  8
QA_OVERLAY
100
AcDbLine
 10
884.5
 20
550.0
 30
0.0
 11
888.5
 21
550.0
 31
0.0
  0
LINE
  5
A15
330
17
100
AcDbEntity
  8
QA_OVERLAY
100
AcDbLine
 10
886.5
 20
548.0
 30
0.0
 11
886.5
 21
552.0
 31
0.0
  0
LINE
  5
A16
330
17
100
AcDbEntity
  8
QA_OVERLAY
100
AcDbLine
 10
408.0
 20
527.0
 30
0.0
 11
412.0
 21
527.0
 31
0.0
  0
LINE
  5
A17
330
17
100
AcDbEntity
  8
QA_OVERLAY
100
AcDbLine
 10
410.0
 20
525.0
 30
0.0
 11
410.0
 21
529.0
 31
0.0
  0
LINE
  5
A18
330
17
100
AcDbEntity
  8
QA_OVERLAY
100
AcDbLine
 10
416.0
 20
535.0
 30
0.0
 11
420.0
 21
535.0
 31
0.0
  0
LINE
  5
A19
330
17
100
AcDbEntity
  8
QA_OVERLAY
100
AcDbLine
 10
418.0
 20
533.0
 30
0.0
 11
418.0
 21
537.0
 31
0.0
  0
LINE
  5
A1A
330
17
100
AcDbEntity
  8
QA_OVERLAY
100
AcDbLine
 10
400.0
 20
535.0
 30
0.0
 11
404.0
 21
535.0
 31
0.0
  0
LINE
  5
A1B
330
17
100
AcDbEntity
  8
QA_OVERLAY
100
AcDbLine
 10
402.0
 20
533.0
 30
0.0
 11
402.0
 21
537.0
 31
0.0
  0
LINE
  5
A1C
330
17
100
AcDbEntity
  8
QA_OVERLAY
100
AcDbLine
 10
416.0
 20
535.0
 30
0.0
 11
420.0
 21
535.0
 31
0.0
  0
LINE
  5
A1D
330
17
100
AcDbEntity
  8
QA_OVERLAY
100
AcDbLine
 10
418.0
 20
533.0
 30
0.0
 11
418.0
 21
537.0
 31
0.0
  0
LINE
  5
A1E
330
17
100
AcDbEntity
  8
QA_OVERLAY
100
AcDbLine
 10
408.0
 20
509.0
 30
0.0
 11
412.0
 21
509.0
 31
0.0
  0
LINE
  5
A1F
330
17
100
AcDbEntity
  8
QA_OVERLAY
100
AcDbLine
 10
410.0
 20
507.0
 30
0.0
 11
410.0
 21
511.0
 31
0.0
  0
LINE
  5
A20
330
17
100
AcDbEntity
  8
QA_OVERLAY
100
AcDbLine
 10
416.0
 20
517.0
 30
0.0
 11
420.0
 21
517.0
 31
0.0
  0
LINE
  5
A21
330
17
100
AcDbEntity
  8
QA_OVERLAY
100
AcDbLine
 10
418.0
 20
515.0
 30
0.0
 11
418.0
 21
519.0
 31
0.0
  0
LINE
  5
A22
330
17
100
AcDbEntity
  8
QA_OVERLAY
100
AcDbLine
 10
400.0
 20
517.0
 30
0.0
 11
404.0
 21
517.0
 31
0.0
  0
LINE
  5
A23
330
17
100
AcDbEntity
  8
QA_OVERLAY
100
AcDbLine
 10
402.0
 20
515.0
 30
0.0
 11
402.0
 21
519.0
 31
0.0
  0
LINE
  5
A24
330
17
100
AcDbEntity
  8
QA_OVERLAY
100
AcDbLine
 10
416.0
 20
517.0
 30
0.0
 11
420.0
 21
517.0
 31
0.0
  0
LINE
  5
A25
330
17
100
AcDbEntity
  8
QA_OVERLAY
100
AcDbLine
 10
418.0
 20
515.0
 30
0.0
 11
418.0
 21
519.0
 31
0.0
  0
LINE
  5
A26
330
17
100
AcDbEntity
  8
QA_OVERLAY
100
AcDbLine
 10
408.0
 20
491.0
 30
0.0
 11
412.0
 21
491.0
 31
0.0
  0
LINE
  5
A27
330
17
100
AcDbEntity
  8
QA_OVERLAY
100
AcDbLine
 10
410.0
 20
489.0
 30
0.0
 11
410.0
 21
493.0
 31
0.0
  0
LINE
  5
A28
330
17
100
AcDbEntity
  8
QA_OVERLAY
100
AcDbLine
 10
416.0
 20
499.0
 30
0.0
 11
420.0
 21
499.0
 31
0.0
  0
LINE
  5
A29
330
17
100
AcDbEntity
  8
QA_OVERLAY
100
AcDbLine
 10
418.0
 20
497.0
 30
0.0
 11
418.0
 21
501.0
 31
0.0
  0
LINE
  5
A2A
330
17
100
AcDbEntity
  8
QA_OVERLAY
100
AcDbLine
 10
400.0
 20
499.0
 30
0.0
 11
404.0
 21
499.0
 31
0.0
  0
LINE
  5
A2B
330
17
100
AcDbEntity
  8
QA_OVERLAY
100
AcDbLine
 10
402.0
 20
497.0
 30
0.0
 11
402.0
 21
501.0
 31
0.0
  0
LINE
  5
A2C
330
17
100
AcDbEntity
  8
QA_OVERLAY
100
AcDbLine
 10
416.0
 20
499.0
 30
0.0
 11
420.0
 21
499.0
 31
0.0
  0
LINE
  5
A2D
330
17
100
AcDbEntity
  8
QA_OVERLAY
100
AcDbLine
 10
418.0
 20
497.0
 30
0.0
 11
418.0
 21
501.0
 31
0.0
  0
LINE
  5
A2E
330
17
100
AcDbEntity
  8
QA_OVERLAY
100
AcDbLine
 10
408.0
 20
473.0
 30
0.0
 11
412.0
 21
473.0
 31
0.0
  0
LINE
  5
A2F
330
17
100
AcDbEntity
  8
QA_OVERLAY
100
AcDbLine
 10
410.0
 20
471.0
 30
0.0
 11
410.0
 21
475.0
 31
0.0
  0
LINE
  5
A30
330
17
100
AcDbEntity
  8
QA_OVERLAY
100
AcDbLine
 10
416.0
 20
481.0
 30
0.0
 11
420.0
 21
481.0
 31
0.0
  0
LINE
  5
A31
330
17
100
AcDbEntity
  8
QA_OVERLAY
100
AcDbLine
 10
418.0
 20
479.0
 30
0.0
 11
418.0
 21
483.0
 31
0.0
  0
LINE
  5
A32
330
17
100
AcDbEntity
  8
QA_OVERLAY
100
AcDbLine
 10
400.0
 20
481.0
 30
0.0
 11
404.0
 21
481.0
 31
0.0
  0
LINE
  5
A33
330
17
100
AcDbEntity
  8
QA_OVERLAY
100
AcDbLine
 10
402.0
 20
479.0
 30
0.0
 11
402.0
 21
483.0
 31
0.0
  0
LINE
  5
A34
330
17
100
AcDbEntity
  8
QA_OVERLAY
100
AcDbLine
 10
416.0
 20
481.0
 30
0.0
 11
420.0
 21
481.0
 31
0.0
  0
LINE
  5
A35
330
17
100
AcDbEntity
  8
QA_OVERLAY
100
AcDbLine
 10
418.0
 20
479.0
 30
0.0
 11
418.0
 21
483.0
 31
0.0
  0
LINE
  5
A36
330
17
100
AcDbEntity
  8
QA_OVERLAY
100
AcDbLine
 10
408.0
 20
455.0
 30
0.0
 11
412.0
 21
455.0
 31
0.0
  0
LINE
  5
A37
330
17
100
AcDbEntity
  8
QA_OVERLAY
100
AcDbLine
 10
410.0
 20
453.0
 30
0.0
 11
410.0
 21
457.0
 31
0.0
  0
LINE
  5
A38
330
17
100
AcDbEntity
  8
QA_OVERLAY
100
AcDbLine
 10
416.0
 20
463.0
 30
0.0
 11
420.0
 21
463.0
 31
0.0
  0
LINE
  5
A39
330
17
100
AcDbEntity
  8
QA_OVERLAY
100
AcDbLine
 10
418.0
 20
461.0
 30
0.0
 11
418.0
 21
465.0
 31
0.0
  0
LINE
  5
A3A
330
17
100
AcDbEntity
  8
QA_OVERLAY
100
AcDbLine
 10
400.0
 20
463.0
 30
0.0
 11
404.0
 21
463.0
 31
0.0
  0
LINE
  5
A3B
330
17
100
AcDbEntity
  8
QA_OVERLAY
100
AcDbLine
 10
402.0
 20
461.0
 30
0.0
 11
402.0
 21
465.0
 31
0.0
  0
LINE
  5
A3C
330
17
100
AcDbEntity
  8
QA_OVERLAY
100
AcDbLine
 10
416.0
 20
463.0
 30
0.0
 11
420.0
 21
463.0
 31
0.0
  0
LINE
  5
A3D
330
17
100
AcDbEntity
  8
QA_OVERLAY
100
AcDbLine
 10
418.0
 20
461.0
 30
0.0
 11
418.0
 21
465.0
 31
0.0
  0
LINE
  5
A3E
330
17
100
AcDbEntity
  8
QA_OVERLAY
100
AcDbLine
 10
403.0
 20
322.0
 30
0.0
 11
407.0
 21
322.0
 31
0.0
  0
LINE
  5
A3F
330
17
100
AcDbEntity
  8
QA_OVERLAY
100
AcDbLine
 10
405.0
 20
320.0
 30
0.0
 11
405.0
 21
324.0
 31
0.0
  0
LINE
  5
A40
330
17
100
AcDbEntity
  8
QA_OVERLAY
100
AcDbLine
 10
411.0
 20
330.0
 30
0.0
 11
415.0
 21
330.0
 31
0.0
  0
LINE
  5
A41
330
17
100
AcDbEntity
  8
QA_OVERLAY
100
AcDbLine
 10
413.0
 20
328.0
 30
0.0
 11
413.0
 21
332.0
 31
0.0
  0
LINE
  5
A42
330
17
100
AcDbEntity
  8
QA_OVERLAY
100
AcDbLine
 10
395.0
 20
330.0
 30
0.0
 11
399.0
 21
330.0
 31
0.0
  0
LINE
  5
A43
330
17
100
AcDbEntity
  8
QA_OVERLAY
100
AcDbLine
 10
397.0
 20
328.0
 30
0.0
 11
397.0
 21
332.0
 31
0.0
  0
LINE
  5
A44
330
17
100
AcDbEntity
  8
QA_OVERLAY
100
AcDbLine
 10
411.0
 20
330.0
 30
0.0
 11
415.0
 21
330.0
 31
0.0
  0
LINE
  5
A45
330
17
100
AcDbEntity
  8
QA_OVERLAY
100
AcDbLine
 10
413.0
 20
328.0
 30
0.0
 11
413.0
 21
332.0
 31
0.0
  0
LINE
  5
A46
330
17
100
AcDbEntity
  8
QA_OVERLAY
100
AcDbLine
 10
403.0
 20
304.0
 30
0.0
 11
407.0
 21
304.0
 31
0.0
  0
LINE
  5
A47
330
17
100
AcDbEntity
  8
QA_OVERLAY
100
AcDbLine
 10
405.0
 20
302.0
 30
0.0
 11
405.0
 21
306.0
 31
0.0
  0
LINE
  5
A48
330
17
100
AcDbEntity
  8
QA_OVERLAY
100
AcDbLine
 10
411.0
 20
312.0
 30
0.0
 11
415.0
 21
312.0
 31
0.0
  0
LINE
  5
A49
330
17
100
AcDbEntity
  8
QA_OVERLAY
100
AcDbLine
 10
413.0
 20
310.0
 30
0.0
 11
413.0
 21
314.0
 31
0.0
  0
LINE
  5
A4A
330
17
100
AcDbEntity
  8
QA_OVERLAY
100
AcDbLine
 10
395.0
 20
312.0
 30
0.0
 11
399.0
 21
312.0
 31
0.0
  0
LINE
  5
A4B
330
17
100
AcDbEntity
  8
QA_OVERLAY
100
AcDbLine
 10
397.0
 20
310.0
 30
0.0
 11
397.0
 21
314.0
 31
0.0
  0
LINE
  5
A4C
330
17
100
AcDbEntity
  8
QA_OVERLAY
100
AcDbLine
 10
411.0
 20
312.0
 30
0.0
 11
415.0
 21
312.0
 31
0.0
  0
LINE
  5
A4D
330
17
100
AcDbEntity
  8
QA_OVERLAY
100
AcDbLine
 10
413.0
 20
310.0
 30
0.0
 11
413.0
 21
314.0
 31
0.0
  0
LINE
  5
A4E
330
17
100
AcDbEntity
  8
QA_OVERLAY
100
AcDbLine
 10
403.0
 20
286.0
 30
0.0
 11
407.0
 21
286.0
 31
0.0
  0
LINE
  5
A4F
330
17
100
AcDbEntity
  8
QA_OVERLAY
100
AcDbLine
 10
405.0
 20
284.0
 30
0.0
 11
405.0
 21
288.0
 31
0.0
  0
LINE
  5
A50
330
17
100
AcDbEntity
  8
QA_OVERLAY
100
AcDbLine
 10
411.0
 20
294.0
 30
0.0
 11
415.0
 21
294.0
 31
0.0
  0
LINE
  5
A51
330
17
100
AcDbEntity
  8
QA_OVERLAY
100
AcDbLine
 10
413.0
 20
292.0
 30
0.0
 11
413.0
 21
296.0
 31
0.0
  0
LINE
  5
A52
330
17
100
AcDbEntity
  8
QA_OVERLAY
100
AcDbLine
 10
395.0
 20
294.0
 30
0.0
 11
399.0
 21
294.0
 31
0.0
  0
LINE
  5
A53
330
17
100
AcDbEntity
  8
QA_OVERLAY
100
AcDbLine
 10
397.0
 20
292.0
 30
0.0
 11
397.0
 21
296.0
 31
0.0
  0
LINE
  5
A54
330
17
100
AcDbEntity
  8
QA_OVERLAY
100
AcDbLine
 10
411.0
 20
294.0
 30
0.0
 11
415.0
 21
294.0
 31
0.0
  0
LINE
  5
A55
330
17
100
AcDbEntity
  8
QA_OVERLAY
100
AcDbLine
 10
413.0
 20
292.0
 30
0.0
 11
413.0
 21
296.0
 31
0.0
  0
LINE
  5
A56
330
17
100
AcDbEntity
  8
QA_OVERLAY
100
AcDbLine
 10
403.0
 20
268.0
 30
0.0
 11
407.0
 21
268.0
 31
0.0
  0
LINE
  5
A57
330
17
100
AcDbEntity
  8
QA_OVERLAY
100
AcDbLine
 10
405.0
 20
266.0
 30
0.0
 11
405.0
 21
270.0
 31
0.0
  0
LINE
  5
A58
330
17
100
AcDbEntity
  8
QA_OVERLAY
100
AcDbLine
 10
411.0
 20
276.0
 30
0.0
 11
415.0
 21
276.0
 31
0.0
  0
LINE
  5
A59
330
17
100
AcDbEntity
  8
QA_OVERLAY
100
AcDbLine
 10
413.0
 20
274.0
 30
0.0
 11
413.0
 21
278.0
 31
0.0
  0
LINE
  5
A5A
330
17
100
AcDbEntity
  8
QA_OVERLAY
100
AcDbLine
 10
395.0
 20
276.0
 30
0.0
 11
399.0
 21
276.0
 31
0.0
  0
LINE
  5
A5B
330
17
100
AcDbEntity
  8
QA_OVERLAY
100
AcDbLine
 10
397.0
 20
274.0
 30
0.0
 11
397.0
 21
278.0
 31
0.0
  0
LINE
  5
A5C
330
17
100
AcDbEntity
  8
QA_OVERLAY
100
AcDbLine
 10
411.0
 20
276.0
 30
0.0
 11
415.0
 21
276.0
 31
0.0
  0
LINE
  5
A5D
330
17
100
AcDbEntity
  8
QA_OVERLAY
100
AcDbLine
 10
413.0
 20
274.0
 30
0.0
 11
413.0
 21
278.0
 31
0.0
  0
LINE
  5
A5E
330
17
100
AcDbEntity
  8
QA_OVERLAY
100
AcDbLine
 10
403.0
 20
250.0
 30
0.0
 11
407.0
 21
250.0
 31
0.0
  0
LINE
  5
A5F
330
17
100
AcDbEntity
  8
QA_OVERLAY
100
AcDbLine
 10
405.0
 20
248.0
 30
0.0
 11
405.0
 21
252.0
 31
0.0
  0
LINE
  5
A60
330
17
100
AcDbEntity
  8
QA_OVERLAY
100
AcDbLine
 10
411.0
 20
258.0
 30
0.0
 11
415.0
 21
258.0
 31
0.0
  0
LINE
  5
A61
330
17
100
AcDbEntity
  8
QA_OVERLAY
100
AcDbLine
 10
413.0
 20
256.0
 30
0.0
 11
413.0
 21
260.0
 31
0.0
  0
LINE
  5
A62
330
17
100
AcDbEntity
  8
QA_OVERLAY
100
AcDbLine
 10
395.0
 20
258.0
 30
0.0
 11
399.0
 21
258.0
 31
0.0
  0
LINE
  5
A63
330
17
100
AcDbEntity
  8
QA_OVERLAY
100
AcDbLine
 10
397.0
 20
256.0
 30
0.0
 11
397.0
 21
260.0
 31
0.0
  0
LINE
  5
A64
330
17
100
AcDbEntity
  8
QA_OVERLAY
100
AcDbLine
 10
411.0
 20
258.0
 30
0.0
 11
415.0
 21
258.0
 31
0.0
  0
LINE
  5
A65
330
17
100
AcDbEntity
  8
QA_OVERLAY
100
AcDbLine
 10
413.0
 20
256.0
 30
0.0
 11
413.0
 21
260.0
 31
0.0
  0
LINE
  5
A66
330
17
100
AcDbEntity
  8
QA_OVERLAY
100
AcDbLine
 10
613.0
 20
427.0
 30
0.0
 11
617.0
 21
427.0
 31
0.0
  0
LINE
  5
A67
330
17
100
AcDbEntity
  8
QA_OVERLAY
100
AcDbLine
 10
615.0
 20
425.0
 30
0.0
 11
615.0
 21
429.0
 31
0.0
  0
LINE
  5
A68
330
17
100
AcDbEntity
  8
QA_OVERLAY
100
AcDbLine
 10
621.0
 20
435.0
 30
0.0
 11
625.0
 21
435.0
 31
0.0
  0
LINE
  5
A69
330
17
100
AcDbEntity
  8
QA_OVERLAY
100
AcDbLine
 10
623.0
 20
433.0
 30
0.0
 11
623.0
 21
437.0
 31
0.0
  0
LINE
  5
A6A
330
17
100
AcDbEntity
  8
QA_OVERLAY
100
AcDbLine
 10
605.0
 20
435.0
 30
0.0
 11
609.0
 21
435.0
 31
0.0
  0
LINE
  5
A6B
330
17
100
AcDbEntity
  8
QA_OVERLAY
100
AcDbLine
 10
607.0
 20
433.0
 30
0.0
 11
607.0
 21
437.0
 31
0.0
  0
LINE
  5
A6C
330
17
100
AcDbEntity
  8
QA_OVERLAY
100
AcDbLine
 10
621.0
 20
435.0
 30
0.0
 11
625.0
 21
435.0
 31
0.0
  0
LINE
  5
A6D
330
17
100
AcDbEntity
  8
QA_OVERLAY
100
AcDbLine
 10
623.0
 20
433.0
 30
0.0
 11
623.0
 21
437.0
 31
0.0
  0
LINE
  5
A6E
330
17
100
AcDbEntity
  8
QA_OVERLAY
100
AcDbLine
 10
613.0
 20
409.0
 30
0.0
 11
617.0
 21
409.0
 31
0.0
  0
LINE
  5
A6F
330
17
100
AcDbEntity
  8
QA_OVERLAY
100
AcDbLine
 10
615.0
 20
407.0
 30
0.0
 11
615.0
 21
411.0
 31
0.0
  0
LINE
  5
A70
330
17
100
AcDbEntity
  8
QA_OVERLAY
100
AcDbLine
 10
621.0
 20
417.0
 30
0.0
 11
625.0
 21
417.0
 31
0.0
  0
LINE
  5
A71
330
17
100
AcDbEntity
  8
QA_OVERLAY
100
AcDbLine
 10
623.0
 20
415.0
 30
0.0
 11
623.0
 21
419.0
 31
0.0
  0
LINE
  5
A72
330
17
100
AcDbEntity
  8
QA_OVERLAY
100
AcDbLine
 10
605.0
 20
417.0
 30
0.0
 11
609.0
 21
417.0
 31
0.0
  0
LINE
  5
A73
330
17
100
AcDbEntity
  8
QA_OVERLAY
100
AcDbLine
 10
607.0
 20
415.0
 30
0.0
 11
607.0
 21
419.0
 31
0.0
  0
LINE
  5
A74
330
17
100
AcDbEntity
  8
QA_OVERLAY
100
AcDbLine
 10
621.0
 20
417.0
 30
0.0
 11
625.0
 21
417.0
 31
0.0
  0
LINE
  5
A75
330
17
100
AcDbEntity
  8
QA_OVERLAY
100
AcDbLine
 10
623.0
 20
415.0
 30
0.0
 11
623.0
 21
419.0
 31
0.0
  0
LINE
  5
A76
330
17
100
AcDbEntity
  8
QA_OVERLAY
100
AcDbLine
 10
613.0
 20
391.0
 30
0.0
 11
617.0
 21
391.0
 31
0.0
  0
LINE
  5
A77
330
17
100
AcDbEntity
  8
QA_OVERLAY
100
AcDbLine
 10
615.0
 20
389.0
 30
0.0
 11
615.0
 21
393.0
 31
0.0
  0
LINE
  5
A78
330
17
100
AcDbEntity
  8
QA_OVERLAY
100
AcDbLine
 10
621.0
 20
399.0
 30
0.0
 11
625.0
 21
399.0
 31
0.0
  0
LINE
  5
A79
330
17
100
AcDbEntity
  8
QA_OVERLAY
100
AcDbLine
 10
623.0
 20
397.0
 30
0.0
 11
623.0
 21
401.0
 31
0.0
  0
LINE
  5
A7A
330
17
100
AcDbEntity
  8
QA_OVERLAY
100
AcDbLine
 10
605.0
 20
399.0
 30
0.0
 11
609.0
 21
399.0
 31
0.0
  0
LINE
  5
A7B
330
17
100
AcDbEntity
  8
QA_OVERLAY
100
AcDbLine
 10
607.0
 20
397.0
 30
0.0
 11
607.0
 21
401.0
 31
0.0
  0
LINE
  5
A7C
330
17
100
AcDbEntity
  8
QA_OVERLAY
100
AcDbLine
 10
621.0
 20
399.0
 30
0.0
 11
625.0
 21
399.0
 31
0.0
  0
LINE
  5
A7D
330
17
100
AcDbEntity
  8
QA_OVERLAY
100
AcDbLine
 10
623.0
 20
397.0
 30
0.0
 11
623.0
 21
401.0
 31
0.0
  0
LINE
  5
A7E
330
17
100
AcDbEntity
  8
QA_OVERLAY
100
AcDbLine
 10
613.0
 20
373.0
 30
0.0
 11
617.0
 21
373.0
 31
0.0
  0
LINE
  5
A7F
330
17
100
AcDbEntity
  8
QA_OVERLAY
100
AcDbLine
 10
615.0
 20
371.0
 30
0.0
 11
615.0
 21
375.0
 31
0.0
  0
LINE
  5
A80
330
17
100
AcDbEntity
  8
QA_OVERLAY
100
AcDbLine
 10
621.0
 20
381.0
 30
0.0
 11
625.0
 21
381.0
 31
0.0
  0
LINE
  5
A81
330
17
100
AcDbEntity
  8
QA_OVERLAY
100
AcDbLine
 10
623.0
 20
379.0
 30
0.0
 11
623.0
 21
383.0
 31
0.0
  0
LINE
  5
A82
330
17
100
AcDbEntity
  8
QA_OVERLAY
100
AcDbLine
 10
605.0
 20
381.0
 30
0.0
 11
609.0
 21
381.0
 31
0.0
  0
LINE
  5
A83
330
17
100
AcDbEntity
  8
QA_OVERLAY
100
AcDbLine
 10
607.0
 20
379.0
 30
0.0
 11
607.0
 21
383.0
 31
0.0
  0
LINE
  5
A84
330
17
100
AcDbEntity
  8
QA_OVERLAY
100
AcDbLine
 10
621.0
 20
381.0
 30
0.0
 11
625.0
 21
381.0
 31
0.0
  0
LINE
  5
A85
330
17
100
AcDbEntity
  8
QA_OVERLAY
100
AcDbLine
 10
623.0
 20
379.0
 30
0.0
 11
623.0
 21
383.0
 31
0.0
  0
LINE
  5
A86
330
17
100
AcDbEntity
  8
QA_OVERLAY
100
AcDbLine
 10
613.0
 20
355.0
 30
0.0
 11
617.0
 21
355.0
 31
0.0
  0
LINE
  5
A87
330
17
100
AcDbEntity
  8
QA_OVERLAY
100
AcDbLine
 10
615.0
 20
353.0
 30
0.0
 11
615.0
 21
357.0
 31
0.0
  0
LINE
  5
A88
330
17
100
AcDbEntity
  8
QA_OVERLAY
100
AcDbLine
 10
621.0
 20
363.0
 30
0.0
 11
625.0
 21
363.0
 31
0.0
  0
LINE
  5
A89
330
17
100
AcDbEntity
  8
QA_OVERLAY
100
AcDbLine
 10
623.0
 20
361.0
 30
0.0
 11
623.0
 21
365.0
 31
0.0
  0
LINE
  5
A8A
330
17
100
AcDbEntity
  8
QA_OVERLAY
100
AcDbLine
 10
605.0
 20
363.0
 30
0.0
 11
609.0
 21
363.0
 31
0.0
  0
LINE
  5
A8B
330
17
100
AcDbEntity
  8
QA_OVERLAY
100
AcDbLine
 10
607.0
 20
361.0
 30
0.0
 11
607.0
 21
365.0
 31
0.0
  0
LINE
  5
A8C
330
17
100
AcDbEntity
  8
QA_OVERLAY
100
AcDbLine
 10
621.0
 20
363.0
 30
0.0
 11
625.0
 21
363.0
 31
0.0
  0
LINE
  5
A8D
330
17
100
AcDbEntity
  8
QA_OVERLAY
100
AcDbLine
 10
623.0
 20
361.0
 30
0.0
 11
623.0
 21
365.0
 31
0.0
  0
LINE
  5
A8E
330
17
100
AcDbEntity
  8
QA_OVERLAY
100
AcDbLine
 10
613.0
 20
337.0
 30
0.0
 11
617.0
 21
337.0
 31
0.0
  0
LINE
  5
A8F
330
17
100
AcDbEntity
  8
QA_OVERLAY
100
AcDbLine
 10
615.0
 20
335.0
 30
0.0
 11
615.0
 21
339.0
 31
0.0
  0
LINE
  5
A90
330
17
100
AcDbEntity
  8
QA_OVERLAY
100
AcDbLine
 10
621.0
 20
345.0
 30
0.0
 11
625.0
 21
345.0
 31
0.0
  0
LINE
  5
A91
330
17
100
AcDbEntity
  8
QA_OVERLAY
100
AcDbLine
 10
623.0
 20
343.0
 30
0.0
 11
623.0
 21
347.0
 31
0.0
  0
LINE
  5
A92
330
17
100
AcDbEntity
  8
QA_OVERLAY
100
AcDbLine
 10
605.0
 20
345.0
 30
0.0
 11
609.0
 21
345.0
 31
0.0
  0
LINE
  5
A93
330
17
100
AcDbEntity
  8
QA_OVERLAY
100
AcDbLine
 10
607.0
 20
343.0
 30
0.0
 11
607.0
 21
347.0
 31
0.0
  0
LINE
  5
A94
330
17
100
AcDbEntity
  8
QA_OVERLAY
100
AcDbLine
 10
621.0
 20
345.0
 30
0.0
 11
625.0
 21
345.0
 31
0.0
  0
LINE
  5
A95
330
17
100
AcDbEntity
  8
QA_OVERLAY
100
AcDbLine
 10
623.0
 20
343.0
 30
0.0
 11
623.0
 21
347.0
 31
0.0
  0
LINE
  5
A96
330
17
100
AcDbEntity
  8
QA_OVERLAY
100
AcDbLine
 10
613.0
 20
319.0
 30
0.0
 11
617.0
 21
319.0
 31
0.0
  0
LINE
  5
A97
330
17
100
AcDbEntity
  8
QA_OVERLAY
100
AcDbLine
 10
615.0
 20
317.0
 30
0.0
 11
615.0
 21
321.0
 31
0.0
  0
LINE
  5
A98
330
17
100
AcDbEntity
  8
QA_OVERLAY
100
AcDbLine
 10
621.0
 20
327.0
 30
0.0
 11
625.0
 21
327.0
 31
0.0
  0
LINE
  5
A99
330
17
100
AcDbEntity
  8
QA_OVERLAY
100
AcDbLine
 10
623.0
 20
325.0
 30
0.0
 11
623.0
 21
329.0
 31
0.0
  0
LINE
  5
A9A
330
17
100
AcDbEntity
  8
QA_OVERLAY
100
AcDbLine
 10
605.0
 20
327.0
 30
0.0
 11
609.0
 21
327.0
 31
0.0
  0
LINE
  5
A9B
330
17
100
AcDbEntity
  8
QA_OVERLAY
100
AcDbLine
 10
607.0
 20
325.0
 30
0.0
 11
607.0
 21
329.0
 31
0.0
  0
LINE
  5
A9C
330
17
100
AcDbEntity
  8
QA_OVERLAY
100
AcDbLine
 10
621.0
 20
327.0
 30
0.0
 11
625.0
 21
327.0
 31
0.0
  0
LINE
  5
A9D
330
17
100
AcDbEntity
  8
QA_OVERLAY
100
AcDbLine
 10
623.0
 20
325.0
 30
0.0
 11
623.0
 21
329.0
 31
0.0
  0
LINE
  5
A9E
330
17
100
AcDbEntity
  8
QA_OVERLAY
100
AcDbLine
 10
613.0
 20
301.0
 30
0.0
 11
617.0
 21
301.0
 31
0.0
  0
LINE
  5
A9F
330
17
100
AcDbEntity
  8
QA_OVERLAY
100
AcDbLine
 10
615.0
 20
299.0
 30
0.0
 11
615.0
 21
303.0
 31
0.0
  0
LINE
  5
AA0
330
17
100
AcDbEntity
  8
QA_OVERLAY
100
AcDbLine
 10
621.0
 20
309.0
 30
0.0
 11
625.0
 21
309.0
 31
0.0
  0
LINE
  5
AA1
330
17
100
AcDbEntity
  8
QA_OVERLAY
100
AcDbLine
 10
623.0
 20
307.0
 30
0.0
 11
623.0
 21
311.0
 31
0.0
  0
LINE
  5
AA2
330
17
100
AcDbEntity
  8
QA_OVERLAY
100
AcDbLine
 10
605.0
 20
309.0
 30
0.0
 11
609.0
 21
309.0
 31
0.0
  0
LINE
  5
AA3
330
17
100
AcDbEntity
  8
QA_OVERLAY
100
AcDbLine
 10
607.0
 20
307.0
 30
0.0
 11
607.0
 21
311.0
 31
0.0
  0
LINE
  5
AA4
330
17
100
AcDbEntity
  8
QA_OVERLAY
100
AcDbLine
 10
621.0
 20
309.0
 30
0.0
 11
625.0
 21
309.0
 31
0.0
  0
LINE
  5
AA5
330
17
100
AcDbEntity
  8
QA_OVERLAY
100
AcDbLine
 10
623.0
 20
307.0
 30
0.0
 11
623.0
 21
311.0
 31
0.0
  0
LINE
  5
AA6
330
17
100
AcDbEntity
  8
QA_OVERLAY
100
AcDbLine
 10
358.0
 20
452.0
 30
0.0
 11
362.0
 21
452.0
 31
0.0
  0
LINE
  5
AA7
330
17
100
AcDbEntity
  8
QA_OVERLAY
100
AcDbLine
 10
360.0
 20
450.0
 30
0.0
 11
360.0
 21
454.0
 31
0.0
  0
LINE
  5
AA8
330
17
100
AcDbEntity
  8
QA_OVERLAY
100
AcDbLine
 10
366.0
 20
460.0
 30
0.0
 11
370.0
 21
460.0
 31
0.0
  0
LINE
  5
AA9
330
17
100
AcDbEntity
  8
QA_OVERLAY
100
AcDbLine
 10
368.0
 20
458.0
 30
0.0
 11
368.0
 21
462.0
 31
0.0
  0
LINE
  5
AAA
330
17
100
AcDbEntity
  8
QA_OVERLAY
100
AcDbLine
 10
350.0
 20
460.0
 30
0.0
 11
354.0
 21
460.0
 31
0.0
  0
LINE
  5
AAB
330
17
100
AcDbEntity
  8
QA_OVERLAY
100
AcDbLine
 10
352.0
 20
458.0
 30
0.0
 11
352.0
 21
462.0
 31
0.0
  0
LINE
  5
AAC
330
17
100
AcDbEntity
  8
QA_OVERLAY
100
AcDbLine
 10
366.0
 20
460.0
 30
0.0
 11
370.0
 21
460.0
 31
0.0
  0
LINE
  5
AAD
330
17
100
AcDbEntity
  8
QA_OVERLAY
100
AcDbLine
 10
368.0
 20
458.0
 30
0.0
 11
368.0
 21
462.0
 31
0.0
  0
LINE
  5
AAE
330
17
100
AcDbEntity
  8
QA_OVERLAY
100
AcDbLine
 10
386.0
 20
452.0
 30
0.0
 11
390.0
 21
452.0
 31
0.0
  0
LINE
  5
AAF
330
17
100
AcDbEntity
  8
QA_OVERLAY
100
AcDbLine
 10
388.0
 20
450.0
 30
0.0
 11
388.0
 21
454.0
 31
0.0
  0
LINE
  5
AB0
330
17
100
AcDbEntity
  8
QA_OVERLAY
100
AcDbLine
 10
394.0
 20
460.0
 30
0.0
 11
398.0
 21
460.0
 31
0.0
  0
LINE
  5
AB1
330
17
100
AcDbEntity
  8
QA_OVERLAY
100
AcDbLine
 10
396.0
 20
458.0
 30
0.0
 11
396.0
 21
462.0
 31
0.0
  0
LINE
  5
AB2
330
17
100
AcDbEntity
  8
QA_OVERLAY
100
AcDbLine
 10
378.0
 20
460.0
 30
0.0
 11
382.0
 21
460.0
 31
0.0
  0
LINE
  5
AB3
330
17
100
AcDbEntity
  8
QA_OVERLAY
100
AcDbLine
 10
380.0
 20
458.0
 30
0.0
 11
380.0
 21
462.0
 31
0.0
  0
LINE
  5
AB4
330
17
100
AcDbEntity
  8
QA_OVERLAY
100
AcDbLine
 10
394.0
 20
460.0
 30
0.0
 11
398.0
 21
460.0
 31
0.0
  0
LINE
  5
AB5
330
17
100
AcDbEntity
  8
QA_OVERLAY
100
AcDbLine
 10
396.0
 20
458.0
 30
0.0
 11
396.0
 21
462.0
 31
0.0
  0
LINE
  5
AB6
330
17
100
AcDbEntity
  8
QA_OVERLAY
100
AcDbLine
 10
414.0
 20
452.0
 30
0.0
 11
418.0
 21
452.0
 31
0.0
  0
LINE
  5
AB7
330
17
100
AcDbEntity
  8
QA_OVERLAY
100
AcDbLine
 10
416.0
 20
450.0
 30
0.0
 11
416.0
 21
454.0
 31
0.0
  0
LINE
  5
AB8
330
17
100
AcDbEntity
  8
QA_OVERLAY
100
AcDbLine
 10
422.0
 20
460.0
 30
0.0
 11
426.0
 21
460.0
 31
0.0
  0
LINE
  5
AB9
330
17
100
AcDbEntity
  8
QA_OVERLAY
100
AcDbLine
 10
424.0
 20
458.0
 30
0.0
 11
424.0
 21
462.0
 31
0.0
  0
LINE
  5
ABA
330
17
100
AcDbEntity
  8
QA_OVERLAY
100
AcDbLine
 10
406.0
 20
460.0
 30
0.0
 11
410.0
 21
460.0
 31
0.0
  0
LINE
  5
ABB
330
17
100
AcDbEntity
  8
QA_OVERLAY
100
AcDbLine
 10
408.0
 20
458.0
 30
0.0
 11
408.0
 21
462.0
 31
0.0
  0
LINE
  5
ABC
330
17
100
AcDbEntity
  8
QA_OVERLAY
100
AcDbLine
 10
422.0
 20
460.0
 30
0.0
 11
426.0
 21
460.0
 31
0.0
  0
LINE
  5
ABD
330
17
100
AcDbEntity
  8
QA_OVERLAY
100
AcDbLine
 10
424.0
 20
458.0
 30
0.0
 11
424.0
 21
462.0
 31
0.0
  0
LINE
  5
ABE
330
17
100
AcDbEntity
  8
QA_OVERLAY
100
AcDbLine
 10
538.0
 20
702.0
 30
0.0
 11
542.0
 21
702.0
 31
0.0
  0
LINE
  5
ABF
330
17
100
AcDbEntity
  8
QA_OVERLAY
100
AcDbLine
 10
540.0
 20
700.0
 30
0.0
 11
540.0
 21
704.0
 31
0.0
  0
LINE
  5
AC0
330
17
100
AcDbEntity
  8
QA_OVERLAY
100
AcDbLine
 10
546.0
 20
710.0
 30
0.0
 11
550.0
 21
710.0
 31
0.0
  0
LINE
  5
AC1
330
17
100
AcDbEntity
  8
QA_OVERLAY
100
AcDbLine
 10
548.0
 20
708.0
 30
0.0
 11
548.0
 21
712.0
 31
0.0
  0
LINE
  5
AC2
330
17
100
AcDbEntity
  8
QA_OVERLAY
100
AcDbLine
 10
530.0
 20
710.0
 30
0.0
 11
534.0
 21
710.0
 31
0.0
  0
LINE
  5
AC3
330
17
100
AcDbEntity
  8
QA_OVERLAY
100
AcDbLine
 10
532.0
 20
708.0
 30
0.0
 11
532.0
 21
712.0
 31
0.0
  0
LINE
  5
AC4
330
17
100
AcDbEntity
  8
QA_OVERLAY
100
AcDbLine
 10
546.0
 20
710.0
 30
0.0
 11
550.0
 21
710.0
 31
0.0
  0
LINE
  5
AC5
330
17
100
AcDbEntity
  8
QA_OVERLAY
100
AcDbLine
 10
548.0
 20
708.0
 30
0.0
 11
548.0
 21
712.0
 31
0.0
  0
LINE
  5
AC6
330
17
100
AcDbEntity
  8
QA_OVERLAY
100
AcDbLine
 10
566.0
 20
702.0
 30
0.0
 11
570.0
 21
702.0
 31
0.0
  0
LINE
  5
AC7
330
17
100
AcDbEntity
  8
QA_OVERLAY
100
AcDbLine
 10
568.0
 20
700.0
 30
0.0
 11
568.0
 21
704.0
 31
0.0
  0
LINE
  5
AC8
330
17
100
AcDbEntity
  8
QA_OVERLAY
100
AcDbLine
 10
574.0
 20
710.0
 30
0.0
 11
578.0
 21
710.0
 31
0.0
  0
LINE
  5
AC9
330
17
100
AcDbEntity
  8
QA_OVERLAY
100
AcDbLine
 10
576.0
 20
708.0
 30
0.0
 11
576.0
 21
712.0
 31
0.0
  0
LINE
  5
ACA
330
17
100
AcDbEntity
  8
QA_OVERLAY
100
AcDbLine
 10
558.0
 20
710.0
 30
0.0
 11
562.0
 21
710.0
 31
0.0
  0
LINE
  5
ACB
330
17
100
AcDbEntity
  8
QA_OVERLAY
100
AcDbLine
 10
560.0
 20
708.0
 30
0.0
 11
560.0
 21
712.0
 31
0.0
  0
LINE
  5
ACC
330
17
100
AcDbEntity
  8
QA_OVERLAY
100
AcDbLine
 10
574.0
 20
710.0
 30
0.0
 11
578.0
 21
710.0
 31
0.0
  0
LINE
  5
ACD
330
17
100
AcDbEntity
  8
QA_OVERLAY
100
AcDbLine
 10
576.0
 20
708.0
 30
0.0
 11
576.0
 21
712.0
 31
0.0
  0
LINE
  5
ACE
330
17
100
AcDbEntity
  8
QA_OVERLAY
100
AcDbLine
 10
733.0
 20
602.0
 30
0.0
 11
737.0
 21
602.0
 31
0.0
  0
LINE
  5
ACF
330
17
100
AcDbEntity
  8
QA_OVERLAY
100
AcDbLine
 10
735.0
 20
600.0
 30
0.0
 11
735.0
 21
604.0
 31
0.0
  0
LINE
  5
AD0
330
17
100
AcDbEntity
  8
QA_OVERLAY
100
AcDbLine
 10
741.0
 20
610.0
 30
0.0
 11
745.0
 21
610.0
 31
0.0
  0
LINE
  5
AD1
330
17
100
AcDbEntity
  8
QA_OVERLAY
100
AcDbLine
 10
743.0
 20
608.0
 30
0.0
 11
743.0
 21
612.0
 31
0.0
  0
LINE
  5
AD2
330
17
100
AcDbEntity
  8
QA_OVERLAY
100
AcDbLine
 10
725.0
 20
610.0
 30
0.0
 11
729.0
 21
610.0
 31
0.0
  0
LINE
  5
AD3
330
17
100
AcDbEntity
  8
QA_OVERLAY
100
AcDbLine
 10
727.0
 20
608.0
 30
0.0
 11
727.0
 21
612.0
 31
0.0
  0
LINE
  5
AD4
330
17
100
AcDbEntity
  8
QA_OVERLAY
100
AcDbLine
 10
741.0
 20
610.0
 30
0.0
 11
745.0
 21
610.0
 31
0.0
  0
LINE
  5
AD5
330
17
100
AcDbEntity
  8
QA_OVERLAY
100
AcDbLine
 10
743.0
 20
608.0
 30
0.0
 11
743.0
 21
612.0
 31
0.0
  0
LINE
  5
AD6
330
17
100
AcDbEntity
  8
QA_OVERLAY
100
AcDbLine
 10
733.0
 20
584.0
 30
0.0
 11
737.0
 21
584.0
 31
0.0
  0
LINE
  5
AD7
330
17
100
AcDbEntity
  8
QA_OVERLAY
100
AcDbLine
 10
735.0
 20
582.0
 30
0.0
 11
735.0
 21
586.0
 31
0.0
  0
LINE
  5
AD8
330
17
100
AcDbEntity
  8
QA_OVERLAY
100
AcDbLine
 10
741.0
 20
592.0
 30
0.0
 11
745.0
 21
592.0
 31
0.0
  0
LINE
  5
AD9
330
17
100
AcDbEntity
  8
QA_OVERLAY
100
AcDbLine
 10
743.0
 20
590.0
 30
0.0
 11
743.0
 21
594.0
 31
0.0
  0
LINE
  5
ADA
330
17
100
AcDbEntity
  8
QA_OVERLAY
100
AcDbLine
 10
725.0
 20
592.0
 30
0.0
 11
729.0
 21
592.0
 31
0.0
  0
LINE
  5
ADB
330
17
100
AcDbEntity
  8
QA_OVERLAY
100
AcDbLine
 10
727.0
 20
590.0
 30
0.0
 11
727.0
 21
594.0
 31
0.0
  0
LINE
  5
ADC
330
17
100
AcDbEntity
  8
QA_OVERLAY
100
AcDbLine
 10
741.0
 20
592.0
 30
0.0
 11
745.0
 21
592.0
 31
0.0
  0
LINE
  5
ADD
330
17
100
AcDbEntity
  8
QA_OVERLAY
100
AcDbLine
 10
743.0
 20
590.0
 30
0.0
 11
743.0
 21
594.0
 31
0.0
  0
LINE
  5
ADE
330
17
100
AcDbEntity
  8
QA_OVERLAY
100
AcDbLine
 10
733.0
 20
566.0
 30
0.0
 11
737.0
 21
566.0
 31
0.0
  0
LINE
  5
ADF
330
17
100
AcDbEntity
  8
QA_OVERLAY
100
AcDbLine
 10
735.0
 20
564.0
 30
0.0
 11
735.0
 21
568.0
 31
0.0
  0
LINE
  5
AE0
330
17
100
AcDbEntity
  8
QA_OVERLAY
100
AcDbLine
 10
741.0
 20
574.0
 30
0.0
 11
745.0
 21
574.0
 31
0.0
  0
LINE
  5
AE1
330
17
100
AcDbEntity
  8
QA_OVERLAY
100
AcDbLine
 10
743.0
 20
572.0
 30
0.0
 11
743.0
 21
576.0
 31
0.0
  0
LINE
  5
AE2
330
17
100
AcDbEntity
  8
QA_OVERLAY
100
AcDbLine
 10
725.0
 20
574.0
 30
0.0
 11
729.0
 21
574.0
 31
0.0
  0
LINE
  5
AE3
330
17
100
AcDbEntity
  8
QA_OVERLAY
100
AcDbLine
 10
727.0
 20
572.0
 30
0.0
 11
727.0
 21
576.0
 31
0.0
  0
LINE
  5
AE4
330
17
100
AcDbEntity
  8
QA_OVERLAY
100
AcDbLine
 10
741.0
 20
574.0
 30
0.0
 11
745.0
 21
574.0
 31
0.0
  0
LINE
  5
AE5
330
17
100
AcDbEntity
  8
QA_OVERLAY
100
AcDbLine
 10
743.0
 20
572.0
 30
0.0
 11
743.0
 21
576.0
 31
0.0
  0
LINE
  5
AE6
330
17
100
AcDbEntity
  8
QA_OVERLAY
100
AcDbLine
 10
733.0
 20
548.0
 30
0.0
 11
737.0
 21
548.0
 31
0.0
  0
LINE
  5
AE7
330
17
100
AcDbEntity
  8
QA_OVERLAY
100
AcDbLine
 10
735.0
 20
546.0
 30
0.0
 11
735.0
 21
550.0
 31
0.0
  0
LINE
  5
AE8
330
17
100
AcDbEntity
  8
QA_OVERLAY
100
AcDbLine
 10
741.0
 20
556.0
 30
0.0
 11
745.0
 21
556.0
 31
0.0
  0
LINE
  5
AE9
330
17
100
AcDbEntity
  8
QA_OVERLAY
100
AcDbLine
 10
743.0
 20
554.0
 30
0.0
 11
743.0
 21
558.0
 31
0.0
  0
LINE
  5
AEA
330
17
100
AcDbEntity
  8
QA_OVERLAY
100
AcDbLine
 10
725.0
 20
556.0
 30
0.0
 11
729.0
 21
556.0
 31
0.0
  0
LINE
  5
AEB
330
17
100
AcDbEntity
  8
QA_OVERLAY
100
AcDbLine
 10
727.0
 20
554.0
 30
0.0
 11
727.0
 21
558.0
 31
0.0
  0
LINE
  5
AEC
330
17
100
AcDbEntity
  8
QA_OVERLAY
100
AcDbLine
 10
741.0
 20
556.0
 30
0.0
 11
745.0
 21
556.0
 31
0.0
  0
LINE
  5
AED
330
17
100
AcDbEntity
  8
QA_OVERLAY
100
AcDbLine
 10
743.0
 20
554.0
 30
0.0
 11
743.0
 21
558.0
 31
0.0
  0
LINE
  5
AEE
330
17
100
AcDbEntity
  8
QA_OVERLAY
100
AcDbLine
 10
733.0
 20
530.0
 30
0.0
 11
737.0
 21
530.0
 31
0.0
  0
LINE
  5
AEF
330
17
100
AcDbEntity
  8
QA_OVERLAY
100
AcDbLine
 10
735.0
 20
528.0
 30
0.0
 11
735.0
 21
532.0
 31
0.0
  0
LINE
  5
AF0
330
17
100
AcDbEntity
  8
QA_OVERLAY
100
AcDbLine
 10
741.0
 20
538.0
 30
0.0
 11
745.0
 21
538.0
 31
0.0
  0
LINE
  5
AF1
330
17
100
AcDbEntity
  8
QA_OVERLAY
100
AcDbLine
 10
743.0
 20
536.0
 30
0.0
 11
743.0
 21
540.0
 31
0.0
  0
LINE
  5
AF2
330
17
100
AcDbEntity
  8
QA_OVERLAY
100
AcDbLine
 10
725.0
 20
538.0
 30
0.0
 11
729.0
 21
538.0
 31
0.0
  0
LINE
  5
AF3
330
17
100
AcDbEntity
  8
QA_OVERLAY
100
AcDbLine
 10
727.0
 20
536.0
 30
0.0
 11
727.0
 21
540.0
 31
0.0
  0
LINE
  5
AF4
330
17
100
AcDbEntity
  8
QA_OVERLAY
100
AcDbLine
 10
741.0
 20
538.0
 30
0.0
 11
745.0
 21
538.0
 31
0.0
  0
LINE
  5
AF5
330
17
100
AcDbEntity
  8
QA_OVERLAY
100
AcDbLine
 10
743.0
 20
536.0
 30
0.0
 11
743.0
 21
540.0
 31
0.0
  0
LINE
  5
AF6
330
17
100
AcDbEntity
  8
QA_OVERLAY
100
AcDbLine
 10
733.0
 20
512.0
 30
0.0
 11
737.0
 21
512.0
 31
0.0
  0
LINE
  5
AF7
330
17
100
AcDbEntity
  8
QA_OVERLAY
100
AcDbLine
 10
735.0
 20
510.0
 30
0.0
 11
735.0
 21
514.0
 31
0.0
  0
LINE
  5
AF8
330
17
100
AcDbEntity
  8
QA_OVERLAY
100
AcDbLine
 10
741.0
 20
520.0
 30
0.0
 11
745.0
 21
520.0
 31
0.0
  0
LINE
  5
AF9
330
17
100
AcDbEntity
  8
QA_OVERLAY
100
AcDbLine
 10
743.0
 20
518.0
 30
0.0
 11
743.0
 21
522.0
 31
0.0
  0
LINE
  5
AFA
330
17
100
AcDbEntity
  8
QA_OVERLAY
100
AcDbLine
 10
725.0
 20
520.0
 30
0.0
 11
729.0
 21
520.0
 31
0.0
  0
LINE
  5
AFB
330
17
100
AcDbEntity
  8
QA_OVERLAY
100
AcDbLine
 10
727.0
 20
518.0
 30
0.0
 11
727.0
 21
522.0
 31
0.0
  0
LINE
  5
AFC
330
17
100
AcDbEntity
  8
QA_OVERLAY
100
AcDbLine
 10
741.0
 20
520.0
 30
0.0
 11
745.0
 21
520.0
 31
0.0
  0
LINE
  5
AFD
330
17
100
AcDbEntity
  8
QA_OVERLAY
100
AcDbLine
 10
743.0
 20
518.0
 30
0.0
 11
743.0
 21
522.0
 31
0.0
  0
LINE
  5
AFE
330
17
100
AcDbEntity
  8
QA_OVERLAY
100
AcDbLine
 10
733.0
 20
494.0
 30
0.0
 11
737.0
 21
494.0
 31
0.0
  0
LINE
  5
AFF
330
17
100
AcDbEntity
  8
QA_OVERLAY
100
AcDbLine
 10
735.0
 20
492.0
 30
0.0
 11
735.0
 21
496.0
 31
0.0
  0
LINE
  5
B00
330
17
100
AcDbEntity
  8
QA_OVERLAY
100
AcDbLine
 10
741.0
 20
502.0
 30
0.0
 11
745.0
 21
502.0
 31
0.0
  0
LINE
  5
B01
330
17
100
AcDbEntity
  8
QA_OVERLAY
100
AcDbLine
 10
743.0
 20
500.0
 30
0.0
 11
743.0
 21
504.0
 31
0.0
  0
LINE
  5
B02
330
17
100
AcDbEntity
  8
QA_OVERLAY
100
AcDbLine
 10
725.0
 20
502.0
 30
0.0
 11
729.0
 21
502.0
 31
0.0
  0
LINE
  5
B03
330
17
100
AcDbEntity
  8
QA_OVERLAY
100
AcDbLine
 10
727.0
 20
500.0
 30
0.0
 11
727.0
 21
504.0
 31
0.0
  0
LINE
  5
B04
330
17
100
AcDbEntity
  8
QA_OVERLAY
100
AcDbLine
 10
741.0
 20
502.0
 30
0.0
 11
745.0
 21
502.0
 31
0.0
  0
LINE
  5
B05
330
17
100
AcDbEntity
  8
QA_OVERLAY
100
AcDbLine
 10
743.0
 20
500.0
 30
0.0
 11
743.0
 21
504.0
 31
0.0
  0
LINE
  5
B06
330
17
100
AcDbEntity
  8
QA_OVERLAY
100
AcDbLine
 10
688.0
 20
517.0
 30
0.0
 11
692.0
 21
517.0
 31
0.0
  0
LINE
  5
B07
330
17
100
AcDbEntity
  8
QA_OVERLAY
100
AcDbLine
 10
690.0
 20
515.0
 30
0.0
 11
690.0
 21
519.0
 31
0.0
  0
LINE
  5
B08
330
17
100
AcDbEntity
  8
QA_OVERLAY
100
AcDbLine
 10
696.0
 20
525.0
 30
0.0
 11
700.0
 21
525.0
 31
0.0
  0
LINE
  5
B09
330
17
100
AcDbEntity
  8
QA_OVERLAY
100
AcDbLine
 10
698.0
 20
523.0
 30
0.0
 11
698.0
 21
527.0
 31
0.0
  0
LINE
  5
B0A
330
17
100
AcDbEntity
  8
QA_OVERLAY
100
AcDbLine
 10
680.0
 20
525.0
 30
0.0
 11
684.0
 21
525.0
 31
0.0
  0
LINE
  5
B0B
330
17
100
AcDbEntity
  8
QA_OVERLAY
100
AcDbLine
 10
682.0
 20
523.0
 30
0.0
 11
682.0
 21
527.0
 31
0.0
  0
LINE
  5
B0C
330
17
100
AcDbEntity
  8
QA_OVERLAY
100
AcDbLine
 10
696.0
 20
525.0
 30
0.0
 11
700.0
 21
525.0
 31
0.0
  0
LINE
  5
B0D
330
17
100
AcDbEntity
  8
QA_OVERLAY
100
AcDbLine
 10
698.0
 20
523.0
 30
0.0
 11
698.0
 21
527.0
 31
0.0
  0
LINE
  5
B0E
330
17
100
AcDbEntity
  8
QA_OVERLAY
100
AcDbLine
 10
716.0
 20
517.0
 30
0.0
 11
720.0
 21
517.0
 31
0.0
  0
LINE
  5
B0F
330
17
100
AcDbEntity
  8
QA_OVERLAY
100
AcDbLine
 10
718.0
 20
515.0
 30
0.0
 11
718.0
 21
519.0
 31
0.0
  0
LINE
  5
B10
330
17
100
AcDbEntity
  8
QA_OVERLAY
100
AcDbLine
 10
724.0
 20
525.0
 30
0.0
 11
728.0
 21
525.0
 31
0.0
  0
LINE
  5
B11
330
17
100
AcDbEntity
  8
QA_OVERLAY
100
AcDbLine
 10
726.0
 20
523.0
 30
0.0
 11
726.0
 21
527.0
 31
0.0
  0
LINE
  5
B12
330
17
100
AcDbEntity
  8
QA_OVERLAY
100
AcDbLine
 10
708.0
 20
525.0
 30
0.0
 11
712.0
 21
525.0
 31
0.0
  0
LINE
  5
B13
330
17
100
AcDbEntity
  8
QA_OVERLAY
100
AcDbLine
 10
710.0
 20
523.0
 30
0.0
 11
710.0
 21
527.0
 31
0.0
  0
LINE
  5
B14
330
17
100
AcDbEntity
  8
QA_OVERLAY
100
AcDbLine
 10
724.0
 20
525.0
 30
0.0
 11
728.0
 21
525.0
 31
0.0
  0
LINE
  5
B15
330
17
100
AcDbEntity
  8
QA_OVERLAY
100
AcDbLine
 10
726.0
 20
523.0
 30
0.0
 11
726.0
 21
527.0
 31
0.0
  0
LINE
  5
B16
330
17
100
AcDbEntity
  8
QA_OVERLAY
100
AcDbLine
 10
744.0
 20
517.0
 30
0.0
 11
748.0
 21
517.0
 31
0.0
  0
LINE
  5
B17
330
17
100
AcDbEntity
  8
QA_OVERLAY
100
AcDbLine
 10
746.0
 20
515.0
 30
0.0
 11
746.0
 21
519.0
 31
0.0
  0
LINE
  5
B18
330
17
100
AcDbEntity
  8
QA_OVERLAY
100
AcDbLine
 10
752.0
 20
525.0
 30
0.0
 11
756.0
 21
525.0
 31
0.0
  0
LINE
  5
B19
330
17
100
AcDbEntity
  8
QA_OVERLAY
100
AcDbLine
 10
754.0
 20
523.0
 30
0.0
 11
754.0
 21
527.0
 31
0.0
  0
LINE
  5
B1A
330
17
100
AcDbEntity
  8
QA_OVERLAY
100
AcDbLine
 10
736.0
 20
525.0
 30
0.0
 11
740.0
 21
525.0
 31
0.0
  0
LINE
  5
B1B
330
17
100
AcDbEntity
  8
QA_OVERLAY
100
AcDbLine
 10
738.0
 20
523.0
 30
0.0
 11
738.0
 21
527.0
 31
0.0
  0
LINE
  5
B1C
330
17
100
AcDbEntity
  8
QA_OVERLAY
100
AcDbLine
 10
752.0
 20
525.0
 30
0.0
 11
756.0
 21
525.0
 31
0.0
  0
LINE
  5
B1D
330
17
100
AcDbEntity
  8
QA_OVERLAY
100
AcDbLine
 10
754.0
 20
523.0
 30
0.0
 11
754.0
 21
527.0
 31
0.0
  0
LINE
  5
B1E
330
17
100
AcDbEntity
  8
QA_OVERLAY
100
AcDbLine
 10
758.0
 20
362.0
 30
0.0
 11
762.0
 21
362.0
 31
0.0
  0
LINE
  5
B1F
330
17
100
AcDbEntity
  8
QA_OVERLAY
100
AcDbLine
 10
760.0
 20
360.0
 30
0.0
 11
760.0
 21
364.0
 31
0.0
  0
LINE
  5
B20
330
17
100
AcDbEntity
  8
QA_OVERLAY
100
AcDbLine
 10
766.0
 20
370.0
 30
0.0
 11
770.0
 21
370.0
 31
0.0
  0
LINE
  5
B21
330
17
100
AcDbEntity
  8
QA_OVERLAY
100
AcDbLine
 10
768.0
 20
368.0
 30
0.0
 11
768.0
 21
372.0
 31
0.0
  0
LINE
  5
B22
330
17
100
AcDbEntity
  8
QA_OVERLAY
100
AcDbLine
 10
750.0
 20
370.0
 30
0.0
 11
754.0
 21
370.0
 31
0.0
  0
LINE
  5
B23
330
17
100
AcDbEntity
  8
QA_OVERLAY
100
AcDbLine
 10
752.0
 20
368.0
 30
0.0
 11
752.0
 21
372.0
 31
0.0
  0
LINE
  5
B24
330
17
100
AcDbEntity
  8
QA_OVERLAY
100
AcDbLine
 10
766.0
 20
370.0
 30
0.0
 11
770.0
 21
370.0
 31
0.0
  0
LINE
  5
B25
330
17
100
AcDbEntity
  8
QA_OVERLAY
100
AcDbLine
 10
768.0
 20
368.0
 30
0.0
 11
768.0
 21
372.0
 31
0.0
  0
LINE
  5
B26
330
17
100
AcDbEntity
  8
QA_OVERLAY
100
AcDbLine
 10
758.0
 20
344.0
 30
0.0
 11
762.0
 21
344.0
 31
0.0
  0
LINE
  5
B27
330
17
100
AcDbEntity
  8
QA_OVERLAY
100
AcDbLine
 10
760.0
 20
342.0
 30
0.0
 11
760.0
 21
346.0
 31
0.0
  0
LINE
  5
B28
330
17
100
AcDbEntity
  8
QA_OVERLAY
100
AcDbLine
 10
766.0
 20
352.0
 30
0.0
 11
770.0
 21
352.0
 31
0.0
  0
LINE
  5
B29
330
17
100
AcDbEntity
  8
QA_OVERLAY
100
AcDbLine
 10
768.0
 20
350.0
 30
0.0
 11
768.0
 21
354.0
 31
0.0
  0
LINE
  5
B2A
330
17
100
AcDbEntity
  8
QA_OVERLAY
100
AcDbLine
 10
750.0
 20
352.0
 30
0.0
 11
754.0
 21
352.0
 31
0.0
  0
LINE
  5
B2B
330
17
100
AcDbEntity
  8
QA_OVERLAY
100
AcDbLine
 10
752.0
 20
350.0
 30
0.0
 11
752.0
 21
354.0
 31
0.0
  0
LINE
  5
B2C
330
17
100
AcDbEntity
  8
QA_OVERLAY
100
AcDbLine
 10
766.0
 20
352.0
 30
0.0
 11
770.0
 21
352.0
 31
0.0
  0
LINE
  5
B2D
330
17
100
AcDbEntity
  8
QA_OVERLAY
100
AcDbLine
 10
768.0
 20
350.0
 30
0.0
 11
768.0
 21
354.0
 31
0.0
  0
LINE
  5
B2E
330
17
100
AcDbEntity
  8
QA_OVERLAY
100
AcDbLine
 10
1008.0
 20
602.0
 30
0.0
 11
1012.0
 21
602.0
 31
0.0
  0
LINE
  5
B2F
330
17
100
AcDbEntity
  8
QA_OVERLAY
100
AcDbLine
 10
1010.0
 20
600.0
 30
0.0
 11
1010.0
 21
604.0
 31
0.0
  0
LINE
  5
B30
330
17
100
AcDbEntity
  8
QA_OVERLAY
100
AcDbLine
 10
1016.0
 20
610.0
 30
0.0
 11
1020.0
 21
610.0
 31
0.0
  0
LINE
  5
B31
330
17
100
AcDbEntity
  8
QA_OVERLAY
100
AcDbLine
 10
1018.0
 20
608.0
 30
0.0
 11
1018.0
 21
612.0
 31
0.0
  0
LINE
  5
B32
330
17
100
AcDbEntity
  8
QA_OVERLAY
100
AcDbLine
 10
1000.0
 20
610.0
 30
0.0
 11
1004.0
 21
610.0
 31
0.0
  0
LINE
  5
B33
330
17
100
AcDbEntity
  8
QA_OVERLAY
100
AcDbLine
 10
1002.0
 20
608.0
 30
0.0
 11
1002.0
 21
612.0
 31
0.0
  0
LINE
  5
B34
330
17
100
AcDbEntity
  8
QA_OVERLAY
100
AcDbLine
 10
1016.0
 20
610.0
 30
0.0
 11
1020.0
 21
610.0
 31
0.0
  0
LINE
  5
B35
330
17
100
AcDbEntity
  8
QA_OVERLAY
100
AcDbLine
 10
1018.0
 20
608.0
 30
0.0
 11
1018.0
 21
612.0
 31
0.0
  0
LINE
  5
B36
330
17
100
AcDbEntity
  8
QA_OVERLAY
100
AcDbLine
 10
1008.0
 20
584.0
 30
0.0
 11
1012.0
 21
584.0
 31
0.0
  0
LINE
  5
B37
330
17
100
AcDbEntity
  8
QA_OVERLAY
100
AcDbLine
 10
1010.0
 20
582.0
 30
0.0
 11
1010.0
 21
586.0
 31
0.0
  0
LINE
  5
B38
330
17
100
AcDbEntity
  8
QA_OVERLAY
100
AcDbLine
 10
1016.0
 20
592.0
 30
0.0
 11
1020.0
 21
592.0
 31
0.0
  0
LINE
  5
B39
330
17
100
AcDbEntity
  8
QA_OVERLAY
100
AcDbLine
 10
1018.0
 20
590.0
 30
0.0
 11
1018.0
 21
594.0
 31
0.0
  0
LINE
  5
B3A
330
17
100
AcDbEntity
  8
QA_OVERLAY
100
AcDbLine
 10
1000.0
 20
592.0
 30
0.0
 11
1004.0
 21
592.0
 31
0.0
  0
LINE
  5
B3B
330
17
100
AcDbEntity
  8
QA_OVERLAY
100
AcDbLine
 10
1002.0
 20
590.0
 30
0.0
 11
1002.0
 21
594.0
 31
0.0
  0
LINE
  5
B3C
330
17
100
AcDbEntity
  8
QA_OVERLAY
100
AcDbLine
 10
1016.0
 20
592.0
 30
0.0
 11
1020.0
 21
592.0
 31
0.0
  0
LINE
  5
B3D
330
17
100
AcDbEntity
  8
QA_OVERLAY
100
AcDbLine
 10
1018.0
 20
590.0
 30
0.0
 11
1018.0
 21
594.0
 31
0.0
  0
LINE
  5
B3E
330
17
100
AcDbEntity
  8
QA_OVERLAY
100
AcDbLine
 10
1008.0
 20
566.0
 30
0.0
 11
1012.0
 21
566.0
 31
0.0
  0
LINE
  5
B3F
330
17
100
AcDbEntity
  8
QA_OVERLAY
100
AcDbLine
 10
1010.0
 20
564.0
 30
0.0
 11
1010.0
 21
568.0
 31
0.0
  0
LINE
  5
B40
330
17
100
AcDbEntity
  8
QA_OVERLAY
100
AcDbLine
 10
1016.0
 20
574.0
 30
0.0
 11
1020.0
 21
574.0
 31
0.0
  0
LINE
  5
B41
330
17
100
AcDbEntity
  8
QA_OVERLAY
100
AcDbLine
 10
1018.0
 20
572.0
 30
0.0
 11
1018.0
 21
576.0
 31
0.0
  0
LINE
  5
B42
330
17
100
AcDbEntity
  8
QA_OVERLAY
100
AcDbLine
 10
1000.0
 20
574.0
 30
0.0
 11
1004.0
 21
574.0
 31
0.0
  0
LINE
  5
B43
330
17
100
AcDbEntity
  8
QA_OVERLAY
100
AcDbLine
 10
1002.0
 20
572.0
 30
0.0
 11
1002.0
 21
576.0
 31
0.0
  0
LINE
  5
B44
330
17
100
AcDbEntity
  8
QA_OVERLAY
100
AcDbLine
 10
1016.0
 20
574.0
 30
0.0
 11
1020.0
 21
574.0
 31
0.0
  0
LINE
  5
B45
330
17
100
AcDbEntity
  8
QA_OVERLAY
100
AcDbLine
 10
1018.0
 20
572.0
 30
0.0
 11
1018.0
 21
576.0
 31
0.0
  0
LINE
  5
B46
330
17
100
AcDbEntity
  8
QA_OVERLAY
100
AcDbLine
 10
258.0
 20
252.0
 30
0.0
 11
262.0
 21
252.0
 31
0.0
  0
LINE
  5
B47
330
17
100
AcDbEntity
  8
QA_OVERLAY
100
AcDbLine
 10
260.0
 20
250.0
 30
0.0
 11
260.0
 21
254.0
 31
0.0
  0
LINE
  5
B48
330
17
100
AcDbEntity
  8
QA_OVERLAY
100
AcDbLine
 10
266.0
 20
260.0
 30
0.0
 11
270.0
 21
260.0
 31
0.0
  0
LINE
  5
B49
330
17
100
AcDbEntity
  8
QA_OVERLAY
100
AcDbLine
 10
268.0
 20
258.0
 30
0.0
 11
268.0
 21
262.0
 31
0.0
  0
LINE
  5
B4A
330
17
100
AcDbEntity
  8
QA_OVERLAY
100
AcDbLine
 10
250.0
 20
260.0
 30
0.0
 11
254.0
 21
260.0
 31
0.0
  0
LINE
  5
B4B
330
17
100
AcDbEntity
  8
QA_OVERLAY
100
AcDbLine
 10
252.0
 20
258.0
 30
0.0
 11
252.0
 21
262.0
 31
0.0
  0
LINE
  5
B4C
330
17
100
AcDbEntity
  8
QA_OVERLAY
100
AcDbLine
 10
266.0
 20
260.0
 30
0.0
 11
270.0
 21
260.0
 31
0.0
  0
LINE
  5
B4D
330
17
100
AcDbEntity
  8
QA_OVERLAY
100
AcDbLine
 10
268.0
 20
258.0
 30
0.0
 11
268.0
 21
262.0
 31
0.0
  0
LINE
  5
B4E
330
17
100
AcDbEntity
  8
QA_OVERLAY
100
AcDbLine
 10
258.0
 20
234.0
 30
0.0
 11
262.0
 21
234.0
 31
0.0
  0
LINE
  5
B4F
330
17
100
AcDbEntity
  8
QA_OVERLAY
100
AcDbLine
 10
260.0
 20
232.0
 30
0.0
 11
260.0
 21
236.0
 31
0.0
  0
LINE
  5
B50
330
17
100
AcDbEntity
  8
QA_OVERLAY
100
AcDbLine
 10
266.0
 20
242.0
 30
0.0
 11
270.0
 21
242.0
 31
0.0
  0
LINE
  5
B51
330
17
100
AcDbEntity
  8
QA_OVERLAY
100
AcDbLine
 10
268.0
 20
240.0
 30
0.0
 11
268.0
 21
244.0
 31
0.0
  0
LINE
  5
B52
330
17
100
AcDbEntity
  8
QA_OVERLAY
100
AcDbLine
 10
250.0
 20
242.0
 30
0.0
 11
254.0
 21
242.0
 31
0.0
  0
LINE
  5
B53
330
17
100
AcDbEntity
  8
QA_OVERLAY
100
AcDbLine
 10
252.0
 20
240.0
 30
0.0
 11
252.0
 21
244.0
 31
0.0
  0
LINE
  5
B54
330
17
100
AcDbEntity
  8
QA_OVERLAY
100
AcDbLine
 10
266.0
 20
242.0
 30
0.0
 11
270.0
 21
242.0
 31
0.0
  0
LINE
  5
B55
330
17
100
AcDbEntity
  8
QA_OVERLAY
100
AcDbLine
 10
268.0
 20
240.0
 30
0.0
 11
268.0
 21
244.0
 31
0.0
  0
LINE
  5
B56
330
17
100
AcDbEntity
  8
QA_OVERLAY
100
AcDbLine
 10
258.0
 20
216.0
 30
0.0
 11
262.0
 21
216.0
 31
0.0
  0
LINE
  5
B57
330
17
100
AcDbEntity
  8
QA_OVERLAY
100
AcDbLine
 10
260.0
 20
214.0
 30
0.0
 11
260.0
 21
218.0
 31
0.0
  0
LINE
  5
B58
330
17
100
AcDbEntity
  8
QA_OVERLAY
100
AcDbLine
 10
266.0
 20
224.0
 30
0.0
 11
270.0
 21
224.0
 31
0.0
  0
LINE
  5
B59
330
17
100
AcDbEntity
  8
QA_OVERLAY
100
AcDbLine
 10
268.0
 20
222.0
 30
0.0
 11
268.0
 21
226.0
 31
0.0
  0
LINE
  5
B5A
330
17
100
AcDbEntity
  8
QA_OVERLAY
100
AcDbLine
 10
250.0
 20
224.0
 30
0.0
 11
254.0
 21
224.0
 31
0.0
  0
LINE
  5
B5B
330
17
100
AcDbEntity
  8
QA_OVERLAY
100
AcDbLine
 10
252.0
 20
222.0
 30
0.0
 11
252.0
 21
226.0
 31
0.0
  0
LINE
  5
B5C
330
17
100
AcDbEntity
  8
QA_OVERLAY
100
AcDbLine
 10
266.0
 20
224.0
 30
0.0
 11
270.0
 21
224.0
 31
0.0
  0
LINE
  5
B5D
330
17
100
AcDbEntity
  8
QA_OVERLAY
100
AcDbLine
 10
268.0
 20
222.0
 30
0.0
 11
268.0
 21
226.0
 31
0.0
  0
LINE
  5
B5E
330
17
100
AcDbEntity
  8
QA_OVERLAY
100
AcDbLine
 10
708.0
 20
172.0
 30
0.0
 11
712.0
 21
172.0
 31
0.0
  0
LINE
  5
B5F
330
17
100
AcDbEntity
  8
QA_OVERLAY
100
AcDbLine
 10
710.0
 20
170.0
 30
0.0
 11
710.0
 21
174.0
 31
0.0
  0
LINE
  5
B60
330
17
100
AcDbEntity
  8
QA_OVERLAY
100
AcDbLine
 10
716.0
 20
180.0
 30
0.0
 11
720.0
 21
180.0
 31
0.0
  0
LINE
  5
B61
330
17
100
AcDbEntity
  8
QA_OVERLAY
100
AcDbLine
 10
718.0
 20
178.0
 30
0.0
 11
718.0
 21
182.0
 31
0.0
  0
LINE
  5
B62
330
17
100
AcDbEntity
  8
QA_OVERLAY
100
AcDbLine
 10
700.0
 20
180.0
 30
0.0
 11
704.0
 21
180.0
 31
0.0
  0
LINE
  5
B63
330
17
100
AcDbEntity
  8
QA_OVERLAY
100
AcDbLine
 10
702.0
 20
178.0
 30
0.0
 11
702.0
 21
182.0
 31
0.0
  0
LINE
  5
B64
330
17
100
AcDbEntity
  8
QA_OVERLAY
100
AcDbLine
 10
716.0
 20
180.0
 30
0.0
 11
720.0
 21
180.0
 31
0.0
  0
LINE
  5
B65
330
17
100
AcDbEntity
  8
QA_OVERLAY
100
AcDbLine
 10
718.0
 20
178.0
 30
0.0
 11
718.0
 21
182.0
 31
0.0
  0
LINE
  5
B66
330
17
100
AcDbEntity
  8
QA_OVERLAY
100
AcDbLine
 10
736.0
 20
172.0
 30
0.0
 11
740.0
 21
172.0
 31
0.0
  0
LINE
  5
B67
330
17
100
AcDbEntity
  8
QA_OVERLAY
100
AcDbLine
 10
738.0
 20
170.0
 30
0.0
 11
738.0
 21
174.0
 31
0.0
  0
LINE
  5
B68
330
17
100
AcDbEntity
  8
QA_OVERLAY
100
AcDbLine
 10
744.0
 20
180.0
 30
0.0
 11
748.0
 21
180.0
 31
0.0
  0
LINE
  5
B69
330
17
100
AcDbEntity
  8
QA_OVERLAY
100
AcDbLine
 10
746.0
 20
178.0
 30
0.0
 11
746.0
 21
182.0
 31
0.0
  0
LINE
  5
B6A
330
17
100
AcDbEntity
  8
QA_OVERLAY
100
AcDbLine
 10
728.0
 20
180.0
 30
0.0
 11
732.0
 21
180.0
 31
0.0
  0
LINE
  5
B6B
330
17
100
AcDbEntity
  8
QA_OVERLAY
100
AcDbLine
 10
730.0
 20
178.0
 30
0.0
 11
730.0
 21
182.0
 31
0.0
  0
LINE
  5
B6C
330
17
100
AcDbEntity
  8
QA_OVERLAY
100
AcDbLine
 10
744.0
 20
180.0
 30
0.0
 11
748.0
 21
180.0
 31
0.0
  0
LINE
  5
B6D
330
17
100
AcDbEntity
  8
QA_OVERLAY
100
AcDbLine
 10
746.0
 20
178.0
 30
0.0
 11
746.0
 21
182.0
 31
0.0
  0
LINE
  5
B6E
330
17
100
AcDbEntity
  8
QA_OVERLAY
100
AcDbLine
 10
764.0
 20
172.0
 30
0.0
 11
768.0
 21
172.0
 31
0.0
  0
LINE
  5
B6F
330
17
100
AcDbEntity
  8
QA_OVERLAY
100
AcDbLine
 10
766.0
 20
170.0
 30
0.0
 11
766.0
 21
174.0
 31
0.0
  0
LINE
  5
B70
330
17
100
AcDbEntity
  8
QA_OVERLAY
100
AcDbLine
 10
772.0
 20
180.0
 30
0.0
 11
776.0
 21
180.0
 31
0.0
  0
LINE
  5
B71
330
17
100
AcDbEntity
  8
QA_OVERLAY
100
AcDbLine
 10
774.0
 20
178.0
 30
0.0
 11
774.0
 21
182.0
 31
0.0
  0
LINE
  5
B72
330
17
100
AcDbEntity
  8
QA_OVERLAY
100
AcDbLine
 10
756.0
 20
180.0
 30
0.0
 11
760.0
 21
180.0
 31
0.0
  0
LINE
  5
B73
330
17
100
AcDbEntity
  8
QA_OVERLAY
100
AcDbLine
 10
758.0
 20
178.0
 30
0.0
 11
758.0
 21
182.0
 31
0.0
  0
LINE
  5
B74
330
17
100
AcDbEntity
  8
QA_OVERLAY
100
AcDbLine
 10
772.0
 20
180.0
 30
0.0
 11
776.0
 21
180.0
 31
0.0
  0
LINE
  5
B75
330
17
100
AcDbEntity
  8
QA_OVERLAY
100
AcDbLine
 10
774.0
 20
178.0
 30
0.0
 11
774.0
 21
182.0
 31
0.0
  0
LINE
  5
B76
330
17
100
AcDbEntity
  8
QA_OVERLAY
100
AcDbLine
 10
792.0
 20
172.0
 30
0.0
 11
796.0
 21
172.0
 31
0.0
  0
LINE
  5
B77
330
17
100
AcDbEntity
  8
QA_OVERLAY
100
AcDbLine
 10
794.0
 20
170.0
 30
0.0
 11
794.0
 21
174.0
 31
0.0
  0
LINE
  5
B78
330
17
100
AcDbEntity
  8
QA_OVERLAY
100
AcDbLine
 10
800.0
 20
180.0
 30
0.0
 11
804.0
 21
180.0
 31
0.0
  0
LINE
  5
B79
330
17
100
AcDbEntity
  8
QA_OVERLAY
100
AcDbLine
 10
802.0
 20
178.0
 30
0.0
 11
802.0
 21
182.0
 31
0.0
  0
LINE
  5
B7A
330
17
100
AcDbEntity
  8
QA_OVERLAY
100
AcDbLine
 10
784.0
 20
180.0
 30
0.0
 11
788.0
 21
180.0
 31
0.0
  0
LINE
  5
B7B
330
17
100
AcDbEntity
  8
QA_OVERLAY
100
AcDbLine
 10
786.0
 20
178.0
 30
0.0
 11
786.0
 21
182.0
 31
0.0
  0
LINE
  5
B7C
330
17
100
AcDbEntity
  8
QA_OVERLAY
100
AcDbLine
 10
800.0
 20
180.0
 30
0.0
 11
804.0
 21
180.0
 31
0.0
  0
LINE
  5
B7D
330
17
100
AcDbEntity
  8
QA_OVERLAY
100
AcDbLine
 10
802.0
 20
178.0
 30
0.0
 11
802.0
 21
182.0
 31
0.0
  0
LINE
  5
B7E
330
17
100
AcDbEntity
  8
QA_OVERLAY
100
AcDbLine
 10
208.0
 20
442.0
 30
0.0
 11
212.0
 21
442.0
 31
0.0
  0
LINE
  5
B7F
330
17
100
AcDbEntity
  8
QA_OVERLAY
100
AcDbLine
 10
210.0
 20
440.0
 30
0.0
 11
210.0
 21
444.0
 31
0.0
  0
LINE
  5
B80
330
17
100
AcDbEntity
  8
QA_OVERLAY
100
AcDbLine
 10
216.0
 20
450.0
 30
0.0
 11
220.0
 21
450.0
 31
0.0
  0
LINE
  5
B81
330
17
100
AcDbEntity
  8
QA_OVERLAY
100
AcDbLine
 10
218.0
 20
448.0
 30
0.0
 11
218.0
 21
452.0
 31
0.0
  0
LINE
  5
B82
330
17
100
AcDbEntity
  8
QA_OVERLAY
100
AcDbLine
 10
200.0
 20
450.0
 30
0.0
 11
204.0
 21
450.0
 31
0.0
  0
LINE
  5
B83
330
17
100
AcDbEntity
  8
QA_OVERLAY
100
AcDbLine
 10
202.0
 20
448.0
 30
0.0
 11
202.0
 21
452.0
 31
0.0
  0
LINE
  5
B84
330
17
100
AcDbEntity
  8
QA_OVERLAY
100
AcDbLine
 10
216.0
 20
450.0
 30
0.0
 11
220.0
 21
450.0
 31
0.0
  0
LINE
  5
B85
330
17
100
AcDbEntity
  8
QA_OVERLAY
100
AcDbLine
 10
218.0
 20
448.0
 30
0.0
 11
218.0
 21
452.0
 31
0.0
  0
LINE
  5
B86
330
17
100
AcDbEntity
  8
QA_OVERLAY
100
AcDbLine
 10
208.0
 20
424.0
 30
0.0
 11
212.0
 21
424.0
 31
0.0
  0
LINE
  5
B87
330
17
100
AcDbEntity
  8
QA_OVERLAY
100
AcDbLine
 10
210.0
 20
422.0
 30
0.0
 11
210.0
 21
426.0
 31
0.0
  0
LINE
  5
B88
330
17
100
AcDbEntity
  8
QA_OVERLAY
100
AcDbLine
 10
216.0
 20
432.0
 30
0.0
 11
220.0
 21
432.0
 31
0.0
  0
LINE
  5
B89
330
17
100
AcDbEntity
  8
QA_OVERLAY
100
AcDbLine
 10
218.0
 20
430.0
 30
0.0
 11
218.0
 21
434.0
 31
0.0
  0
LINE
  5
B8A
330
17
100
AcDbEntity
  8
QA_OVERLAY
100
AcDbLine
 10
200.0
 20
432.0
 30
0.0
 11
204.0
 21
432.0
 31
0.0
  0
LINE
  5
B8B
330
17
100
AcDbEntity
  8
QA_OVERLAY
100
AcDbLine
 10
202.0
 20
430.0
 30
0.0
 11
202.0
 21
434.0
 31
0.0
  0
LINE
  5
B8C
330
17
100
AcDbEntity
  8
QA_OVERLAY
100
AcDbLine
 10
216.0
 20
432.0
 30
0.0
 11
220.0
 21
432.0
 31
0.0
  0
LINE
  5
B8D
330
17
100
AcDbEntity
  8
QA_OVERLAY
100
AcDbLine
 10
218.0
 20
430.0
 30
0.0
 11
218.0
 21
434.0
 31
0.0
  0
ENDSEC
  0
SECTION
  2
OBJECTS
  0
DICTIONARY
  5
A
330
0
100
AcDbDictionary
281
1
  3
ACAD_COLOR
350
B
  3
ACAD_GROUP
350
C
  3
ACAD_LAYOUT
350
D
  3
ACAD_MATERIAL
350
E
  3
ACAD_MLEADERSTYLE
350
F
  3
ACAD_MLINESTYLE
350
10
  3
ACAD_PLOTSETTINGS
350
11
  3
ACAD_PLOTSTYLENAME
350
12
  3
ACAD_SCALELIST
350
14
  3
ACAD_TABLESTYLE
350
15
  3
ACAD_VISUALSTYLE
350
16
  3
EZDXF_META
350
2D
  0
DICTIONARY
  5
B
330
A
100
AcDbDictionary
281
1
  0
DICTIONARY
  5
C
330
A
100
AcDbDictionary
281
1
  0
DICTIONARY
  5
D
330
A
100
AcDbDictionary
281
1
  3
Model
350
1A
  3
Layout1
350
1E
  0
DICTIONARY
  5
E
330
A
100
AcDbDictionary
281
1
  3
ByBlock
350
1F
  3
ByLayer
350
20
  3
Global
350
21
  0
DICTIONARY
  5
F
330
A
100
AcDbDictionary
281
1
  3
Standard
350
2C
  0
DICTIONARY
  5
10
330
A
100
AcDbDictionary
281
1
  3
Standard
350
22
  0
DICTIONARY
  5
11
330
A
100
AcDbDictionary
281
1
  0
ACDBDICTIONARYWDFLT
  5
12
330
A
100
AcDbDictionary
281
1
  3
Normal
350
13
100
AcDbDictionaryWithDefault
340
13
  0
ACDBPLACEHOLDER
  5
13
330
12
  0
DICTIONARY
  5
14
330
A
100
AcDbDictionary
281
1
  0
DICTIONARY
  5
15
330
A
100
AcDbDictionary
281
1
  0
DICTIONARY
  5
16
330
A
100
AcDbDictionary
281
1
  3
2dWireframe
350
5A
  3
Basic
350
5B
  3
Brighten
350
5C
  3
ColorChange
350
5D
  3
Conceptual
350
5E
  3
Dim
350
5F
  3
EdgeColorOff
350
60
  3
Facepattern
350
61
  3
Flat
350
62
  3
FlatWithEdges
350
63
  3
Gouraud
350
64
  3
GouraudWithEdges
350
65
  3
Hidden
350
66
  3
JitterOff
350
67
  3
Linepattern
350
68
  3
Modeling
350
69
  3
OverhangOff
350
6A
  3
Realistic
350
6B
  3
Shaded
350
6C
  3
Shaded with edges
350
6D
  3
Shades of Gray
350
6E
  3
Sketchy
350
6F
  3
Thicken
350
70
  3
Wireframe
350
71
  3
X-Ray
350
72
  0
LAYOUT
  5
1A
330
D
100
AcDbPlotSettings
  1

  4
A3
  6

 40
7.5
 41
20.0
 42
7.5
 43
20.0
 44
420.0
 45
297.0
 46
0.0
 47
0.0
 48
0.0
 49
0.0
140
0.0
141
0.0
142
1.0
143
1.0
 70
1024
 72
1
 73
0
 74
5
  7

 75
16
 76
0
 77
2
 78
300
147
1.0
148
0.0
149
0.0
100
AcDbLayout
  1
Model
 70
1
 71
0
 10
0.0
 20
0.0
 11
420.0
 21
297.0
 12
0.0
 22
0.0
 32
0.0
 14
1e+20
 24
1e+20
 34
1e+20
 15
-1e+20
 25
-1e+20
 35
-1e+20
146
0.0
 13
0.0
 23
0.0
 33
0.0
 16
1.0
 26
0.0
 36
0.0
 17
0.0
 27
1.0
 37
0.0
 76
1
330
17
  0
LAYOUT
  5
1E
330
D
100
AcDbPlotSettings
  1

  4
A3
  6

 40
7.5
 41
20.0
 42
7.5
 43
20.0
 44
420.0
 45
297.0
 46
0.0
 47
0.0
 48
0.0
 49
0.0
140
0.0
141
0.0
142
1.0
143
1.0
 70
0
 72
1
 73
0
 74
5
  7

 75
16
 76
0
 77
2
 78
300
147
1.0
148
0.0
149
0.0
100
AcDbLayout
  1
Layout1
 70
1
 71
1
 10
0.0
 20
0.0
 11
420.0
 21
297.0
 12
0.0
 22
0.0
 32
0.0
 14
1e+20
 24
1e+20
 34
1e+20
 15
-1e+20
 25
-1e+20
 35
-1e+20
146
0.0
 13
0.0
 23
0.0
 33
0.0
 16
1.0
 26
0.0
 36
0.0
 17
0.0
 27
1.0
 37
0.0
 76
1
330
1B
  0
MATERIAL
  5
1F
102
{ACAD_REACTORS
330
E
102
}
330
E
100
AcDbMaterial
  1
ByBlock
  2

 70
0
 40
1.0
 71
1
 41
1.0
 91
-1023410177
 42
1.0
 72
1
  3

 73
1
 74
1
 75
1
 44
0.5
 73
0
 45
1.0
 46
1.0
 77
1
  4

 78
1
 79
1
170
1
 48
1.0
171
1
  6

172
1
173
1
174
1
140
1.0
141
1.0
175
1
  7

176
1
177
1
178
1
143
1.0
179
1
  8

270
1
271
1
272
1
145
1.0
146
1.0
273
1
  9

274
1
275
1
276
1
 42
1.0
 72
1
  3

 73
1
 74
1
 75
1
 94
63
  0
MATERIAL
  5
20
102
{ACAD_REACTORS
330
E
102
}
330
E
100
AcDbMaterial
  1
ByLayer
  2

 70
0
 40
1.0
 71
1
 41
1.0
 91
-1023410177
 42
1.0
 72
1
  3

 73
1
 74
1
 75
1
 44
0.5
 73
0
 45
1.0
 46
1.0
 77
1
  4

 78
1
 79
1
170
1
 48
1.0
171
1
  6

172
1
173
1
174
1
140
1.0
141
1.0
175
1
  7

176
1
177
1
178
1
143
1.0
179
1
  8

270
1
271
1
272
1
145
1.0
146
1.0
273
1
  9

274
1
275
1
276
1
 42
1.0
 72
1
  3

 73
1
 74
1
 75
1
 94
63
  0
MATERIAL
  5
21
102
{ACAD_REACTORS
330
E
102
}
330
E
100
AcDbMaterial
  1
Global
  2

 70
0
 40
1.0
 71
1
 41
1.0
 91
-1023410177
 42
1.0
 72
1
  3

 73
1
 74
1
 75
1
 44
0.5
 73
0
 45
1.0
 46
1.0
 77
1
  4

 78
1
 79
1
170
1
 48
1.0
171
1
  6

172
1
173
1
174
1
140
1.0
141
1.0
175
1
  7

176
1
177
1
178
1
143
1.0
179
1
  8

270
1
271
1
272
1
145
1.0
146
1.0
273
1
  9

274
1
275
1
276
1
 42
1.0
 72
1
  3

 73
1
 74
1
 75
1
 94
63
  0
MLINESTYLE
  5
22
102
{ACAD_REACTORS
330
10
102
}
330
10
100
AcDbMlineStyle
  2
Standard
 70
0
  3

 62
256
 51
90.0
 52
90.0
 71
2
 49
0.5
 62
256
  6
BYLAYER
 49
-0.5
 62
256
  6
BYLAYER
  0
MLEADERSTYLE
  5
2C
102
{ACAD_REACTORS
330
F
102
}
330
F
100
AcDbMLeaderStyle
179
2
170
2
171
1
172
0
 90
2
 40
0.0
 41
0.0
173
1
 91
-1056964608
 92
-2
290
1
 42
2.0
291
1
 43
8.0
  3
Standard
 44
4.0
300

342
29
174
1
175
1
176
0
178
1
 93
-1056964608
 45
4.0
292
0
297
0
 46
4.0
 94
-1056964608
 47
1.0
 49
1.0
140
1.0
294
1
141
0.0
177
0
142
1.0
295
0
296
0
143
3.75
271
0
272
9
273
9
  0
DICTIONARY
  5
2D
330
A
100
AcDbDictionary
280
1
281
1
  3
CREATED_BY_EZDXF
350
2E
  3
WRITTEN_BY_EZDXF
350
B90
  0
DICTIONARYVAR
  5
2E
330
2D
100
DictionaryVariables
280
0
  1
1.4.3 @ 2026-05-07T05:09:14.495706+00:00
  0
VISUALSTYLE
  5
5A
102
{ACAD_REACTORS
330
16
102
}
330
16
100
AcDbVisualStyle
  2
2dWireframe
 70
4
 90
0
 40
0.6
 62
7
290
0
291
0
  0
VISUALSTYLE
  5
5B
102
{ACAD_REACTORS
330
16
102
}
330
16
100
AcDbVisualStyle
  2
Basic
 70
7
 90
1
 40
0.6
 62
7
290
0
291
1
  0
VISUALSTYLE
  5
5C
102
{ACAD_REACTORS
330
16
102
}
330
16
100
AcDbVisualStyle
  2
Brighten
 70
12
 90
2
 40
0.6
 62
7
290
0
291
1
  0
VISUALSTYLE
  5
5D
102
{ACAD_REACTORS
330
16
102
}
330
16
100
AcDbVisualStyle
  2
ColorChange
 70
16
 90
2
 40
0.6
 62
8
290
0
291
1
  0
VISUALSTYLE
  5
5E
102
{ACAD_REACTORS
330
16
102
}
330
16
100
AcDbVisualStyle
  2
Conceptual
 70
9
 90
3
 40
0.6
 62
7
290
0
291
0
  0
VISUALSTYLE
  5
5F
102
{ACAD_REACTORS
330
16
102
}
330
16
100
AcDbVisualStyle
  2
Dim
 70
11
 90
2
 40
0.6
 62
7
290
0
291
1
  0
VISUALSTYLE
  5
60
102
{ACAD_REACTORS
330
16
102
}
330
16
100
AcDbVisualStyle
  2
EdgeColorOff
 70
22
 90
2
 40
0.6
 62
7
290
0
291
1
  0
VISUALSTYLE
  5
61
102
{ACAD_REACTORS
330
16
102
}
330
16
100
AcDbVisualStyle
  2
Facepattern
 70
15
 90
2
 40
0.6
 62
7
290
0
291
1
  0
VISUALSTYLE
  5
62
102
{ACAD_REACTORS
330
16
102
}
330
16
100
AcDbVisualStyle
  2
Flat
 70
0
 90
2
 40
0.6
 62
7
290
0
291
1
  0
VISUALSTYLE
  5
63
102
{ACAD_REACTORS
330
16
102
}
330
16
100
AcDbVisualStyle
  2
FlatWithEdges
 70
1
 90
2
 40
0.6
 62
7
290
0
291
1
  0
VISUALSTYLE
  5
64
102
{ACAD_REACTORS
330
16
102
}
330
16
100
AcDbVisualStyle
  2
Gouraud
 70
2
 90
2
 40
0.6
 62
7
290
0
291
1
  0
VISUALSTYLE
  5
65
102
{ACAD_REACTORS
330
16
102
}
330
16
100
AcDbVisualStyle
  2
GouraudWithEdges
 70
3
 90
2
 40
0.6
 62
7
290
0
291
1
  0
VISUALSTYLE
  5
66
102
{ACAD_REACTORS
330
16
102
}
330
16
100
AcDbVisualStyle
  2
Hidden
 70
6
 90
1
 40
0.6
 62
7
290
0
291
0
  0
VISUALSTYLE
  5
67
102
{ACAD_REACTORS
330
16
102
}
330
16
100
AcDbVisualStyle
  2
JitterOff
 70
20
 90
2
 40
0.6
 62
7
290
0
291
1
  0
VISUALSTYLE
  5
68
102
{ACAD_REACTORS
330
16
102
}
330
16
100
AcDbVisualStyle
  2
Linepattern
 70
14
 90
2
 40
0.6
 62
7
290
0
291
1
  0
VISUALSTYLE
  5
69
102
{ACAD_REACTORS
330
16
102
}
330
16
100
AcDbVisualStyle
  2
Modeling
 70
10
 90
2
 40
0.6
 62
7
290
0
291
0
  0
VISUALSTYLE
  5
6A
102
{ACAD_REACTORS
330
16
102
}
330
16
100
AcDbVisualStyle
  2
OverhangOff
 70
21
 90
2
 40
0.6
 62
7
290
0
291
1
  0
VISUALSTYLE
  5
6B
102
{ACAD_REACTORS
330
16
102
}
330
16
100
AcDbVisualStyle
  2
Realistic
 70
8
 90
2
 40
0.6
 62
7
290
0
291
0
  0
VISUALSTYLE
  5
6C
102
{ACAD_REACTORS
330
16
102
}
330
16
100
AcDbVisualStyle
  2
Shaded
 70
27
 90
2
 40
0.6
 62
7
290
0
291
0
  0
VISUALSTYLE
  5
6D
102
{ACAD_REACTORS
330
16
102
}
330
16
100
AcDbVisualStyle
  2
Shaded with edges
 70
26
 90
2
 40
0.6
 62
7
290
0
291
0
  0
VISUALSTYLE
  5
6E
102
{ACAD_REACTORS
330
16
102
}
330
16
100
AcDbVisualStyle
  2
Shades of Gray
 70
23
 90
2
 40
0.6
 62
7
290
0
291
0
  0
VISUALSTYLE
  5
6F
102
{ACAD_REACTORS
330
16
102
}
330
16
100
AcDbVisualStyle
  2
Sketchy
 70
24
 90
1
 40
0.6
 62
7
290
0
291
0
  0
VISUALSTYLE
  5
70
102
{ACAD_REACTORS
330
16
102
}
330
16
100
AcDbVisualStyle
  2
Thicken
 70
13
 90
2
 40
0.6
 62
7
290
0
291
1
  0
VISUALSTYLE
  5
71
102
{ACAD_REACTORS
330
16
102
}
330
16
100
AcDbVisualStyle
  2
Wireframe
 70
5
 90
0
 40
0.6
 62
7
290
0
291
0
  0
VISUALSTYLE
  5
72
102
{ACAD_REACTORS
330
16
102
}
330
16
100
AcDbVisualStyle
  2
X-Ray
 70
25
 90
2
 40
0.5
 62
7
290
0
291
0
  0
DICTIONARYVAR
  5
B90
330
2D
100
DictionaryVariables
280
0
  1
1.4.3 @ 2026-05-07T05:09:14.554644+00:00
  0
ENDSEC
  0
EOF
