999
dxfrw 0.6.3
  0
SECTION
  2
HEADER
  9
$ACADVER
  1
AC1021
  9
$DWGCODEPAGE
  3
ANSI_1252
  9
$INSBASE
 10
0
 20
0
 30
0
  9
$EXTMIN
 10
39.8419727974302
 20
-0.1093746811023622
 30
0
  9
$EXTMAX
 10
74.44372309471008
 20
38.12062527180226
 30
0
  9
$LIMMIN
 10
0
 20
0
  9
$LIMMAX
 10
12
 20
9
  9
$ORTHOMODE
 70
    0
  9
$REGENMODE
 70
    1
  9
$FILLMODE
 70
    1
  9
$QTEXTMODE
 70
    0
  9
$MIRRTEXT
 70
    0
  9
$LTSCALE
 40
1
  9
$ATTMODE
 70
    1
  9
$TEXTSIZE
 40
0.2
  9
$TRACEWID
 40
0.05
  9
$TEXTSTYLE
  7
Standard
  9
$CLAYER
  8
0
  9
$CELTYPE
  6
ByLayer
  9
$CECOLOR
 62
  256
  9
$CELTSCALE
 40
1
  9
$DISPSILH
 70
    0
  9
$DIMSCALE
 40
1
  9
$DIMASZ
 40
0.18
  9
$DIMEXO
 40
0.0625
  9
$DIMDLI
 40
0.38
  9
$DIMRND
 40
0
  9
$DIMDLE
 40
0
  9
$DIMEXE
 40
0.18
  9
$DIMTP
 40
0
  9
$DIMTM
 40
0
  9
$DIMTXT
 40
0.18
  9
$DIMCEN
 40
0.09
  9
$DIMTSZ
 40
0
  9
$DIMTOL
 70
    0
  9
$DIMLIM
 70
    0
  9
$DIMTIH
 70
    1
  9
$DIMTOH
 70
    1
  9
$DIMSE1
 70
    0
  9
$DIMSE2
 70
    0
  9
$DIMTAD
 70
    0
  9
$DIMZIN
 70
    0
  9
$DIMBLK
  1

  9
$DIMASO
 70
    1
  9
$DIMSHO
 70
    1
  9
$DIMPOST
  1

  9
$DIMAPOST
  1

  9
$DIMALT
 70
    0
  9
$DIMALTD
 70
    2
  9
$DIMALTF
 40
25.4
  9
$DIMLFAC
 40
1
  9
$DIMTOFL
 70
    0
  9
$DIMTVP
 40
0
  9
$DIMTIX
 70
    0
  9
$DIMSOXD
 70
    0
  9
$DIMSAH
 70
    0
  9
$DIMBLK1
  1

  9
$DIMBLK2
  1

  9
$DIMSTYLE
  2
Standard
  9
$DIMCLRD
 70
    0
  9
$DIMCLRE
 70
    0
  9
$DIMCLRT
 70
    0
  9
$DIMTFAC
 40
1
  9
$DIMGAP
 40
0.09
  9
$DIMJUST
 70
    0
  9
$DIMSD1
 70
    0
  9
$DIMSD2
 70
    0
  9
$DIMTOLJ
 70
    1
  9
$DIMTZIN
 70
    0
  9
$DIMALTZ
 70
    0
  9
$DIMALTTZ
 70
    0
  9
$DIMUPT
 70
    0
  9
$DIMDEC
 70
    4
  9
$DIMTDEC
 70
    4
  9
$DIMALTU
 70
    2
  9
$DIMALTTD
 70
    2
  9
$DIMTXSTY
  7
Standard
  9
$DIMAUNIT
 70
    0
  9
$DIMADEC
 70
    0
  9
$DIMALTRND
 40
0
  9
$DIMAZIN
 70
    0
  9
$DIMDSEP
 70
   46
  9
$DIMATFIT
 70
    3
  9
$DIMFRAC
 70
    0
  9
$DIMLDRBLK
  1

  9
$DIMLUNIT
 70
    2
  9
$DIMLWD
 70
   -2
  9
$DIMLWE
 70
   -2
  9
$DIMTMOVE
 70
    0
  9
$DIMFXL
 40
1
  9
$DIMFXLON
 70
    0
  9
$DIMJOGANG
 40
0.7854
  9
$DIMTFILL
 70
    0
  9
$DIMTFILLCLR
 70
    0
  9
$DIMARCSYM
 70
    0
  9
$DIMLTYPE
  6

  9
$DIMLTEX1
  6

  9
$DIMLTEX2
  6

  9
$LUNITS
 70
    2
  9
$LUPREC
 70
    4
  9
$SKETCHINC
 40
0.1
  9
$FILLETRAD
 40
0
  9
$AUNITS
 70
    0
  9
$AUPREC
 70
    0
  9
$MENU
  1
.
  9
$ELEVATION
 40
0
  9
$PELEVATION
 40
0
  9
$THICKNESS
 40
0
  9
$LIMCHECK
 70
    0
  9
$CHAMFERA
 40
0
  9
$CHAMFERB
 40
0
  9
$CHAMFERC
 40
0
  9
$CHAMFERD
 40
0
  9
$SKPOLY
 70
    0
  9
$USRTIMER
 70
    1
  9
$ANGBASE
 50
0
  9
$ANGDIR
 70
    0
  9
$PDMODE
 70
    0
  9
$PDSIZE
 40
0
  9
$PLINEWID
 40
0
  9
$SPLFRAME
 70
    0
  9
$SPLINETYPE
 70
    6
  9
$SPLINESEGS
 70
    8
  9
$HANDSEED
  5
20000
  9
$SURFTAB1
 70
    6
  9
$SURFTAB2
 70
    6
  9
$SURFTYPE
 70
    6
  9
$SURFU
 70
    6
  9
$SURFV
 70
    6
  9
$UCSBASE
  2

  9
$UCSNAME
  2

  9
$UCSORG
 10
0
 20
0
 30
0
  9
$UCSXDIR
 10
1
 20
0
 30
0
  9
$UCSYDIR
 10
0
 20
1
 30
0
  9
$UCSORTHOREF
  2

  9
$UCSORTHOVIEW
 70
    0
  9
$UCSORGTOP
 10
0
 20
0
 30
0
  9
$UCSORGBOTTOM
 10
0
 20
0
 30
0
  9
$UCSORGLEFT
 10
0
 20
0
 30
0
  9
$UCSORGRIGHT
 10
0
 20
0
 30
0
  9
$UCSORGFRONT
 10
0
 20
0
 30
0
  9
$UCSORGBACK
 10
0
 20
0
 30
0
  9
$PUCSBASE
  2

  9
$PUCSNAME
  2

  9
$PUCSORG
 10
0
 20
0
 30
0
  9
$PUCSXDIR
 10
1
 20
0
 30
0
  9
$PUCSYDIR
 10
0
 20
1
 30
0
  9
$PUCSORTHOREF
  2

  9
$PUCSORTHOVIEW
 70
    0
  9
$PUCSORGTOP
 10
0
 20
0
 30
0
  9
$PUCSORGBOTTOM
 10
0
 20
0
 30
0
  9
$PUCSORGLEFT
 10
0
 20
0
 30
0
  9
$PUCSORGRIGHT
 10
0
 20
0
 30
0
  9
$PUCSORGFRONT
 10
0
 20
0
 30
0
  9
$PUCSORGBACK
 10
0
 20
0
 30
0
  9
$USERI1
 70
    0
  9
$USERI2
 70
    0
  9
$USERI3
 70
    0
  9
$USERI4
 70
    0
  9
$USERI5
 70
    0
  9
$USERR1
 40
0
  9
$USERR2
 40
0
  9
$USERR3
 40
0
  9
$USERR4
 40
0
  9
$USERR5
 40
0
  9
$WORLDVIEW
 70
    1
  9
$SHADEDGE
 70
    3
  9
$SHADEDIF
 70
   70
  9
$TILEMODE
 70
    1
  9
$MAXACTVP
 70
   64
  9
$PINSBASE
 10
0
 20
0
 30
0
  9
$PLIMCHECK
 70
    0
  9
$PEXTMIN
 10
0
 20
0
 30
0
  9
$PEXTMAX
 10
0
 20
0
 30
0
  9
$GRIDMODE
 70
    1
  9
$SNAPSTYLE
 70
    0
  9
$PLIMMIN
 10
0
 20
0
  9
$PLIMMAX
 10
12
 20
9
  9
$UNITMODE
 70
    0
  9
$VISRETAIN
 70
    1
  9
$PLINEGEN
 70
    0
  9
$PSLTSCALE
 70
    1
  9
$TREEDEPTH
 70
 3020
  9
$CMLSTYLE
  2
Standard
  9
$CMLJUST
 70
    0
  9
$CMLSCALE
 40
1
  9
$PROXYGRAPHICS
 70
    1
  9
$MEASUREMENT
 70
    0
  9
$CELWEIGHT
370
   -1
  9
$ENDCAPS
280
    0
  9
$JOINSTYLE
280
    0
  9
$LWDISPLAY
290
    0
  9
$INSUNITS
 70
    1
  9
$HYPERLINKBASE
  1

  9
$STYLESHEET
  1

  9
$XEDIT
290
    1
  9
$CEPSNTYPE
380
    0
  9
$PSTYLEMODE
290
    1
  9
$EXTNAMES
290
    1
  9
$PSVPSCALE
 40
0
  9
$OLESTARTUP
290
    0
  9
$SORTENTS
280
  127
  9
$INDEXCTL
280
    0
  9
$HIDETEXT
280
    1
  9
$XCLIPFRAME
290
    0
  9
$HALOGAP
280
    0
  9
$OBSCOLOR
 70
  257
  9
$OBSLTYPE
280
    0
  9
$INTERSECTIONDISPLAY
280
    0
  9
$INTERSECTIONCOLOR
 70
  257
  9
$DIMASSOC
280
    2
  9
$PROJECTNAME
  1

  9
$CAMERADISPLAY
290
    0
  9
$LENSLENGTH
 40
50
  9
$CAMERAHEIGHT
 40
0
  9
$STEPSPERSEC
 40
2
  9
$STEPSIZE
 40
50
  9
$3DDWFPREC
 40
2
  9
$PSOLWIDTH
 40
5
  9
$PSOLHEIGHT
 40
80
  9
$LOFTANG1
 40
1.570796326794897
  9
$LOFTANG2
 40
1.570796326794897
  9
$LOFTMAG1
 40
0
  9
$LOFTMAG2
 40
0
  9
$LOFTPARAM
 70
    7
  9
$LOFTNORMALS
280
    1
  9
$LATITUDE
 40
1
  9
$LONGITUDE
 40
1
  9
$NORTHDIRECTION
 40
0
  9
$TIMEZONE
 70
-8000
  9
$LIGHTGLYPHDISPLAY
280
    1
  9
$TILEMODELIGHTSYNCH
280
    1
  9
$SOLIDHIST
280
    1
  9
$SHOWHIST
280
    1
  9
$DWFFRAME
280
    2
  9
$DGNFRAME
280
    0
  9
$REALWORLDSCALE
290
    1
  9
$INTERFERECOLOR
 62
    1
  9
$CSHADOW
280
    0
  9
$SHADOWPLANELOCATION
 40
0
  0
ENDSEC
  0
SECTION
  2
CLASSES
  0
ENDSEC
  0
SECTION
  2
TABLES
  0
TABLE
  2
VPORT
  5
8
330
0
100
AcDbSymbolTable
 70
    1
  0
VPORT
  5
31
330
2
100
AcDbSymbolTableRecord
100
AcDbViewportTableRecord
  2
*ACTIVE
 70
    0
 10
0
 20
0
 11
1
 21
1
 12
23.08620035222671
 22
14.27486808676514
 13
0
 23
0
 14
10
 24
10
 15
10
 25
10
 16
0
 26
0
 36
1
 17
0
 27
0
 37
0
 40
0.4475057852597007
 41
1.974683544303798
 42
50
 43
0
 44
0
 50
0
 51
0
 71
    0
 72
  100
 73
    1
 74
    3
 75
    0
 76
    1
 77
    0
 78
    0
281
    0
 65
    1
110
0
120
0
130
0
111
1
121
0
131
0
112
0
122
1
132
0
 79
    0
146
0
348
10020
 60
    7
 61
    5
292
1
282
    1
141
0
142
0
 63
  250
421
3358443
  0
ENDTAB
  0
TABLE
  2
LTYPE
  5
5
330
0
100
AcDbSymbolTable
 70
    4
  0
LTYPE
  5
14
330
5
100
AcDbSymbolTableRecord
100
AcDbLinetypeTableRecord
  2
ByBlock
 70
    0
  3

 72
   65
 73
    0
 40
0
  0
LTYPE
  5
15
330
5
100
AcDbSymbolTableRecord
100
AcDbLinetypeTableRecord
  2
ByLayer
 70
    0
  3

 72
   65
 73
    0
 40
0
  0
LTYPE
  5
16
330
5
100
AcDbSymbolTableRecord
100
AcDbLinetypeTableRecord
  2
Continuous
 70
    0
  3
Solid line
 72
   65
 73
    0
 40
0
  0
LTYPE
  5
32
330
5
100
AcDbSymbolTableRecord
100
AcDbLinetypeTableRecord
  2
DOT
 70
    0
  3
Dot . . . . . . . . . . . . . . . . . . . . . .
 72
   65
 73
    2
 40
6.35
 49
0
 74
    0
 49
-6.35
 74
    0
  0
LTYPE
  5
33
330
5
100
AcDbSymbolTableRecord
100
AcDbLinetypeTableRecord
  2
DOTTINY
 70
    0
  3
Dot (.15x) .....................................
 72
   65
 73
    2
 40
0.9525
 49
0
 74
    0
 49
-0.9525
 74
    0
  0
LTYPE
  5
34
330
5
100
AcDbSymbolTableRecord
100
AcDbLinetypeTableRecord
  2
DOT2
 70
    0
  3
Dot (.5x) .....................................
 72
   65
 73
    2
 40
3.175
 49
0
 74
    0
 49
-3.175
 74
    0
  0
LTYPE
  5
35
330
5
100
AcDbSymbolTableRecord
100
AcDbLinetypeTableRecord
  2
DOTX2
 70
    0
  3
Dot (2x) .  .  .  .  .  .  .  .  .  .  .  .  .
 72
   65
 73
    2
 40
12.7
 49
0
 74
    0
 49
-12.7
 74
    0
  0
LTYPE
  5
36
330
5
100
AcDbSymbolTableRecord
100
AcDbLinetypeTableRecord
  2
DASHED
 70
    0
  3
Dashed _ _ _ _ _ _ _ _ _ _ _ _ _ _ _ _ _
 72
   65
 73
    2
 40
19.05
 49
12.7
 74
    0
 49
-6.35
 74
    0
  0
LTYPE
  5
37
330
5
100
AcDbSymbolTableRecord
100
AcDbLinetypeTableRecord
  2
DASHEDTINY
 70
    0
  3
Dashed (.15x) _ _ _ _ _ _ _ _ _ _ _ _ _ _ _ _ _
 72
   65
 73
    2
 40
2.8575
 49
1.905
 74
    0
 49
-0.9525
 74
    0
  0
LTYPE
  5
38
330
5
100
AcDbSymbolTableRecord
100
AcDbLinetypeTableRecord
  2
DASHED2
 70
    0
  3
Dashed (.5x) _ _ _ _ _ _ _ _ _ _ _ _ _ _ _ _ _
 72
   65
 73
    2
 40
9.524999999999999
 49
6.35
 74
    0
 49
-3.175
 74
    0
  0
LTYPE
  5
39
330
5
100
AcDbSymbolTableRecord
100
AcDbLinetypeTableRecord
  2
DASHEDX2
 70
    0
  3
Dashed (2x) ____  ____  ____  ____  ____  ___
 72
   65
 73
    2
 40
38.09999999999999
 49
25.4
 74
    0
 49
-12.7
 74
    0
  0
LTYPE
  5
3A
330
5
100
AcDbSymbolTableRecord
100
AcDbLinetypeTableRecord
  2
DASHDOT
 70
    0
  3
Dash dot __ . __ . __ . __ . __ . __ . __ . __
 72
   65
 73
    4
 40
25.4
 49
12.7
 74
    0
 49
-6.35
 74
    0
 49
0
 74
    0
 49
-6.35
 74
    0
  0
LTYPE
  5
3B
330
5
100
AcDbSymbolTableRecord
100
AcDbLinetypeTableRecord
  2
DASHDOTTINY
 70
    0
  3
Dash dot (.15x) _._._._._._._._._._._._._._._.
 72
   65
 73
    4
 40
3.81
 49
1.905
 74
    0
 49
-0.9525
 74
    0
 49
0
 74
    0
 49
-0.9525
 74
    0
  0
LTYPE
  5
3C
330
5
100
AcDbSymbolTableRecord
100
AcDbLinetypeTableRecord
  2
DASHDOT2
 70
    0
  3
Dash dot (.5x) _._._._._._._._._._._._._._._.
 72
   65
 73
    4
 40
12.7
 49
6.35
 74
    0
 49
-3.175
 74
    0
 49
0
 74
    0
 49
-3.175
 74
    0
  0
LTYPE
  5
3D
330
5
100
AcDbSymbolTableRecord
100
AcDbLinetypeTableRecord
  2
DASHDOTX2
 70
    0
  3
Dash dot (2x) ____  .  ____  .  ____  .  ___
 72
   65
 73
    4
 40
50.8
 49
25.4
 74
    0
 49
-12.7
 74
    0
 49
0
 74
    0
 49
-12.7
 74
    0
  0
LTYPE
  5
3E
330
5
100
AcDbSymbolTableRecord
100
AcDbLinetypeTableRecord
  2
DIVIDE
 70
    0
  3
Divide ____ . . ____ . . ____ . . ____ . . ____
 72
   65
 73
    6
 40
31.75
 49
12.7
 74
    0
 49
-6.35
 74
    0
 49
0
 74
    0
 49
-6.35
 74
    0
 49
0
 74
    0
 49
-6.35
 74
    0
  0
LTYPE
  5
3F
330
5
100
AcDbSymbolTableRecord
100
AcDbLinetypeTableRecord
  2
DIVIDETINY
 70
    0
  3
Divide (.15x) __..__..__..__..__..__..__..__.._
 72
   65
 73
    6
 40
4.7625
 49
1.905
 74
    0
 49
-0.9525
 74
    0
 49
0
 74
    0
 49
-0.9525
 74
    0
 49
0
 74
    0
 49
-0.9525
 74
    0
  0
LTYPE
  5
40
330
5
100
AcDbSymbolTableRecord
100
AcDbLinetypeTableRecord
  2
DIVIDE2
 70
    0
  3
Divide (.5x) __..__..__..__..__..__..__..__.._
 72
   65
 73
    6
 40
15.875
 49
6.35
 74
    0
 49
-3.175
 74
    0
 49
0
 74
    0
 49
-3.175
 74
    0
 49
0
 74
    0
 49
-3.175
 74
    0
  0
LTYPE
  5
41
330
5
100
AcDbSymbolTableRecord
100
AcDbLinetypeTableRecord
  2
DIVIDEX2
 70
    0
  3
Divide (2x) ________  .  .  ________  .  .  _
 72
   65
 73
    6
 40
63.5
 49
25.4
 74
    0
 49
-12.7
 74
    0
 49
0
 74
    0
 49
-12.7
 74
    0
 49
0
 74
    0
 49
-12.7
 74
    0
  0
LTYPE
  5
42
330
5
100
AcDbSymbolTableRecord
100
AcDbLinetypeTableRecord
  2
BORDER
 70
    0
  3
Border __ __ . __ __ . __ __ . __ __ . __ __ .
 72
   65
 73
    6
 40
44.45
 49
12.7
 74
    0
 49
-6.35
 74
    0
 49
12.7
 74
    0
 49
-6.35
 74
    0
 49
0
 74
    0
 49
-6.35
 74
    0
  0
LTYPE
  5
43
330
5
100
AcDbSymbolTableRecord
100
AcDbLinetypeTableRecord
  2
BORDERTINY
 70
    0
  3
Border (.15x) __.__.__.__.__.__.__.__.__.__.__.
 72
   65
 73
    6
 40
6.6675
 49
1.905
 74
    0
 49
-0.9525
 74
    0
 49
1.905
 74
    0
 49
-0.9525
 74
    0
 49
0
 74
    0
 49
-0.9525
 74
    0
  0
LTYPE
  5
44
330
5
100
AcDbSymbolTableRecord
100
AcDbLinetypeTableRecord
  2
BORDER2
 70
    0
  3
Border (.5x) __.__.__.__.__.__.__.__.__.__.__.
 72
   65
 73
    6
 40
22.225
 49
6.35
 74
    0
 49
-3.175
 74
    0
 49
6.35
 74
    0
 49
-3.175
 74
    0
 49
0
 74
    0
 49
-3.175
 74
    0
  0
LTYPE
  5
45
330
5
100
AcDbSymbolTableRecord
100
AcDbLinetypeTableRecord
  2
BORDERX2
 70
    0
  3
Border (2x) ____  ____  .  ____  ____  .  ___
 72
   65
 73
    6
 40
88.89999999999999
 49
25.4
 74
    0
 49
-12.7
 74
    0
 49
25.4
 74
    0
 49
-12.7
 74
    0
 49
0
 74
    0
 49
-12.7
 74
    0
  0
LTYPE
  5
46
330
5
100
AcDbSymbolTableRecord
100
AcDbLinetypeTableRecord
  2
CENTER
 70
    0
  3
Center ____ _ ____ _ ____ _ ____ _ ____ _ ____
 72
   65
 73
    4
 40
50.8
 49
31.75
 74
    0
 49
-6.35
 74
    0
 49
6.35
 74
    0
 49
-6.35
 74
    0
  0
LTYPE
  5
47
330
5
100
AcDbSymbolTableRecord
100
AcDbLinetypeTableRecord
  2
CENTERTINY
 70
    0
  3
Center (.15x) ___ _ ___ _ ___ _ ___ _ ___ _ ___
 72
   65
 73
    4
 40
7.619999999999999
 49
4.7625
 74
    0
 49
-0.9525
 74
    0
 49
0.9525
 74
    0
 49
-0.9525
 74
    0
  0
LTYPE
  5
48
330
5
100
AcDbSymbolTableRecord
100
AcDbLinetypeTableRecord
  2
CENTER2
 70
    0
  3
Center (.5x) ___ _ ___ _ ___ _ ___ _ ___ _ ___
 72
   65
 73
    4
 40
28.575
 49
19.05
 74
    0
 49
-3.175
 74
    0
 49
3.175
 74
    0
 49
-3.175
 74
    0
  0
LTYPE
  5
49
330
5
100
AcDbSymbolTableRecord
100
AcDbLinetypeTableRecord
  2
CENTERX2
 70
    0
  3
Center (2x) ________  __  ________  __  _____
 72
   65
 73
    4
 40
101.6
 49
63.5
 74
    0
 49
-12.7
 74
    0
 49
12.7
 74
    0
 49
-12.7
 74
    0
  0
ENDTAB
  0
TABLE
  2
LAYER
  5
2
330
0
100
AcDbSymbolTable
 70
    1
  0
LAYER
  5
10
330
2
100
AcDbSymbolTableRecord
100
AcDbLayerTableRecord
  2
0
 70
    0
 62
    7
  6
CONTINUOUS
370
   -3
390
F
  0
LAYER
  5
4A
330
2
100
AcDbSymbolTableRecord
100
AcDbLayerTableRecord
  2
EQUIP
 70
    0
 62
    3
  6
CONTINUOUS
370
   -3
390
F
  0
LAYER
  5
4B
330
2
100
AcDbSymbolTableRecord
100
AcDbLayerTableRecord
  2
GRAPH
 70
    0
 62
    6
  6
CONTINUOUS
370
   -3
390
F
  0
LAYER
  5
4C
330
2
100
AcDbSymbolTableRecord
100
AcDbLayerTableRecord
  2
INST-1
 70
    0
 62
    4
  6
CONTINUOUS
370
   -3
390
F
  0
LAYER
  5
4D
330
2
100
AcDbSymbolTableRecord
100
AcDbLayerTableRecord
  2
MAJOR-1
 70
    0
 62
    2
  6
CONTINUOUS
370
   -3
390
F
  0
LAYER
  5
4E
330
2
100
AcDbSymbolTableRecord
100
AcDbLayerTableRecord
  2
MAJOR-2
 70
    0
 62
    1
  6
CONTINUOUS
370
   -3
390
F
  0
LAYER
  5
4F
330
2
100
AcDbSymbolTableRecord
100
AcDbLayerTableRecord
  2
Minor-1
 70
    0
 62
    4
  6
CONTINUOUS
370
   -3
390
F
  0
LAYER
  5
50
330
2
100
AcDbSymbolTableRecord
100
AcDbLayerTableRecord
  2
Minor-2
 70
    0
 62
    6
  6
CONTINUOUS
370
   -3
390
F
  0
LAYER
  5
51
330
2
100
AcDbSymbolTableRecord
100
AcDbLayerTableRecord
  2
TEXT
 70
    0
 62
    7
  6
CONTINUOUS
370
   -3
390
F
  0
LAYER
  5
52
330
2
100
AcDbSymbolTableRecord
100
AcDbLayerTableRecord
  2
VESS
 70
    0
 62
    2
  6
CONTINUOUS
370
   -3
390
F
  0
ENDTAB
  0
TABLE
  2
STYLE
  5
3
330
0
100
AcDbSymbolTable
 70
    3
  0
STYLE
  5
53
330
2
100
AcDbSymbolTableRecord
100
AcDbTextStyleTableRecord
  2
STANDARD
 70
    0
 40
0
 41
1
 50
0
 71
    0
 42
1
  3
STANDARD
  4

  0
ENDTAB
  0
TABLE
  2
VIEW
  5
6
330
0
100
AcDbSymbolTable
 70
    0
  0
ENDTAB
  0
TABLE
  2
UCS
  5
7
330
0
100
AcDbSymbolTable
 70
    0
  0
ENDTAB
  0
TABLE
  2
APPID
  5
9
330
0
100
AcDbSymbolTable
 70
    1
  0
APPID
  5
12
330
9
100
AcDbSymbolTableRecord
100
AcDbRegAppTableRecord
  2
ACAD
 70
    0
  0
APPID
  5
54
330
9
100
AcDbSymbolTableRecord
100
AcDbRegAppTableRecord
  2
LibreCad
 70
    0
  0
ENDTAB
  0
TABLE
  2
DIMSTYLE
  5
A
330
0
100
AcDbSymbolTable
 70
    1
100
AcDbDimStyleTable
 71
    1
  0
DIMSTYLE
105
55
330
A
100
AcDbSymbolTableRecord
100
AcDbDimStyleTableRecord
  2
Standard
 70
    0
 40
1
 41
0.18
 42
0.0625
 43
0.38
 44
0.18
 45
0
 46
0
 47
0
 48
0
 49
1
140
0.18
141
0.09
142
0
143
25.4
144
1
145
0
146
1
147
0.09
148
0
 71
    0
 72
    0
 73
    1
 74
    1
 75
    0
 76
    0
 77
    0
 78
    0
 79
    0
170
    0
171
    2
172
    0
173
    0
174
    0
175
    0
176
    0
177
    0
178
    0
179
    0
271
    4
272
    4
273
    2
274
    2
275
    0
276
    0
277
    2
278
   46
279
    0
280
    0
281
    0
282
    0
283
    1
284
    0
285
    0
286
    0
288
    0
289
    3
340
53
  0
ENDTAB
  0
TABLE
  2
BLOCK_RECORD
  5
1
330
0
100
AcDbSymbolTable
 70
    2
  0
BLOCK_RECORD
  5
1F
330
1
100
AcDbSymbolTableRecord
100
AcDbBlockTableRecord
  2
*Model_Space
 70
    0
280
    1
281
    0
  0
BLOCK_RECORD
  5
1E
330
1
100
AcDbSymbolTableRecord
100
AcDbBlockTableRecord
  2
*Paper_Space
 70
    0
280
    1
281
    0
  0
BLOCK_RECORD
  5
56
330
1
100
AcDbSymbolTableRecord
100
AcDbBlockTableRecord
  2
VAL_BALL
 70
    0
280
    1
281
    0
  0
BLOCK_RECORD
  5
59
330
1
100
AcDbSymbolTableRecord
100
AcDbBlockTableRecord
  2
REDUCER_CONC
 70
    0
280
    1
281
    0
  0
BLOCK_RECORD
  5
5C
330
1
100
AcDbSymbolTableRecord
100
AcDbBlockTableRecord
  2
ARROW_1
 70
    0
280
    1
281
    0
  0
BLOCK_RECORD
  5
5F
330
1
100
AcDbSymbolTableRecord
100
AcDbBlockTableRecord
  2
DI_LOCAL
 70
    0
280
    1
281
    0
  0
BLOCK_RECORD
  5
62
330
1
100
AcDbSymbolTableRecord
100
AcDbBlockTableRecord
  2
VAL_SWING
 70
    0
280
    1
281
    0
  0
BLOCK_RECORD
  5
65
330
1
100
AcDbSymbolTableRecord
100
AcDbBlockTableRecord
  2
VAL_NEEDLE
 70
    0
280
    1
281
    0
  0
BLOCK_RECORD
  5
68
330
1
100
AcDbSymbolTableRecord
100
AcDbBlockTableRecord
  2
FLANGE
 70
    0
280
    1
281
    0
  0
BLOCK_RECORD
  5
6B
330
1
100
AcDbSymbolTableRecord
100
AcDbBlockTableRecord
  2
VAL_RELIEF
 70
    0
280
    1
281
    0
  0
BLOCK_RECORD
  5
6E
330
1
100
AcDbSymbolTableRecord
100
AcDbBlockTableRecord
  2
VAL_GATE
 70
    0
280
    1
281
    0
  0
BLOCK_RECORD
  5
71
330
1
100
AcDbSymbolTableRecord
100
AcDbBlockTableRecord
  2
VAL_CTRL_1
 70
    0
280
    1
281
    0
  0
BLOCK_RECORD
  5
74
330
1
100
AcDbSymbolTableRecord
100
AcDbBlockTableRecord
  2
CENTRIFUGAL_COMP
 70
    0
280
    1
281
    0
  0
BLOCK_RECORD
  5
77
330
1
100
AcDbSymbolTableRecord
100
AcDbBlockTableRecord
  2
NOZZLE_5
 70
    0
280
    1
281
    0
  0
BLOCK_RECORD
  5
7A
330
1
100
AcDbSymbolTableRecord
100
AcDbBlockTableRecord
  2
NOZZLE_2
 70
    0
280
    1
281
    0
  0
BLOCK_RECORD
  5
7D
330
1
100
AcDbSymbolTableRecord
100
AcDbBlockTableRecord
  2
DI_PRI_FRONT
 70
    0
280
    1
281
    0
  0
BLOCK_RECORD
  5
80
330
1
100
AcDbSymbolTableRecord
100
AcDbBlockTableRecord
  2
NOZZLE_1
 70
    0
280
    1
281
    0
  0
BLOCK_RECORD
  5
83
330
1
100
AcDbSymbolTableRecord
100
AcDbBlockTableRecord
  2
VAL_ANGLE
 70
    0
280
    1
281
    0
  0
BLOCK_RECORD
  5
86
330
1
100
AcDbSymbolTableRecord
100
AcDbBlockTableRecord
  2
VAL_GLOBE
 70
    0
280
    1
281
    0
  0
BLOCK_RECORD
  5
89
330
1
100
AcDbSymbolTableRecord
100
AcDbBlockTableRecord
  2
VAL_PLUG
 70
    0
280
    1
281
    0
  0
BLOCK_RECORD
  5
8C
330
1
100
AcDbSymbolTableRecord
100
AcDbBlockTableRecord
  2
VAL_CHECK
 70
    0
280
    1
281
    0
  0
BLOCK_RECORD
  5
8F
330
1
100
AcDbSymbolTableRecord
100
AcDbBlockTableRecord
  2
VAL_BUTTERFLY
 70
    0
280
    1
281
    0
  0
BLOCK_RECORD
  5
92
330
1
100
AcDbSymbolTableRecord
100
AcDbBlockTableRecord
  2
VAL_PINCH
 70
    0
280
    1
281
    0
  0
BLOCK_RECORD
  5
95
330
1
100
AcDbSymbolTableRecord
100
AcDbBlockTableRecord
  2
VAL_QUICK
 70
    0
280
    1
281
    0
  0
BLOCK_RECORD
  5
98
330
1
100
AcDbSymbolTableRecord
100
AcDbBlockTableRecord
  2
VAL_DIAPHRAGM
 70
    0
280
    1
281
    0
  0
BLOCK_RECORD
  5
9B
330
1
100
AcDbSymbolTableRecord
100
AcDbBlockTableRecord
  2
VAL_CLOSED
 70
    0
280
    1
281
    0
  0
BLOCK_RECORD
  5
9E
330
1
100
AcDbSymbolTableRecord
100
AcDbBlockTableRecord
  2
VAL_CTRL_2
 70
    0
280
    1
281
    0
  0
BLOCK_RECORD
  5
A1
330
1
100
AcDbSymbolTableRecord
100
AcDbBlockTableRecord
  2
VAL_CTRL_3
 70
    0
280
    1
281
    0
  0
BLOCK_RECORD
  5
A4
330
1
100
AcDbSymbolTableRecord
100
AcDbBlockTableRecord
  2
VAL_CTRL_4
 70
    0
280
    1
281
    0
  0
BLOCK_RECORD
  5
A7
330
1
100
AcDbSymbolTableRecord
100
AcDbBlockTableRecord
  2
VAL_CTRL_5
 70
    0
280
    1
281
    0
  0
BLOCK_RECORD
  5
AA
330
1
100
AcDbSymbolTableRecord
100
AcDbBlockTableRecord
  2
VAL_CTRL_6
 70
    0
280
    1
281
    0
  0
BLOCK_RECORD
  5
AD
330
1
100
AcDbSymbolTableRecord
100
AcDbBlockTableRecord
  2
VAL_CTRL_7
 70
    0
280
    1
281
    0
  0
BLOCK_RECORD
  5
B0
330
1
100
AcDbSymbolTableRecord
100
AcDbBlockTableRecord
  2
VAL_CTRL_8
 70
    0
280
    1
281
    0
  0
BLOCK_RECORD
  5
B3
330
1
100
AcDbSymbolTableRecord
100
AcDbBlockTableRecord
  2
VAL_CTRL_9
 70
    0
280
    1
281
    0
  0
BLOCK_RECORD
  5
B6
330
1
100
AcDbSymbolTableRecord
100
AcDbBlockTableRecord
  2
VAL_CTRL_10
 70
    0
280
    1
281
    0
  0
BLOCK_RECORD
  5
B9
330
1
100
AcDbSymbolTableRecord
100
AcDbBlockTableRecord
  2
VAL_CTRL_11
 70
    0
280
    1
281
    0
  0
BLOCK_RECORD
  5
BC
330
1
100
AcDbSymbolTableRecord
100
AcDbBlockTableRecord
  2
VAL_CTRL_12
 70
    0
280
    1
281
    0
  0
BLOCK_RECORD
  5
BF
330
1
100
AcDbSymbolTableRecord
100
AcDbBlockTableRecord
  2
VAL_CTRL_15
 70
    0
280
    1
281
    0
  0
BLOCK_RECORD
  5
C2
330
1
100
AcDbSymbolTableRecord
100
AcDbBlockTableRecord
  2
VAL_CTRL_16
 70
    0
280
    1
281
    0
  0
BLOCK_RECORD
  5
C5
330
1
100
AcDbSymbolTableRecord
100
AcDbBlockTableRecord
  2
VAL_CTRL_17
 70
    0
280
    1
281
    0
  0
BLOCK_RECORD
  5
C8
330
1
100
AcDbSymbolTableRecord
100
AcDbBlockTableRecord
  2
VAL_CTRL_19
 70
    0
280
    1
281
    0
  0
BLOCK_RECORD
  5
CB
330
1
100
AcDbSymbolTableRecord
100
AcDbBlockTableRecord
  2
VAL_CTRL_18
 70
    0
280
    1
281
    0
  0
BLOCK_RECORD
  5
CE
330
1
100
AcDbSymbolTableRecord
100
AcDbBlockTableRecord
  2
VAL_CTRL_20
 70
    0
280
    1
281
    0
  0
BLOCK_RECORD
  5
D1
330
1
100
AcDbSymbolTableRecord
100
AcDbBlockTableRecord
  2
VAL_ANGLE1
 70
    0
280
    1
281
    0
  0
BLOCK_RECORD
  5
D4
330
1
100
AcDbSymbolTableRecord
100
AcDbBlockTableRecord
  2
VAL_3_WAY
 70
    0
280
    1
281
    0
  0
BLOCK_RECORD
  5
D7
330
1
100
AcDbSymbolTableRecord
100
AcDbBlockTableRecord
  2
VAL_3_WAY1
 70
    0
280
    1
281
    0
  0
BLOCK_RECORD
  5
DA
330
1
100
AcDbSymbolTableRecord
100
AcDbBlockTableRecord
  2
VAL_3_WAY2
 70
    0
280
    1
281
    0
  0
BLOCK_RECORD
  5
DD
330
1
100
AcDbSymbolTableRecord
100
AcDbBlockTableRecord
  2
VAL_3_RELIEF
 70
    0
280
    1
281
    0
  0
BLOCK_RECORD
  5
E0
330
1
100
AcDbSymbolTableRecord
100
AcDbBlockTableRecord
  2
VAL_4_WAY
 70
    0
280
    1
281
    0
  0
BLOCK_RECORD
  5
E3
330
1
100
AcDbSymbolTableRecord
100
AcDbBlockTableRecord
  2
SPEC_OPEN
 70
    0
280
    1
281
    0
  0
BLOCK_RECORD
  5
E6
330
1
100
AcDbSymbolTableRecord
100
AcDbBlockTableRecord
  2
SPEC_CLOSED
 70
    0
280
    1
281
    0
  0
BLOCK_RECORD
  5
E9
330
1
100
AcDbSymbolTableRecord
100
AcDbBlockTableRecord
  2
ORIFICE_VALVE
 70
    0
280
    1
281
    0
  0
BLOCK_RECORD
  5
EC
330
1
100
AcDbSymbolTableRecord
100
AcDbBlockTableRecord
  2
ORIFICE_VALVE_TAP
 70
    0
280
    1
281
    0
  0
BLOCK_RECORD
  5
EF
330
1
100
AcDbSymbolTableRecord
100
AcDbBlockTableRecord
  2
UNION
 70
    0
280
    1
281
    0
  0
BLOCK_RECORD
  5
F2
330
1
100
AcDbSymbolTableRecord
100
AcDbBlockTableRecord
  2
BLEED
 70
    0
280
    1
281
    0
  0
BLOCK_RECORD
  5
F5
330
1
100
AcDbSymbolTableRecord
100
AcDbBlockTableRecord
  2
BLEED_VALVE
 70
    0
280
    1
281
    0
  0
BLOCK_RECORD
  5
F8
330
1
100
AcDbSymbolTableRecord
100
AcDbBlockTableRecord
  2
ORIFICE
 70
    0
280
    1
281
    0
  0
BLOCK_RECORD
  5
FB
330
1
100
AcDbSymbolTableRecord
100
AcDbBlockTableRecord
  2
REDUCER_ECC_DOWN
 70
    0
280
    1
281
    0
  0
BLOCK_RECORD
  5
FE
330
1
100
AcDbSymbolTableRecord
100
AcDbBlockTableRecord
  2
REDUCER_ECC_UP
 70
    0
280
    1
281
    0
  0
BLOCK_RECORD
  5
101
330
1
100
AcDbSymbolTableRecord
100
AcDbBlockTableRecord
  2
SWAGE_CONC
 70
    0
280
    1
281
    0
  0
BLOCK_RECORD
  5
104
330
1
100
AcDbSymbolTableRecord
100
AcDbBlockTableRecord
  2
BASKET_STRAINER
 70
    0
280
    1
281
    0
  0
BLOCK_RECORD
  5
107
330
1
100
AcDbSymbolTableRecord
100
AcDbBlockTableRecord
  2
Y_STRAINER
 70
    0
280
    1
281
    0
  0
BLOCK_RECORD
  5
10A
330
1
100
AcDbSymbolTableRecord
100
AcDbBlockTableRecord
  2
Y_STRAINER_VALVE
 70
    0
280
    1
281
    0
  0
BLOCK_RECORD
  5
10D
330
1
100
AcDbSymbolTableRecord
100
AcDbBlockTableRecord
  2
MAGMETER
 70
    0
280
    1
281
    0
  0
BLOCK_RECORD
  5
110
330
1
100
AcDbSymbolTableRecord
100
AcDbBlockTableRecord
  2
VENTURI_TAP
 70
    0
280
    1
281
    0
  0
BLOCK_RECORD
  5
113
330
1
100
AcDbSymbolTableRecord
100
AcDbBlockTableRecord
  2
VENTURI
 70
    0
280
    1
281
    0
  0
BLOCK_RECORD
  5
116
330
1
100
AcDbSymbolTableRecord
100
AcDbBlockTableRecord
  2
FLOW
 70
    0
280
    1
281
    0
  0
BLOCK_RECORD
  5
119
330
1
100
AcDbSymbolTableRecord
100
AcDbBlockTableRecord
  2
EXPANSION
 70
    0
280
    1
281
    0
  0
BLOCK_RECORD
  5
11C
330
1
100
AcDbSymbolTableRecord
100
AcDbBlockTableRecord
  2
CLEAN_TEE
 70
    0
280
    1
281
    0
  0
BLOCK_RECORD
  5
11F
330
1
100
AcDbSymbolTableRecord
100
AcDbBlockTableRecord
  2
INSULATION
 70
    0
280
    1
281
    0
  0
BLOCK_RECORD
  5
122
330
1
100
AcDbSymbolTableRecord
100
AcDbBlockTableRecord
  2
LINK_FROM_1
 70
    0
280
    1
281
    0
  0
BLOCK_RECORD
  5
125
330
1
100
AcDbSymbolTableRecord
100
AcDbBlockTableRecord
  2
SPEC_BREAK_UP
 70
    0
280
    1
281
    0
  0
BLOCK_RECORD
  5
128
330
1
100
AcDbSymbolTableRecord
100
AcDbBlockTableRecord
  2
LINK_FROM_3
 70
    0
280
    1
281
    0
  0
BLOCK_RECORD
  5
12B
330
1
100
AcDbSymbolTableRecord
100
AcDbBlockTableRecord
  2
DI_PRI_BACK
 70
    0
280
    1
281
    0
  0
BLOCK_RECORD
  5
12E
330
1
100
AcDbSymbolTableRecord
100
AcDbBlockTableRecord
  2
DI_AUX_FRONT
 70
    0
280
    1
281
    0
  0
BLOCK_RECORD
  5
131
330
1
100
AcDbSymbolTableRecord
100
AcDbBlockTableRecord
  2
DI_AUX_BACK
 70
    0
280
    1
281
    0
  0
BLOCK_RECORD
  5
134
330
1
100
AcDbSymbolTableRecord
100
AcDbBlockTableRecord
  2
SH_LOCAL
 70
    0
280
    1
281
    0
  0
BLOCK_RECORD
  5
137
330
1
100
AcDbSymbolTableRecord
100
AcDbBlockTableRecord
  2
SH_PRI_FRONT
 70
    0
280
    1
281
    0
  0
BLOCK_RECORD
  5
13A
330
1
100
AcDbSymbolTableRecord
100
AcDbBlockTableRecord
  2
SH_PRI_BACK
 70
    0
280
    1
281
    0
  0
BLOCK_RECORD
  5
13D
330
1
100
AcDbSymbolTableRecord
100
AcDbBlockTableRecord
  2
SH_AUX_FRONT
 70
    0
280
    1
281
    0
  0
BLOCK_RECORD
  5
140
330
1
100
AcDbSymbolTableRecord
100
AcDbBlockTableRecord
  2
SH_AUX_BACK
 70
    0
280
    1
281
    0
  0
BLOCK_RECORD
  5
143
330
1
100
AcDbSymbolTableRecord
100
AcDbBlockTableRecord
  2
CO_LOCAL
 70
    0
280
    1
281
    0
  0
BLOCK_RECORD
  5
146
330
1
100
AcDbSymbolTableRecord
100
AcDbBlockTableRecord
  2
CO_PRI_FRONT
 70
    0
280
    1
281
    0
  0
BLOCK_RECORD
  5
149
330
1
100
AcDbSymbolTableRecord
100
AcDbBlockTableRecord
  2
CO_PRI_BACK
 70
    0
280
    1
281
    0
  0
BLOCK_RECORD
  5
14C
330
1
100
AcDbSymbolTableRecord
100
AcDbBlockTableRecord
  2
CO_AUX_FRONT
 70
    0
280
    1
281
    0
  0
BLOCK_RECORD
  5
14F
330
1
100
AcDbSymbolTableRecord
100
AcDbBlockTableRecord
  2
CO_AUX_BACK
 70
    0
280
    1
281
    0
  0
BLOCK_RECORD
  5
152
330
1
100
AcDbSymbolTableRecord
100
AcDbBlockTableRecord
  2
LO_LOCAL
 70
    0
280
    1
281
    0
  0
BLOCK_RECORD
  5
155
330
1
100
AcDbSymbolTableRecord
100
AcDbBlockTableRecord
  2
LO_PRI_FRONT
 70
    0
280
    1
281
    0
  0
BLOCK_RECORD
  5
158
330
1
100
AcDbSymbolTableRecord
100
AcDbBlockTableRecord
  2
LO_PRI_BACK
 70
    0
280
    1
281
    0
  0
BLOCK_RECORD
  5
15B
330
1
100
AcDbSymbolTableRecord
100
AcDbBlockTableRecord
  2
LO_AUX_FRONT
 70
    0
280
    1
281
    0
  0
BLOCK_RECORD
  5
15E
330
1
100
AcDbSymbolTableRecord
100
AcDbBlockTableRecord
  2
LO_AUX_BACK
 70
    0
280
    1
281
    0
  0
BLOCK_RECORD
  5
161
330
1
100
AcDbSymbolTableRecord
100
AcDbBlockTableRecord
  2
PI_LOCAL
 70
    0
280
    1
281
    0
  0
BLOCK_RECORD
  5
164
330
1
100
AcDbSymbolTableRecord
100
AcDbBlockTableRecord
  2
PI_PRI_FRONT
 70
    0
280
    1
281
    0
  0
BLOCK_RECORD
  5
167
330
1
100
AcDbSymbolTableRecord
100
AcDbBlockTableRecord
  2
PI_AUX_FRONT
 70
    0
280
    1
281
    0
  0
BLOCK_RECORD
  5
16A
330
1
100
AcDbSymbolTableRecord
100
AcDbBlockTableRecord
  2
EXCHANGER_2_I
 70
    0
280
    1
281
    0
  0
BLOCK_RECORD
  5
16D
330
1
100
AcDbSymbolTableRecord
100
AcDbBlockTableRecord
  2
EXCHANGER_1_I
 70
    0
280
    1
281
    0
  0
BLOCK_RECORD
  5
170
330
1
100
AcDbSymbolTableRecord
100
AcDbBlockTableRecord
  2
EXCHANGER_3_I
 70
    0
280
    1
281
    0
  0
BLOCK_RECORD
  5
173
330
1
100
AcDbSymbolTableRecord
100
AcDbBlockTableRecord
  2
EXCHANGER_4_I
 70
    0
280
    1
281
    0
  0
BLOCK_RECORD
  5
176
330
1
100
AcDbSymbolTableRecord
100
AcDbBlockTableRecord
  2
EXCHANGER_5_I
 70
    0
280
    1
281
    0
  0
BLOCK_RECORD
  5
179
330
1
100
AcDbSymbolTableRecord
100
AcDbBlockTableRecord
  2
EXCHANGER_6_I
 70
    0
280
    1
281
    0
  0
BLOCK_RECORD
  5
17C
330
1
100
AcDbSymbolTableRecord
100
AcDbBlockTableRecord
  2
PUMP_VERT_I
 70
    0
280
    1
281
    0
  0
BLOCK_RECORD
  5
17F
330
1
100
AcDbSymbolTableRecord
100
AcDbBlockTableRecord
  2
PUMP_HORIZ_I
 70
    0
280
    1
281
    0
  0
BLOCK_RECORD
  5
182
330
1
100
AcDbSymbolTableRecord
100
AcDbBlockTableRecord
  2
PUMP_CENT_I
 70
    0
280
    1
281
    0
  0
BLOCK_RECORD
  5
185
330
1
100
AcDbSymbolTableRecord
100
AcDbBlockTableRecord
  2
PUMP_DUAL_I
 70
    0
280
    1
281
    0
  0
BLOCK_RECORD
  5
188
330
1
100
AcDbSymbolTableRecord
100
AcDbBlockTableRecord
  2
PUMP_DEEP_I
 70
    0
280
    1
281
    0
  0
BLOCK_RECORD
  5
18B
330
1
100
AcDbSymbolTableRecord
100
AcDbBlockTableRecord
  2
PUMP_INLINE_I
 70
    0
280
    1
281
    0
  0
BLOCK_RECORD
  5
18E
330
1
100
AcDbSymbolTableRecord
100
AcDbBlockTableRecord
  2
PUMP_ROTARY_I
 70
    0
280
    1
281
    0
  0
BLOCK_RECORD
  5
191
330
1
100
AcDbSymbolTableRecord
100
AcDbBlockTableRecord
  2
PUMP_VACUUM_I
 70
    0
280
    1
281
    0
  0
BLOCK_RECORD
  5
194
330
1
100
AcDbSymbolTableRecord
100
AcDbBlockTableRecord
  2
PUMP_TURBINE_I
 70
    0
280
    1
281
    0
  0
BLOCK_RECORD
  5
197
330
1
100
AcDbSymbolTableRecord
100
AcDbBlockTableRecord
  2
LINK_TO_1
 70
    0
280
    1
281
    0
  0
BLOCK_RECORD
  5
19A
330
1
100
AcDbSymbolTableRecord
100
AcDbBlockTableRecord
  2
LINK_FROM_2
 70
    0
280
    1
281
    0
  0
BLOCK_RECORD
  5
19D
330
1
100
AcDbSymbolTableRecord
100
AcDbBlockTableRecord
  2
LINK_TO_2
 70
    0
280
    1
281
    0
  0
BLOCK_RECORD
  5
1A0
330
1
100
AcDbSymbolTableRecord
100
AcDbBlockTableRecord
  2
LINK_TO_3
 70
    0
280
    1
281
    0
  0
BLOCK_RECORD
  5
1A3
330
1
100
AcDbSymbolTableRecord
100
AcDbBlockTableRecord
  2
NOZZLE_3
 70
    0
280
    1
281
    0
  0
BLOCK_RECORD
  5
1A6
330
1
100
AcDbSymbolTableRecord
100
AcDbBlockTableRecord
  2
NOZZLE_4
 70
    0
280
    1
281
    0
  0
BLOCK_RECORD
  5
1A9
330
1
100
AcDbSymbolTableRecord
100
AcDbBlockTableRecord
  2
NOZZLE_6
 70
    0
280
    1
281
    0
  0
BLOCK_RECORD
  5
1AC
330
1
100
AcDbSymbolTableRecord
100
AcDbBlockTableRecord
  2
NOZZLE_7
 70
    0
280
    1
281
    0
  0
BLOCK_RECORD
  5
1AF
330
1
100
AcDbSymbolTableRecord
100
AcDbBlockTableRecord
  2
SPEC_BREAK_DOWN
 70
    0
280
    1
281
    0
  0
BLOCK_RECORD
  5
1B2
330
1
100
AcDbSymbolTableRecord
100
AcDbBlockTableRecord
  2
ELECT_MOTOR
 70
    0
280
    1
281
    0
  0
BLOCK_RECORD
  5
1B5
330
1
100
AcDbSymbolTableRecord
100
AcDbBlockTableRecord
  2
ELECT_DRIVE
 70
    0
280
    1
281
    0
  0
BLOCK_RECORD
  5
1B8
330
1
100
AcDbSymbolTableRecord
100
AcDbBlockTableRecord
  2
AXIAL_FAN
 70
    0
280
    1
281
    0
  0
BLOCK_RECORD
  5
1BB
330
1
100
AcDbSymbolTableRecord
100
AcDbBlockTableRecord
  2
AGITATOR
 70
    0
280
    1
281
    0
  0
BLOCK_RECORD
  5
1BE
330
1
100
AcDbSymbolTableRecord
100
AcDbBlockTableRecord
  2
DRUM
 70
    0
280
    1
281
    0
  0
BLOCK_RECORD
  5
1C1
330
1
100
AcDbSymbolTableRecord
100
AcDbBlockTableRecord
  2
TRUCK
 70
    0
280
    1
281
    0
  0
BLOCK_RECORD
  5
1C4
330
1
100
AcDbSymbolTableRecord
100
AcDbBlockTableRecord
  2
RAILCAR
 70
    0
280
    1
281
    0
  0
BLOCK_RECORD
  5
1C7
330
1
100
AcDbSymbolTableRecord
100
AcDbBlockTableRecord
  2
CONVEYOR
 70
    0
280
    1
281
    0
  0
BLOCK_RECORD
  5
1CA
330
1
100
AcDbSymbolTableRecord
100
AcDbBlockTableRecord
  2
SCREW
 70
    0
280
    1
281
    0
  0
BLOCK_RECORD
  5
1CD
330
1
100
AcDbSymbolTableRecord
100
AcDbBlockTableRecord
  2
Y_TRAP
 70
    0
280
    1
281
    0
  0
BLOCK_RECORD
  5
1D0
330
1
100
AcDbSymbolTableRecord
100
AcDbBlockTableRecord
  2
P_TRAP
 70
    0
280
    1
281
    0
  0
BLOCK_RECORD
  5
1D3
330
1
100
AcDbSymbolTableRecord
100
AcDbBlockTableRecord
  2
DISTILLATION_COLUMN
 70
    0
280
    1
281
    0
  0
BLOCK_RECORD
  5
1D6
330
1
100
AcDbSymbolTableRecord
100
AcDbBlockTableRecord
  2
8_primary-inaccessible-plc
 70
    0
280
    1
281
    0
  0
ENDTAB
  0
ENDSEC
  0
SECTION
  2
BLOCKS
  0
BLOCK
  5
20
330
1F
100
AcDbEntity
  8
0
100
AcDbBlockBegin
  2
*Model_Space
 70
    0
 10
0
 20
0
 30
0
  3
*Model_Space
  1

  0
ENDBLK
  5
21
330
1F
100
AcDbEntity
  8
0
100
AcDbBlockEnd
  0
BLOCK
  5
1C
330
1B
100
AcDbEntity
  8
0
100
AcDbBlockBegin
  2
*Paper_Space
 70
    0
 10
0
 20
0
 30
0
  3
*Paper_Space
  1

  0
ENDBLK
  5
1D
330
1F
100
AcDbEntity
  8
0
100
AcDbBlockEnd
  0
BLOCK
  5
57
330
56
100
AcDbEntity
  8
0
100
AcDbBlockBegin
  2
VAL_BALL
 70
    0
 10
0
 20
0
  3
VAL_BALL
  1

  0
CIRCLE
  5
1D9
100
AcDbEntity
  8
0
  6
ByLayer
 62
  256
370
   -1
100
AcDbCircle
 10
0
 20
0
 40
0.2
  0
LWPOLYLINE
  5
1DA
100
AcDbEntity
  8
0
  6
ByLayer
 62
  256
370
   -1
100
AcDbPolyline
 90
    2
 70
    0
 43
0
 10
-0.1714985851425088
 20
-0.1028991510855053
 10
-0.5
 20
-0.3
  0
LWPOLYLINE
  5
1DB
100
AcDbEntity
  8
0
  6
ByLayer
 62
  256
370
   -1
100
AcDbPolyline
 90
    3
 70
    0
 43
0
 10
-0.5
 20
-0.3
 10
-0.5
 20
0.3
 10
-0.1714985851425088
 20
0.1028991510855053
  0
LWPOLYLINE
  5
1DC
100
AcDbEntity
  8
0
  6
ByLayer
 62
  256
370
   -1
100
AcDbPolyline
 90
    4
 70
    0
 43
0
 10
0.1714985851425088
 20
-0.1028991510855053
 10
0.5
 20
-0.3
 10
0.5
 20
0.3
 10
0.1714985851425088
 20
0.1028991510855053
  0
ENDBLK
  5
58
330
56
100
AcDbEntity
  8
0
100
AcDbBlockEnd
  0
BLOCK
  5
5A
330
59
100
AcDbEntity
  8
0
100
AcDbBlockBegin
  2
REDUCER_CONC
 70
    0
 10
0
 20
0
  3
REDUCER_CONC
  1

  0
LWPOLYLINE
  5
1DD
100
AcDbEntity
  8
0
  6
ByLayer
 62
  256
370
   -1
100
AcDbPolyline
 90
    5
 70
    0
 43
0
 10
0
 20
0.7000000000000001
 10
0
 20
-0.7000000000000001
 10
1
 20
-0.4
 10
1
 20
0.4
 10
0
 20
0.7000000000000001
  0
ENDBLK
  5
5B
330
59
100
AcDbEntity
  8
0
100
AcDbBlockEnd
  0
BLOCK
  5
5D
330
5C
100
AcDbEntity
  8
0
100
AcDbBlockBegin
  2
ARROW_1
 70
    0
 10
0
 20
0
  3
ARROW_1
  1

  0
LWPOLYLINE
  5
1DE
100
AcDbEntity
  8
0
  6
ByLayer
 62
  256
370
   -1
100
AcDbPolyline
 90
    2
 70
    0
 43
0
 10
0
 20
0
 10
-1
 20
1e-16
  0
ENDBLK
  5
5E
330
5C
100
AcDbEntity
  8
0
100
AcDbBlockEnd
  0
BLOCK
  5
60
330
5F
100
AcDbEntity
  8
0
100
AcDbBlockBegin
  2
DI_LOCAL
 70
    0
 10
0
 20
0
  3
DI_LOCAL
  1

  0
ARC
  5
1DF
100
AcDbEntity
  8
0
  6
ByLayer
 62
  256
370
   -1
100
AcDbCircle
 10
0
 20
0
 40
0.5
100
AcDbArc
 50
220.5416018735046
 51
319.4583981264955
  0
ARC
  5
1E0
100
AcDbEntity
  8
0
  6
ByLayer
 62
  256
370
   -1
100
AcDbCircle
 10
0
 20
0
 40
0.5
100
AcDbArc
 50
351.3730734413214
 51
8.626926558678644
  0
ARC
  5
1E1
100
AcDbEntity
  8
0
  6
ByLayer
 62
  256
370
   -1
100
AcDbCircle
 10
0
 20
0
 40
0.5
100
AcDbArc
 50
40.54160187350453
 51
139.4583981264955
  0
ARC
  5
1E2
100
AcDbEntity
  8
0
  6
ByLayer
 62
  256
370
   -1
100
AcDbCircle
 10
0
 20
0
 40
0.5
100
AcDbArc
 50
171.3730734413214
 51
188.6269265586786
  0
ARC
  5
1E3
100
AcDbEntity
  8
0
  6
ByLayer
 62
  256
370
   -1
100
AcDbCircle
 10
0
 20
0
 40
0.5
100
AcDbArc
 50
188.6269265586786
 51
220.5416018735046
  0
ARC
  5
1E4
100
AcDbEntity
  8
0
  6
ByLayer
 62
  256
370
   -1
100
AcDbCircle
 10
0
 20
0
 40
0.5
100
AcDbArc
 50
319.4583981264955
 51
351.3730734413214
  0
ARC
  5
1E5
100
AcDbEntity
  8
0
  6
ByLayer
 62
  256
370
   -1
100
AcDbCircle
 10
0
 20
0
 40
0.5
100
AcDbArc
 50
8.626926558678623
 51
40.54160187350457
  0
ARC
  5
1E6
100
AcDbEntity
  8
0
  6
ByLayer
 62
  256
370
   -1
100
AcDbCircle
 10
0
 20
0
 40
0.5
100
AcDbArc
 50
139.4583981264954
 51
171.3730734413214
  0
ENDBLK
  5
61
330
5F
100
AcDbEntity
  8
0
100
AcDbBlockEnd
  0
BLOCK
  5
63
330
62
100
AcDbEntity
  8
0
100
AcDbBlockBegin
  2
VAL_SWING
 70
    0
 10
0
 20
0
  3
VAL_SWING
  1

  0
LWPOLYLINE
  5
1E7
100
AcDbEntity
  8
0
  6
ByLayer
 62
  256
370
   -1
100
AcDbPolyline
 90
    4
 70
    0
 43
0
 10
-0.5
 20
-0.3
 10
-0.5
 20
0.3
 10
0.5
 20
-0.3
 10
0.5
 20
0.3
  0
LWPOLYLINE
  5
1E8
100
AcDbEntity
  8
0
  6
ByLayer
 62
  256
370
   -1
100
AcDbPolyline
 90
    2
 70
    0
 43
0
 10
0.5
 20
-0.3
 10
0.1885954603354143
 20
-0.1131572762012486
  0
ENDBLK
  5
64
330
62
100
AcDbEntity
  8
0
100
AcDbBlockEnd
  0
BLOCK
  5
66
330
65
100
AcDbEntity
  8
0
100
AcDbBlockBegin
  2
VAL_NEEDLE
 70
    0
 10
0
 20
0
  3
VAL_NEEDLE
  1

  0
LWPOLYLINE
  5
1E9
100
AcDbEntity
  8
0
  6
ByLayer
 62
  256
370
   -1
100
AcDbPolyline
 90
    3
 70
    0
 43
0
 10
0
 20
0
 10
0
 20
0.3
 10
0
 20
0.5
  0
LWPOLYLINE
  5
1EA
100
AcDbEntity
  8
0
  6
ByLayer
 62
  256
370
   -1
100
AcDbPolyline
 90
    5
 70
    0
 43
0
 10
-0.5
 20
-0.3
 10
-0.5
 20
0.3
 10
0.5
 20
-0.3
 10
0.5
 20
0.3
 10
-0.5
 20
-0.3
  0
ENDBLK
  5
67
330
65
100
AcDbEntity
  8
0
100
AcDbBlockEnd
  0
BLOCK
  5
69
330
68
100
AcDbEntity
  8
0
100
AcDbBlockBegin
  2
FLANGE
 70
    0
 10
0
 20
0
  3
FLANGE
  1

  0
LINE
  5
1EB
100
AcDbEntity
  8
0
  6
ByLayer
 62
  256
370
   -1
100
AcDbLine
 10
0
 20
-1.2
 11
0
 21
1.2
  0
LINE
  5
1EC
100
AcDbEntity
  8
0
  6
ByLayer
 62
  256
370
   -1
100
AcDbLine
 10
0.9999999999999999
 20
-1.2
 11
0.9999999999999999
 21
1.2
  0
ENDBLK
  5
6A
330
68
100
AcDbEntity
  8
0
100
AcDbBlockEnd
  0
BLOCK
  5
6C
330
6B
100
AcDbEntity
  8
0
100
AcDbBlockBegin
  2
VAL_RELIEF
 70
    0
 10
0
 20
0
  3
VAL_RELIEF
  1

  0
LWPOLYLINE
  5
1ED
100
AcDbEntity
  8
0
  6
ByLayer
 62
  256
370
   -1
100
AcDbPolyline
 90
    6
 70
    1
 43
0
 10
0
 20
0
 10
0.3
 20
-0.5
 10
-0.3000000000000001
 20
-0.5
 10
0
 20
0
 10
0.5
 20
0.3
 10
0.5
 20
-0.3
  0
LINE
  5
1EE
100
AcDbEntity
  8
0
  6
ByLayer
 62
  256
370
   -1
100
AcDbLine
 10
-0.1
 20
0.5
 11
0.1
 21
0.7000000000000001
  0
LINE
  5
1EF
100
AcDbEntity
  8
0
  6
ByLayer
 62
  256
370
   -1
100
AcDbLine
 10
0
 20
0
 11
0
 21
0.7000000000000001
  0
LINE
  5
1F0
100
AcDbEntity
  8
0
  6
ByLayer
 62
  256
370
   -1
100
AcDbLine
 10
-0.1
 20
0.1
 11
0.1
 21
0.3
  0
LINE
  5
1F1
100
AcDbEntity
  8
0
  6
ByLayer
 62
  256
370
   -1
100
AcDbLine
 10
-0.1
 20
0.3
 11
0.1
 21
0.5
  0
ENDBLK
  5
6D
330
6B
100
AcDbEntity
  8
0
100
AcDbBlockEnd
  0
BLOCK
  5
6F
330
6E
100
AcDbEntity
  8
0
100
AcDbBlockBegin
  2
VAL_GATE
 70
    0
 10
0
 20
0
  3
VAL_GATE
  1

  0
LWPOLYLINE
  5
1F2
100
AcDbEntity
  8
0
  6
ByLayer
 62
  256
370
   -1
100
AcDbPolyline
 90
    5
 70
    0
 43
0
 10
-0.5
 20
-0.3
 10
-0.5
 20
0.3
 10
0.5
 20
-0.3
 10
0.5
 20
0.3
 10
-0.5
 20
-0.3
  0
ENDBLK
  5
70
330
6E
100
AcDbEntity
  8
0
100
AcDbBlockEnd
  0
BLOCK
  5
72
330
71
100
AcDbEntity
  8
0
100
AcDbBlockBegin
  2
VAL_CTRL_1
 70
    0
 10
0
 20
0
  3
VAL_CTRL_1
  1

  0
ARC
  5
1F3
100
AcDbEntity
  8
0
  6
ByLayer
 62
  256
370
   -1
100
AcDbCircle
 10
0
 20
1.1
 40
0.4
100
AcDbArc
 50
0
 51
180
  0
LINE
  5
1F4
100
AcDbEntity
  8
0
  6
ByLayer
 62
  256
370
   -1
100
AcDbLine
 10
-0.4
 20
1.1
 11
0.4000000000000001
 21
1.1
  0
LWPOLYLINE
  5
1F5
100
AcDbEntity
  8
0
  6
ByLayer
 62
  256
370
   -1
100
AcDbPolyline
 90
    5
 70
    0
 43
0
 10
-0.5
 20
-0.3
 10
-0.5
 20
0.3
 10
0.5
 20
-0.3
 10
0.5
 20
0.3
 10
-0.5
 20
-0.3
  0
LINE
  5
1F6
100
AcDbEntity
  8
0
  6
ByLayer
 62
  256
370
   -1
100
AcDbLine
 10
0
 20
1.1
 11
0
 21
0
  0
ENDBLK
  5
73
330
71
100
AcDbEntity
  8
0
100
AcDbBlockEnd
  0
BLOCK
  5
75
330
74
100
AcDbEntity
  8
0
100
AcDbBlockBegin
  2
CENTRIFUGAL_COMP
 70
    0
 10
0
 20
0
  3
CENTRIFUGAL_COMP
  1

  0
LWPOLYLINE
  5
1F7
100
AcDbEntity
  8
0
  6
ByLayer
 62
  256
370
   -1
100
AcDbPolyline
 90
    4
 70
    1
 43
0
 10
-0.5
 20
-0.5
 10
0.5
 20
-0.3333333333333333
 10
0.5
 20
0.3333333333333333
 10
-0.5
 20
0.5
  0
ENDBLK
  5
76
330
74
100
AcDbEntity
  8
0
100
AcDbBlockEnd
  0
BLOCK
  5
78
330
77
100
AcDbEntity
  8
0
100
AcDbBlockBegin
  2
NOZZLE_5
 70
    0
 10
0
 20
0
  3
NOZZLE_5
  1

  0
LINE
  5
1F8
100
AcDbEntity
  8
0
  6
ByLayer
 62
  256
370
   -1
100
AcDbLine
 10
0.7500000000000002
 20
0
 11
0
 21
0
  0
LINE
  5
1F9
100
AcDbEntity
  8
0
  6
ByLayer
 62
  256
370
   -1
100
AcDbLine
 10
0.75
 20
-0.3
 11
0.75
 21
0.3
  0
LINE
  5
1FA
100
AcDbEntity
  8
0
  6
ByLayer
 62
  256
370
   -1
100
AcDbLine
 10
1
 20
-0.3
 11
1
 21
0.3
  0
ENDBLK
  5
79
330
77
100
AcDbEntity
  8
0
100
AcDbBlockEnd
  0
BLOCK
  5
7B
330
7A
100
AcDbEntity
  8
0
100
AcDbBlockBegin
  2
NOZZLE_2
 70
    0
 10
0
 20
0
  3
NOZZLE_2
  1

  0
LINE
  5
1FB
100
AcDbEntity
  8
0
  6
ByLayer
 62
  256
370
   -1
100
AcDbLine
 10
1
 20
0.3
 11
0
 21
0.3
  0
LINE
  5
1FC
100
AcDbEntity
  8
0
  6
ByLayer
 62
  256
370
   -1
100
AcDbLine
 10
1
 20
-0.3
 11
0
 21
-0.3
  0
LINE
  5
1FD
100
AcDbEntity
  8
0
  6
ByLayer
 62
  256
370
   -1
100
AcDbLine
 10
1
 20
-0.3
 11
1
 21
0.3
  0
ENDBLK
  5
7C
330
7A
100
AcDbEntity
  8
0
100
AcDbBlockEnd
  0
BLOCK
  5
7E
330
7D
100
AcDbEntity
  8
0
100
AcDbBlockBegin
  2
DI_PRI_FRONT
 70
    0
 10
0
 20
0
  3
DI_PRI_FRONT
  1

  0
LINE
  5
1FE
100
AcDbEntity
  8
0
  6
CONTINUOUS
 62
  256
370
   -1
100
AcDbLine
 10
-0.5
 20
0
 11
0.5
 21
0
  0
ARC
  5
1FF
100
AcDbEntity
  8
0
  6
ByLayer
 62
  256
370
   -1
100
AcDbCircle
 10
0
 20
0
 40
0.5
100
AcDbArc
 50
220.5416018735045
 51
319.4583981264955
  0
ARC
  5
200
100
AcDbEntity
  8
0
  6
ByLayer
 62
  256
370
   -1
100
AcDbCircle
 10
0
 20
0
 40
0.5
100
AcDbArc
 50
351.3730734413214
 51
8.62692655867864
  0
ARC
  5
201
100
AcDbEntity
  8
0
  6
ByLayer
 62
  256
370
   -1
100
AcDbCircle
 10
0
 20
0
 40
0.5
100
AcDbArc
 50
40.54160187350453
 51
139.4583981264955
  0
ARC
  5
202
100
AcDbEntity
  8
0
  6
ByLayer
 62
  256
370
   -1
100
AcDbCircle
 10
0
 20
0
 40
0.5
100
AcDbArc
 50
171.3730734413214
 51
188.6269265586786
  0
ARC
  5
203
100
AcDbEntity
  8
0
  6
ByLayer
 62
  256
370
   -1
100
AcDbCircle
 10
0
 20
0
 40
0.5
100
AcDbArc
 50
188.6269265586786
 51
220.5416018735045
  0
ARC
  5
204
100
AcDbEntity
  8
0
  6
ByLayer
 62
  256
370
   -1
100
AcDbCircle
 10
0
 20
0
 40
0.5
100
AcDbArc
 50
319.4583981264955
 51
351.3730734413214
  0
ARC
  5
205
100
AcDbEntity
  8
0
  6
ByLayer
 62
  256
370
   -1
100
AcDbCircle
 10
0
 20
0
 40
0.5
100
AcDbArc
 50
8.626926558678623
 51
40.54160187350452
  0
ARC
  5
206
100
AcDbEntity
  8
0
  6
ByLayer
 62
  256
370
   -1
100
AcDbCircle
 10
0
 20
0
 40
0.5
100
AcDbArc
 50
139.4583981264955
 51
171.3730734413214
  0
ENDBLK
  5
7F
330
7D
100
AcDbEntity
  8
0
100
AcDbBlockEnd
  0
BLOCK
  5
81
330
80
100
AcDbEntity
  8
0
100
AcDbBlockBegin
  2
NOZZLE_1
 70
    0
 10
0
 20
0
  3
NOZZLE_1
  1

  0
LINE
  5
207
100
AcDbEntity
  8
0
  6
ByLayer
 62
  256
370
   -1
100
AcDbLine
 10
0.7500000000000001
 20
0.2
 11
0
 21
0.2
  0
LINE
  5
208
100
AcDbEntity
  8
0
  6
ByLayer
 62
  256
370
   -1
100
AcDbLine
 10
0.7500000000000001
 20
-0.2
 11
0
 21
-0.2
  0
LINE
  5
209
100
AcDbEntity
  8
0
  6
ByLayer
 62
  256
370
   -1
100
AcDbLine
 10
0.75
 20
-0.3
 11
0.75
 21
0.3
  0
LINE
  5
20A
100
AcDbEntity
  8
0
  6
ByLayer
 62
  256
370
   -1
100
AcDbLine
 10
1
 20
-0.3
 11
1
 21
0.3
  0
ENDBLK
  5
82
330
80
100
AcDbEntity
  8
0
100
AcDbBlockEnd
  0
BLOCK
  5
84
330
83
100
AcDbEntity
  8
0
100
AcDbBlockBegin
  2
VAL_ANGLE
 70
    0
 10
0
 20
0
  3
VAL_ANGLE
  1

  0
LWPOLYLINE
  5
20B
100
AcDbEntity
  8
0
  6
ByLayer
 62
  256
370
   -1
100
AcDbPolyline
 90
    6
 70
    1
 43
0
 10
0
 20
0
 10
0.3
 20
-0.5
 10
-0.3000000000000001
 20
-0.5
 10
0
 20
0
 10
0.5
 20
0.3
 10
0.5
 20
-0.3
  0
ENDBLK
  5
85
330
83
100
AcDbEntity
  8
0
100
AcDbBlockEnd
  0
BLOCK
  5
87
330
86
100
AcDbEntity
  8
0
100
AcDbBlockBegin
  2
VAL_GLOBE
 70
    0
 10
0
 20
0
  3
VAL_GLOBE
  1

  0
HATCH
  5
20C
100
AcDbEntity
  8
0
  6
CONTINUOUS
 62
  256
370
   -1
100
AcDbHatch
 10
0
 20
0
 30
0
210
0
220
0
230
1
  2
ANSI31
 70
    0
 71
    0
 91
    1
 92
    0
 93
    2
 72
    2
 10
0
 20
0
 40
0.2
 50
0
 51
180
 73
    1
 72
    2
 10
0
 20
0
 40
0.2
 50
180
 51
0
 73
    1
 97
    0
 75
    0
 76
    1
 52
0
 41
0.05
 77
    0
 78
    0
 98
    0
  0
CIRCLE
  5
20D
100
AcDbEntity
  8
0
  6
ByLayer
 62
  256
370
   -1
100
AcDbCircle
 10
0
 20
0
 40
0.2
  0
LWPOLYLINE
  5
20E
100
AcDbEntity
  8
0
  6
ByLayer
 62
  256
370
   -1
100
AcDbPolyline
 90
    2
 70
    0
 43
0
 10
-0.1714985851425088
 20
-0.1028991510855053
 10
-0.5
 20
-0.3
  0
LWPOLYLINE
  5
20F
100
AcDbEntity
  8
0
  6
ByLayer
 62
  256
370
   -1
100
AcDbPolyline
 90
    3
 70
    0
 43
0
 10
-0.5
 20
-0.3
 10
-0.5
 20
0.3
 10
-0.1714985851425088
 20
0.1028991510855053
  0
LWPOLYLINE
  5
210
100
AcDbEntity
  8
0
  6
ByLayer
 62
  256
370
   -1
100
AcDbPolyline
 90
    4
 70
    0
 43
0
 10
0.1714985851425088
 20
-0.1028991510855053
 10
0.5
 20
-0.3
 10
0.5
 20
0.3
 10
0.1714985851425088
 20
0.1028991510855053
  0
ENDBLK
  5
88
330
86
100
AcDbEntity
  8
0
100
AcDbBlockEnd
  0
BLOCK
  5
8A
330
89
100
AcDbEntity
  8
0
100
AcDbBlockBegin
  2
VAL_PLUG
 70
    0
 10
0
 20
0
  3
VAL_PLUG
  1

  0
LWPOLYLINE
  5
211
100
AcDbEntity
  8
0
  6
ByLayer
 62
  256
370
   -1
100
AcDbPolyline
 90
    4
 70
    1
 43
0
 10
0
 20
-0.3
 10
-0.3
 20
0
 10
0
 20
0.3
 10
0.3
 20
0
  0
LWPOLYLINE
  5
212
100
AcDbEntity
  8
0
  6
ByLayer
 62
  256
370
   -1
100
AcDbPolyline
 90
    2
 70
    0
 43
0
 10
-0.1875000000000001
 20
-0.1125
 10
-0.5
 20
-0.3
  0
LWPOLYLINE
  5
213
100
AcDbEntity
  8
0
  6
ByLayer
 62
  256
370
   -1
100
AcDbPolyline
 90
    3
 70
    0
 43
0
 10
-0.5
 20
-0.3
 10
-0.5
 20
0.3
 10
-0.1875000000000001
 20
0.1125
  0
LWPOLYLINE
  5
214
100
AcDbEntity
  8
0
  6
ByLayer
 62
  256
370
   -1
100
AcDbPolyline
 90
    4
 70
    0
 43
0
 10
0.1875000000000001
 20
-0.1125
 10
0.5
 20
-0.3
 10
0.5
 20
0.3
 10
0.1875000000000001
 20
0.1125
  0
ENDBLK
  5
8B
330
89
100
AcDbEntity
  8
0
100
AcDbBlockEnd
  0
BLOCK
  5
8D
330
8C
100
AcDbEntity
  8
0
100
AcDbBlockBegin
  2
VAL_CHECK
 70
    0
 10
0
 20
0
  3
VAL_CHECK
  1

  0
LINE
  5
215
100
AcDbEntity
  8
0
  6
ByLayer
 62
  256
370
   -1
100
AcDbLine
 10
0.5
 20
0.4
 11
-0.5
 21
0.4
  0
LWPOLYLINE
  5
216
100
AcDbEntity
  8
0
  6
ByLayer
 62
  256
370
   -1
100
AcDbPolyline
 90
    4
 70
    0
 43
0
 10
-0.5
 20
-0.3
 10
-0.5
 20
0.3
 10
0.5
 20
-0.3
 10
0.5
 20
0.3
  0
LWPOLYLINE
  5
217
100
AcDbEntity
  8
0
  6
ByLayer
 62
  256
370
   -1
100
AcDbPolyline
 90
    2
 70
    0
 43
0
 10
0.5
 20
0.4
 10
0.1368430218758711
 20
0.4
  0
ENDBLK
  5
8E
330
8C
100
AcDbEntity
  8
0
100
AcDbBlockEnd
  0
BLOCK
  5
90
330
8F
100
AcDbEntity
  8
0
100
AcDbBlockBegin
  2
VAL_BUTTERFLY
 70
    0
 10
0
 20
0
  3
VAL_BUTTERFLY
  1

  0
LWPOLYLINE
  5
218
100
AcDbEntity
  8
0
  6
ByLayer
 62
  256
370
   -1
100
AcDbPolyline
 90
    2
 70
    1
 43
0
 10
-0.05
 20
9.18485099360515e-18
 42
0.9999999999999999
 10
0.05
 20
4.592425496802575e-18
 42
0.9999999999999999
  0
LWPOLYLINE
  5
219
100
AcDbEntity
  8
0
  6
ByLayer
 62
  256
370
   -1
100
AcDbPolyline
 90
    4
 70
    0
 43
0
 10
-0.5
 20
-0.3
 10
-0.5
 20
0.3
 10
0.5
 20
-0.3
 10
0.5
 20
0.3
  0
ENDBLK
  5
91
330
8F
100
AcDbEntity
  8
0
100
AcDbBlockEnd
  0
BLOCK
  5
93
330
92
100
AcDbEntity
  8
0
100
AcDbBlockBegin
  2
VAL_PINCH
 70
    0
 10
0
 20
0
  3
VAL_PINCH
  1

  0
LINE
  5
21A
100
AcDbEntity
  8
0
  6
ByLayer
 62
  256
370
   -1
100
AcDbLine
 10
-0.3
 20
-0.3
 11
0.3
 21
-0.3
  0
LINE
  5
21B
100
AcDbEntity
  8
0
  6
ByLayer
 62
  256
370
   -1
100
AcDbLine
 10
-0.3
 20
0.3
 11
0.3
 21
0.3
  0
ELLIPSE
  5
21C
100
AcDbEntity
  8
0
  6
ByLayer
 62
  256
370
   -1
100
AcDbEllipse
 10
0
 20
0
 30
0
 11
-0.5
 21
0
 31
0
 40
0.6000000000000001
 41
0
 42
6.283185307179586
  0
LWPOLYLINE
  5
21D
100
AcDbEntity
  8
0
  6
ByLayer
 62
  256
370
   -1
100
AcDbPolyline
 90
    2
 70
    0
 43
0
 10
-0.5
 20
-0.3
 10
-0.5
 20
0.3
  0
LWPOLYLINE
  5
21E
100
AcDbEntity
  8
0
  6
ByLayer
 62
  256
370
   -1
100
AcDbPolyline
 90
    2
 70
    0
 43
0
 10
0.5
 20
-0.3
 10
0.5
 20
0.3
  0
ENDBLK
  5
94
330
92
100
AcDbEntity
  8
0
100
AcDbBlockEnd
  0
BLOCK
  5
96
330
95
100
AcDbEntity
  8
0
100
AcDbBlockBegin
  2
VAL_QUICK
 70
    0
 10
0
 20
0
  3
VAL_QUICK
  1

  0
LWPOLYLINE
  5
21F
100
AcDbEntity
  8
0
  6
ByLayer
 62
  256
370
   -1
100
AcDbPolyline
 90
    2
 70
    0
 43
0
 10
0
 20
0
 10
0.2
 20
0.4
  0
LWPOLYLINE
  5
220
100
AcDbEntity
  8
0
  6
ByLayer
 62
  256
370
   -1
100
AcDbPolyline
 90
    5
 70
    0
 43
0
 10
-0.5
 20
-0.3
 10
-0.5
 20
0.3
 10
0.5
 20
-0.3
 10
0.5
 20
0.3
 10
-0.5
 20
-0.3
  0
LWPOLYLINE
  5
221
100
AcDbEntity
  8
0
  6
ByLayer
 62
  256
370
   -1
100
AcDbPolyline
 90
    2
 70
    1
 43
0
 10
0.1625
 20
0.4
 42
0.9999999999999999
 10
0.2375
 20
0.4
 42
0.9999999999999999
  0
ENDBLK
  5
97
330
95
100
AcDbEntity
  8
0
100
AcDbBlockEnd
  0
BLOCK
  5
99
330
98
100
AcDbEntity
  8
0
100
AcDbBlockBegin
  2
VAL_DIAPHRAGM
 70
    0
 10
0
 20
0
  3
VAL_DIAPHRAGM
  1

  0
LWPOLYLINE
  5
222
100
AcDbEntity
  8
0
  6
ByLayer
 62
  256
370
   -1
100
AcDbPolyline
 90
    3
 70
    1
 43
0
 10
0.5
 20
-0.3
 10
0
 20
0.3
 10
0.5
 20
0.3
  0
LWPOLYLINE
  5
223
100
AcDbEntity
  8
0
  6
ByLayer
 62
  256
370
   -1
100
AcDbPolyline
 90
    4
 70
    0
 43
0
 10
-0.5
 20
-0.3
 10
-0.5
 20
0.3
 10
0
 20
0.3
 10
-0.5
 20
-0.3
  0
LWPOLYLINE
  5
224
100
AcDbEntity
  8
0
  6
ByLayer
 62
  256
370
   -1
100
AcDbPolyline
 90
    2
 70
    0
 43
0
 10
0.5
 20
-0.3
 10
0.5
 20
0.3
  0
ENDBLK
  5
9A
330
98
100
AcDbEntity
  8
0
100
AcDbBlockEnd
  0
BLOCK
  5
9C
330
9B
100
AcDbEntity
  8
0
100
AcDbBlockBegin
  2
VAL_CLOSED
 70
    0
 10
0
 20
0
  3
VAL_CLOSED
  1

  0
HATCH
  5
225
100
AcDbEntity
  8
0
  6
CONTINUOUS
 62
  256
370
   -1
100
AcDbHatch
 10
0
 20
0
 30
0
210
0
220
0
230
1
  2
ANSI31
 70
    0
 71
    0
 91
    2
 92
    0
 93
    3
 72
    1
 10
0
 20
0
 11
-0.5
 21
0.3
 72
    1
 10
-0.5
 20
0.3
 11
-0.5
 21
-0.3
 72
    1
 10
-0.5
 20
-0.3
 11
0
 21
0
 97
    0
 92
    0
 93
    3
 72
    1
 10
0.5
 20
0.3
 11
0
 21
0
 72
    1
 10
0
 20
0
 11
0.5
 21
-0.3
 72
    1
 10
0.5
 20
-0.3
 11
0.5
 21
0.3
 97
    0
 75
    0
 76
    1
 52
0
 41
0.05
 77
    0
 78
    0
 98
    0
  0
LWPOLYLINE
  5
226
100
AcDbEntity
  8
0
  6
ByLayer
 62
  256
370
   -1
100
AcDbPolyline
 90
    5
 70
    0
 43
0
 10
-0.5
 20
-0.3
 10
-0.5
 20
0.3
 10
0.5
 20
-0.3
 10
0.5
 20
0.3
 10
-0.5
 20
-0.3
  0
ENDBLK
  5
9D
330
9B
100
AcDbEntity
  8
0
100
AcDbBlockEnd
  0
BLOCK
  5
9F
330
9E
100
AcDbEntity
  8
0
100
AcDbBlockBegin
  2
VAL_CTRL_2
 70
    0
 10
0
 20
0
  3
VAL_CTRL_2
  1

  0
CIRCLE
  5
227
100
AcDbEntity
  8
0
  6
ByLayer
 62
  256
370
   -1
100
AcDbCircle
 10
0
 20
0
 40
0.2
  0
ARC
  5
228
100
AcDbEntity
  8
0
  6
ByLayer
 62
  256
370
   -1
100
AcDbCircle
 10
0
 20
1.1
 40
0.4
100
AcDbArc
 50
0
 51
180
  0
LINE
  5
229
100
AcDbEntity
  8
0
  6
ByLayer
 62
  256
370
   -1
100
AcDbLine
 10
-0.4
 20
1.1
 11
0.4000000000000001
 21
1.1
  0
LWPOLYLINE
  5
22A
100
AcDbEntity
  8
0
  6
ByLayer
 62
  256
370
   -1
100
AcDbPolyline
 90
    3
 70
    0
 43
0
 10
-0.5
 20
-0.3
 10
-0.5
 20
0.3
 10
-0.1714985851425088
 20
0.1028991510855053
  0
LWPOLYLINE
  5
22B
100
AcDbEntity
  8
0
  6
ByLayer
 62
  256
370
   -1
100
AcDbPolyline
 90
    2
 70
    0
 43
0
 10
-0.1714985851425088
 20
-0.1028991510855053
 10
-0.5
 20
-0.3
  0
LINE
  5
22C
100
AcDbEntity
  8
0
  6
ByLayer
 62
  256
370
   -1
100
AcDbLine
 10
0
 20
1.1
 11
0
 21
0.2
  0
LWPOLYLINE
  5
22D
100
AcDbEntity
  8
0
  6
ByLayer
 62
  256
370
   -1
100
AcDbPolyline
 90
    4
 70
    0
 43
0
 10
0.1714985851425088
 20
-0.1028991510855053
 10
0.5
 20
-0.3
 10
0.5
 20
0.3
 10
0.1714985851425088
 20
0.1028991510855053
  0
ENDBLK
  5
A0
330
9E
100
AcDbEntity
  8
0
100
AcDbBlockEnd
  0
BLOCK
  5
A2
330
A1
100
AcDbEntity
  8
0
100
AcDbBlockBegin
  2
VAL_CTRL_3
 70
    0
 10
0
 20
0
  3
VAL_CTRL_3
  1

  0
LWPOLYLINE
  5
22E
100
AcDbEntity
  8
0
  6
ByLayer
 62
  256
370
   -1
100
AcDbPolyline
 90
    2
 70
    1
 43
0
 10
-0.05
 20
9.18485099360515e-18
 42
0.9999999999999999
 10
0.05
 20
4.592425496802575e-18
 42
0.9999999999999999
  0
LINE
  5
22F
100
AcDbEntity
  8
0
  6
ByLayer
 62
  256
370
   -1
100
AcDbLine
 10
-0.5
 20
0.3
 11
0.5
 21
-0.3
  0
ARC
  5
230
100
AcDbEntity
  8
0
  6
ByLayer
 62
  256
370
   -1
100
AcDbCircle
 10
0
 20
1.1
 40
0.4
100
AcDbArc
 50
0
 51
180
  0
LINE
  5
231
100
AcDbEntity
  8
0
  6
ByLayer
 62
  256
370
   -1
100
AcDbLine
 10
-0.4
 20
1.1
 11
0.4000000000000001
 21
1.1
  0
LWPOLYLINE
  5
232
100
AcDbEntity
  8
0
  6
ByLayer
 62
  256
370
   -1
100
AcDbPolyline
 90
    2
 70
    0
 43
0
 10
-0.5
 20
-0.3
 10
-0.5
 20
0.3
  0
LINE
  5
233
100
AcDbEntity
  8
0
  6
ByLayer
 62
  256
370
   -1
100
AcDbLine
 10
0
 20
1.1
 11
0
 21
0
  0
LWPOLYLINE
  5
234
100
AcDbEntity
  8
0
  6
ByLayer
 62
  256
370
   -1
100
AcDbPolyline
 90
    2
 70
    0
 43
0
 10
0.5
 20
-0.3
 10
0.5
 20
0.3
  0
ENDBLK
  5
A3
330
A1
100
AcDbEntity
  8
0
100
AcDbBlockEnd
  0
BLOCK
  5
A5
330
A4
100
AcDbEntity
  8
0
100
AcDbBlockBegin
  2
VAL_CTRL_4
 70
    0
 10
0
 20
0
  3
VAL_CTRL_4
  1

  0
ARC
  5
235
100
AcDbEntity
  8
0
  6
ByLayer
 62
  256
370
   -1
100
AcDbCircle
 10
0
 20
0.9
 40
0.4
100
AcDbArc
 50
0
 51
180
  0
LINE
  5
236
100
AcDbEntity
  8
0
  6
ByLayer
 62
  256
370
   -1
100
AcDbLine
 10
-0.4
 20
0.9
 11
0.4000000000000001
 21
0.9
  0
LWPOLYLINE
  5
237
100
AcDbEntity
  8
0
  6
ByLayer
 62
  256
370
   -1
100
AcDbPolyline
 90
    5
 70
    0
 43
0
 10
-0.5
 20
-0.3
 10
-0.5
 20
0.3
 10
0.5
 20
-0.3
 10
0.5
 20
0.3
 10
-0.5
 20
-0.3
  0
LWPOLYLINE
  5
238
100
AcDbEntity
  8
0
  6
ByLayer
 62
  256
370
   -1
100
AcDbPolyline
 90
    4
 70
    0
 43
0
 10
0
 20
1.3
 10
0
 20
1.5
 10
-1
 20
1.5
 10
-1
 20
0
  0
LINE
  5
239
100
AcDbEntity
  8
0
  6
ByLayer
 62
  256
370
   -1
100
AcDbLine
 10
0
 20
0.9
 11
0
 21
0
  0
ENDBLK
  5
A6
330
A4
100
AcDbEntity
  8
0
100
AcDbBlockEnd
  0
BLOCK
  5
A8
330
A7
100
AcDbEntity
  8
0
100
AcDbBlockBegin
  2
VAL_CTRL_5
 70
    0
 10
0
 20
0
  3
VAL_CTRL_5
  1

  0
ARC
  5
23A
100
AcDbEntity
  8
0
  6
ByLayer
 62
  256
370
   -1
100
AcDbCircle
 10
0
 20
0.8
 40
0.4
100
AcDbArc
 50
0
 51
180
  0
LINE
  5
23B
100
AcDbEntity
  8
0
  6
ByLayer
 62
  256
370
   -1
100
AcDbLine
 10
-0.4
 20
0.8
 11
0.4000000000000001
 21
0.8
  0
LWPOLYLINE
  5
23C
100
AcDbEntity
  8
0
  6
ByLayer
 62
  256
370
   -1
100
AcDbPolyline
 90
    5
 70
    0
 43
0
 10
-0.5
 20
-0.3
 10
-0.5
 20
0.3
 10
0.5
 20
-0.3
 10
0.5
 20
0.3
 10
-0.5
 20
-0.3
  0
LWPOLYLINE
  5
23D
100
AcDbEntity
  8
0
  6
ByLayer
 62
  256
370
   -1
100
AcDbPolyline
 90
    5
 70
    0
 43
0
 10
0
 20
1.2
 10
0
 20
1.5
 10
-0.7000000000000001
 20
1.5
 10
-0.7000000000000001
 20
0.8
 10
0
 20
0
  0
LINE
  5
23E
100
AcDbEntity
  8
0
  6
ByLayer
 62
  256
370
   -1
100
AcDbLine
 10
0
 20
0.8
 11
0
 21
0
  0
ENDBLK
  5
A9
330
A7
100
AcDbEntity
  8
0
100
AcDbBlockEnd
  0
BLOCK
  5
AB
330
AA
100
AcDbEntity
  8
0
100
AcDbBlockBegin
  2
VAL_CTRL_6
 70
    0
 10
0
 20
0
  3
VAL_CTRL_6
  1

  0
LINE
  5
23F
100
AcDbEntity
  8
0
  6
ByLayer
 62
  256
370
   -1
100
AcDbLine
 10
-0.2
 20
1.5
 11
0.2
 21
1.5
  0
ARC
  5
240
100
AcDbEntity
  8
0
  6
ByLayer
 62
  256
370
   -1
100
AcDbCircle
 10
0
 20
0.7000000000000001
 40
0.4
100
AcDbArc
 50
0
 51
180
  0
LINE
  5
241
100
AcDbEntity
  8
0
  6
ByLayer
 62
  256
370
   -1
100
AcDbLine
 10
-0.4
 20
0.7000000000000001
 11
0.4000000000000001
 21
0.7000000000000001
  0
LWPOLYLINE
  5
242
100
AcDbEntity
  8
0
  6
ByLayer
 62
  256
370
   -1
100
AcDbPolyline
 90
    5
 70
    0
 43
0
 10
-0.5
 20
-0.3
 10
-0.5
 20
0.3
 10
0.5
 20
-0.3
 10
0.5
 20
0.3
 10
-0.5
 20
-0.3
  0
LWPOLYLINE
  5
243
100
AcDbEntity
  8
0
  6
ByLayer
 62
  256
370
   -1
100
AcDbPolyline
 90
    4
 70
    0
 43
0
 10
0
 20
1.3
 10
-0.7000000000000001
 20
1.3
 10
-0.7000000000000001
 20
0.7000000000000001
 10
0
 20
0
  0
LINE
  5
244
100
AcDbEntity
  8
0
  6
ByLayer
 62
  256
370
   -1
100
AcDbLine
 10
0
 20
0.7000000000000001
 11
0
 21
0
  0
LINE
  5
245
100
AcDbEntity
  8
0
  6
ByLayer
 62
  256
370
   -1
100
AcDbLine
 10
0
 20
1.1
 11
0
 21
1.5
  0
ENDBLK
  5
AC
330
AA
100
AcDbEntity
  8
0
100
AcDbBlockEnd
  0
BLOCK
  5
AE
330
AD
100
AcDbEntity
  8
0
100
AcDbBlockBegin
  2
VAL_CTRL_7
 70
    0
 10
0
 20
0
  3
VAL_CTRL_7
  1

  0
CIRCLE
  5
246
100
AcDbEntity
  8
0
  6
ByLayer
 62
  256
370
   -1
100
AcDbCircle
 10
0
 20
1.2
 40
0.3
  0
LWPOLYLINE
  5
247
100
AcDbEntity
  8
0
  6
ByLayer
 62
  256
370
   -1
100
AcDbPolyline
 90
    5
 70
    0
 43
0
 10
-0.5
 20
-0.3
 10
-0.5
 20
0.3
 10
0.5
 20
-0.3
 10
0.5
 20
0.3
 10
-0.5
 20
-0.3
  0
LINE
  5
248
100
AcDbEntity
  8
0
  6
ByLayer
 62
  256
370
   -1
100
AcDbLine
 10
0
 20
0.9
 11
0
 21
0
  0
ENDBLK
  5
AF
330
AD
100
AcDbEntity
  8
0
100
AcDbBlockEnd
  0
BLOCK
  5
B1
330
B0
100
AcDbEntity
  8
0
100
AcDbBlockBegin
  2
VAL_CTRL_8
 70
    0
 10
0
 20
0
  3
VAL_CTRL_8
  1

  0
CIRCLE
  5
249
100
AcDbEntity
  8
0
  6
ByLayer
 62
  256
370
   -1
100
AcDbCircle
 10
0
 20
0
 40
0.223606797749979
  0
CIRCLE
  5
24A
100
AcDbEntity
  8
0
  6
ByLayer
 62
  256
370
   -1
100
AcDbCircle
 10
0
 20
1.2
 40
0.3
  0
LWPOLYLINE
  5
24B
100
AcDbEntity
  8
0
  6
ByLayer
 62
  256
370
   -1
100
AcDbPolyline
 90
    3
 70
    0
 43
0
 10
-0.5
 20
-0.3
 10
-0.5
 20
0.3
 10
-0.1917412472118426
 20
0.1150447483271056
  0
LWPOLYLINE
  5
24C
100
AcDbEntity
  8
0
  6
ByLayer
 62
  256
370
   -1
100
AcDbPolyline
 90
    2
 70
    0
 43
0
 10
-0.1917412472118426
 20
-0.1150447483271056
 10
-0.5
 20
-0.3
  0
LINE
  5
24D
100
AcDbEntity
  8
0
  6
ByLayer
 62
  256
370
   -1
100
AcDbLine
 10
0
 20
0.9
 11
0
 21
0.223606797749979
  0
LWPOLYLINE
  5
24E
100
AcDbEntity
  8
0
  6
ByLayer
 62
  256
370
   -1
100
AcDbPolyline
 90
    4
 70
    0
 43
0
 10
0.1917412472118426
 20
-0.1150447483271056
 10
0.5
 20
-0.3
 10
0.5
 20
0.3
 10
0.1917412472118426
 20
0.1150447483271056
  0
ENDBLK
  5
B2
330
B0
100
AcDbEntity
  8
0
100
AcDbBlockEnd
  0
BLOCK
  5
B4
330
B3
100
AcDbEntity
  8
0
100
AcDbBlockBegin
  2
VAL_CTRL_9
 70
    0
 10
0
 20
0
  3
VAL_CTRL_9
  1

  0
LWPOLYLINE
  5
24F
100
AcDbEntity
  8
0
  6
ByLayer
 62
  256
370
   -1
100
AcDbPolyline
 90
    2
 70
    1
 43
0
 10
-0.05
 20
9.18485099360515e-18
 42
0.9999999999999999
 10
0.05
 20
4.592425496802575e-18
 42
0.9999999999999999
  0
LWPOLYLINE
  5
250
100
AcDbEntity
  8
0
  6
ByLayer
 62
  256
370
   -1
100
AcDbPolyline
 90
    3
 70
    0
 43
0
 10
-0.5
 20
-0.3
 10
-0.5
 20
0.3
 10
0.5
 20
-0.3
  0
CIRCLE
  5
251
100
AcDbEntity
  8
0
  6
ByLayer
 62
  256
370
   -1
100
AcDbCircle
 10
0
 20
1.2
 40
0.3
  0
LINE
  5
252
100
AcDbEntity
  8
0
  6
ByLayer
 62
  256
370
   -1
100
AcDbLine
 10
0
 20
0.9
 11
0
 21
0
  0
LWPOLYLINE
  5
253
100
AcDbEntity
  8
0
  6
ByLayer
 62
  256
370
   -1
100
AcDbPolyline
 90
    2
 70
    0
 43
0
 10
0.5
 20
-0.3
 10
0.5
 20
0.3
  0
ENDBLK
  5
B5
330
B3
100
AcDbEntity
  8
0
100
AcDbBlockEnd
  0
BLOCK
  5
B7
330
B6
100
AcDbEntity
  8
0
100
AcDbBlockBegin
  2
VAL_CTRL_10
 70
    0
 10
0
 20
0
  3
VAL_CTRL_10
  1

  0
LWPOLYLINE
  5
254
100
AcDbEntity
  8
0
  6
ByLayer
 62
  256
370
   -1
100
AcDbPolyline
 90
    5
 70
    0
 43
0
 10
-0.5
 20
-0.3
 10
-0.5
 20
0.3
 10
0.5
 20
-0.3
 10
0.5
 20
0.3
 10
-0.5
 20
-0.3
  0
LINE
  5
255
100
AcDbEntity
  8
0
  6
ByLayer
 62
  256
370
   -1
100
AcDbLine
 10
0
 20
0
 11
0
 21
1
  0
LWPOLYLINE
  5
256
100
AcDbEntity
  8
0
  6
ByLayer
 62
  256
370
   -1
100
AcDbPolyline
 90
    4
 70
    1
 43
0
 10
-0.4
 20
0.4999999999999999
 10
0.4
 20
0.4999999999999999
 10
0.4
 20
1.5
 10
-0.4
 20
1.5
  0
LINE
  5
257
100
AcDbEntity
  8
0
  6
ByLayer
 62
  256
370
   -1
100
AcDbLine
 10
-0.4
 20
1
 11
0.4
 21
1
  0
ENDBLK
  5
B8
330
B6
100
AcDbEntity
  8
0
100
AcDbBlockEnd
  0
BLOCK
  5
BA
330
B9
100
AcDbEntity
  8
0
100
AcDbBlockBegin
  2
VAL_CTRL_11
 70
    0
 10
0
 20
0
  3
VAL_CTRL_11
  1

  0
LWPOLYLINE
  5
258
100
AcDbEntity
  8
0
  6
ByLayer
 62
  256
370
   -1
100
AcDbPolyline
 90
    4
 70
    0
 43
0
 10
0.1917412472118426
 20
-0.1150447483271056
 10
0.5
 20
-0.3
 10
0.5
 20
0.3
 10
0.1917412472118426
 20
0.1150447483271056
  0
LWPOLYLINE
  5
259
100
AcDbEntity
  8
0
  6
ByLayer
 62
  256
370
   -1
100
AcDbPolyline
 90
    3
 70
    0
 43
0
 10
-0.5
 20
-0.3
 10
-0.5
 20
0.3
 10
-0.1917412472118426
 20
0.1150447483271056
  0
CIRCLE
  5
25A
100
AcDbEntity
  8
0
  6
ByLayer
 62
  256
370
   -1
100
AcDbCircle
 10
0
 20
0
 40
0.223606797749979
  0
LWPOLYLINE
  5
25B
100
AcDbEntity
  8
0
  6
ByLayer
 62
  256
370
   -1
100
AcDbPolyline
 90
    2
 70
    0
 43
0
 10
-0.1917412472118426
 20
-0.1150447483271056
 10
-0.5
 20
-0.3
  0
LWPOLYLINE
  5
25C
100
AcDbEntity
  8
0
  6
ByLayer
 62
  256
370
   -1
100
AcDbPolyline
 90
    4
 70
    1
 43
0
 10
-0.4
 20
0.4999999999999999
 10
0.4
 20
0.4999999999999999
 10
0.4
 20
1.5
 10
-0.4
 20
1.5
  0
LINE
  5
25D
100
AcDbEntity
  8
0
  6
ByLayer
 62
  256
370
   -1
100
AcDbLine
 10
-0.4
 20
1
 11
0.4
 21
1
  0
LINE
  5
25E
100
AcDbEntity
  8
0
  6
ByLayer
 62
  256
370
   -1
100
AcDbLine
 10
0
 20
0.223606797749979
 11
0
 21
1
  0
ENDBLK
  5
BB
330
B9
100
AcDbEntity
  8
0
100
AcDbBlockEnd
  0
BLOCK
  5
BD
330
BC
100
AcDbEntity
  8
0
100
AcDbBlockBegin
  2
VAL_CTRL_12
 70
    0
 10
0
 20
0
  3
VAL_CTRL_12
  1

  0
LWPOLYLINE
  5
25F
100
AcDbEntity
  8
0
  6
ByLayer
 62
  256
370
   -1
100
AcDbPolyline
 90
    4
 70
    1
 43
0
 10
-0.2
 20
0.7000000000000001
 10
0.2
 20
0.7000000000000001
 10
0.2
 20
1.5
 10
-0.2
 20
1.5
  0
LWPOLYLINE
  5
260
100
AcDbEntity
  8
0
  6
ByLayer
 62
  256
370
   -1
100
AcDbPolyline
 90
    5
 70
    0
 43
0
 10
-0.5
 20
-0.3
 10
-0.5
 20
0.3
 10
0.5
 20
-0.3
 10
0.5
 20
0.3
 10
-0.5
 20
-0.3
  0
LINE
  5
261
100
AcDbEntity
  8
0
  6
ByLayer
 62
  256
370
   -1
100
AcDbLine
 10
0
 20
0.7000000000000001
 11
0
 21
0
  0
ENDBLK
  5
BE
330
BC
100
AcDbEntity
  8
0
100
AcDbBlockEnd
  0
BLOCK
  5
C0
330
BF
100
AcDbEntity
  8
0
100
AcDbBlockBegin
  2
VAL_CTRL_15
 70
    0
 10
0
 20
0
  3
VAL_CTRL_15
  1

  0
LINE
  5
262
100
AcDbEntity
  8
0
  6
ByLayer
 62
  256
370
   -1
100
AcDbLine
 10
0
 20
0.6000000000000001
 11
0
 21
0
  0
LWPOLYLINE
  5
263
100
AcDbEntity
  8
0
  6
ByLayer
 62
  256
370
   -1
100
AcDbPolyline
 90
    6
 70
    1
 43
0
 10
0
 20
0
 10
0.3
 20
-0.5
 10
-0.3000000000000001
 20
-0.5
 10
0
 20
0
 10
0.5
 20
0.3
 10
0.5
 20
-0.3
  0
ARC
  5
264
100
AcDbEntity
  8
0
  6
ByLayer
 62
  256
370
   -1
100
AcDbCircle
 10
0
 20
0.6000000000000001
 40
0.4
100
AcDbArc
 50
0
 51
180
  0
LINE
  5
265
100
AcDbEntity
  8
0
  6
ByLayer
 62
  256
370
   -1
100
AcDbLine
 10
-0.4
 20
0.6000000000000001
 11
0.4000000000000001
 21
0.6000000000000001
  0
ENDBLK
  5
C1
330
BF
100
AcDbEntity
  8
0
100
AcDbBlockEnd
  0
BLOCK
  5
C3
330
C2
100
AcDbEntity
  8
0
100
AcDbBlockBegin
  2
VAL_CTRL_16
 70
    0
 10
0
 20
0
  3
VAL_CTRL_16
  1

  0
LWPOLYLINE
  5
266
100
AcDbEntity
  8
0
  6
ByLayer
 62
  256
370
   -1
100
AcDbPolyline
 90
    3
 70
    1
 43
0
 10
0
 20
0
 10
-0.3000000000000002
 20
-0.4999999999999999
 10
0.2999999999999999
 20
-0.5
  0
LWPOLYLINE
  5
267
100
AcDbEntity
  8
0
  6
ByLayer
 62
  256
370
   -1
100
AcDbPolyline
 90
    5
 70
    0
 43
0
 10
-0.5
 20
-0.2999999999999999
 10
-0.4999999999999999
 20
0.3000000000000002
 10
0.4999999999999999
 20
-0.3000000000000002
 10
0.5
 20
0.2999999999999999
 10
-0.5
 20
-0.2999999999999999
  0
ARC
  5
268
100
AcDbEntity
  8
0
  6
ByLayer
 62
  256
370
   -1
100
AcDbCircle
 10
2e-16
 20
0.6
 40
0.4
100
AcDbArc
 50
0
 51
180
  0
LINE
  5
269
100
AcDbEntity
  8
0
  6
ByLayer
 62
  256
370
   -1
100
AcDbLine
 10
-0.3999999999999999
 20
0.6000000000000001
 11
0.4000000000000002
 21
0.5999999999999999
  0
LINE
  5
26A
100
AcDbEntity
  8
0
  6
ByLayer
 62
  256
370
   -1
100
AcDbLine
 10
2e-16
 20
0.6
 11
0
 21
0
  0
ENDBLK
  5
C4
330
C2
100
AcDbEntity
  8
0
100
AcDbBlockEnd
  0
BLOCK
  5
C6
330
C5
100
AcDbEntity
  8
0
100
AcDbBlockBegin
  2
VAL_CTRL_17
 70
    0
 10
0
 20
0
  3
VAL_CTRL_17
  1

  0
ARC
  5
26B
100
AcDbEntity
  8
0
  6
ByLayer
 62
  256
370
   -1
100
AcDbCircle
 10
0.4949747468305835
 20
0.4949747468305832
 40
0.4
100
AcDbArc
 50
315
 51
135
  0
LWPOLYLINE
  5
26C
100
AcDbEntity
  8
0
  6
ByLayer
 62
  256
370
   -1
100
AcDbPolyline
 90
    5
 70
    0
 43
0
 10
-0.5
 20
-0.2999999999999999
 10
-0.4999999999999999
 20
0.3000000000000002
 10
0.4999999999999999
 20
-0.3000000000000002
 10
0.5
 20
0.2999999999999999
 10
-0.5
 20
-0.2999999999999999
  0
LWPOLYLINE
  5
26D
100
AcDbEntity
  8
0
  6
ByLayer
 62
  256
370
   -1
100
AcDbPolyline
 90
    5
 70
    0
 43
0
 10
-0.2999999999999999
 20
0.5
 10
0.3000000000000002
 20
0.4999999999999999
 10
-0.3000000000000002
 20
-0.4999999999999999
 10
0.2999999999999999
 20
-0.5
 10
-0.2999999999999999
 20
0.5
  0
LINE
  5
26E
100
AcDbEntity
  8
0
  6
ByLayer
 62
  256
370
   -1
100
AcDbLine
 10
0.4949747468305835
 20
0.4949747468305832
 11
0
 21
0
  0
LINE
  5
26F
100
AcDbEntity
  8
0
  6
ByLayer
 62
  256
370
   -1
100
AcDbLine
 10
0.2121320343559645
 20
0.7778174593052023
 11
0.7778174593052024
 21
0.2121320343559641
  0
ENDBLK
  5
C7
330
C5
100
AcDbEntity
  8
0
100
AcDbBlockEnd
  0
BLOCK
  5
C9
330
C8
100
AcDbEntity
  8
0
100
AcDbBlockBegin
  2
VAL_CTRL_19
 70
    0
 10
0
 20
0
  3
VAL_CTRL_19
  1

  0
LWPOLYLINE
  5
270
100
AcDbEntity
  8
0
  6
ByLayer
 62
  256
370
   -1
100
AcDbPolyline
 90
    4
 70
    1
 43
0
 10
0.353553390593274
 20
0.6363961030678927
 10
0.636396103067893
 20
0.3535533905932736
 10
1.202081528017131
 20
0.9192388155425114
 10
0.9192388155425122
 20
1.20208152801713
  0
LWPOLYLINE
  5
271
100
AcDbEntity
  8
0
  6
ByLayer
 62
  256
370
   -1
100
AcDbPolyline
 90
    5
 70
    0
 43
0
 10
-0.5
 20
-0.2999999999999999
 10
-0.4999999999999999
 20
0.3000000000000002
 10
0.4999999999999999
 20
-0.3000000000000002
 10
0.5
 20
0.2999999999999999
 10
-0.5
 20
-0.2999999999999999
  0
LWPOLYLINE
  5
272
100
AcDbEntity
  8
0
  6
ByLayer
 62
  256
370
   -1
100
AcDbPolyline
 90
    5
 70
    0
 43
0
 10
-0.2999999999999999
 20
0.5
 10
0.3000000000000002
 20
0.4999999999999999
 10
-0.3000000000000002
 20
-0.4999999999999999
 10
0.2999999999999999
 20
-0.5
 10
-0.2999999999999999
 20
0.5
  0
LINE
  5
273
100
AcDbEntity
  8
0
  6
ByLayer
 62
  256
370
   -1
100
AcDbLine
 10
0.4949747468305835
 20
0.4949747468305832
 11
0
 21
0
  0
ENDBLK
  5
CA
330
C8
100
AcDbEntity
  8
0
100
AcDbBlockEnd
  0
BLOCK
  5
CC
330
CB
100
AcDbEntity
  8
0
100
AcDbBlockBegin
  2
VAL_CTRL_18
 70
    0
 10
0
 20
0
  3
VAL_CTRL_18
  1

  0
LINE
  5
274
100
AcDbEntity
  8
0
  6
ByLayer
 62
  256
370
   -1
100
AcDbLine
 10
2e-16
 20
0.7000000000000001
 11
0
 21
0
  0
LWPOLYLINE
  5
275
100
AcDbEntity
  8
0
  6
ByLayer
 62
  256
370
   -1
100
AcDbPolyline
 90
    5
 70
    0
 43
0
 10
-0.5
 20
-0.2999999999999999
 10
-0.4999999999999999
 20
0.3000000000000002
 10
0.4999999999999999
 20
-0.3000000000000002
 10
0.5
 20
0.2999999999999999
 10
-0.5
 20
-0.2999999999999999
  0
LWPOLYLINE
  5
276
100
AcDbEntity
  8
0
  6
ByLayer
 62
  256
370
   -1
100
AcDbPolyline
 90
    3
 70
    1
 43
0
 10
0
 20
0
 10
-0.3000000000000002
 20
-0.4999999999999999
 10
0.2999999999999999
 20
-0.5
  0
LWPOLYLINE
  5
277
100
AcDbEntity
  8
0
  6
ByLayer
 62
  256
370
   -1
100
AcDbPolyline
 90
    4
 70
    1
 43
0
 10
-0.1999999999999998
 20
0.7000000000000001
 10
0.2000000000000002
 20
0.7000000000000001
 10
0.2000000000000004
 20
1.5
 10
-0.1999999999999997
 20
1.5
  0
ENDBLK
  5
CD
330
CB
100
AcDbEntity
  8
0
100
AcDbBlockEnd
  0
BLOCK
  5
CF
330
CE
100
AcDbEntity
  8
0
100
AcDbBlockBegin
  2
VAL_CTRL_20
 70
    0
 10
0
 20
0
  3
VAL_CTRL_20
  1

  0
LINE
  5
278
100
AcDbEntity
  8
0
  6
ByLayer
 62
  256
370
   -1
100
AcDbLine
 10
0
 20
0
 11
2e-16
 21
1
  0
LWPOLYLINE
  5
279
100
AcDbEntity
  8
0
  6
ByLayer
 62
  256
370
   -1
100
AcDbPolyline
 90
    5
 70
    0
 43
0
 10
-0.5
 20
-0.2999999999999999
 10
-0.4999999999999999
 20
0.3000000000000002
 10
0.4999999999999999
 20
-0.3000000000000002
 10
0.5
 20
0.2999999999999999
 10
-0.5
 20
-0.2999999999999999
  0
LWPOLYLINE
  5
27A
100
AcDbEntity
  8
0
  6
ByLayer
 62
  256
370
   -1
100
AcDbPolyline
 90
    3
 70
    1
 43
0
 10
0
 20
0
 10
-0.3000000000000002
 20
-0.4999999999999999
 10
0.2999999999999999
 20
-0.5
  0
LINE
  5
27B
100
AcDbEntity
  8
0
  6
ByLayer
 62
  256
370
   -1
100
AcDbLine
 10
-0.3999999999999998
 20
1
 11
0.4000000000000002
 21
0.9999999999999999
  0
LWPOLYLINE
  5
27C
100
AcDbEntity
  8
0
  6
ByLayer
 62
  256
370
   -1
100
AcDbPolyline
 90
    4
 70
    1
 43
0
 10
-0.3999999999999999
 20
0.4999999999999999
 10
0.4000000000000002
 20
0.4999999999999998
 10
0.4000000000000004
 20
1.5
 10
-0.3999999999999996
 20
1.5
  0
ENDBLK
  5
D0
330
CE
100
AcDbEntity
  8
0
100
AcDbBlockEnd
  0
BLOCK
  5
D2
330
D1
100
AcDbEntity
  8
0
100
AcDbBlockBegin
  2
VAL_ANGLE1
 70
    0
 10
0
 20
0
  3
VAL_ANGLE1
  1

  0
LWPOLYLINE
  5
27D
100
AcDbEntity
  8
0
  6
ByLayer
 62
  256
370
   -1
100
AcDbPolyline
 90
    6
 70
    1
 43
0
 10
0
 20
0
 10
0.3
 20
-0.5
 10
-0.3000000000000001
 20
-0.5
 10
0
 20
0
 10
0.5
 20
0.3
 10
0.5
 20
-0.3
  0
LINE
  5
27E
100
AcDbEntity
  8
0
  6
ByLayer
 62
  256
370
   -1
100
AcDbLine
 10
0.3
 20
0.5
 11
-0.3
 21
0.5
  0
LINE
  5
27F
100
AcDbEntity
  8
0
  6
ByLayer
 62
  256
370
   -1
100
AcDbLine
 10
0
 20
0
 11
0
 21
0.5
  0
ENDBLK
  5
D3
330
D1
100
AcDbEntity
  8
0
100
AcDbBlockEnd
  0
BLOCK
  5
D5
330
D4
100
AcDbEntity
  8
0
100
AcDbBlockBegin
  2
VAL_3_WAY
 70
    0
 10
0
 20
0
  3
VAL_3_WAY
  1

  0
LWPOLYLINE
  5
280
100
AcDbEntity
  8
0
  6
ByLayer
 62
  256
370
   -1
100
AcDbPolyline
 90
    3
 70
    1
 43
0
 10
0
 20
0
 10
-0.3000000000000002
 20
-0.4999999999999999
 10
0.2999999999999999
 20
-0.5
  0
LWPOLYLINE
  5
281
100
AcDbEntity
  8
0
  6
ByLayer
 62
  256
370
   -1
100
AcDbPolyline
 90
    5
 70
    0
 43
0
 10
-0.5
 20
-0.2999999999999999
 10
-0.4999999999999999
 20
0.3000000000000002
 10
0.4999999999999999
 20
-0.3000000000000002
 10
0.5
 20
0.2999999999999999
 10
-0.5
 20
-0.2999999999999999
  0
ENDBLK
  5
D6
330
D4
100
AcDbEntity
  8
0
100
AcDbBlockEnd
  0
BLOCK
  5
D8
330
D7
100
AcDbEntity
  8
0
100
AcDbBlockBegin
  2
VAL_3_WAY1
 70
    0
 10
0
 20
0
  3
VAL_3_WAY1
  1

  0
LWPOLYLINE
  5
282
100
AcDbEntity
  8
0
  6
ByLayer
 62
  256
370
   -1
100
AcDbPolyline
 90
    3
 70
    1
 43
0
 10
0
 20
0
 10
-0.3000000000000002
 20
-0.4999999999999999
 10
0.2999999999999999
 20
-0.5
  0
LWPOLYLINE
  5
283
100
AcDbEntity
  8
0
  6
ByLayer
 62
  256
370
   -1
100
AcDbPolyline
 90
    5
 70
    0
 43
0
 10
-0.5
 20
-0.2999999999999999
 10
-0.4999999999999999
 20
0.3000000000000002
 10
0.4999999999999999
 20
-0.3000000000000002
 10
0.5
 20
0.2999999999999999
 10
-0.5
 20
-0.2999999999999999
  0
LINE
  5
284
100
AcDbEntity
  8
0
  6
ByLayer
 62
  256
370
   -1
100
AcDbLine
 10
0.3000000000000002
 20
0.4999999999999999
 11
-0.2999999999999999
 21
0.5
  0
LINE
  5
285
100
AcDbEntity
  8
0
  6
ByLayer
 62
  256
370
   -1
100
AcDbLine
 10
0
 20
0
 11
1e-16
 21
0.5
  0
ENDBLK
  5
D9
330
D7
100
AcDbEntity
  8
0
100
AcDbBlockEnd
  0
BLOCK
  5
DB
330
DA
100
AcDbEntity
  8
0
100
AcDbBlockBegin
  2
VAL_3_WAY2
 70
    0
 10
0
 20
0
  3
VAL_3_WAY2
  1

  0
LWPOLYLINE
  5
286
100
AcDbEntity
  8
0
  6
ByLayer
 62
  256
370
   -1
100
AcDbPolyline
 90
    3
 70
    1
 43
0
 10
0
 20
0
 10
-0.3000000000000002
 20
-0.4999999999999999
 10
0.2999999999999999
 20
-0.5
  0
LWPOLYLINE
  5
287
100
AcDbEntity
  8
0
  6
ByLayer
 62
  256
370
   -1
100
AcDbPolyline
 90
    5
 70
    0
 43
0
 10
-0.5
 20
-0.2999999999999999
 10
-0.4999999999999999
 20
0.3000000000000002
 10
0.4999999999999999
 20
-0.3000000000000002
 10
0.5
 20
0.2999999999999999
 10
-0.5
 20
-0.2999999999999999
  0
LWPOLYLINE
  5
288
100
AcDbEntity
  8
0
  6
ByLayer
 62
  256
370
   -1
100
AcDbPolyline
 90
    2
 70
    1
 43
0
 10
0.5000000000000001
 20
0.5499999999999999
 42
0.9999999999999999
 10
0.5000000000000001
 20
0.4499999999999998
 42
0.9999999999999999
  0
LINE
  5
289
100
AcDbEntity
  8
0
  6
ByLayer
 62
  256
370
   -1
100
AcDbLine
 10
0
 20
0
 11
0.5000000000000001
 21
0.4999999999999999
  0
ENDBLK
  5
DC
330
DA
100
AcDbEntity
  8
0
100
AcDbBlockEnd
  0
BLOCK
  5
DE
330
DD
100
AcDbEntity
  8
0
100
AcDbBlockBegin
  2
VAL_3_RELIEF
 70
    0
 10
0
 20
0
  3
VAL_3_RELIEF
  1

  0
LWPOLYLINE
  5
28A
100
AcDbEntity
  8
0
  6
ByLayer
 62
  256
370
   -1
100
AcDbPolyline
 90
    3
 70
    1
 43
0
 10
0
 20
0
 10
-0.3000000000000002
 20
-0.4999999999999999
 10
0.2999999999999999
 20
-0.5
  0
LWPOLYLINE
  5
28B
100
AcDbEntity
  8
0
  6
ByLayer
 62
  256
370
   -1
100
AcDbPolyline
 90
    5
 70
    0
 43
0
 10
-0.5
 20
-0.2999999999999999
 10
-0.4999999999999999
 20
0.3000000000000002
 10
0.4999999999999999
 20
-0.3000000000000002
 10
0.5
 20
0.2999999999999999
 10
-0.5
 20
-0.2999999999999999
  0
LINE
  5
28C
100
AcDbEntity
  8
0
  6
ByLayer
 62
  256
370
   -1
100
AcDbLine
 10
-0.09999999999999989
 20
0.4
 11
0.1000000000000001
 21
0.6000000000000001
  0
LINE
  5
28D
100
AcDbEntity
  8
0
  6
ByLayer
 62
  256
370
   -1
100
AcDbLine
 10
0
 20
0
 11
1e-16
 21
0.8
  0
LINE
  5
28E
100
AcDbEntity
  8
0
  6
ByLayer
 62
  256
370
   -1
100
AcDbLine
 10
-0.1
 20
0.2
 11
0.1000000000000001
 21
0.4
  0
LINE
  5
28F
100
AcDbEntity
  8
0
  6
ByLayer
 62
  256
370
   -1
100
AcDbLine
 10
-0.09999999999999989
 20
0.6000000000000001
 11
0.1000000000000002
 21
0.8
  0
ENDBLK
  5
DF
330
DD
100
AcDbEntity
  8
0
100
AcDbBlockEnd
  0
BLOCK
  5
E1
330
E0
100
AcDbEntity
  8
0
100
AcDbBlockBegin
  2
VAL_4_WAY
 70
    0
 10
0
 20
0
  3
VAL_4_WAY
  1

  0
LWPOLYLINE
  5
290
100
AcDbEntity
  8
0
  6
ByLayer
 62
  256
370
   -1
100
AcDbPolyline
 90
    5
 70
    0
 43
0
 10
0.3
 20
-0.5
 10
-0.3000000000000001
 20
-0.5
 10
0.3000000000000001
 20
0.5
 10
-0.3
 20
0.5
 10
0.3
 20
-0.5
  0
LWPOLYLINE
  5
291
100
AcDbEntity
  8
0
  6
ByLayer
 62
  256
370
   -1
100
AcDbPolyline
 90
    5
 70
    0
 43
0
 10
-0.5
 20
-0.3
 10
-0.5
 20
0.3
 10
0.5
 20
-0.3
 10
0.5
 20
0.3
 10
-0.5
 20
-0.3
  0
ENDBLK
  5
E2
330
E0
100
AcDbEntity
  8
0
100
AcDbBlockEnd
  0
BLOCK
  5
E4
330
E3
100
AcDbEntity
  8
0
100
AcDbBlockBegin
  2
SPEC_OPEN
 70
    0
 10
0
 20
0
  3
SPEC_OPEN
  1

  0
LINE
  5
292
100
AcDbEntity
  8
0
  6
ByLayer
 62
  256
370
   -1
100
AcDbLine
 10
0.5
 20
-0.6000000000000001
 11
0.5
 21
1.25
  0
LINE
  5
293
100
AcDbEntity
  8
0
  6
ByLayer
 62
  256
370
   -1
100
AcDbLine
 10
0
 20
-0.6
 11
0
 21
0.6
  0
CIRCLE
  5
294
100
AcDbEntity
  8
0
  6
ByLayer
 62
  256
370
   -1
100
AcDbCircle
 10
0.5
 20
1.5
 40
0.25
  0
LINE
  5
295
100
AcDbEntity
  8
0
  6
ByLayer
 62
  256
370
   -1
100
AcDbLine
 10
1
 20
-0.6
 11
1
 21
0.6
  0
ENDBLK
  5
E5
330
E3
100
AcDbEntity
  8
0
100
AcDbBlockEnd
  0
BLOCK
  5
E7
330
E6
100
AcDbEntity
  8
0
100
AcDbBlockBegin
  2
SPEC_CLOSED
 70
    0
 10
0
 20
0
  3
SPEC_CLOSED
  1

  0
LINE
  5
296
100
AcDbEntity
  8
0
  6
ByLayer
 62
  256
370
   -1
100
AcDbLine
 10
0.5
 20
-0.6000000000000001
 11
0.5
 21
1.25
  0
LINE
  5
297
100
AcDbEntity
  8
0
  6
ByLayer
 62
  256
370
   -1
100
AcDbLine
 10
0
 20
-0.6
 11
0
 21
0.6
  0
HATCH
  5
298
100
AcDbEntity
  8
0
  6
CONTINUOUS
 62
  256
370
   -1
100
AcDbHatch
 10
0
 20
0
 30
0
210
0
220
0
230
1
  2
ANSI31
 70
    0
 71
    0
 91
    1
 92
    0
 93
    2
 72
    2
 10
0.5
 20
1.5
 40
0.25
 50
0
 51
180
 73
    1
 72
    2
 10
0.5
 20
1.5
 40
0.25
 50
180
 51
0
 73
    1
 97
    0
 75
    0
 76
    1
 52
0
 41
0.05
 77
    0
 78
    0
 98
    0
  0
CIRCLE
  5
299
100
AcDbEntity
  8
0
  6
ByLayer
 62
  256
370
   -1
100
AcDbCircle
 10
0.5
 20
1.5
 40
0.25
  0
LINE
  5
29A
100
AcDbEntity
  8
0
  6
ByLayer
 62
  256
370
   -1
100
AcDbLine
 10
1
 20
-0.6
 11
1
 21
0.6
  0
ENDBLK
  5
E8
330
E6
100
AcDbEntity
  8
0
100
AcDbBlockEnd
  0
BLOCK
  5
EA
330
E9
100
AcDbEntity
  8
0
100
AcDbBlockBegin
  2
ORIFICE_VALVE
 70
    0
 10
0
 20
0
  3
ORIFICE_VALVE
  1

  0
LINE
  5
29B
100
AcDbEntity
  8
0
  6
ByLayer
 62
  256
370
   -1
100
AcDbLine
 10
0.8
 20
0.8
 11
1.2
 21
0.8
  0
LINE
  5
29C
100
AcDbEntity
  8
0
  6
ByLayer
 62
  256
370
   -1
100
AcDbLine
 10
0.8
 20
1.7
 11
1.2
 21
1.7
  0
LINE
  5
29D
100
AcDbEntity
  8
0
  6
ByLayer
 62
  256
370
   -1
100
AcDbLine
 10
1.2
 20
1.7
 11
0.8
 21
0.8
  0
LINE
  5
29E
100
AcDbEntity
  8
0
  6
ByLayer
 62
  256
370
   -1
100
AcDbLine
 10
1.2
 20
0.8
 11
0.8
 21
1.7
  0
LINE
  5
29F
100
AcDbEntity
  8
0
  6
ByLayer
 62
  256
370
   -1
100
AcDbLine
 10
0
 20
-0.6
 11
0
 21
0.8
  0
LINE
  5
2A0
100
AcDbEntity
  8
0
  6
ByLayer
 62
  256
370
   -1
100
AcDbLine
 10
0.5
 20
-0.5
 11
0.5
 21
0.5
  0
LINE
  5
2A1
100
AcDbEntity
  8
0
  6
ByLayer
 62
  256
370
   -1
100
AcDbLine
 10
0.2000000000000001
 20
0.8
 11
-0.2
 21
1.7
  0
LINE
  5
2A2
100
AcDbEntity
  8
0
  6
ByLayer
 62
  256
370
   -1
100
AcDbLine
 10
-0.2
 20
0.8
 11
0.2000000000000001
 21
0.8
  0
LINE
  5
2A3
100
AcDbEntity
  8
0
  6
ByLayer
 62
  256
370
   -1
100
AcDbLine
 10
0.2000000000000001
 20
1.7
 11
-0.2
 21
0.8
  0
LINE
  5
2A4
100
AcDbEntity
  8
0
  6
ByLayer
 62
  256
370
   -1
100
AcDbLine
 10
-0.2
 20
1.7
 11
0.2000000000000001
 21
1.7
  0
LINE
  5
2A5
100
AcDbEntity
  8
0
  6
ByLayer
 62
  256
370
   -1
100
AcDbLine
 10
0
 20
1.7
 11
0
 21
2
  0
LINE
  5
2A6
100
AcDbEntity
  8
0
  6
ByLayer
 62
  256
370
   -1
100
AcDbLine
 10
1
 20
-0.6
 11
1
 21
0.8
  0
LINE
  5
2A7
100
AcDbEntity
  8
0
  6
ByLayer
 62
  256
370
   -1
100
AcDbLine
 10
1
 20
1.7
 11
1
 21
2
  0
ENDBLK
  5
EB
330
E9
100
AcDbEntity
  8
0
100
AcDbBlockEnd
  0
BLOCK
  5
ED
330
EC
100
AcDbEntity
  8
0
100
AcDbBlockBegin
  2
ORIFICE_VALVE_TAP
 70
    0
 10
0
 20
0
  3
ORIFICE_VALVE_TAP
  1

  0
LINE
  5
2A8
100
AcDbEntity
  8
0
  6
ByLayer
 62
  256
370
   -1
100
AcDbLine
 10
-0.5
 20
0.8
 11
-0.5
 21
0
  0
LINE
  5
2A9
100
AcDbEntity
  8
0
  6
ByLayer
 62
  256
370
   -1
100
AcDbLine
 10
0
 20
-0.6
 11
0
 21
2
  0
LINE
  5
2AA
100
AcDbEntity
  8
0
  6
ByLayer
 62
  256
370
   -1
100
AcDbLine
 10
0.5
 20
-0.5
 11
0.5
 21
0.5
  0
LINE
  5
2AB
100
AcDbEntity
  8
0
  6
ByLayer
 62
  256
370
   -1
100
AcDbLine
 10
-0.3
 20
0.8
 11
-0.7000000000000001
 21
1.7
  0
LINE
  5
2AC
100
AcDbEntity
  8
0
  6
ByLayer
 62
  256
370
   -1
100
AcDbLine
 10
-0.3
 20
1.7
 11
-0.7000000000000001
 21
0.8
  0
LINE
  5
2AD
100
AcDbEntity
  8
0
  6
ByLayer
 62
  256
370
   -1
100
AcDbLine
 10
-0.7
 20
0.8
 11
-0.2999999999999999
 21
0.8
  0
LINE
  5
2AE
100
AcDbEntity
  8
0
  6
ByLayer
 62
  256
370
   -1
100
AcDbLine
 10
0
 20
2
 11
-0.5
 21
2
  0
LINE
  5
2AF
100
AcDbEntity
  8
0
  6
ByLayer
 62
  256
370
   -1
100
AcDbLine
 10
-0.7000000000000001
 20
1.7
 11
-0.3
 21
1.7
  0
LINE
  5
2B0
100
AcDbEntity
  8
0
  6
ByLayer
 62
  256
370
   -1
100
AcDbLine
 10
-0.5000000000000001
 20
1.7
 11
-0.5000000000000001
 21
2
  0
LINE
  5
2B1
100
AcDbEntity
  8
0
  6
ByLayer
 62
  256
370
   -1
100
AcDbLine
 10
1.5
 20
0.8
 11
1.5
 21
0
  0
LINE
  5
2B2
100
AcDbEntity
  8
0
  6
ByLayer
 62
  256
370
   -1
100
AcDbLine
 10
1
 20
-0.6
 11
1
 21
2
  0
LINE
  5
2B3
100
AcDbEntity
  8
0
  6
ByLayer
 62
  256
370
   -1
100
AcDbLine
 10
1.7
 20
1.7
 11
1.3
 21
0.8
  0
LINE
  5
2B4
100
AcDbEntity
  8
0
  6
ByLayer
 62
  256
370
   -1
100
AcDbLine
 10
1.7
 20
0.8
 11
1.3
 21
1.7
  0
LINE
  5
2B5
100
AcDbEntity
  8
0
  6
ByLayer
 62
  256
370
   -1
100
AcDbLine
 10
1.3
 20
0.8
 11
1.7
 21
0.8
  0
LINE
  5
2B6
100
AcDbEntity
  8
0
  6
ByLayer
 62
  256
370
   -1
100
AcDbLine
 10
1
 20
2
 11
1.5
 21
2
  0
LINE
  5
2B7
100
AcDbEntity
  8
0
  6
ByLayer
 62
  256
370
   -1
100
AcDbLine
 10
1.3
 20
1.7
 11
1.7
 21
1.7
  0
LINE
  5
2B8
100
AcDbEntity
  8
0
  6
ByLayer
 62
  256
370
   -1
100
AcDbLine
 10
1.5
 20
1.7
 11
1.5
 21
2
  0
ENDBLK
  5
EE
330
EC
100
AcDbEntity
  8
0
100
AcDbBlockEnd
  0
BLOCK
  5
F0
330
EF
100
AcDbEntity
  8
0
100
AcDbBlockBegin
  2
UNION
 70
    0
 10
0
 20
0
  3
UNION
  1

  0
LINE
  5
2B9
100
AcDbEntity
  8
0
  6
ByLayer
 62
  256
370
   -1
100
AcDbLine
 10
0.5
 20
-0.6000000000000001
 11
0.5
 21
0.7000000000000002
  0
LINE
  5
2BA
100
AcDbEntity
  8
0
  6
ByLayer
 62
  256
370
   -1
100
AcDbLine
 10
0
 20
-0.4
 11
0
 21
0.5
  0
LINE
  5
2BB
100
AcDbEntity
  8
0
  6
ByLayer
 62
  256
370
   -1
100
AcDbLine
 10
1
 20
-0.4
 11
1
 21
0.5
  0
ENDBLK
  5
F1
330
EF
100
AcDbEntity
  8
0
100
AcDbBlockEnd
  0
BLOCK
  5
F3
330
F2
100
AcDbEntity
  8
0
100
AcDbBlockBegin
  2
BLEED
 70
    0
 10
0
 20
0
  3
BLEED
  1

  0
LINE
  5
2BC
100
AcDbEntity
  8
0
  6
ByLayer
 62
  256
370
   -1
100
AcDbLine
 10
0
 20
-1.2
 11
1
 21
-1.2
  0
LINE
  5
2BD
100
AcDbEntity
  8
0
  6
ByLayer
 62
  256
370
   -1
100
AcDbLine
 10
0
 20
1.2
 11
1
 21
1.2
  0
LINE
  5
2BE
100
AcDbEntity
  8
0
  6
ByLayer
 62
  256
370
   -1
100
AcDbLine
 10
0
 20
-1.2
 11
0
 21
1.2
  0
LINE
  5
2BF
100
AcDbEntity
  8
0
  6
ByLayer
 62
  256
370
   -1
100
AcDbLine
 10
0.9999999999999999
 20
-1.2
 11
0.9999999999999999
 21
1.2
  0
ENDBLK
  5
F4
330
F2
100
AcDbEntity
  8
0
100
AcDbBlockEnd
  0
BLOCK
  5
F6
330
F5
100
AcDbEntity
  8
0
100
AcDbBlockBegin
  2
BLEED_VALVE
 70
    0
 10
0
 20
0
  3
BLEED_VALVE
  1

  0
LINE
  5
2C0
100
AcDbEntity
  8
0
  6
ByLayer
 62
  256
370
   -1
100
AcDbLine
 10
0.9999999999999999
 20
-1.2
 11
0.9999999999999999
 21
1.2
  0
LINE
  5
2C1
100
AcDbEntity
  8
0
  6
ByLayer
 62
  256
370
   -1
100
AcDbLine
 10
0
 20
-1.2
 11
0
 21
1.2
  0
LINE
  5
2C2
100
AcDbEntity
  8
0
  6
ByLayer
 62
  256
370
   -1
100
AcDbLine
 10
0
 20
-1.2
 11
1
 21
-1.2
  0
LINE
  5
2C3
100
AcDbEntity
  8
0
  6
ByLayer
 62
  256
370
   -1
100
AcDbLine
 10
0.5
 20
1.2
 11
0.5
 21
2
  0
LINE
  5
2C4
100
AcDbEntity
  8
0
  6
ByLayer
 62
  256
370
   -1
100
AcDbLine
 10
0
 20
1.2
 11
1
 21
1.2
  0
LINE
  5
2C5
100
AcDbEntity
  8
0
  6
ByLayer
 62
  256
370
   -1
100
AcDbLine
 10
1
 20
3.5
 11
0
 21
2
  0
LINE
  5
2C6
100
AcDbEntity
  8
0
  6
ByLayer
 62
  256
370
   -1
100
AcDbLine
 10
1
 20
2
 11
0
 21
3.5
  0
LINE
  5
2C7
100
AcDbEntity
  8
0
  6
ByLayer
 62
  256
370
   -1
100
AcDbLine
 10
0
 20
2
 11
1
 21
2
  0
ENDBLK
  5
F7
330
F5
100
AcDbEntity
  8
0
100
AcDbBlockEnd
  0
BLOCK
  5
F9
330
F8
100
AcDbEntity
  8
0
100
AcDbBlockBegin
  2
ORIFICE
 70
    0
 10
0
 20
0
  3
ORIFICE
  1

  0
LINE
  5
2C8
100
AcDbEntity
  8
0
  6
ByLayer
 62
  256
370
   -1
100
AcDbLine
 10
0.5
 20
-0.6000000000000001
 11
0.5
 21
0.6000000000000001
  0
LINE
  5
2C9
100
AcDbEntity
  8
0
  6
ByLayer
 62
  256
370
   -1
100
AcDbLine
 10
0
 20
-0.6
 11
0
 21
0.6
  0
LINE
  5
2CA
100
AcDbEntity
  8
0
  6
ByLayer
 62
  256
370
   -1
100
AcDbLine
 10
1
 20
-0.6
 11
1
 21
0.6
  0
ENDBLK
  5
FA
330
F8
100
AcDbEntity
  8
0
100
AcDbBlockEnd
  0
BLOCK
  5
FC
330
FB
100
AcDbEntity
  8
0
100
AcDbBlockBegin
  2
REDUCER_ECC_DOWN
 70
    0
 10
0
 20
0
  3
REDUCER_ECC_DOWN
  1

  0
LWPOLYLINE
  5
2CB
100
AcDbEntity
  8
0
  6
ByLayer
 62
  256
370
   -1
100
AcDbPolyline
 90
    5
 70
    0
 43
0
 10
0
 20
0.7000000000000001
 10
0
 20
-0.4
 10
1
 20
-0.4
 10
1
 20
0.4
 10
0
 20
0.7000000000000001
  0
ENDBLK
  5
FD
330
FB
100
AcDbEntity
  8
0
100
AcDbBlockEnd
  0
BLOCK
  5
FF
330
FE
100
AcDbEntity
  8
0
100
AcDbBlockBegin
  2
REDUCER_ECC_UP
 70
    0
 10
0
 20
0
  3
REDUCER_ECC_UP
  1

  0
LWPOLYLINE
  5
2CC
100
AcDbEntity
  8
0
  6
ByLayer
 62
  256
370
   -1
100
AcDbPolyline
 90
    5
 70
    0
 43
0
 10
0
 20
-0.7000000000000001
 10
0
 20
0.4
 10
1
 20
0.4
 10
1
 20
-0.4
 10
0
 20
-0.7000000000000001
  0
ENDBLK
  5
100
330
FE
100
AcDbEntity
  8
0
100
AcDbBlockEnd
  0
BLOCK
  5
102
330
101
100
AcDbEntity
  8
0
100
AcDbBlockBegin
  2
SWAGE_CONC
 70
    0
 10
0
 20
0
  3
SWAGE_CONC
  1

  0
LWPOLYLINE
  5
2CD
100
AcDbEntity
  8
0
  6
ByLayer
 62
  256
370
   -1
100
AcDbPolyline
 90
    2
 70
    0
 43
0
 10
1
 20
0
 10
0
 20
0.3
  0
LWPOLYLINE
  5
2CE
100
AcDbEntity
  8
0
  6
ByLayer
 62
  256
370
   -1
100
AcDbPolyline
 90
    3
 70
    0
 43
0
 10
0
 20
0.3
 10
0
 20
-0.3
 10
1
 20
0
  0
ENDBLK
  5
103
330
101
100
AcDbEntity
  8
0
100
AcDbBlockEnd
  0
BLOCK
  5
105
330
104
100
AcDbEntity
  8
0
100
AcDbBlockBegin
  2
BASKET_STRAINER
 70
    0
 10
0
 20
0
  3
BASKET_STRAINER
  1

  0
LWPOLYLINE
  5
2CF
100
AcDbEntity
  8
0
  6
ByLayer
 62
  256
370
   -1
100
AcDbPolyline
 90
    5
 70
    0
 43
0
 10
0.3
 20
0.4999999999999999
 10
0.3
 20
-0.6000000000000001
 42
-0.414213562373095
 10
-1.383758328085176e-16
 20
-0.9000000000000001
 42
-0.414213562373095
 10
-0.3000000000000002
 20
-0.6000000000000001
 10
-0.3
 20
0.5
  0
LINE
  5
2D0
100
AcDbEntity
  8
0
  6
ByLayer
 62
  256
370
   -1
100
AcDbLine
 10
-0.4
 20
0.5
 11
0.4
 21
0.5
  0
LINE
  5
2D1
100
AcDbEntity
  8
0
  6
ByLayer
 62
  256
370
   -1
100
AcDbLine
 10
-0.4
 20
0.6000000000000001
 11
0.4
 21
0.6000000000000001
  0
LINE
  5
2D2
100
AcDbEntity
  8
0
  6
ByLayer
 62
  256
370
   -1
100
AcDbLine
 10
2e-16
 20
-0.9000000000000001
 11
-1e-16
 21
-0.9000000000000001
  0
LWPOLYLINE
  5
2D3
100
AcDbEntity
  8
0
  6
ByLayer
 62
  256
370
   -1
100
AcDbPolyline
 90
    2
 70
    0
 43
0
 10
-0.5
 20
-0.3
 10
-0.5
 20
0.3
  0
LINE
  5
2D4
100
AcDbEntity
  8
0
  6
ByLayer
 62
  256
370
   -1
100
AcDbLine
 10
-0.5
 20
0
 11
-0.3
 21
0
  0
LWPOLYLINE
  5
2D5
100
AcDbEntity
  8
0
  6
ByLayer
 62
  256
370
   -1
100
AcDbPolyline
 90
    2
 70
    0
 43
0
 10
0.5
 20
-0.3
 10
0.5
 20
0.3
  0
LINE
  5
2D6
100
AcDbEntity
  8
0
  6
ByLayer
 62
  256
370
   -1
100
AcDbLine
 10
0.3
 20
0
 11
0.5
 21
0
  0
ENDBLK
  5
106
330
104
100
AcDbEntity
  8
0
100
AcDbBlockEnd
  0
BLOCK
  5
108
330
107
100
AcDbEntity
  8
0
100
AcDbBlockBegin
  2
Y_STRAINER
 70
    0
 10
0
 20
0
  3
Y_STRAINER
  1

  0
LWPOLYLINE
  5
2D7
100
AcDbEntity
  8
0
  6
ByLayer
 62
  256
370
   -1
100
AcDbPolyline
 90
    2
 70
    0
 43
0
 10
-0.3
 20
0
 10
0.3
 20
-0.6000000000000001
  0
LINE
  5
2D8
100
AcDbEntity
  8
0
  6
ByLayer
 62
  256
370
   -1
100
AcDbLine
 10
-0.5
 20
0
 11
0.5
 21
0
  0
LWPOLYLINE
  5
2D9
100
AcDbEntity
  8
0
  6
ByLayer
 62
  256
370
   -1
100
AcDbPolyline
 90
    2
 70
    0
 43
0
 10
-0.5
 20
-0.3
 10
-0.5
 20
0.3
  0
LWPOLYLINE
  5
2DA
100
AcDbEntity
  8
0
  6
ByLayer
 62
  256
370
   -1
100
AcDbPolyline
 90
    2
 70
    0
 43
0
 10
0.6000000000000001
 20
-0.5
 10
0.2
 20
-0.9
  0
LWPOLYLINE
  5
2DB
100
AcDbEntity
  8
0
  6
ByLayer
 62
  256
370
   -1
100
AcDbPolyline
 90
    2
 70
    0
 43
0
 10
0.5
 20
-0.4
 10
0.1
 20
-0.8
  0
LWPOLYLINE
  5
2DC
100
AcDbEntity
  8
0
  6
ByLayer
 62
  256
370
   -1
100
AcDbPolyline
 90
    2
 70
    0
 43
0
 10
0.5
 20
-0.3
 10
0.5
 20
0.3
  0
ENDBLK
  5
109
330
107
100
AcDbEntity
  8
0
100
AcDbBlockEnd
  0
BLOCK
  5
10B
330
10A
100
AcDbEntity
  8
0
100
AcDbBlockBegin
  2
Y_STRAINER_VALVE
 70
    0
 10
0
 20
0
  3
Y_STRAINER_VALVE
  1

  0
LWPOLYLINE
  5
2DD
100
AcDbEntity
  8
0
  6
ByLayer
 62
  256
370
   -1
100
AcDbPolyline
 90
    2
 70
    0
 43
0
 10
-0.3
 20
0
 10
0.3
 20
-0.6000000000000001
  0
LINE
  5
2DE
100
AcDbEntity
  8
0
  6
ByLayer
 62
  256
370
   -1
100
AcDbLine
 10
-0.5
 20
0
 11
0.5
 21
0
  0
LWPOLYLINE
  5
2DF
100
AcDbEntity
  8
0
  6
ByLayer
 62
  256
370
   -1
100
AcDbPolyline
 90
    2
 70
    0
 43
0
 10
-0.5
 20
-0.3
 10
-0.5
 20
0.3
  0
LWPOLYLINE
  5
2E0
100
AcDbEntity
  8
0
  6
ByLayer
 62
  256
370
   -1
100
AcDbPolyline
 90
    2
 70
    0
 43
0
 10
0.6000000000000001
 20
-0.5
 10
0.2
 20
-0.9
  0
LWPOLYLINE
  5
2E1
100
AcDbEntity
  8
0
  6
ByLayer
 62
  256
370
   -1
100
AcDbPolyline
 90
    2
 70
    0
 43
0
 10
0.5
 20
-0.4
 10
0.1
 20
-0.8
  0
LINE
  5
2E2
100
AcDbEntity
  8
0
  6
ByLayer
 62
  256
370
   -1
100
AcDbLine
 10
0.8
 20
-0.9
 11
0.4
 21
-0.9
  0
LINE
  5
2E3
100
AcDbEntity
  8
0
  6
ByLayer
 62
  256
370
   -1
100
AcDbLine
 10
0.6000000000000001
 20
-1.1
 11
0.8
 21
-0.9
  0
LINE
  5
2E4
100
AcDbEntity
  8
0
  6
ByLayer
 62
  256
370
   -1
100
AcDbLine
 10
0.6000000000000001
 20
-0.7000000000000001
 11
0.6000000000000001
 21
-1.1
  0
LINE
  5
2E5
100
AcDbEntity
  8
0
  6
ByLayer
 62
  256
370
   -1
100
AcDbLine
 10
0.4
 20
-0.9
 11
0.6000000000000001
 21
-0.7000000000000001
  0
LINE
  5
2E6
100
AcDbEntity
  8
0
  6
ByLayer
 62
  256
370
   -1
100
AcDbLine
 10
0.4
 20
-0.7000000000000001
 11
0.5
 21
-0.8
  0
LWPOLYLINE
  5
2E7
100
AcDbEntity
  8
0
  6
ByLayer
 62
  256
370
   -1
100
AcDbPolyline
 90
    2
 70
    0
 43
0
 10
0.5
 20
-0.3
 10
0.5
 20
0.3
  0
ENDBLK
  5
10C
330
10A
100
AcDbEntity
  8
0
100
AcDbBlockEnd
  0
BLOCK
  5
10E
330
10D
100
AcDbEntity
  8
0
100
AcDbBlockBegin
  2
MAGMETER
 70
    0
 10
0
 20
0
  3
MAGMETER
  1

  0
LWPOLYLINE
  5
2E8
100
AcDbEntity
  8
0
  6
ByLayer
 62
  256
370
   -1
100
AcDbPolyline
 90
    2
 70
    0
 43
0
 10
-0.5
 20
0.2
 10
0.2
 20
0.2
  0
LWPOLYLINE
  5
2E9
100
AcDbEntity
  8
0
  6
ByLayer
 62
  256
370
   -1
100
AcDbPolyline
 90
    2
 70
    0
 43
0
 10
0.2
 20
-0.2
 10
-0.5
 20
-0.2
  0
LWPOLYLINE
  5
2EA
100
AcDbEntity
  8
0
  6
ByLayer
 62
  256
370
   -1
100
AcDbPolyline
 90
    2
 70
    0
 43
0
 10
-0.5
 20
-0.3
 10
-0.5
 20
0.3
  0
LWPOLYLINE
  5
2EB
100
AcDbEntity
  8
0
  6
ByLayer
 62
  256
370
   -1
100
AcDbPolyline
 90
    4
 70
    1
 43
0
 10
0.2
 20
-0.3
 10
0.5
 20
-0.3
 10
0.5
 20
0.3
 10
0.2
 20
0.3
  0
ENDBLK
  5
10F
330
10D
100
AcDbEntity
  8
0
100
AcDbBlockEnd
  0
BLOCK
  5
111
330
110
100
AcDbEntity
  8
0
100
AcDbBlockBegin
  2
VENTURI_TAP
 70
    0
 10
0
 20
0
  3
VENTURI_TAP
  1

  0
ARC
  5
2EC
100
AcDbEntity
  8
0
  6
ByLayer
 62
  256
370
   -1
100
AcDbCircle
 10
0
 20
-0.638924026571944
 40
0.5242799784349387
100
AcDbArc
 50
40.27494204889438
 51
139.7250579511056
  0
ARC
  5
2ED
100
AcDbEntity
  8
0
  6
ByLayer
 62
  256
370
   -1
100
AcDbCircle
 10
0
 20
0.6389240265719442
 40
0.5242799784349389
100
AcDbArc
 50
220.2749420488944
 51
319.7250579511056
  0
LWPOLYLINE
  5
2EE
100
AcDbEntity
  8
0
  6
ByLayer
 62
  256
370
   -1
100
AcDbPolyline
 90
    4
 70
    0
 43
0
 10
-0.4
 20
-0.3
 10
-0.5
 20
-0.3
 10
-0.5
 20
0.3
 10
-0.4
 20
0.3
  0
LWPOLYLINE
  5
2EF
100
AcDbEntity
  8
0
  6
ByLayer
 62
  256
370
   -1
100
AcDbPolyline
 90
    5
 70
    0
 43
0
 10
-0.5
 20
0.5
 10
-0.3
 20
0.5
 10
-0.5
 20
0.8
 10
-0.3
 20
0.8
 10
-0.5
 20
0.5
  0
LINE
  5
2F0
100
AcDbEntity
  8
0
  6
ByLayer
 62
  256
370
   -1
100
AcDbLine
 10
-0.4
 20
0.3
 11
-0.4
 21
0.5
  0
LWPOLYLINE
  5
2F1
100
AcDbEntity
  8
0
  6
ByLayer
 62
  256
370
   -1
100
AcDbPolyline
 90
    4
 70
    0
 43
0
 10
0.4
 20
-0.3
 10
0.5
 20
-0.3
 10
0.5
 20
0.3
 10
0.4
 20
0.3
  0
LWPOLYLINE
  5
2F2
100
AcDbEntity
  8
0
  6
ByLayer
 62
  256
370
   -1
100
AcDbPolyline
 90
    5
 70
    0
 43
0
 10
0.3
 20
0.5
 10
0.5
 20
0.5
 10
0.3
 20
0.8
 10
0.5
 20
0.8
 10
0.3
 20
0.5
  0
LINE
  5
2F3
100
AcDbEntity
  8
0
  6
ByLayer
 62
  256
370
   -1
100
AcDbLine
 10
0.4
 20
0.3
 11
0.4
 21
0.5
  0
ENDBLK
  5
112
330
110
100
AcDbEntity
  8
0
100
AcDbBlockEnd
  0
BLOCK
  5
114
330
113
100
AcDbEntity
  8
0
100
AcDbBlockBegin
  2
VENTURI
 70
    0
 10
0
 20
0
  3
VENTURI
  1

  0
ARC
  5
2F4
100
AcDbEntity
  8
0
  6
ByLayer
 62
  256
370
   -1
100
AcDbCircle
 10
0
 20
-0.9000000000000007
 40
0.781024967590666
100
AcDbArc
 50
50.19442890773488
 51
129.8055710922651
  0
ARC
  5
2F5
100
AcDbEntity
  8
0
  6
ByLayer
 62
  256
370
   -1
100
AcDbCircle
 10
0
 20
0.9000000000000007
 40
0.781024967590666
100
AcDbArc
 50
230.1944289077349
 51
309.8055710922652
  0
LWPOLYLINE
  5
2F6
100
AcDbEntity
  8
0
  6
ByLayer
 62
  256
370
   -1
100
AcDbPolyline
 90
    2
 70
    0
 43
0
 10
-0.5
 20
-0.3
 10
-0.5
 20
0.3
  0
LWPOLYLINE
  5
2F7
100
AcDbEntity
  8
0
  6
ByLayer
 62
  256
370
   -1
100
AcDbPolyline
 90
    2
 70
    0
 43
0
 10
0.5
 20
-0.3
 10
0.5
 20
0.3
  0
ENDBLK
  5
115
330
113
100
AcDbEntity
  8
0
100
AcDbBlockEnd
  0
BLOCK
  5
117
330
116
100
AcDbEntity
  8
0
100
AcDbBlockBegin
  2
FLOW
 70
    0
 10
0
 20
0
  3
FLOW
  1

  0
CIRCLE
  5
2F8
100
AcDbEntity
  8
0
  6
ByLayer
 62
  256
370
   -1
100
AcDbCircle
 10
0
 20
0
 40
0.5
  0
HATCH
  5
2F9
100
AcDbEntity
  8
0
  6
CONTINUOUS
 62
  256
370
   -1
100
AcDbHatch
 10
0
 20
0
 30
0
210
0
220
0
230
1
  2
ANSI31
 70
    0
 71
    0
 91
    1
 92
    0
 93
    4
 72
    1
 10
0.7071067811865476
 20
-2e-16
 11
0.3535533905932738
 21
0.3535533905932738
 72
    2
 10
-2.220446049250313e-16
 20
2.220446049250313e-16
 40
0.5000000000000001
 50
315.0000000000001
 51
360
 73
    0
 72
    2
 10
0
 20
1.942890293094024e-16
 40
0.5000000000000001
 50
360
 51
45.00000000000005
 73
    0
 72
    1
 10
0.3535533905932737
 20
-0.3535533905932739
 11
0.7071067811865476
 21
-2e-16
 97
    0
 75
    0
 76
    1
 52
0
 41
0.05
 77
    0
 78
    0
 98
    0
  0
LWPOLYLINE
  5
2FA
100
AcDbEntity
  8
0
  6
ByLayer
 62
  256
370
   -1
100
AcDbPolyline
 90
    3
 70
    0
 43
0
 10
0.3535533905933469
 20
-0.3535533905932007
 10
0.7071067811865476
 20
-1e-16
 10
0.3535533905931275
 20
0.3535533905934201
  0
ENDBLK
  5
118
330
116
100
AcDbEntity
  8
0
100
AcDbBlockEnd
  0
BLOCK
  5
11A
330
119
100
AcDbEntity
  8
0
100
AcDbBlockBegin
  2
EXPANSION
 70
    0
 10
0
 20
0
  3
EXPANSION
  1

  0
LWPOLYLINE
  5
2FB
100
AcDbEntity
  8
0
  6
ByLayer
 62
  256
370
   -1
100
AcDbPolyline
 90
    8
 70
    1
 43
0
 10
0
 20
-0.3
 10
-2.530859589111753e-17
 20
-0.3
 42
0.414213562373095
 10
0.1
 20
-0.2
 10
0.1
 20
0.2
 42
0.414213562373095
 10
-1.608122649676637e-17
 20
0.3
 10
1.959897653392412e-18
 20
0.2999999999999999
 42
0.4142135623730949
 10
-0.1
 20
0.2
 10
-0.09999999999999998
 20
-0.2
 42
0.414213562373095
  0
LWPOLYLINE
  5
2FC
100
AcDbEntity
  8
0
  6
ByLayer
 62
  256
370
   -1
100
AcDbPolyline
 90
    8
 70
    1
 43
0
 10
-0.3
 20
-0.3
 10
-0.3
 20
-0.3
 42
0.414213562373095
 10
-0.2
 20
-0.2
 10
-0.2
 20
0.2
 42
0.414213562373095
 10
-0.3
 20
0.3
 10
-0.3
 20
0.2999999999999998
 42
0.4142135623730946
 10
-0.4
 20
0.2
 10
-0.4
 20
-0.2
 42
0.4142135623730948
  0
LWPOLYLINE
  5
2FD
100
AcDbEntity
  8
0
  6
ByLayer
 62
  256
370
   -1
100
AcDbPolyline
 90
    2
 70
    0
 43
0
 10
-0.5
 20
-0.3
 10
-0.5
 20
0.3
  0
LINE
  5
2FE
100
AcDbEntity
  8
0
  6
ByLayer
 62
  256
370
   -1
100
AcDbLine
 10
-0.5
 20
-0.2
 11
-0.4
 21
-0.2
  0
LINE
  5
2FF
100
AcDbEntity
  8
0
  6
ByLayer
 62
  256
370
   -1
100
AcDbLine
 10
-0.2000000000000001
 20
-0.2
 11
-0.1
 21
-0.2
  0
LINE
  5
300
100
AcDbEntity
  8
0
  6
ByLayer
 62
  256
370
   -1
100
AcDbLine
 10
-0.5
 20
0.2
 11
-0.4
 21
0.2
  0
LINE
  5
301
100
AcDbEntity
  8
0
  6
ByLayer
 62
  256
370
   -1
100
AcDbLine
 10
-0.2000000000000001
 20
0.2
 11
-0.1
 21
0.2
  0
LWPOLYLINE
  5
302
100
AcDbEntity
  8
0
  6
ByLayer
 62
  256
370
   -1
100
AcDbPolyline
 90
    8
 70
    1
 43
0
 10
0.3
 20
-0.3
 10
0.2999999999999999
 20
-0.3
 42
0.414213562373095
 10
0.4
 20
-0.2
 10
0.4
 20
0.2
 42
0.4142135623730948
 10
0.3
 20
0.3
 10
0.3
 20
0.3
 42
0.414213562373095
 10
0.2
 20
0.2
 10
0.2
 20
-0.2
 42
0.414213562373095
  0
LWPOLYLINE
  5
303
100
AcDbEntity
  8
0
  6
ByLayer
 62
  256
370
   -1
100
AcDbPolyline
 90
    2
 70
    0
 43
0
 10
0.5
 20
-0.3
 10
0.5
 20
0.3
  0
LINE
  5
304
100
AcDbEntity
  8
0
  6
ByLayer
 62
  256
370
   -1
100
AcDbLine
 10
0.1
 20
-0.2
 11
0.2
 21
-0.2
  0
LINE
  5
305
100
AcDbEntity
  8
0
  6
ByLayer
 62
  256
370
   -1
100
AcDbLine
 10
0.4
 20
-0.2
 11
0.5
 21
-0.2
  0
LINE
  5
306
100
AcDbEntity
  8
0
  6
ByLayer
 62
  256
370
   -1
100
AcDbLine
 10
0.1
 20
0.2
 11
0.2
 21
0.2
  0
LINE
  5
307
100
AcDbEntity
  8
0
  6
ByLayer
 62
  256
370
   -1
100
AcDbLine
 10
0.4
 20
0.2
 11
0.5
 21
0.2
  0
ENDBLK
  5
11B
330
119
100
AcDbEntity
  8
0
100
AcDbBlockEnd
  0
BLOCK
  5
11D
330
11C
100
AcDbEntity
  8
0
100
AcDbBlockBegin
  2
CLEAN_TEE
 70
    0
 10
0
 20
0
  3
CLEAN_TEE
  1

  0
LWPOLYLINE
  5
308
100
AcDbEntity
  8
0
  6
ByLayer
 62
  256
370
   -1
100
AcDbPolyline
 90
    2
 70
    0
 43
0
 10
0.2828427124746191
 20
-0.5
 10
-0.2828427124746191
 20
-0.5
  0
LWPOLYLINE
  5
309
100
AcDbEntity
  8
0
  6
ByLayer
 62
  256
370
   -1
100
AcDbPolyline
 90
    2
 70
    0
 43
0
 10
0.282842712474619
 20
-0.3585786437626906
 10
-0.282842712474619
 20
-0.3585786437626904
  0
LINE
  5
30A
100
AcDbEntity
  8
0
  6
ByLayer
 62
  256
370
   -1
100
AcDbLine
 10
-0.3585786437626905
 20
0
 11
0.3585786437626905
 21
0
  0
LWPOLYLINE
  5
30B
100
AcDbEntity
  8
0
  6
ByLayer
 62
  256
370
   -1
100
AcDbPolyline
 90
    2
 70
    0
 43
0
 10
0
 20
0
 10
1e-16
 20
-0.3585786437626906
  0
LWPOLYLINE
  5
30C
100
AcDbEntity
  8
0
  6
ByLayer
 62
  256
370
   -1
100
AcDbPolyline
 90
    2
 70
    0
 43
0
 10
-0.3585786437626905
 20
-0.3000000000000001
 10
-0.3585786437626905
 20
0.3
  0
LWPOLYLINE
  5
30D
100
AcDbEntity
  8
0
  6
ByLayer
 62
  256
370
   -1
100
AcDbPolyline
 90
    2
 70
    0
 43
0
 10
-0.5
 20
-0.3
 10
-0.5
 20
0.3
  0
LWPOLYLINE
  5
30E
100
AcDbEntity
  8
0
  6
ByLayer
 62
  256
370
   -1
100
AcDbPolyline
 90
    2
 70
    0
 43
0
 10
0.3585786437626905
 20
-0.3
 10
0.3585786437626905
 20
0.3
  0
LWPOLYLINE
  5
30F
100
AcDbEntity
  8
0
  6
ByLayer
 62
  256
370
   -1
100
AcDbPolyline
 90
    2
 70
    0
 43
0
 10
0.5
 20
-0.3
 10
0.5
 20
0.3
  0
ENDBLK
  5
11E
330
11C
100
AcDbEntity
  8
0
100
AcDbBlockEnd
  0
BLOCK
  5
120
330
11F
100
AcDbEntity
  8
0
100
AcDbBlockBegin
  2
INSULATION
 70
    0
 10
0
 20
0
  3
INSULATION
  1

  0
LINE
  5
310
100
AcDbEntity
  8
0
  6
ByLayer
 62
  256
370
   -1
100
AcDbLine
 10
-0.5
 20
-0.3
 11
0.5
 21
-0.3
  0
LINE
  5
311
100
AcDbEntity
  8
0
  6
ByLayer
 62
  256
370
   -1
100
AcDbLine
 10
-0.5
 20
0.3
 11
0.5
 21
0.3
  0
ELLIPSE
  5
312
100
AcDbEntity
  8
0
  6
ByLayer
 62
  256
370
   -1
100
AcDbEllipse
 10
-0.5
 20
-0.15
 30
0
 11
0
 21
-0.15
 31
0
 40
0.3333333333333334
 41
3.141592653589793
 42
6.283185307179586
  0
ELLIPSE
  5
313
100
AcDbEntity
  8
0
  6
ByLayer
 62
  256
370
   -1
100
AcDbEllipse
 10
-0.5
 20
0.15
 30
0
 11
0
 21
-0.15
 31
0
 40
0.3333333333333334
 41
0
 42
6.283185307179586
  0
ELLIPSE
  5
314
100
AcDbEntity
  8
0
  6
ByLayer
 62
  256
370
   -1
100
AcDbEllipse
 10
0.5
 20
-0.15
 30
0
 11
0
 21
-0.15
 31
0
 40
0.3333333333333334
 41
0
 42
6.283185307179586
  0
ELLIPSE
  5
315
100
AcDbEntity
  8
0
  6
ByLayer
 62
  256
370
   -1
100
AcDbEllipse
 10
0.5
 20
0.15
 30
0
 11
0
 21
-0.15
 31
0
 40
0.3333333333333334
 41
0
 42
3.141592653589793
  0
ENDBLK
  5
121
330
11F
100
AcDbEntity
  8
0
100
AcDbBlockEnd
  0
BLOCK
  5
123
330
122
100
AcDbEntity
  8
0
100
AcDbBlockBegin
  2
LINK_FROM_1
 70
    0
 10
0
 20
0
  3
LINK_FROM_1
  1

  0
LWPOLYLINE
  5
316
100
AcDbEntity
  8
0
  6
ByLayer
 62
  256
370
   -1
100
AcDbPolyline
 90
    5
 70
    1
 43
0
 10
0
 20
-0.0999999999999996
 10
0.8999999999999995
 20
-0.0999999999999996
 10
1
 20
0
 10
0.9000000000000004
 20
0.1000000000000005
 10
0
 20
0.1
  0
ENDBLK
  5
124
330
122
100
AcDbEntity
  8
0
100
AcDbBlockEnd
  0
BLOCK
  5
126
330
125
100
AcDbEntity
  8
0
100
AcDbBlockBegin
  2
SPEC_BREAK_UP
 70
    0
 10
0
 20
0
  3
SPEC_BREAK_UP
  1

  0
LWPOLYLINE
  5
317
100
AcDbEntity
  8
0
  6
ByLayer
 62
  256
370
   -1
100
AcDbPolyline
 90
    5
 70
    0
 43
0
 10
-0.5
 20
0.4
 10
-0.1
 20
0.4
 10
0
 20
0.4
 10
0.1
 20
0.4
 10
0.5
 20
0.4
  0
LINE
  5
318
100
AcDbEntity
  8
0
  6
ByLayer
 62
  256
370
   -1
100
AcDbLine
 10
0
 20
0
 11
0
 21
0.5
  0
ENDBLK
  5
127
330
125
100
AcDbEntity
  8
0
100
AcDbBlockEnd
  0
BLOCK
  5
129
330
128
100
AcDbEntity
  8
0
100
AcDbBlockBegin
  2
LINK_FROM_3
 70
    0
 10
0
 20
0
  3
LINK_FROM_3
  1

  0
LWPOLYLINE
  5
319
100
AcDbEntity
  8
0
  6
ByLayer
 62
  256
370
   -1
100
AcDbPolyline
 90
    6
 70
    0
 43
0
 10
0.9
 20
-0.1
 10
0.9
 20
-0.05
 10
0
 20
-0.05
 10
0
 20
0.05
 10
0.9
 20
0.05
 10
0.9
 20
0.1
  0
LWPOLYLINE
  5
31A
100
AcDbEntity
  8
0
  6
ByLayer
 62
  256
370
   -1
100
AcDbPolyline
 90
    3
 70
    0
 43
0
 10
0.8999999999999995
 20
-0.0999999999999996
 10
1
 20
0
 10
0.9000000000000001
 20
0.1000000000000008
  0
ENDBLK
  5
12A
330
128
100
AcDbEntity
  8
0
100
AcDbBlockEnd
  0
BLOCK
  5
12C
330
12B
100
AcDbEntity
  8
0
100
AcDbBlockBegin
  2
DI_PRI_BACK
 70
    0
 10
0
 20
0
  3
DI_PRI_BACK
  1

  0
LINE
  5
31B
100
AcDbEntity
  8
0
  6
DASHED
 62
  256
370
   -1
100
AcDbLine
 10
-0.5
 20
0
 11
0.5
 21
0
  0
ARC
  5
31C
100
AcDbEntity
  8
0
  6
ByLayer
 62
  256
370
   -1
100
AcDbCircle
 10
0
 20
0
 40
0.5
100
AcDbArc
 50
220.5416018735045
 51
319.4583981264955
  0
ARC
  5
31D
100
AcDbEntity
  8
0
  6
ByLayer
 62
  256
370
   -1
100
AcDbCircle
 10
0
 20
0
 40
0.5
100
AcDbArc
 50
171.3730734413214
 51
188.6269265586786
  0
ARC
  5
31E
100
AcDbEntity
  8
0
  6
ByLayer
 62
  256
370
   -1
100
AcDbCircle
 10
0
 20
0
 40
0.5
100
AcDbArc
 50
40.54160187350454
 51
139.4583981264954
  0
ARC
  5
31F
100
AcDbEntity
  8
0
  6
ByLayer
 62
  256
370
   -1
100
AcDbCircle
 10
0
 20
0
 40
0.5
100
AcDbArc
 50
351.3730734413214
 51
8.62692655867864
  0
ARC
  5
320
100
AcDbEntity
  8
0
  6
ByLayer
 62
  256
370
   -1
100
AcDbCircle
 10
0
 20
0
 40
0.5
100
AcDbArc
 50
188.6269265586786
 51
220.5416018735045
  0
ARC
  5
321
100
AcDbEntity
  8
0
  6
ByLayer
 62
  256
370
   -1
100
AcDbCircle
 10
0
 20
0
 40
0.5
100
AcDbArc
 50
319.4583981264955
 51
351.3730734413214
  0
ARC
  5
322
100
AcDbEntity
  8
0
  6
ByLayer
 62
  256
370
   -1
100
AcDbCircle
 10
0
 20
0
 40
0.5
100
AcDbArc
 50
8.626926558678623
 51
40.54160187350452
  0
ARC
  5
323
100
AcDbEntity
  8
0
  6
ByLayer
 62
  256
370
   -1
100
AcDbCircle
 10
0
 20
0
 40
0.5
100
AcDbArc
 50
139.4583981264955
 51
171.3730734413214
  0
ENDBLK
  5
12D
330
12B
100
AcDbEntity
  8
0
100
AcDbBlockEnd
  0
BLOCK
  5
12F
330
12E
100
AcDbEntity
  8
0
100
AcDbBlockBegin
  2
DI_AUX_FRONT
 70
    0
 10
0
 20
0
  3
DI_AUX_FRONT
  1

  0
LINE
  5
324
100
AcDbEntity
  8
0
  6
ByLayer
 62
  256
370
   -1
100
AcDbLine
 10
-0.5
 20
-0.025
 11
0.5
 21
-0.025
  0
LINE
  5
325
100
AcDbEntity
  8
0
  6
ByLayer
 62
  256
370
   -1
100
AcDbLine
 10
-0.5
 20
0.025
 11
0.5
 21
0.025
  0
ARC
  5
326
100
AcDbEntity
  8
0
  6
ByLayer
 62
  256
370
   -1
100
AcDbCircle
 10
0
 20
0
 40
0.5
100
AcDbArc
 50
171.3730734413214
 51
188.6269265586786
  0
ARC
  5
327
100
AcDbEntity
  8
0
  6
ByLayer
 62
  256
370
   -1
100
AcDbCircle
 10
0
 20
0
 40
0.5
100
AcDbArc
 50
40.54160187350453
 51
139.4583981264954
  0
ARC
  5
328
100
AcDbEntity
  8
0
  6
ByLayer
 62
  256
370
   -1
100
AcDbCircle
 10
0
 20
0
 40
0.5
100
AcDbArc
 50
351.3730734413214
 51
8.62692655867864
  0
ARC
  5
329
100
AcDbEntity
  8
0
  6
ByLayer
 62
  256
370
   -1
100
AcDbCircle
 10
0
 20
0
 40
0.5
100
AcDbArc
 50
220.5416018735045
 51
319.4583981264955
  0
ARC
  5
32A
100
AcDbEntity
  8
0
  6
ByLayer
 62
  256
370
   -1
100
AcDbCircle
 10
0
 20
0
 40
0.5
100
AcDbArc
 50
188.6269265586786
 51
220.5416018735045
  0
ARC
  5
32B
100
AcDbEntity
  8
0
  6
ByLayer
 62
  256
370
   -1
100
AcDbCircle
 10
0
 20
0
 40
0.5
100
AcDbArc
 50
319.4583981264955
 51
351.3730734413214
  0
ARC
  5
32C
100
AcDbEntity
  8
0
  6
ByLayer
 62
  256
370
   -1
100
AcDbCircle
 10
0
 20
0
 40
0.5
100
AcDbArc
 50
8.626926558678623
 51
40.54160187350452
  0
ARC
  5
32D
100
AcDbEntity
  8
0
  6
ByLayer
 62
  256
370
   -1
100
AcDbCircle
 10
0
 20
0
 40
0.5
100
AcDbArc
 50
139.4583981264955
 51
171.3730734413214
  0
ENDBLK
  5
130
330
12E
100
AcDbEntity
  8
0
100
AcDbBlockEnd
  0
BLOCK
  5
132
330
131
100
AcDbEntity
  8
0
100
AcDbBlockBegin
  2
DI_AUX_BACK
 70
    0
 10
0
 20
0
  3
DI_AUX_BACK
  1

  0
LINE
  5
32E
100
AcDbEntity
  8
0
  6
DASHED
 62
  256
370
   -1
100
AcDbLine
 10
-0.5
 20
-0.025
 11
0.5
 21
-0.025
  0
LINE
  5
32F
100
AcDbEntity
  8
0
  6
DASHED
 62
  256
370
   -1
100
AcDbLine
 10
-0.5
 20
0.025
 11
0.5
 21
0.025
  0
ARC
  5
330
100
AcDbEntity
  8
0
  6
ByLayer
 62
  256
370
   -1
100
AcDbCircle
 10
0
 20
0
 40
0.5
100
AcDbArc
 50
220.5416018735045
 51
319.4583981264955
  0
ARC
  5
331
100
AcDbEntity
  8
0
  6
ByLayer
 62
  256
370
   -1
100
AcDbCircle
 10
0
 20
0
 40
0.5
100
AcDbArc
 50
171.3730734413214
 51
188.6269265586786
  0
ARC
  5
332
100
AcDbEntity
  8
0
  6
ByLayer
 62
  256
370
   -1
100
AcDbCircle
 10
0
 20
0
 40
0.5
100
AcDbArc
 50
40.54160187350453
 51
139.4583981264955
  0
ARC
  5
333
100
AcDbEntity
  8
0
  6
ByLayer
 62
  256
370
   -1
100
AcDbCircle
 10
0
 20
0
 40
0.5
100
AcDbArc
 50
351.3730734413214
 51
8.62692655867864
  0
ARC
  5
334
100
AcDbEntity
  8
0
  6
ByLayer
 62
  256
370
   -1
100
AcDbCircle
 10
0
 20
0
 40
0.5
100
AcDbArc
 50
188.6269265586786
 51
220.5416018735045
  0
ARC
  5
335
100
AcDbEntity
  8
0
  6
ByLayer
 62
  256
370
   -1
100
AcDbCircle
 10
0
 20
0
 40
0.5
100
AcDbArc
 50
319.4583981264955
 51
351.3730734413214
  0
ARC
  5
336
100
AcDbEntity
  8
0
  6
ByLayer
 62
  256
370
   -1
100
AcDbCircle
 10
0
 20
0
 40
0.5
100
AcDbArc
 50
8.626926558678623
 51
40.54160187350452
  0
ARC
  5
337
100
AcDbEntity
  8
0
  6
ByLayer
 62
  256
370
   -1
100
AcDbCircle
 10
0
 20
0
 40
0.5
100
AcDbArc
 50
139.4583981264955
 51
171.3730734413214
  0
ENDBLK
  5
133
330
131
100
AcDbEntity
  8
0
100
AcDbBlockEnd
  0
BLOCK
  5
135
330
134
100
AcDbEntity
  8
0
100
AcDbBlockBegin
  2
SH_LOCAL
 70
    0
 10
0
 20
0
  3
SH_LOCAL
  1

  0
LWPOLYLINE
  5
338
100
AcDbEntity
  8
0
  6
ByLayer
 62
  256
370
   -1
100
AcDbPolyline
 90
    4
 70
    0
 43
0
 10
0.5
 20
-0.3250000000000002
 10
0.5
 20
-0.5
 10
-0.5
 20
-0.5
 10
-0.5
 20
-0.3250000000000002
  0
ARC
  5
339
100
AcDbEntity
  8
0
  6
ByLayer
 62
  256
370
   -1
100
AcDbCircle
 10
0
 20
0
 40
0.5
100
AcDbArc
 50
351.3730734413214
 51
8.62692655867864
  0
ARC
  5
33A
100
AcDbEntity
  8
0
  6
ByLayer
 62
  256
370
   -1
100
AcDbCircle
 10
0
 20
0
 40
0.5
100
AcDbArc
 50
220.5416018735045
 51
319.4583981264955
  0
LWPOLYLINE
  5
33B
100
AcDbEntity
  8
0
  6
ByLayer
 62
  256
370
   -1
100
AcDbPolyline
 90
    2
 70
    0
 43
0
 10
-0.5
 20
-0.07500000000000021
 10
-0.5
 20
0.075
  0
LWPOLYLINE
  5
33C
100
AcDbEntity
  8
0
  6
ByLayer
 62
  256
370
   -1
100
AcDbPolyline
 90
    4
 70
    0
 43
0
 10
-0.5
 20
0.3250000000000001
 10
-0.5
 20
0.5
 10
0.5
 20
0.5
 10
0.5
 20
0.3250000000000002
  0
ARC
  5
33D
100
AcDbEntity
  8
0
  6
ByLayer
 62
  256
370
   -1
100
AcDbCircle
 10
0
 20
0
 40
0.5
100
AcDbArc
 50
171.3730734413214
 51
188.6269265586786
  0
ARC
  5
33E
100
AcDbEntity
  8
0
  6
ByLayer
 62
  256
370
   -1
100
AcDbCircle
 10
0
 20
0
 40
0.5
100
AcDbArc
 50
40.54160187350453
 51
139.4583981264955
  0
LWPOLYLINE
  5
33F
100
AcDbEntity
  8
0
  6
ByLayer
 62
  256
370
   -1
100
AcDbPolyline
 90
    2
 70
    0
 43
0
 10
0.5
 20
0.075
 10
0.5
 20
-0.07500000000000021
  0
LINE
  5
340
100
AcDbEntity
  8
0
  6
ByLayer
 62
  256
370
   -1
100
AcDbLine
 10
-0.5
 20
-0.3250000000000002
 11
-0.5
 21
-0.07500000000000021
  0
ARC
  5
341
100
AcDbEntity
  8
0
  6
ByLayer
 62
  256
370
   -1
100
AcDbCircle
 10
0
 20
0
 40
0.5
100
AcDbArc
 50
188.6269265586786
 51
220.5416018735045
  0
ARC
  5
342
100
AcDbEntity
  8
0
  6
ByLayer
 62
  256
370
   -1
100
AcDbCircle
 10
0
 20
0
 40
0.5
100
AcDbArc
 50
319.4583981264955
 51
351.3730734413214
  0
LINE
  5
343
100
AcDbEntity
  8
0
  6
ByLayer
 62
  256
370
   -1
100
AcDbLine
 10
0.5
 20
-0.3250000000000002
 11
0.5
 21
-0.07500000000000021
  0
LINE
  5
344
100
AcDbEntity
  8
0
  6
ByLayer
 62
  256
370
   -1
100
AcDbLine
 10
0.5
 20
0.3250000000000002
 11
0.5
 21
0.07500000000000021
  0
ARC
  5
345
100
AcDbEntity
  8
0
  6
ByLayer
 62
  256
370
   -1
100
AcDbCircle
 10
0
 20
0
 40
0.5
100
AcDbArc
 50
8.626926558678623
 51
40.54160187350452
  0
ARC
  5
346
100
AcDbEntity
  8
0
  6
ByLayer
 62
  256
370
   -1
100
AcDbCircle
 10
0
 20
0
 40
0.5
100
AcDbArc
 50
139.4583981264955
 51
171.3730734413214
  0
LINE
  5
347
100
AcDbEntity
  8
0
  6
ByLayer
 62
  256
370
   -1
100
AcDbLine
 10
-0.5
 20
0.3250000000000002
 11
-0.5
 21
0.07500000000000021
  0
ENDBLK
  5
136
330
134
100
AcDbEntity
  8
0
100
AcDbBlockEnd
  0
BLOCK
  5
138
330
137
100
AcDbEntity
  8
0
100
AcDbBlockBegin
  2
SH_PRI_FRONT
 70
    0
 10
0
 20
0
  3
SH_PRI_FRONT
  1

  0
LWPOLYLINE
  5
348
100
AcDbEntity
  8
0
  6
ByLayer
 62
  256
370
   -1
100
AcDbPolyline
 90
    4
 70
    0
 43
0
 10
0.5
 20
-0.3250000000000002
 10
0.5
 20
-0.5
 10
-0.5
 20
-0.5
 10
-0.5
 20
-0.3250000000000002
  0
LINE
  5
349
100
AcDbEntity
  8
0
  6
CONTINUOUS
 62
  256
370
   -1
100
AcDbLine
 10
-0.5
 20
0
 11
0.5
 21
0
  0
ARC
  5
34A
100
AcDbEntity
  8
0
  6
ByLayer
 62
  256
370
   -1
100
AcDbCircle
 10
0
 20
0
 40
0.5
100
AcDbArc
 50
351.3730734413214
 51
8.62692655867864
  0
ARC
  5
34B
100
AcDbEntity
  8
0
  6
ByLayer
 62
  256
370
   -1
100
AcDbCircle
 10
0
 20
0
 40
0.5
100
AcDbArc
 50
220.5416018735046
 51
319.4583981264955
  0
LWPOLYLINE
  5
34C
100
AcDbEntity
  8
0
  6
ByLayer
 62
  256
370
   -1
100
AcDbPolyline
 90
    2
 70
    0
 43
0
 10
-0.5
 20
-0.07500000000000021
 10
-0.5
 20
0.075
  0
ARC
  5
34D
100
AcDbEntity
  8
0
  6
ByLayer
 62
  256
370
   -1
100
AcDbCircle
 10
0
 20
0
 40
0.5
100
AcDbArc
 50
171.3730734413214
 51
188.6269265586786
  0
LWPOLYLINE
  5
34E
100
AcDbEntity
  8
0
  6
ByLayer
 62
  256
370
   -1
100
AcDbPolyline
 90
    4
 70
    0
 43
0
 10
-0.5
 20
0.3250000000000001
 10
-0.5
 20
0.5
 10
0.5
 20
0.5
 10
0.5
 20
0.3250000000000002
  0
ARC
  5
34F
100
AcDbEntity
  8
0
  6
ByLayer
 62
  256
370
   -1
100
AcDbCircle
 10
0
 20
0
 40
0.5
100
AcDbArc
 50
40.54160187350453
 51
139.4583981264955
  0
LWPOLYLINE
  5
350
100
AcDbEntity
  8
0
  6
ByLayer
 62
  256
370
   -1
100
AcDbPolyline
 90
    2
 70
    0
 43
0
 10
0.5
 20
0.075
 10
0.5
 20
-0.07500000000000021
  0
LINE
  5
351
100
AcDbEntity
  8
0
  6
ByLayer
 62
  256
370
   -1
100
AcDbLine
 10
-0.5
 20
-0.07500000000000021
 11
-0.5
 21
-0.3250000000000002
  0
ARC
  5
352
100
AcDbEntity
  8
0
  6
ByLayer
 62
  256
370
   -1
100
AcDbCircle
 10
0
 20
0
 40
0.5
100
AcDbArc
 50
188.6269265586786
 51
220.5416018735046
  0
ARC
  5
353
100
AcDbEntity
  8
0
  6
ByLayer
 62
  256
370
   -1
100
AcDbCircle
 10
0
 20
0
 40
0.5
100
AcDbArc
 50
319.4583981264955
 51
351.3730734413214
  0
LINE
  5
354
100
AcDbEntity
  8
0
  6
ByLayer
 62
  256
370
   -1
100
AcDbLine
 10
0.5
 20
-0.07500000000000021
 11
0.5
 21
-0.3250000000000002
  0
ARC
  5
355
100
AcDbEntity
  8
0
  6
ByLayer
 62
  256
370
   -1
100
AcDbCircle
 10
0
 20
0
 40
0.5
100
AcDbArc
 50
139.4583981264954
 51
171.3730734413214
  0
LINE
  5
356
100
AcDbEntity
  8
0
  6
ByLayer
 62
  256
370
   -1
100
AcDbLine
 10
-0.5
 20
0.07500000000000021
 11
-0.5
 21
0.3250000000000002
  0
LINE
  5
357
100
AcDbEntity
  8
0
  6
ByLayer
 62
  256
370
   -1
100
AcDbLine
 10
0.5
 20
0.07500000000000021
 11
0.5
 21
0.3250000000000002
  0
ARC
  5
358
100
AcDbEntity
  8
0
  6
ByLayer
 62
  256
370
   -1
100
AcDbCircle
 10
0
 20
0
 40
0.5
100
AcDbArc
 50
8.626926558678623
 51
40.54160187350457
  0
ENDBLK
  5
139
330
137
100
AcDbEntity
  8
0
100
AcDbBlockEnd
  0
BLOCK
  5
13B
330
13A
100
AcDbEntity
  8
0
100
AcDbBlockBegin
  2
SH_PRI_BACK
 70
    0
 10
0
 20
0
  3
SH_PRI_BACK
  1

  0
LWPOLYLINE
  5
359
100
AcDbEntity
  8
0
  6
ByLayer
 62
  256
370
   -1
100
AcDbPolyline
 90
    4
 70
    0
 43
0
 10
0.5
 20
-0.3250000000000002
 10
0.5
 20
-0.5
 10
-0.5
 20
-0.5
 10
-0.5
 20
-0.3250000000000002
  0
LINE
  5
35A
100
AcDbEntity
  8
0
  6
DASHED
 62
  256
370
   -1
100
AcDbLine
 10
-0.5
 20
0
 11
0.5
 21
0
  0
ARC
  5
35B
100
AcDbEntity
  8
0
  6
ByLayer
 62
  256
370
   -1
100
AcDbCircle
 10
0
 20
0
 40
0.5
100
AcDbArc
 50
351.3730734413214
 51
8.62692655867864
  0
ARC
  5
35C
100
AcDbEntity
  8
0
  6
ByLayer
 62
  256
370
   -1
100
AcDbCircle
 10
0
 20
0
 40
0.5
100
AcDbArc
 50
220.5416018735046
 51
319.4583981264955
  0
LWPOLYLINE
  5
35D
100
AcDbEntity
  8
0
  6
ByLayer
 62
  256
370
   -1
100
AcDbPolyline
 90
    2
 70
    0
 43
0
 10
-0.5
 20
-0.07500000000000021
 10
-0.5
 20
0.075
  0
ARC
  5
35E
100
AcDbEntity
  8
0
  6
ByLayer
 62
  256
370
   -1
100
AcDbCircle
 10
0
 20
0
 40
0.5
100
AcDbArc
 50
171.3730734413214
 51
188.6269265586786
  0
LWPOLYLINE
  5
35F
100
AcDbEntity
  8
0
  6
ByLayer
 62
  256
370
   -1
100
AcDbPolyline
 90
    4
 70
    0
 43
0
 10
-0.5
 20
0.3250000000000001
 10
-0.5
 20
0.5
 10
0.5
 20
0.5
 10
0.5
 20
0.3250000000000002
  0
LWPOLYLINE
  5
360
100
AcDbEntity
  8
0
  6
ByLayer
 62
  256
370
   -1
100
AcDbPolyline
 90
    2
 70
    0
 43
0
 10
0.5
 20
0.075
 10
0.5
 20
-0.07500000000000021
  0
ARC
  5
361
100
AcDbEntity
  8
0
  6
ByLayer
 62
  256
370
   -1
100
AcDbCircle
 10
0
 20
0
 40
0.5
100
AcDbArc
 50
40.54160187350453
 51
139.4583981264955
  0
LINE
  5
362
100
AcDbEntity
  8
0
  6
ByLayer
 62
  256
370
   -1
100
AcDbLine
 10
-0.5
 20
-0.07500000000000021
 11
-0.5
 21
-0.3250000000000002
  0
ARC
  5
363
100
AcDbEntity
  8
0
  6
ByLayer
 62
  256
370
   -1
100
AcDbCircle
 10
0
 20
0
 40
0.5
100
AcDbArc
 50
188.6269265586786
 51
220.5416018735046
  0
ARC
  5
364
100
AcDbEntity
  8
0
  6
ByLayer
 62
  256
370
   -1
100
AcDbCircle
 10
0
 20
0
 40
0.5
100
AcDbArc
 50
319.4583981264955
 51
351.3730734413214
  0
LINE
  5
365
100
AcDbEntity
  8
0
  6
ByLayer
 62
  256
370
   -1
100
AcDbLine
 10
0.5
 20
-0.07500000000000021
 11
0.5
 21
-0.3250000000000002
  0
LINE
  5
366
100
AcDbEntity
  8
0
  6
ByLayer
 62
  256
370
   -1
100
AcDbLine
 10
0.5
 20
0.07500000000000021
 11
0.5
 21
0.3250000000000002
  0
ARC
  5
367
100
AcDbEntity
  8
0
  6
ByLayer
 62
  256
370
   -1
100
AcDbCircle
 10
0
 20
0
 40
0.5
100
AcDbArc
 50
8.626926558678623
 51
40.54160187350457
  0
ARC
  5
368
100
AcDbEntity
  8
0
  6
ByLayer
 62
  256
370
   -1
100
AcDbCircle
 10
0
 20
0
 40
0.5
100
AcDbArc
 50
139.4583981264954
 51
171.3730734413214
  0
LINE
  5
369
100
AcDbEntity
  8
0
  6
ByLayer
 62
  256
370
   -1
100
AcDbLine
 10
-0.5
 20
0.07500000000000021
 11
-0.5
 21
0.3250000000000002
  0
ENDBLK
  5
13C
330
13A
100
AcDbEntity
  8
0
100
AcDbBlockEnd
  0
BLOCK
  5
13E
330
13D
100
AcDbEntity
  8
0
100
AcDbBlockBegin
  2
SH_AUX_FRONT
 70
    0
 10
0
 20
0
  3
SH_AUX_FRONT
  1

  0
LWPOLYLINE
  5
36A
100
AcDbEntity
  8
0
  6
ByLayer
 62
  256
370
   -1
100
AcDbPolyline
 90
    2
 70
    0
 43
0
 10
-0.5
 20
-0.075
 10
-0.5
 20
0.075
  0
LINE
  5
36B
100
AcDbEntity
  8
0
  6
ByLayer
 62
  256
370
   -1
100
AcDbLine
 10
-0.5
 20
-0.025
 11
0.5
 21
-0.025
  0
LINE
  5
36C
100
AcDbEntity
  8
0
  6
ByLayer
 62
  256
370
   -1
100
AcDbLine
 10
-0.5
 20
0.025
 11
0.5
 21
0.025
  0
ARC
  5
36D
100
AcDbEntity
  8
0
  6
ByLayer
 62
  256
370
   -1
100
AcDbCircle
 10
0
 20
0
 40
0.5
100
AcDbArc
 50
220.5416018735046
 51
319.4583981264955
  0
ARC
  5
36E
100
AcDbEntity
  8
0
  6
ByLayer
 62
  256
370
   -1
100
AcDbCircle
 10
0
 20
0
 40
0.5
100
AcDbArc
 50
171.3730734413214
 51
188.6269265586786
  0
LWPOLYLINE
  5
36F
100
AcDbEntity
  8
0
  6
ByLayer
 62
  256
370
   -1
100
AcDbPolyline
 90
    4
 70
    0
 43
0
 10
-0.5
 20
0.3250000000000001
 10
-0.5
 20
0.5
 10
0.5
 20
0.5
 10
0.5
 20
0.3250000000000002
  0
ARC
  5
370
100
AcDbEntity
  8
0
  6
ByLayer
 62
  256
370
   -1
100
AcDbCircle
 10
0
 20
0
 40
0.5
100
AcDbArc
 50
40.54160187350454
 51
139.4583981264954
  0
LWPOLYLINE
  5
371
100
AcDbEntity
  8
0
  6
ByLayer
 62
  256
370
   -1
100
AcDbPolyline
 90
    2
 70
    0
 43
0
 10
0.5
 20
0.07500000000000021
 10
0.5
 20
-0.075
  0
LWPOLYLINE
  5
372
100
AcDbEntity
  8
0
  6
ByLayer
 62
  256
370
   -1
100
AcDbPolyline
 90
    4
 70
    0
 43
0
 10
0.5
 20
-0.3250000000000001
 10
0.5
 20
-0.5
 10
-0.5
 20
-0.5
 10
-0.5
 20
-0.3250000000000001
  0
ARC
  5
373
100
AcDbEntity
  8
0
  6
ByLayer
 62
  256
370
   -1
100
AcDbCircle
 10
0
 20
0
 40
0.5
100
AcDbArc
 50
351.3730734413214
 51
8.62692655867864
  0
LINE
  5
374
100
AcDbEntity
  8
0
  6
ByLayer
 62
  256
370
   -1
100
AcDbLine
 10
-0.5
 20
-0.3250000000000001
 11
-0.5
 21
-0.075
  0
ARC
  5
375
100
AcDbEntity
  8
0
  6
ByLayer
 62
  256
370
   -1
100
AcDbCircle
 10
0
 20
0
 40
0.5
100
AcDbArc
 50
188.6269265586786
 51
220.5416018735046
  0
ARC
  5
376
100
AcDbEntity
  8
0
  6
ByLayer
 62
  256
370
   -1
100
AcDbCircle
 10
0
 20
0
 40
0.5
100
AcDbArc
 50
319.4583981264955
 51
351.3730734413214
  0
LINE
  5
377
100
AcDbEntity
  8
0
  6
ByLayer
 62
  256
370
   -1
100
AcDbLine
 10
0.5
 20
-0.3250000000000001
 11
0.5
 21
-0.075
  0
LINE
  5
378
100
AcDbEntity
  8
0
  6
ByLayer
 62
  256
370
   -1
100
AcDbLine
 10
0.5
 20
0.3250000000000001
 11
0.5
 21
0.075
  0
ARC
  5
379
100
AcDbEntity
  8
0
  6
ByLayer
 62
  256
370
   -1
100
AcDbCircle
 10
0
 20
0
 40
0.5
100
AcDbArc
 50
8.626926558678623
 51
40.54160187350457
  0
ARC
  5
37A
100
AcDbEntity
  8
0
  6
ByLayer
 62
  256
370
   -1
100
AcDbCircle
 10
0
 20
0
 40
0.5
100
AcDbArc
 50
139.4583981264954
 51
171.3730734413214
  0
LINE
  5
37B
100
AcDbEntity
  8
0
  6
ByLayer
 62
  256
370
   -1
100
AcDbLine
 10
-0.5
 20
0.3250000000000001
 11
-0.5
 21
0.075
  0
ENDBLK
  5
13F
330
13D
100
AcDbEntity
  8
0
100
AcDbBlockEnd
  0
BLOCK
  5
141
330
140
100
AcDbEntity
  8
0
100
AcDbBlockBegin
  2
SH_AUX_BACK
 70
    0
 10
0
 20
0
  3
SH_AUX_BACK
  1

  0
LWPOLYLINE
  5
37C
100
AcDbEntity
  8
0
  6
ByLayer
 62
  256
370
   -1
100
AcDbPolyline
 90
    2
 70
    0
 43
0
 10
-0.5
 20
-0.075
 10
-0.5
 20
0.075
  0
LINE
  5
37D
100
AcDbEntity
  8
0
  6
DASHED
 62
  256
370
   -1
100
AcDbLine
 10
-0.5
 20
-0.025
 11
0.5
 21
-0.025
  0
LINE
  5
37E
100
AcDbEntity
  8
0
  6
DASHED
 62
  256
370
   -1
100
AcDbLine
 10
-0.5
 20
0.025
 11
0.5
 21
0.025
  0
ARC
  5
37F
100
AcDbEntity
  8
0
  6
ByLayer
 62
  256
370
   -1
100
AcDbCircle
 10
0
 20
0
 40
0.5
100
AcDbArc
 50
220.5416018735045
 51
319.4583981264955
  0
ARC
  5
380
100
AcDbEntity
  8
0
  6
ByLayer
 62
  256
370
   -1
100
AcDbCircle
 10
0
 20
0
 40
0.5
100
AcDbArc
 50
171.3730734413214
 51
188.6269265586786
  0
LWPOLYLINE
  5
381
100
AcDbEntity
  8
0
  6
ByLayer
 62
  256
370
   -1
100
AcDbPolyline
 90
    4
 70
    0
 43
0
 10
-0.5
 20
0.3250000000000001
 10
-0.5
 20
0.5
 10
0.5
 20
0.5
 10
0.5
 20
0.3250000000000002
  0
ARC
  5
382
100
AcDbEntity
  8
0
  6
ByLayer
 62
  256
370
   -1
100
AcDbCircle
 10
0
 20
0
 40
0.5
100
AcDbArc
 50
40.54160187350453
 51
139.4583981264955
  0
LWPOLYLINE
  5
383
100
AcDbEntity
  8
0
  6
ByLayer
 62
  256
370
   -1
100
AcDbPolyline
 90
    2
 70
    0
 43
0
 10
0.5
 20
0.07500000000000021
 10
0.5
 20
-0.075
  0
LWPOLYLINE
  5
384
100
AcDbEntity
  8
0
  6
ByLayer
 62
  256
370
   -1
100
AcDbPolyline
 90
    4
 70
    0
 43
0
 10
0.5
 20
-0.3250000000000001
 10
0.5
 20
-0.5
 10
-0.5
 20
-0.5
 10
-0.5
 20
-0.3250000000000001
  0
ARC
  5
385
100
AcDbEntity
  8
0
  6
ByLayer
 62
  256
370
   -1
100
AcDbCircle
 10
0
 20
0
 40
0.5
100
AcDbArc
 50
351.3730734413214
 51
8.62692655867864
  0
LINE
  5
386
100
AcDbEntity
  8
0
  6
ByLayer
 62
  256
370
   -1
100
AcDbLine
 10
-0.5
 20
-0.3250000000000001
 11
-0.5
 21
-0.075
  0
ARC
  5
387
100
AcDbEntity
  8
0
  6
ByLayer
 62
  256
370
   -1
100
AcDbCircle
 10
0
 20
0
 40
0.5
100
AcDbArc
 50
188.6269265586786
 51
220.5416018735045
  0
ARC
  5
388
100
AcDbEntity
  8
0
  6
ByLayer
 62
  256
370
   -1
100
AcDbCircle
 10
0
 20
0
 40
0.5
100
AcDbArc
 50
319.4583981264955
 51
351.3730734413214
  0
LINE
  5
389
100
AcDbEntity
  8
0
  6
ByLayer
 62
  256
370
   -1
100
AcDbLine
 10
0.5
 20
-0.3250000000000001
 11
0.5
 21
-0.075
  0
LINE
  5
38A
100
AcDbEntity
  8
0
  6
ByLayer
 62
  256
370
   -1
100
AcDbLine
 10
0.5
 20
0.3250000000000001
 11
0.5
 21
0.075
  0
ARC
  5
38B
100
AcDbEntity
  8
0
  6
ByLayer
 62
  256
370
   -1
100
AcDbCircle
 10
0
 20
0
 40
0.5
100
AcDbArc
 50
8.626926558678623
 51
40.54160187350452
  0
ARC
  5
38C
100
AcDbEntity
  8
0
  6
ByLayer
 62
  256
370
   -1
100
AcDbCircle
 10
0
 20
0
 40
0.5
100
AcDbArc
 50
139.4583981264955
 51
171.3730734413214
  0
LINE
  5
38D
100
AcDbEntity
  8
0
  6
ByLayer
 62
  256
370
   -1
100
AcDbLine
 10
-0.5
 20
0.3250000000000001
 11
-0.5
 21
0.075
  0
ENDBLK
  5
142
330
140
100
AcDbEntity
  8
0
100
AcDbBlockEnd
  0
BLOCK
  5
144
330
143
100
AcDbEntity
  8
0
100
AcDbBlockBegin
  2
CO_LOCAL
 70
    0
 10
0
 20
0
  3
CO_LOCAL
  1

  0
LWPOLYLINE
  5
38E
100
AcDbEntity
  8
0
  6
ByLayer
 62
  256
370
   -1
100
AcDbPolyline
 90
    3
 70
    0
 43
0
 10
0.456698729810778
 20
-0.075
 10
0.5
 20
0
 10
0.4566987298107781
 20
0.075
  0
LWPOLYLINE
  5
38F
100
AcDbEntity
  8
0
  6
ByLayer
 62
  256
370
   -1
100
AcDbPolyline
 90
    4
 70
    0
 43
0
 10
-0.3123611625133716
 20
-0.3250000000000001
 10
-0.2500000000000001
 20
-0.4330127018922192
 10
0.2499999999999997
 20
-0.4330127018922195
 10
0.3123611625133714
 20
-0.3250000000000001
  0
LWPOLYLINE
  5
390
100
AcDbEntity
  8
0
  6
ByLayer
 62
  256
370
   -1
100
AcDbPolyline
 90
    3
 70
    0
 43
0
 10
-0.4566987298107781
 20
0.075
 10
-0.5
 20
0
 10
-0.4566987298107781
 20
-0.075
  0
LWPOLYLINE
  5
391
100
AcDbEntity
  8
0
  6
ByLayer
 62
  256
370
   -1
100
AcDbPolyline
 90
    4
 70
    0
 43
0
 10
0.3123611625133717
 20
0.3250000000000001
 10
0.2500000000000001
 20
0.4330127018922193
 10
-0.2499999999999999
 20
0.4330127018922194
 10
-0.3123611625133715
 20
0.3250000000000001
  0
LINE
  5
392
100
AcDbEntity
  8
0
  6
ByLayer
 62
  256
370
   -1
100
AcDbLine
 10
0.3123611625133714
 20
-0.3250000000000001
 11
0.456698729810778
 21
-0.075
  0
LINE
  5
393
100
AcDbEntity
  8
0
  6
ByLayer
 62
  256
370
   -1
100
AcDbLine
 10
-0.3123611625133716
 20
-0.3250000000000001
 11
-0.4566987298107781
 21
-0.075
  0
LINE
  5
394
100
AcDbEntity
  8
0
  6
ByLayer
 62
  256
370
   -1
100
AcDbLine
 10
-0.4566987298107781
 20
0.075
 11
-0.3123611625133715
 21
0.3250000000000001
  0
LINE
  5
395
100
AcDbEntity
  8
0
  6
ByLayer
 62
  256
370
   -1
100
AcDbLine
 10
0.4566987298107781
 20
0.075
 11
0.3123611625133717
 21
0.3250000000000001
  0
ENDBLK
  5
145
330
143
100
AcDbEntity
  8
0
100
AcDbBlockEnd
  0
BLOCK
  5
147
330
146
100
AcDbEntity
  8
0
100
AcDbBlockBegin
  2
CO_PRI_FRONT
 70
    0
 10
0
 20
0
  3
CO_PRI_FRONT
  1

  0
LWPOLYLINE
  5
396
100
AcDbEntity
  8
0
  6
ByLayer
 62
  256
370
   -1
100
AcDbPolyline
 90
    4
 70
    0
 43
0
 10
-0.3123611625133716
 20
-0.3250000000000001
 10
-0.2500000000000001
 20
-0.4330127018922192
 10
0.2499999999999997
 20
-0.4330127018922195
 10
0.3123611625133714
 20
-0.3250000000000001
  0
LINE
  5
397
100
AcDbEntity
  8
0
  6
CONTINUOUS
 62
  256
370
   -1
100
AcDbLine
 10
-0.5
 20
0
 11
0.5
 21
0
  0
LWPOLYLINE
  5
398
100
AcDbEntity
  8
0
  6
ByLayer
 62
  256
370
   -1
100
AcDbPolyline
 90
    3
 70
    0
 43
0
 10
-0.4566987298107781
 20
0.075
 10
-0.5
 20
0
 10
-0.4566987298107781
 20
-0.075
  0
LWPOLYLINE
  5
399
100
AcDbEntity
  8
0
  6
ByLayer
 62
  256
370
   -1
100
AcDbPolyline
 90
    4
 70
    0
 43
0
 10
0.3123611625133716
 20
0.3250000000000001
 10
0.2500000000000001
 20
0.4330127018922193
 10
-0.2499999999999999
 20
0.4330127018922194
 10
-0.3123611625133715
 20
0.3250000000000002
  0
LWPOLYLINE
  5
39A
100
AcDbEntity
  8
0
  6
ByLayer
 62
  256
370
   -1
100
AcDbPolyline
 90
    3
 70
    0
 43
0
 10
0.456698729810778
 20
-0.075
 10
0.5
 20
0
 10
0.4566987298107781
 20
0.075
  0
LINE
  5
39B
100
AcDbEntity
  8
0
  6
ByLayer
 62
  256
370
   -1
100
AcDbLine
 10
-0.4566987298107781
 20
0.075
 11
-0.3123611625133715
 21
0.3250000000000002
  0
LINE
  5
39C
100
AcDbEntity
  8
0
  6
ByLayer
 62
  256
370
   -1
100
AcDbLine
 10
-0.3123611625133716
 20
-0.3250000000000001
 11
-0.4566987298107781
 21
-0.075
  0
LINE
  5
39D
100
AcDbEntity
  8
0
  6
ByLayer
 62
  256
370
   -1
100
AcDbLine
 10
0.3123611625133714
 20
-0.3250000000000001
 11
0.456698729810778
 21
-0.075
  0
LINE
  5
39E
100
AcDbEntity
  8
0
  6
ByLayer
 62
  256
370
   -1
100
AcDbLine
 10
0.4566987298107781
 20
0.075
 11
0.3123611625133716
 21
0.3250000000000001
  0
ENDBLK
  5
148
330
146
100
AcDbEntity
  8
0
100
AcDbBlockEnd
  0
BLOCK
  5
14A
330
149
100
AcDbEntity
  8
0
100
AcDbBlockBegin
  2
CO_PRI_BACK
 70
    0
 10
0
 20
0
  3
CO_PRI_BACK
  1

  0
LWPOLYLINE
  5
39F
100
AcDbEntity
  8
0
  6
ByLayer
 62
  256
370
   -1
100
AcDbPolyline
 90
    3
 70
    0
 43
0
 10
-0.4566987298107781
 20
0.075
 10
-0.5
 20
0
 10
-0.4566987298107781
 20
-0.075
  0
LINE
  5
3A0
100
AcDbEntity
  8
0
  6
DASHED
 62
  256
370
   -1
100
AcDbLine
 10
-0.5
 20
0
 11
0.5
 21
0
  0
LWPOLYLINE
  5
3A1
100
AcDbEntity
  8
0
  6
ByLayer
 62
  256
370
   -1
100
AcDbPolyline
 90
    4
 70
    0
 43
0
 10
0.3123611625133716
 20
0.3250000000000001
 10
0.2500000000000001
 20
0.4330127018922193
 10
-0.2499999999999999
 20
0.4330127018922194
 10
-0.3123611625133716
 20
0.325
  0
LWPOLYLINE
  5
3A2
100
AcDbEntity
  8
0
  6
ByLayer
 62
  256
370
   -1
100
AcDbPolyline
 90
    3
 70
    0
 43
0
 10
0.456698729810778
 20
-0.075
 10
0.5
 20
0
 10
0.4566987298107781
 20
0.075
  0
LWPOLYLINE
  5
3A3
100
AcDbEntity
  8
0
  6
ByLayer
 62
  256
370
   -1
100
AcDbPolyline
 90
    4
 70
    0
 43
0
 10
-0.3123611625133716
 20
-0.3250000000000001
 10
-0.2500000000000001
 20
-0.4330127018922192
 10
0.2499999999999997
 20
-0.4330127018922195
 10
0.3123611625133714
 20
-0.3250000000000001
  0
LINE
  5
3A4
100
AcDbEntity
  8
0
  6
ByLayer
 62
  256
370
   -1
100
AcDbLine
 10
0.3123611625133714
 20
-0.3250000000000001
 11
0.456698729810778
 21
-0.075
  0
LINE
  5
3A5
100
AcDbEntity
  8
0
  6
ByLayer
 62
  256
370
   -1
100
AcDbLine
 10
-0.3123611625133716
 20
-0.3250000000000001
 11
-0.4566987298107781
 21
-0.075
  0
LINE
  5
3A6
100
AcDbEntity
  8
0
  6
ByLayer
 62
  256
370
   -1
100
AcDbLine
 10
-0.4566987298107781
 20
0.075
 11
-0.3123611625133716
 21
0.325
  0
LINE
  5
3A7
100
AcDbEntity
  8
0
  6
ByLayer
 62
  256
370
   -1
100
AcDbLine
 10
0.4566987298107781
 20
0.075
 11
0.3123611625133716
 21
0.3250000000000001
  0
ENDBLK
  5
14B
330
149
100
AcDbEntity
  8
0
100
AcDbBlockEnd
  0
BLOCK
  5
14D
330
14C
100
AcDbEntity
  8
0
100
AcDbBlockBegin
  2
CO_AUX_FRONT
 70
    0
 10
0
 20
0
  3
CO_AUX_FRONT
  1

  0
LWPOLYLINE
  5
3A8
100
AcDbEntity
  8
0
  6
ByLayer
 62
  256
370
   -1
100
AcDbPolyline
 90
    4
 70
    0
 43
0
 10
-0.3123611625133716
 20
-0.3250000000000001
 10
-0.2500000000000001
 20
-0.4330127018922192
 10
0.2499999999999997
 20
-0.4330127018922195
 10
0.3123611625133714
 20
-0.3250000000000001
  0
LINE
  5
3A9
100
AcDbEntity
  8
0
  6
ByLayer
 62
  256
370
   -1
100
AcDbLine
 10
-0.4855662432702593
 20
-0.025
 11
0.4855662432702594
 21
-0.025
  0
LINE
  5
3AA
100
AcDbEntity
  8
0
  6
ByLayer
 62
  256
370
   -1
100
AcDbLine
 10
-0.4855662432702593
 20
0.025
 11
0.4855662432702594
 21
0.025
  0
LWPOLYLINE
  5
3AB
100
AcDbEntity
  8
0
  6
ByLayer
 62
  256
370
   -1
100
AcDbPolyline
 90
    3
 70
    0
 43
0
 10
0.456698729810778
 20
-0.075
 10
0.5
 20
0
 10
0.4566987298107781
 20
0.075
  0
LWPOLYLINE
  5
3AC
100
AcDbEntity
  8
0
  6
ByLayer
 62
  256
370
   -1
100
AcDbPolyline
 90
    4
 70
    0
 43
0
 10
0.3123611625133716
 20
0.3250000000000001
 10
0.2500000000000001
 20
0.4330127018922193
 10
-0.2499999999999999
 20
0.4330127018922194
 10
-0.3123611625133716
 20
0.325
  0
LWPOLYLINE
  5
3AD
100
AcDbEntity
  8
0
  6
ByLayer
 62
  256
370
   -1
100
AcDbPolyline
 90
    3
 70
    0
 43
0
 10
-0.4566987298107781
 20
0.075
 10
-0.5
 20
0
 10
-0.4566987298107781
 20
-0.075
  0
LINE
  5
3AE
100
AcDbEntity
  8
0
  6
ByLayer
 62
  256
370
   -1
100
AcDbLine
 10
0.456698729810778
 20
-0.075
 11
0.3123611625133714
 21
-0.3250000000000001
  0
LINE
  5
3AF
100
AcDbEntity
  8
0
  6
ByLayer
 62
  256
370
   -1
100
AcDbLine
 10
-0.3123611625133716
 20
-0.3250000000000001
 11
-0.4566987298107781
 21
-0.075
  0
LINE
  5
3B0
100
AcDbEntity
  8
0
  6
ByLayer
 62
  256
370
   -1
100
AcDbLine
 10
-0.4566987298107781
 20
0.075
 11
-0.3123611625133716
 21
0.325
  0
LINE
  5
3B1
100
AcDbEntity
  8
0
  6
ByLayer
 62
  256
370
   -1
100
AcDbLine
 10
0.4566987298107781
 20
0.075
 11
0.3123611625133716
 21
0.3250000000000001
  0
ENDBLK
  5
14E
330
14C
100
AcDbEntity
  8
0
100
AcDbBlockEnd
  0
BLOCK
  5
150
330
14F
100
AcDbEntity
  8
0
100
AcDbBlockBegin
  2
CO_AUX_BACK
 70
    0
 10
0
 20
0
  3
CO_AUX_BACK
  1

  0
LWPOLYLINE
  5
3B2
100
AcDbEntity
  8
0
  6
ByLayer
 62
  256
370
   -1
100
AcDbPolyline
 90
    4
 70
    0
 43
0
 10
-0.3123611625133716
 20
-0.3250000000000001
 10
-0.2500000000000001
 20
-0.4330127018922192
 10
0.2499999999999997
 20
-0.4330127018922195
 10
0.3123611625133714
 20
-0.3250000000000001
  0
LINE
  5
3B3
100
AcDbEntity
  8
0
  6
DASHED
 62
  256
370
   -1
100
AcDbLine
 10
-0.4855662432702593
 20
-0.025
 11
0.4855662432702594
 21
-0.025
  0
LINE
  5
3B4
100
AcDbEntity
  8
0
  6
DASHED
 62
  256
370
   -1
100
AcDbLine
 10
-0.4855662432702593
 20
0.025
 11
0.4855662432702594
 21
0.025
  0
LWPOLYLINE
  5
3B5
100
AcDbEntity
  8
0
  6
ByLayer
 62
  256
370
   -1
100
AcDbPolyline
 90
    3
 70
    0
 43
0
 10
0.456698729810778
 20
-0.075
 10
0.5
 20
0
 10
0.4566987298107781
 20
0.075
  0
LWPOLYLINE
  5
3B6
100
AcDbEntity
  8
0
  6
ByLayer
 62
  256
370
   -1
100
AcDbPolyline
 90
    3
 70
    0
 43
0
 10
-0.4566987298107781
 20
0.075
 10
-0.5
 20
0
 10
-0.4566987298107781
 20
-0.075
  0
LWPOLYLINE
  5
3B7
100
AcDbEntity
  8
0
  6
ByLayer
 62
  256
370
   -1
100
AcDbPolyline
 90
    4
 70
    0
 43
0
 10
0.3123611625133716
 20
0.3250000000000001
 10
0.2500000000000001
 20
0.4330127018922193
 10
-0.2499999999999999
 20
0.4330127018922194
 10
-0.3123611625133716
 20
0.325
  0
LINE
  5
3B8
100
AcDbEntity
  8
0
  6
ByLayer
 62
  256
370
   -1
100
AcDbLine
 10
-0.3123611625133716
 20
-0.3250000000000001
 11
-0.4566987298107781
 21
-0.075
  0
LINE
  5
3B9
100
AcDbEntity
  8
0
  6
ByLayer
 62
  256
370
   -1
100
AcDbLine
 10
0.3123611625133714
 20
-0.3250000000000001
 11
0.456698729810778
 21
-0.075
  0
LINE
  5
3BA
100
AcDbEntity
  8
0
  6
ByLayer
 62
  256
370
   -1
100
AcDbLine
 10
0.4566987298107781
 20
0.075
 11
0.3123611625133716
 21
0.3250000000000001
  0
LINE
  5
3BB
100
AcDbEntity
  8
0
  6
ByLayer
 62
  256
370
   -1
100
AcDbLine
 10
-0.4566987298107781
 20
0.075
 11
-0.3123611625133716
 21
0.325
  0
ENDBLK
  5
151
330
14F
100
AcDbEntity
  8
0
100
AcDbBlockEnd
  0
BLOCK
  5
153
330
152
100
AcDbEntity
  8
0
100
AcDbBlockBegin
  2
LO_LOCAL
 70
    0
 10
0
 20
0
  3
LO_LOCAL
  1

  0
LWPOLYLINE
  5
3BC
100
AcDbEntity
  8
0
  6
ByLayer
 62
  256
370
   -1
100
AcDbPolyline
 90
    3
 70
    0
 43
0
 10
-0.4249999999999998
 20
-0.07500000000000021
 10
-0.5
 20
0
 10
-0.425
 20
0.075
  0
LWPOLYLINE
  5
3BD
100
AcDbEntity
  8
0
  6
ByLayer
 62
  256
370
   -1
100
AcDbPolyline
 90
    2
 70
    0
 43
0
 10
-0.5
 20
-0.075
 10
-0.5
 20
0.075
  0
LWPOLYLINE
  5
3BE
100
AcDbEntity
  8
0
  6
ByLayer
 62
  256
370
   -1
100
AcDbPolyline
 90
    3
 70
    0
 43
0
 10
0.1749999999999998
 20
-0.3250000000000002
 10
0
 20
-0.5
 10
-0.1749999999999998
 20
-0.3250000000000002
  0
LWPOLYLINE
  5
3BF
100
AcDbEntity
  8
0
  6
ByLayer
 62
  256
370
   -1
100
AcDbPolyline
 90
    4
 70
    0
 43
0
 10
0.5
 20
-0.3250000000000002
 10
0.5
 20
-0.5
 10
-0.5
 20
-0.5
 10
-0.5
 20
-0.3250000000000001
  0
LWPOLYLINE
  5
3C0
100
AcDbEntity
  8
0
  6
ByLayer
 62
  256
370
   -1
100
AcDbPolyline
 90
    2
 70
    0
 43
0
 10
0.5
 20
0.075
 10
0.5
 20
-0.07500000000000021
  0
LWPOLYLINE
  5
3C1
100
AcDbEntity
  8
0
  6
ByLayer
 62
  256
370
   -1
100
AcDbPolyline
 90
    3
 70
    0
 43
0
 10
0.4249999999999998
 20
0.07500000000000021
 10
0.5
 20
0
 10
0.425
 20
-0.075
  0
LWPOLYLINE
  5
3C2
100
AcDbEntity
  8
0
  6
ByLayer
 62
  256
370
   -1
100
AcDbPolyline
 90
    3
 70
    0
 43
0
 10
-0.1749999999999999
 20
0.3250000000000001
 10
0
 20
0.5
 10
0.1749999999999998
 20
0.3250000000000002
  0
LWPOLYLINE
  5
3C3
100
AcDbEntity
  8
0
  6
ByLayer
 62
  256
370
   -1
100
AcDbPolyline
 90
    4
 70
    0
 43
0
 10
-0.5
 20
0.3250000000000001
 10
-0.5
 20
0.5
 10
0.5
 20
0.5
 10
0.5
 20
0.3250000000000002
  0
LINE
  5
3C4
100
AcDbEntity
  8
0
  6
ByLayer
 62
  256
370
   -1
100
AcDbLine
 10
-0.5
 20
-0.3250000000000001
 11
-0.5
 21
-0.075
  0
LINE
  5
3C5
100
AcDbEntity
  8
0
  6
ByLayer
 62
  256
370
   -1
100
AcDbLine
 10
-0.1749999999999998
 20
-0.3250000000000002
 11
-0.4249999999999998
 21
-0.07500000000000021
  0
LINE
  5
3C6
100
AcDbEntity
  8
0
  6
ByLayer
 62
  256
370
   -1
100
AcDbLine
 10
0.1749999999999998
 20
-0.3250000000000002
 11
0.4249999999999998
 21
-0.07500000000000021
  0
LINE
  5
3C7
100
AcDbEntity
  8
0
  6
ByLayer
 62
  256
370
   -1
100
AcDbLine
 10
0.5
 20
-0.3250000000000001
 11
0.5
 21
-0.075
  0
LINE
  5
3C8
100
AcDbEntity
  8
0
  6
ByLayer
 62
  256
370
   -1
100
AcDbLine
 10
-0.1749999999999998
 20
0.3250000000000002
 11
-0.4249999999999998
 21
0.07500000000000021
  0
LINE
  5
3C9
100
AcDbEntity
  8
0
  6
ByLayer
 62
  256
370
   -1
100
AcDbLine
 10
-0.5
 20
0.3250000000000001
 11
-0.5
 21
0.075
  0
LINE
  5
3CA
100
AcDbEntity
  8
0
  6
ByLayer
 62
  256
370
   -1
100
AcDbLine
 10
0.1749999999999998
 20
0.3250000000000002
 11
0.4249999999999998
 21
0.07500000000000021
  0
LINE
  5
3CB
100
AcDbEntity
  8
0
  6
ByLayer
 62
  256
370
   -1
100
AcDbLine
 10
0.5
 20
0.3250000000000001
 11
0.5
 21
0.075
  0
ENDBLK
  5
154
330
152
100
AcDbEntity
  8
0
100
AcDbBlockEnd
  0
BLOCK
  5
156
330
155
100
AcDbEntity
  8
0
100
AcDbBlockBegin
  2
LO_PRI_FRONT
 70
    0
 10
0
 20
0
  3
LO_PRI_FRONT
  1

  0
LWPOLYLINE
  5
3CC
100
AcDbEntity
  8
0
  6
ByLayer
 62
  256
370
   -1
100
AcDbPolyline
 90
    3
 70
    0
 43
0
 10
-0.1749999999999999
 20
-0.3250000000000001
 10
0
 20
-0.5
 10
0.1749999999999999
 20
-0.3250000000000001
  0
LWPOLYLINE
  5
3CD
100
AcDbEntity
  8
0
  6
ByLayer
 62
  256
370
   -1
100
AcDbPolyline
 90
    2
 70
    0
 43
0
 10
-0.5
 20
-0.075
 10
-0.5
 20
0.075
  0
LINE
  5
3CE
100
AcDbEntity
  8
0
  6
CONTINUOUS
 62
  256
370
   -1
100
AcDbLine
 10
-0.5
 20
0
 11
0.5
 21
0
  0
LWPOLYLINE
  5
3CF
100
AcDbEntity
  8
0
  6
ByLayer
 62
  256
370
   -1
100
AcDbPolyline
 90
    3
 70
    0
 43
0
 10
0.4249999999999999
 20
-0.07500000000000009
 10
0.5
 20
0
 10
0.425
 20
0.075
  0
LWPOLYLINE
  5
3D0
100
AcDbEntity
  8
0
  6
ByLayer
 62
  256
370
   -1
100
AcDbPolyline
 90
    4
 70
    0
 43
0
 10
0.5
 20
-0.3250000000000002
 10
0.5
 20
-0.5
 10
-0.5
 20
-0.5
 10
-0.5
 20
-0.3250000000000001
  0
LWPOLYLINE
  5
3D1
100
AcDbEntity
  8
0
  6
ByLayer
 62
  256
370
   -1
100
AcDbPolyline
 90
    2
 70
    0
 43
0
 10
0.5
 20
0.075
 10
0.5
 20
-0.07500000000000021
  0
LWPOLYLINE
  5
3D2
100
AcDbEntity
  8
0
  6
ByLayer
 62
  256
370
   -1
100
AcDbPolyline
 90
    3
 70
    0
 43
0
 10
0.1749999999999999
 20
0.3250000000000001
 10
0
 20
0.5
 10
-0.1749999999999999
 20
0.3250000000000001
  0
LWPOLYLINE
  5
3D3
100
AcDbEntity
  8
0
  6
ByLayer
 62
  256
370
   -1
100
AcDbPolyline
 90
    3
 70
    0
 43
0
 10
-0.4249999999999999
 20
0.07500000000000009
 10
-0.5
 20
0
 10
-0.425
 20
-0.075
  0
LWPOLYLINE
  5
3D4
100
AcDbEntity
  8
0
  6
ByLayer
 62
  256
370
   -1
100
AcDbPolyline
 90
    4
 70
    0
 43
0
 10
-0.5
 20
0.3250000000000001
 10
-0.5
 20
0.5
 10
0.5
 20
0.5
 10
0.5
 20
0.3250000000000002
  0
LINE
  5
3D5
100
AcDbEntity
  8
0
  6
ByLayer
 62
  256
370
   -1
100
AcDbLine
 10
-0.5
 20
-0.3250000000000001
 11
-0.5
 21
-0.075
  0
LINE
  5
3D6
100
AcDbEntity
  8
0
  6
ByLayer
 62
  256
370
   -1
100
AcDbLine
 10
-0.1749999999999999
 20
-0.3250000000000001
 11
-0.425
 21
-0.075
  0
LINE
  5
3D7
100
AcDbEntity
  8
0
  6
ByLayer
 62
  256
370
   -1
100
AcDbLine
 10
0.1749999999999999
 20
-0.3250000000000001
 11
0.425
 21
-0.075
  0
LINE
  5
3D8
100
AcDbEntity
  8
0
  6
ByLayer
 62
  256
370
   -1
100
AcDbLine
 10
0.5
 20
-0.3250000000000001
 11
0.5
 21
-0.075
  0
LINE
  5
3D9
100
AcDbEntity
  8
0
  6
ByLayer
 62
  256
370
   -1
100
AcDbLine
 10
-0.1749999999999999
 20
0.3250000000000001
 11
-0.425
 21
0.075
  0
LINE
  5
3DA
100
AcDbEntity
  8
0
  6
ByLayer
 62
  256
370
   -1
100
AcDbLine
 10
-0.5
 20
0.3250000000000001
 11
-0.5
 21
0.075
  0
LINE
  5
3DB
100
AcDbEntity
  8
0
  6
ByLayer
 62
  256
370
   -1
100
AcDbLine
 10
0.1749999999999999
 20
0.3250000000000001
 11
0.425
 21
0.075
  0
LINE
  5
3DC
100
AcDbEntity
  8
0
  6
ByLayer
 62
  256
370
   -1
100
AcDbLine
 10
0.5
 20
0.3250000000000001
 11
0.5
 21
0.075
  0
ENDBLK
  5
157
330
155
100
AcDbEntity
  8
0
100
AcDbBlockEnd
  0
BLOCK
  5
159
330
158
100
AcDbEntity
  8
0
100
AcDbBlockBegin
  2
LO_PRI_BACK
 70
    0
 10
0
 20
0
  3
LO_PRI_BACK
  1

  0
LWPOLYLINE
  5
3DD
100
AcDbEntity
  8
0
  6
ByLayer
 62
  256
370
   -1
100
AcDbPolyline
 90
    3
 70
    0
 43
0
 10
-0.4249999999999998
 20
-0.07500000000000021
 10
-0.5
 20
0
 10
-0.425
 20
0.075
  0
LWPOLYLINE
  5
3DE
100
AcDbEntity
  8
0
  6
ByLayer
 62
  256
370
   -1
100
AcDbPolyline
 90
    2
 70
    0
 43
0
 10
-0.5
 20
-0.075
 10
-0.5
 20
0.075
  0
LINE
  5
3DF
100
AcDbEntity
  8
0
  6
DASHED
 62
  256
370
   -1
100
AcDbLine
 10
-0.5
 20
0
 11
0.5
 21
0
  0
LWPOLYLINE
  5
3E0
100
AcDbEntity
  8
0
  6
ByLayer
 62
  256
370
   -1
100
AcDbPolyline
 90
    3
 70
    0
 43
0
 10
0.1749999999999998
 20
-0.3250000000000002
 10
0
 20
-0.5
 10
-0.1749999999999998
 20
-0.3250000000000002
  0
LWPOLYLINE
  5
3E1
100
AcDbEntity
  8
0
  6
ByLayer
 62
  256
370
   -1
100
AcDbPolyline
 90
    4
 70
    0
 43
0
 10
0.5
 20
-0.3250000000000002
 10
0.5
 20
-0.5
 10
-0.5
 20
-0.5
 10
-0.5
 20
-0.3250000000000001
  0
LWPOLYLINE
  5
3E2
100
AcDbEntity
  8
0
  6
ByLayer
 62
  256
370
   -1
100
AcDbPolyline
 90
    2
 70
    0
 43
0
 10
0.5
 20
0.075
 10
0.5
 20
-0.07500000000000021
  0
LWPOLYLINE
  5
3E3
100
AcDbEntity
  8
0
  6
ByLayer
 62
  256
370
   -1
100
AcDbPolyline
 90
    3
 70
    0
 43
0
 10
0.4249999999999998
 20
0.07500000000000021
 10
0.5
 20
0
 10
0.425
 20
-0.075
  0
LWPOLYLINE
  5
3E4
100
AcDbEntity
  8
0
  6
ByLayer
 62
  256
370
   -1
100
AcDbPolyline
 90
    3
 70
    0
 43
0
 10
-0.1749999999999999
 20
0.3250000000000001
 10
0
 20
0.5
 10
0.1749999999999998
 20
0.3250000000000002
  0
LWPOLYLINE
  5
3E5
100
AcDbEntity
  8
0
  6
ByLayer
 62
  256
370
   -1
100
AcDbPolyline
 90
    4
 70
    0
 43
0
 10
-0.5
 20
0.3250000000000001
 10
-0.5
 20
0.5
 10
0.5
 20
0.5
 10
0.5
 20
0.3250000000000002
  0
LINE
  5
3E6
100
AcDbEntity
  8
0
  6
ByLayer
 62
  256
370
   -1
100
AcDbLine
 10
-0.5
 20
-0.3250000000000001
 11
-0.5
 21
-0.075
  0
LINE
  5
3E7
100
AcDbEntity
  8
0
  6
ByLayer
 62
  256
370
   -1
100
AcDbLine
 10
-0.1749999999999998
 20
-0.3250000000000002
 11
-0.4249999999999998
 21
-0.07500000000000021
  0
LINE
  5
3E8
100
AcDbEntity
  8
0
  6
ByLayer
 62
  256
370
   -1
100
AcDbLine
 10
0.1749999999999998
 20
-0.3250000000000002
 11
0.4249999999999998
 21
-0.07500000000000021
  0
LINE
  5
3E9
100
AcDbEntity
  8
0
  6
ByLayer
 62
  256
370
   -1
100
AcDbLine
 10
0.5
 20
-0.3250000000000001
 11
0.5
 21
-0.075
  0
LINE
  5
3EA
100
AcDbEntity
  8
0
  6
ByLayer
 62
  256
370
   -1
100
AcDbLine
 10
0.1749999999999998
 20
0.3250000000000002
 11
0.4249999999999998
 21
0.07500000000000021
  0
LINE
  5
3EB
100
AcDbEntity
  8
0
  6
ByLayer
 62
  256
370
   -1
100
AcDbLine
 10
0.5
 20
0.3250000000000001
 11
0.5
 21
0.075
  0
LINE
  5
3EC
100
AcDbEntity
  8
0
  6
ByLayer
 62
  256
370
   -1
100
AcDbLine
 10
-0.1749999999999998
 20
0.3250000000000002
 11
-0.4249999999999998
 21
0.07500000000000021
  0
LINE
  5
3ED
100
AcDbEntity
  8
0
  6
ByLayer
 62
  256
370
   -1
100
AcDbLine
 10
-0.5
 20
0.3250000000000001
 11
-0.5
 21
0.075
  0
ENDBLK
  5
15A
330
158
100
AcDbEntity
  8
0
100
AcDbBlockEnd
  0
BLOCK
  5
15C
330
15B
100
AcDbEntity
  8
0
100
AcDbBlockBegin
  2
LO_AUX_FRONT
 70
    0
 10
0
 20
0
  3
LO_AUX_FRONT
  1

  0
LWPOLYLINE
  5
3EE
100
AcDbEntity
  8
0
  6
ByLayer
 62
  256
370
   -1
100
AcDbPolyline
 90
    3
 70
    0
 43
0
 10
-0.4249999999999998
 20
-0.07500000000000021
 10
-0.5
 20
0
 10
-0.425
 20
0.075
  0
LWPOLYLINE
  5
3EF
100
AcDbEntity
  8
0
  6
ByLayer
 62
  256
370
   -1
100
AcDbPolyline
 90
    2
 70
    0
 43
0
 10
-0.5
 20
-0.075
 10
-0.5
 20
0.075
  0
LINE
  5
3F0
100
AcDbEntity
  8
0
  6
ByLayer
 62
  256
370
   -1
100
AcDbLine
 10
-0.475
 20
-0.025
 11
0.475
 21
-0.025
  0
LINE
  5
3F1
100
AcDbEntity
  8
0
  6
ByLayer
 62
  256
370
   -1
100
AcDbLine
 10
-0.475
 20
0.025
 11
0.475
 21
0.025
  0
LWPOLYLINE
  5
3F2
100
AcDbEntity
  8
0
  6
ByLayer
 62
  256
370
   -1
100
AcDbPolyline
 90
    3
 70
    0
 43
0
 10
0.1749999999999998
 20
-0.3250000000000002
 10
0
 20
-0.5
 10
-0.1749999999999998
 20
-0.3250000000000002
  0
LWPOLYLINE
  5
3F3
100
AcDbEntity
  8
0
  6
ByLayer
 62
  256
370
   -1
100
AcDbPolyline
 90
    4
 70
    0
 43
0
 10
0.5
 20
-0.3250000000000002
 10
0.5
 20
-0.5
 10
-0.5
 20
-0.5
 10
-0.5
 20
-0.3250000000000001
  0
LWPOLYLINE
  5
3F4
100
AcDbEntity
  8
0
  6
ByLayer
 62
  256
370
   -1
100
AcDbPolyline
 90
    2
 70
    0
 43
0
 10
0.5
 20
0.075
 10
0.5
 20
-0.07500000000000021
  0
LWPOLYLINE
  5
3F5
100
AcDbEntity
  8
0
  6
ByLayer
 62
  256
370
   -1
100
AcDbPolyline
 90
    3
 70
    0
 43
0
 10
0.4249999999999998
 20
0.07500000000000021
 10
0.5
 20
0
 10
0.425
 20
-0.075
  0
LWPOLYLINE
  5
3F6
100
AcDbEntity
  8
0
  6
ByLayer
 62
  256
370
   -1
100
AcDbPolyline
 90
    3
 70
    0
 43
0
 10
-0.1749999999999999
 20
0.3250000000000001
 10
0
 20
0.5
 10
0.1749999999999998
 20
0.3250000000000002
  0
LWPOLYLINE
  5
3F7
100
AcDbEntity
  8
0
  6
ByLayer
 62
  256
370
   -1
100
AcDbPolyline
 90
    4
 70
    0
 43
0
 10
-0.5
 20
0.3250000000000001
 10
-0.5
 20
0.5
 10
0.5
 20
0.5
 10
0.5
 20
0.3250000000000002
  0
LINE
  5
3F8
100
AcDbEntity
  8
0
  6
ByLayer
 62
  256
370
   -1
100
AcDbLine
 10
-0.5
 20
-0.3250000000000001
 11
-0.5
 21
-0.075
  0
LINE
  5
3F9
100
AcDbEntity
  8
0
  6
ByLayer
 62
  256
370
   -1
100
AcDbLine
 10
-0.1749999999999998
 20
-0.3250000000000002
 11
-0.4249999999999998
 21
-0.07500000000000021
  0
LINE
  5
3FA
100
AcDbEntity
  8
0
  6
ByLayer
 62
  256
370
   -1
100
AcDbLine
 10
0.5
 20
-0.3250000000000002
 11
0.5
 21
-0.07500000000000021
  0
LINE
  5
3FB
100
AcDbEntity
  8
0
  6
ByLayer
 62
  256
370
   -1
100
AcDbLine
 10
0.1749999999999998
 20
-0.3250000000000002
 11
0.425
 21
-0.075
  0
LINE
  5
3FC
100
AcDbEntity
  8
0
  6
ByLayer
 62
  256
370
   -1
100
AcDbLine
 10
0.4249999999999998
 20
0.07500000000000021
 11
0.1749999999999998
 21
0.3250000000000002
  0
LINE
  5
3FD
100
AcDbEntity
  8
0
  6
ByLayer
 62
  256
370
   -1
100
AcDbLine
 10
0.5
 20
0.075
 11
0.5
 21
0.3250000000000002
  0
LINE
  5
3FE
100
AcDbEntity
  8
0
  6
ByLayer
 62
  256
370
   -1
100
AcDbLine
 10
-0.425
 20
0.075
 11
-0.1749999999999999
 21
0.3250000000000001
  0
LINE
  5
3FF
100
AcDbEntity
  8
0
  6
ByLayer
 62
  256
370
   -1
100
AcDbLine
 10
-0.5
 20
0.075
 11
-0.5
 21
0.3250000000000001
  0
ENDBLK
  5
15D
330
15B
100
AcDbEntity
  8
0
100
AcDbBlockEnd
  0
BLOCK
  5
15F
330
15E
100
AcDbEntity
  8
0
100
AcDbBlockBegin
  2
LO_AUX_BACK
 70
    0
 10
0
 20
0
  3
LO_AUX_BACK
  1

  0
LWPOLYLINE
  5
400
100
AcDbEntity
  8
0
  6
ByLayer
 62
  256
370
   -1
100
AcDbPolyline
 90
    3
 70
    0
 43
0
 10
-0.4249999999999998
 20
-0.07500000000000021
 10
-0.5
 20
0
 10
-0.425
 20
0.075
  0
LWPOLYLINE
  5
401
100
AcDbEntity
  8
0
  6
ByLayer
 62
  256
370
   -1
100
AcDbPolyline
 90
    2
 70
    0
 43
0
 10
-0.5
 20
-0.075
 10
-0.5
 20
0.075
  0
LINE
  5
402
100
AcDbEntity
  8
0
  6
DASHED
 62
  256
370
   -1
100
AcDbLine
 10
-0.475
 20
-0.025
 11
0.475
 21
-0.025
  0
LINE
  5
403
100
AcDbEntity
  8
0
  6
DASHED
 62
  256
370
   -1
100
AcDbLine
 10
-0.475
 20
0.025
 11
0.475
 21
0.025
  0
LWPOLYLINE
  5
404
100
AcDbEntity
  8
0
  6
ByLayer
 62
  256
370
   -1
100
AcDbPolyline
 90
    4
 70
    0
 43
0
 10
0.5
 20
-0.3250000000000002
 10
0.5
 20
-0.5
 10
-0.5
 20
-0.5
 10
-0.5
 20
-0.3250000000000001
  0
LWPOLYLINE
  5
405
100
AcDbEntity
  8
0
  6
ByLayer
 62
  256
370
   -1
100
AcDbPolyline
 90
    3
 70
    0
 43
0
 10
0.1749999999999998
 20
-0.3250000000000002
 10
0
 20
-0.5
 10
-0.1749999999999998
 20
-0.3250000000000002
  0
LWPOLYLINE
  5
406
100
AcDbEntity
  8
0
  6
ByLayer
 62
  256
370
   -1
100
AcDbPolyline
 90
    2
 70
    0
 43
0
 10
0.5
 20
0.075
 10
0.5
 20
-0.07500000000000021
  0
LWPOLYLINE
  5
407
100
AcDbEntity
  8
0
  6
ByLayer
 62
  256
370
   -1
100
AcDbPolyline
 90
    3
 70
    0
 43
0
 10
0.4249999999999998
 20
0.07500000000000021
 10
0.5
 20
0
 10
0.425
 20
-0.075
  0
LWPOLYLINE
  5
408
100
AcDbEntity
  8
0
  6
ByLayer
 62
  256
370
   -1
100
AcDbPolyline
 90
    3
 70
    0
 43
0
 10
-0.1749999999999999
 20
0.3250000000000001
 10
0
 20
0.5
 10
0.1749999999999998
 20
0.3250000000000002
  0
LWPOLYLINE
  5
409
100
AcDbEntity
  8
0
  6
ByLayer
 62
  256
370
   -1
100
AcDbPolyline
 90
    4
 70
    0
 43
0
 10
-0.5
 20
0.3250000000000001
 10
-0.5
 20
0.5
 10
0.5
 20
0.5
 10
0.5
 20
0.3250000000000002
  0
LINE
  5
40A
100
AcDbEntity
  8
0
  6
ByLayer
 62
  256
370
   -1
100
AcDbLine
 10
-0.5
 20
-0.3250000000000001
 11
-0.5
 21
-0.075
  0
LINE
  5
40B
100
AcDbEntity
  8
0
  6
ByLayer
 62
  256
370
   -1
100
AcDbLine
 10
-0.1749999999999998
 20
-0.3250000000000002
 11
-0.4249999999999998
 21
-0.07500000000000021
  0
LINE
  5
40C
100
AcDbEntity
  8
0
  6
ByLayer
 62
  256
370
   -1
100
AcDbLine
 10
0.1749999999999998
 20
-0.3250000000000002
 11
0.425
 21
-0.075
  0
LINE
  5
40D
100
AcDbEntity
  8
0
  6
ByLayer
 62
  256
370
   -1
100
AcDbLine
 10
0.5
 20
-0.3250000000000002
 11
0.5
 21
-0.07500000000000021
  0
LINE
  5
40E
100
AcDbEntity
  8
0
  6
ByLayer
 62
  256
370
   -1
100
AcDbLine
 10
0.5
 20
0.075
 11
0.5
 21
0.3250000000000002
  0
LINE
  5
40F
100
AcDbEntity
  8
0
  6
ByLayer
 62
  256
370
   -1
100
AcDbLine
 10
0.4249999999999998
 20
0.07500000000000021
 11
0.1749999999999998
 21
0.3250000000000002
  0
LINE
  5
410
100
AcDbEntity
  8
0
  6
ByLayer
 62
  256
370
   -1
100
AcDbLine
 10
-0.1749999999999999
 20
0.3250000000000001
 11
-0.425
 21
0.075
  0
LINE
  5
411
100
AcDbEntity
  8
0
  6
ByLayer
 62
  256
370
   -1
100
AcDbLine
 10
-0.5
 20
0.075
 11
-0.5
 21
0.3250000000000001
  0
ENDBLK
  5
160
330
15E
100
AcDbEntity
  8
0
100
AcDbBlockEnd
  0
BLOCK
  5
162
330
161
100
AcDbEntity
  8
0
100
AcDbBlockBegin
  2
PI_LOCAL
 70
    0
 10
0
 20
0
  3
PI_LOCAL
  1

  0
ARC
  5
412
100
AcDbEntity
  8
0
  6
ByLayer
 62
  256
370
   -1
100
AcDbCircle
 10
0
 20
0
 40
0.5
100
AcDbArc
 50
351.3730734413214
 51
8.62692655867864
  0
LINE
  5
413
100
AcDbEntity
  8
0
  6
ByLayer
 62
  256
370
   -1
100
AcDbLine
 10
-0.5
 20
-0.5
 11
-0.3535533905932738
 21
-0.3535533905932738
  0
LINE
  5
414
100
AcDbEntity
  8
0
  6
ByLayer
 62
  256
370
   -1
100
AcDbLine
 10
-0.5
 20
0.5
 11
-0.3535533905932738
 21
0.3535533905932738
  0
LINE
  5
415
100
AcDbEntity
  8
0
  6
ByLayer
 62
  256
370
   -1
100
AcDbLine
 10
0.3535533905932737
 20
-0.3535533905932737
 11
0.5
 21
-0.5
  0
LINE
  5
416
100
AcDbEntity
  8
0
  6
ByLayer
 62
  256
370
   -1
100
AcDbLine
 10
0.3535533905932737
 20
0.3535533905932737
 11
0.5
 21
0.5
  0
ARC
  5
417
100
AcDbEntity
  8
0
  6
ByLayer
 62
  256
370
   -1
100
AcDbCircle
 10
0
 20
0
 40
0.5
100
AcDbArc
 50
40.54160187350453
 51
139.4583981264955
  0
ARC
  5
418
100
AcDbEntity
  8
0
  6
ByLayer
 62
  256
370
   -1
100
AcDbCircle
 10
0
 20
0
 40
0.5
100
AcDbArc
 50
171.3730734413214
 51
188.6269265586786
  0
ARC
  5
419
100
AcDbEntity
  8
0
  6
ByLayer
 62
  256
370
   -1
100
AcDbCircle
 10
0
 20
0
 40
0.5
100
AcDbArc
 50
220.5416018735046
 51
319.4583981264955
  0
ARC
  5
41A
100
AcDbEntity
  8
0
  6
ByLayer
 62
  256
370
   -1
100
AcDbCircle
 10
0
 20
0
 40
0.5
100
AcDbArc
 50
188.6269265586786
 51
220.5416018735046
  0
ARC
  5
41B
100
AcDbEntity
  8
0
  6
ByLayer
 62
  256
370
   -1
100
AcDbCircle
 10
0
 20
0
 40
0.5
100
AcDbArc
 50
319.4583981264955
 51
351.3730734413214
  0
ARC
  5
41C
100
AcDbEntity
  8
0
  6
ByLayer
 62
  256
370
   -1
100
AcDbCircle
 10
0
 20
0
 40
0.5
100
AcDbArc
 50
8.626926558678623
 51
40.54160187350457
  0
ARC
  5
41D
100
AcDbEntity
  8
0
  6
ByLayer
 62
  256
370
   -1
100
AcDbCircle
 10
0
 20
0
 40
0.5
100
AcDbArc
 50
139.4583981264954
 51
171.3730734413214
  0
ENDBLK
  5
163
330
161
100
AcDbEntity
  8
0
100
AcDbBlockEnd
  0
BLOCK
  5
165
330
164
100
AcDbEntity
  8
0
100
AcDbBlockBegin
  2
PI_PRI_FRONT
 70
    0
 10
0
 20
0
  3
PI_PRI_FRONT
  1

  0
LINE
  5
41E
100
AcDbEntity
  8
0
  6
CONTINUOUS
 62
  256
370
   -1
100
AcDbLine
 10
-0.5
 20
0
 11
0.5
 21
0
  0
ARC
  5
41F
100
AcDbEntity
  8
0
  6
ByLayer
 62
  256
370
   -1
100
AcDbCircle
 10
0
 20
0
 40
0.5
100
AcDbArc
 50
220.5416018735045
 51
319.4583981264955
  0
LINE
  5
420
100
AcDbEntity
  8
0
  6
ByLayer
 62
  256
370
   -1
100
AcDbLine
 10
-0.5
 20
-0.5
 11
-0.3535533905932738
 21
-0.3535533905932738
  0
LINE
  5
421
100
AcDbEntity
  8
0
  6
ByLayer
 62
  256
370
   -1
100
AcDbLine
 10
-0.3535533905932738
 20
0.3535533905932738
 11
-0.5
 21
0.5
  0
LINE
  5
422
100
AcDbEntity
  8
0
  6
ByLayer
 62
  256
370
   -1
100
AcDbLine
 10
0.5
 20
-0.5
 11
0.3535533905932737
 21
-0.3535533905932737
  0
LINE
  5
423
100
AcDbEntity
  8
0
  6
ByLayer
 62
  256
370
   -1
100
AcDbLine
 10
0.3535533905932737
 20
0.3535533905932737
 11
0.5
 21
0.5
  0
ARC
  5
424
100
AcDbEntity
  8
0
  6
ByLayer
 62
  256
370
   -1
100
AcDbCircle
 10
0
 20
0
 40
0.5
100
AcDbArc
 50
171.3730734413214
 51
188.6269265586786
  0
ARC
  5
425
100
AcDbEntity
  8
0
  6
ByLayer
 62
  256
370
   -1
100
AcDbCircle
 10
0
 20
0
 40
0.5
100
AcDbArc
 50
40.54160187350453
 51
139.4583981264955
  0
ARC
  5
426
100
AcDbEntity
  8
0
  6
ByLayer
 62
  256
370
   -1
100
AcDbCircle
 10
0
 20
0
 40
0.5
100
AcDbArc
 50
351.3730734413214
 51
8.62692655867864
  0
ARC
  5
427
100
AcDbEntity
  8
0
  6
ByLayer
 62
  256
370
   -1
100
AcDbCircle
 10
0
 20
0
 40
0.5
100
AcDbArc
 50
188.6269265586786
 51
220.5416018735045
  0
ARC
  5
428
100
AcDbEntity
  8
0
  6
ByLayer
 62
  256
370
   -1
100
AcDbCircle
 10
0
 20
0
 40
0.5
100
AcDbArc
 50
319.4583981264955
 51
351.3730734413214
  0
ARC
  5
429
100
AcDbEntity
  8
0
  6
ByLayer
 62
  256
370
   -1
100
AcDbCircle
 10
0
 20
0
 40
0.5
100
AcDbArc
 50
8.626926558678623
 51
40.54160187350452
  0
ARC
  5
42A
100
AcDbEntity
  8
0
  6
ByLayer
 62
  256
370
   -1
100
AcDbCircle
 10
0
 20
0
 40
0.5
100
AcDbArc
 50
139.4583981264955
 51
171.3730734413214
  0
ENDBLK
  5
166
330
164
100
AcDbEntity
  8
0
100
AcDbBlockEnd
  0
BLOCK
  5
168
330
167
100
AcDbEntity
  8
0
100
AcDbBlockBegin
  2
PI_AUX_FRONT
 70
    0
 10
0
 20
0
  3
PI_AUX_FRONT
  1

  0
LINE
  5
42B
100
AcDbEntity
  8
0
  6
ByLayer
 62
  256
370
   -1
100
AcDbLine
 10
-0.5
 20
-0.025
 11
0.5
 21
-0.025
  0
LINE
  5
42C
100
AcDbEntity
  8
0
  6
ByLayer
 62
  256
370
   -1
100
AcDbLine
 10
-0.5
 20
0.025
 11
0.5
 21
0.025
  0
ARC
  5
42D
100
AcDbEntity
  8
0
  6
ByLayer
 62
  256
370
   -1
100
AcDbCircle
 10
0
 20
0
 40
0.5
100
AcDbArc
 50
220.5416018735045
 51
319.4583981264955
  0
LINE
  5
42E
100
AcDbEntity
  8
0
  6
ByLayer
 62
  256
370
   -1
100
AcDbLine
 10
-0.5
 20
-0.5
 11
-0.3535533905932738
 21
-0.3535533905932738
  0
LINE
  5
42F
100
AcDbEntity
  8
0
  6
ByLayer
 62
  256
370
   -1
100
AcDbLine
 10
-0.5
 20
0.5
 11
-0.3535533905932738
 21
0.3535533905932738
  0
LINE
  5
430
100
AcDbEntity
  8
0
  6
ByLayer
 62
  256
370
   -1
100
AcDbLine
 10
0.3535533905932737
 20
-0.3535533905932737
 11
0.5
 21
-0.5
  0
LINE
  5
431
100
AcDbEntity
  8
0
  6
ByLayer
 62
  256
370
   -1
100
AcDbLine
 10
0.3535533905932737
 20
0.3535533905932737
 11
0.5
 21
0.5
  0
ARC
  5
432
100
AcDbEntity
  8
0
  6
ByLayer
 62
  256
370
   -1
100
AcDbCircle
 10
0
 20
0
 40
0.5
100
AcDbArc
 50
171.3730734413214
 51
188.6269265586786
  0
ARC
  5
433
100
AcDbEntity
  8
0
  6
ByLayer
 62
  256
370
   -1
100
AcDbCircle
 10
0
 20
0
 40
0.5
100
AcDbArc
 50
40.54160187350453
 51
139.4583981264955
  0
ARC
  5
434
100
AcDbEntity
  8
0
  6
ByLayer
 62
  256
370
   -1
100
AcDbCircle
 10
0
 20
0
 40
0.5
100
AcDbArc
 50
351.3730734413214
 51
8.62692655867864
  0
ARC
  5
435
100
AcDbEntity
  8
0
  6
ByLayer
 62
  256
370
   -1
100
AcDbCircle
 10
0
 20
0
 40
0.5
100
AcDbArc
 50
188.6269265586786
 51
220.5416018735045
  0
ARC
  5
436
100
AcDbEntity
  8
0
  6
ByLayer
 62
  256
370
   -1
100
AcDbCircle
 10
0
 20
0
 40
0.5
100
AcDbArc
 50
319.4583981264955
 51
351.3730734413214
  0
ARC
  5
437
100
AcDbEntity
  8
0
  6
ByLayer
 62
  256
370
   -1
100
AcDbCircle
 10
0
 20
0
 40
0.5
100
AcDbArc
 50
8.626926558678623
 51
40.54160187350452
  0
ARC
  5
438
100
AcDbEntity
  8
0
  6
ByLayer
 62
  256
370
   -1
100
AcDbCircle
 10
0
 20
0
 40
0.5
100
AcDbArc
 50
139.4583981264955
 51
171.3730734413214
  0
ENDBLK
  5
169
330
167
100
AcDbEntity
  8
0
100
AcDbBlockEnd
  0
BLOCK
  5
16B
330
16A
100
AcDbEntity
  8
0
100
AcDbBlockBegin
  2
EXCHANGER_2_I
 70
    0
 10
0
 20
0
  3
EXCHANGER_2_I
  1

  0
LWPOLYLINE
  5
439
100
AcDbEntity
  8
0
  6
CONTINUOUS
 62
  256
370
   -1
100
AcDbPolyline
 90
    2
 70
    0
 43
0
 10
1.4375
 20
0.5
 10
-1.625
 20
0.5
  0
LWPOLYLINE
  5
43A
100
AcDbEntity
  8
0
  6
CONTINUOUS
 62
  256
370
   -1
100
AcDbPolyline
 90
    2
 70
    0
 43
0
 10
-1.625
 20
-0.5
 10
1.4375
 20
-0.5
  0
LWPOLYLINE
  5
43B
100
AcDbEntity
  8
0
  6
CONTINUOUS
 62
  256
370
   -1
100
AcDbPolyline
 90
    3
 70
    0
 43
0
 10
-1.75
 20
0.5
 10
-2
 20
0.5
 10
-2
 20
-0.5
  0
LINE
  5
43C
100
AcDbEntity
  8
0
  6
ByLayer
 62
  256
370
   -1
100
AcDbLine
 10
-1.6875
 20
-0.625
 11
-1.6875
 21
0.625
  0
LWPOLYLINE
  5
43D
100
AcDbEntity
  8
0
  6
ByLayer
 62
  256
370
   -1
100
AcDbPolyline
 90
    4
 70
    1
 43
0
 10
-1.75
 20
0.625
 10
-1.625
 20
0.625
 10
-1.625
 20
-0.625
 10
-1.75
 20
-0.625
  0
ELLIPSE
  5
43E
100
AcDbEntity
  8
0
  6
ByLayer
 62
  256
370
   -1
100
AcDbEllipse
 10
-2
 20
0
 30
0
 11
0
 21
-0.5
 31
0
 40
0.5
 41
3.141592653589794
 42
6.283185307179586
  0
LWPOLYLINE
  5
43F
100
AcDbEntity
  8
0
  6
CONTINUOUS
 62
  256
370
   -1
100
AcDbPolyline
 90
    2
 70
    0
 43
0
 10
-2
 20
-0.5
 10
-1.75
 20
-0.5
  0
LINE
  5
440
100
AcDbEntity
  8
0
  6
ByLayer
 62
  256
370
   -1
100
AcDbLine
 10
2.0625
 20
-0.625
 11
2.0625
 21
0.625
  0
LWPOLYLINE
  5
441
100
AcDbEntity
  8
0
  6
ByLayer
 62
  256
370
   -1
100
AcDbPolyline
 90
    4
 70
    1
 43
0
 10
2.125
 20
0.625
 10
2
 20
0.625
 10
2
 20
-0.625
 10
2.125
 20
-0.625
  0
LINE
  5
442
100
AcDbEntity
  8
0
  6
ByLayer
 62
  256
370
   -1
100
AcDbLine
 10
1.5
 20
-0.625
 11
1.5
 21
0.625
  0
LWPOLYLINE
  5
443
100
AcDbEntity
  8
0
  6
ByLayer
 62
  256
370
   -1
100
AcDbPolyline
 90
    4
 70
    1
 43
0
 10
1.5625
 20
0.625
 10
1.4375
 20
0.625
 10
1.4375
 20
-0.625
 10
1.5625
 20
-0.625
  0
LWPOLYLINE
  5
444
100
AcDbEntity
  8
0
  6
CONTINUOUS
 62
  256
370
   -1
100
AcDbPolyline
 90
    2
 70
    0
 43
0
 10
1.5625
 20
-0.5
 10
2
 20
-0.5
  0
LWPOLYLINE
  5
445
100
AcDbEntity
  8
0
  6
CONTINUOUS
 62
  256
370
   -1
100
AcDbPolyline
 90
    2
 70
    0
 43
0
 10
2
 20
0.5
 10
1.5625
 20
0.5
  0
ENDBLK
  5
16C
330
16A
100
AcDbEntity
  8
0
100
AcDbBlockEnd
  0
BLOCK
  5
16E
330
16D
100
AcDbEntity
  8
0
100
AcDbBlockBegin
  2
EXCHANGER_1_I
 70
    0
 10
0
 20
0
  3
EXCHANGER_1_I
  1

  0
LWPOLYLINE
  5
446
100
AcDbEntity
  8
0
  6
CONTINUOUS
 62
  256
370
   -1
100
AcDbPolyline
 90
    2
 70
    0
 43
0
 10
1.625
 20
0.5
 10
-1.625
 20
0.5
  0
LWPOLYLINE
  5
447
100
AcDbEntity
  8
0
  6
CONTINUOUS
 62
  256
370
   -1
100
AcDbPolyline
 90
    2
 70
    0
 43
0
 10
-1.625
 20
-0.5
 10
1.625
 20
-0.5
  0
LWPOLYLINE
  5
448
100
AcDbEntity
  8
0
  6
CONTINUOUS
 62
  256
370
   -1
100
AcDbPolyline
 90
    3
 70
    0
 43
0
 10
-1.75
 20
0.5
 10
-2
 20
0.5
 10
-2
 20
-0.5
  0
LINE
  5
449
100
AcDbEntity
  8
0
  6
ByLayer
 62
  256
370
   -1
100
AcDbLine
 10
-1.6875
 20
-0.625
 11
-1.6875
 21
0.625
  0
LWPOLYLINE
  5
44A
100
AcDbEntity
  8
0
  6
ByLayer
 62
  256
370
   -1
100
AcDbPolyline
 90
    4
 70
    1
 43
0
 10
-1.75
 20
0.625
 10
-1.625
 20
0.625
 10
-1.625
 20
-0.625
 10
-1.75
 20
-0.625
  0
ELLIPSE
  5
44B
100
AcDbEntity
  8
0
  6
ByLayer
 62
  256
370
   -1
100
AcDbEllipse
 10
-2
 20
0
 30
0
 11
0
 21
-0.5
 31
0
 40
0.5
 41
3.141592653589794
 42
6.283185307179586
  0
LWPOLYLINE
  5
44C
100
AcDbEntity
  8
0
  6
CONTINUOUS
 62
  256
370
   -1
100
AcDbPolyline
 90
    2
 70
    0
 43
0
 10
-2
 20
-0.5
 10
-1.75
 20
-0.5
  0
LWPOLYLINE
  5
44D
100
AcDbEntity
  8
0
  6
CONTINUOUS
 62
  256
370
   -1
100
AcDbPolyline
 90
    4
 70
    0
 43
0
 10
1.75
 20
-0.5
 10
2
 20
-0.5
 10
2
 20
0.5
 10
1.75
 20
0.5
  0
LINE
  5
44E
100
AcDbEntity
  8
0
  6
ByLayer
 62
  256
370
   -1
100
AcDbLine
 10
1.6875
 20
-0.625
 11
1.6875
 21
0.625
  0
LWPOLYLINE
  5
44F
100
AcDbEntity
  8
0
  6
ByLayer
 62
  256
370
   -1
100
AcDbPolyline
 90
    4
 70
    1
 43
0
 10
1.75
 20
0.625
 10
1.625
 20
0.625
 10
1.625
 20
-0.625
 10
1.75
 20
-0.625
  0
ELLIPSE
  5
450
100
AcDbEntity
  8
0
  6
ByLayer
 62
  256
370
   -1
100
AcDbEllipse
 10
2
 20
0
 30
0
 11
0
 21
0.5
 31
0
 40
0.5
 41
3.141592653589794
 42
6.283185307179586
  0
ENDBLK
  5
16F
330
16D
100
AcDbEntity
  8
0
100
AcDbBlockEnd
  0
BLOCK
  5
171
330
170
100
AcDbEntity
  8
0
100
AcDbBlockBegin
  2
EXCHANGER_3_I
 70
    0
 10
0
 20
0
  3
EXCHANGER_3_I
  1

  0
LWPOLYLINE
  5
451
100
AcDbEntity
  8
0
  6
CONTINUOUS
 62
  256
370
   -1
100
AcDbPolyline
 90
    2
 70
    0
 43
0
 10
-1.625
 20
-0.5
 10
1.625
 20
-0.5
  0
LINE
  5
452
100
AcDbEntity
  8
0
  6
ByLayer
 62
  256
370
   -1
100
AcDbLine
 10
-0.875
 20
0.875
 11
0.875
 21
0.875
  0
LWPOLYLINE
  5
453
100
AcDbEntity
  8
0
  6
ByLayer
 62
  256
370
   -1
100
AcDbPolyline
 90
    4
 70
    0
 43
0
 10
-0.8750000000000001
 20
-0.5
 10
-0.875
 20
0.875
 10
-1.4375
 20
0.5
 10
-1.4375
 20
-0.5
  0
LWPOLYLINE
  5
454
100
AcDbEntity
  8
0
  6
CONTINUOUS
 62
  256
370
   -1
100
AcDbPolyline
 90
    3
 70
    0
 43
0
 10
-1.75
 20
0.5
 10
-2
 20
0.5
 10
-2
 20
-0.5
  0
LINE
  5
455
100
AcDbEntity
  8
0
  6
ByLayer
 62
  256
370
   -1
100
AcDbLine
 10
-1.6875
 20
-0.625
 11
-1.6875
 21
0.625
  0
LWPOLYLINE
  5
456
100
AcDbEntity
  8
0
  6
ByLayer
 62
  256
370
   -1
100
AcDbPolyline
 90
    4
 70
    1
 43
0
 10
-1.75
 20
0.625
 10
-1.625
 20
0.625
 10
-1.625
 20
-0.625
 10
-1.75
 20
-0.625
  0
ELLIPSE
  5
457
100
AcDbEntity
  8
0
  6
ByLayer
 62
  256
370
   -1
100
AcDbEllipse
 10
-2
 20
0
 30
0
 11
0
 21
-0.5
 31
0
 40
0.5
 41
3.141592653589794
 42
6.283185307179586
  0
LWPOLYLINE
  5
458
100
AcDbEntity
  8
0
  6
CONTINUOUS
 62
  256
370
   -1
100
AcDbPolyline
 90
    2
 70
    0
 43
0
 10
-2
 20
-0.5
 10
-1.75
 20
-0.5
  0
LWPOLYLINE
  5
459
100
AcDbEntity
  8
0
  6
CONTINUOUS
 62
  256
370
   -1
100
AcDbPolyline
 90
    2
 70
    0
 43
0
 10
-1.4375
 20
0.5
 10
-1.625
 20
0.5
  0
ELLIPSE
  5
45A
100
AcDbEntity
  8
0
  6
ByLayer
 62
  256
370
   -1
100
AcDbEllipse
 10
2
 20
0
 30
0
 11
0
 21
-0.5
 31
0
 40
0.5
 41
0
 42
3.141592653589792
  0
LWPOLYLINE
  5
45B
100
AcDbEntity
  8
0
  6
CONTINUOUS
 62
  256
370
   -1
100
AcDbPolyline
 90
    3
 70
    0
 43
0
 10
1.75
 20
0.5
 10
2
 20
0.5
 10
2
 20
-0.5
  0
LWPOLYLINE
  5
45C
100
AcDbEntity
  8
0
  6
ByLayer
 62
  256
370
   -1
100
AcDbPolyline
 90
    4
 70
    0
 43
0
 10
0.875
 20
-0.5
 10
0.875
 20
0.875
 10
1.4375
 20
0.5
 10
1.4375
 20
-0.5
  0
LINE
  5
45D
100
AcDbEntity
  8
0
  6
ByLayer
 62
  256
370
   -1
100
AcDbLine
 10
1.6875
 20
-0.625
 11
1.6875
 21
0.625
  0
LWPOLYLINE
  5
45E
100
AcDbEntity
  8
0
  6
ByLayer
 62
  256
370
   -1
100
AcDbPolyline
 90
    4
 70
    1
 43
0
 10
1.75
 20
0.625
 10
1.625
 20
0.625
 10
1.625
 20
-0.625
 10
1.75
 20
-0.625
  0
LWPOLYLINE
  5
45F
100
AcDbEntity
  8
0
  6
CONTINUOUS
 62
  256
370
   -1
100
AcDbPolyline
 90
    2
 70
    0
 43
0
 10
2
 20
-0.5
 10
1.75
 20
-0.5
  0
LWPOLYLINE
  5
460
100
AcDbEntity
  8
0
  6
CONTINUOUS
 62
  256
370
   -1
100
AcDbPolyline
 90
    2
 70
    0
 43
0
 10
1.625
 20
0.5
 10
1.4375
 20
0.5
  0
ENDBLK
  5
172
330
170
100
AcDbEntity
  8
0
100
AcDbBlockEnd
  0
BLOCK
  5
174
330
173
100
AcDbEntity
  8
0
100
AcDbBlockBegin
  2
EXCHANGER_4_I
 70
    0
 10
0
 20
0
  3
EXCHANGER_4_I
  1

  0
LWPOLYLINE
  5
461
100
AcDbEntity
  8
0
  6
ByLayer
 62
  256
370
   -1
100
AcDbPolyline
 90
    4
 70
    0
 43
0
 10
-0.875
 20
0.875
 10
1.5
 20
0.875
 10
1.5
 20
-0.5
 10
-1.625
 20
-0.5
  0
LWPOLYLINE
  5
462
100
AcDbEntity
  8
0
  6
ByLayer
 62
  256
370
   -1
100
AcDbPolyline
 90
    4
 70
    0
 43
0
 10
-0.8750000000000001
 20
-0.5
 10
-0.875
 20
0.875
 10
-1.4375
 20
0.5
 10
-1.4375
 20
-0.5
  0
LWPOLYLINE
  5
463
100
AcDbEntity
  8
0
  6
CONTINUOUS
 62
  256
370
   -1
100
AcDbPolyline
 90
    3
 70
    0
 43
0
 10
-1.75
 20
0.5
 10
-2
 20
0.5
 10
-2
 20
-0.5
  0
LINE
  5
464
100
AcDbEntity
  8
0
  6
ByLayer
 62
  256
370
   -1
100
AcDbLine
 10
-1.6875
 20
-0.625
 11
-1.6875
 21
0.625
  0
LWPOLYLINE
  5
465
100
AcDbEntity
  8
0
  6
ByLayer
 62
  256
370
   -1
100
AcDbPolyline
 90
    4
 70
    1
 43
0
 10
-1.75
 20
0.625
 10
-1.625
 20
0.625
 10
-1.625
 20
-0.625
 10
-1.75
 20
-0.625
  0
ELLIPSE
  5
466
100
AcDbEntity
  8
0
  6
ByLayer
 62
  256
370
   -1
100
AcDbEllipse
 10
-2
 20
0
 30
0
 11
0
 21
-0.5
 31
0
 40
0.5
 41
3.141592653589794
 42
6.283185307179586
  0
LWPOLYLINE
  5
467
100
AcDbEntity
  8
0
  6
CONTINUOUS
 62
  256
370
   -1
100
AcDbPolyline
 90
    2
 70
    0
 43
0
 10
-2
 20
-0.5
 10
-1.75
 20
-0.5
  0
LWPOLYLINE
  5
468
100
AcDbEntity
  8
0
  6
CONTINUOUS
 62
  256
370
   -1
100
AcDbPolyline
 90
    2
 70
    0
 43
0
 10
-1.4375
 20
0.5
 10
-1.625
 20
0.5
  0
ELLIPSE
  5
469
100
AcDbEntity
  8
0
  6
ByLayer
 62
  256
370
   -1
100
AcDbEllipse
 10
1.5
 20
0.1875
 30
0
 11
3.885780586188048e-16
 21
0.6874999999999999
 31
0
 40
0.4999999999999999
 41
3.141592653589794
 42
6.283185307179587
  0
ENDBLK
  5
175
330
173
100
AcDbEntity
  8
0
100
AcDbBlockEnd
  0
BLOCK
  5
177
330
176
100
AcDbEntity
  8
0
100
AcDbBlockBegin
  2
EXCHANGER_5_I
 70
    0
 10
0
 20
0
  3
EXCHANGER_5_I
  1

  0
LWPOLYLINE
  5
46A
100
AcDbEntity
  8
0
  6
DASHED
 62
  256
370
   -1
100
AcDbPolyline
 90
   18
 70
    0
 43
0
 10
-0.5
 20
-0.6875
 10
-0.4375
 20
-0.6875
 42
0.414213562373095
 10
-0.375
 20
-0.625
 10
-0.375
 20
0.5
 42
-0.9999999999999999
 10
-0.25
 20
0.5
 10
-0.25
 20
-0.625
 42
0.9999999999999999
 10
-0.125
 20
-0.625
 10
-0.125
 20
0.5
 42
-0.9999999999999999
 10
0
 20
0.5
 10
0
 20
-0.625
 42
0.9999999999999999
 10
0.125
 20
-0.625
 10
0.125
 20
0.5
 42
-0.9999999999999999
 10
0.25
 20
0.5
 10
0.25
 20
-0.625
 42
0.9999999999999999
 10
0.375
 20
-0.625
 10
0.375
 20
0.5625
 42
0.4142135623730949
 10
0.25
 20
0.6875
 10
-0.5
 20
0.6875
  0
LWPOLYLINE
  5
46B
100
AcDbEntity
  8
0
  6
ByLayer
 62
  256
370
   -1
100
AcDbPolyline
 90
    4
 70
    1
 43
0
 10
-0.5
 20
-0.875
 10
0.5
 20
-0.875
 10
0.5
 20
0.875
 10
-0.5
 20
0.875
  0
LINE
  5
46C
100
AcDbEntity
  8
0
  6
ByLayer
 62
  256
370
   -1
100
AcDbLine
 10
-0.75
 20
-0.6125
 11
-0.75
 21
-0.7625000000000001
  0
LINE
  5
46D
100
AcDbEntity
  8
0
  6
ByLayer
 62
  256
370
   -1
100
AcDbLine
 10
-0.6875
 20
-0.6125
 11
-0.6875
 21
-0.7625000000000001
  0
LINE
  5
46E
100
AcDbEntity
  8
0
  6
ByLayer
 62
  256
370
   -1
100
AcDbLine
 10
-0.6875
 20
-0.7375
 11
-0.5
 21
-0.7375000000000002
  0
LINE
  5
46F
100
AcDbEntity
  8
0
  6
ByLayer
 62
  256
370
   -1
100
AcDbLine
 10
-0.6875
 20
-0.6375000000000001
 11
-0.5
 21
-0.6375000000000002
  0
LINE
  5
470
100
AcDbEntity
  8
0
  6
ByLayer
 62
  256
370
   -1
100
AcDbLine
 10
-0.7500000000000001
 20
0.7625000000000001
 11
-0.7500000000000001
 21
0.6125
  0
LINE
  5
471
100
AcDbEntity
  8
0
  6
ByLayer
 62
  256
370
   -1
100
AcDbLine
 10
-0.6875000000000001
 20
0.7625000000000001
 11
-0.6875000000000001
 21
0.6125
  0
LINE
  5
472
100
AcDbEntity
  8
0
  6
ByLayer
 62
  256
370
   -1
100
AcDbLine
 10
-0.6875000000000001
 20
0.6375
 11
-0.5000000000000001
 21
0.6375
  0
LINE
  5
473
100
AcDbEntity
  8
0
  6
ByLayer
 62
  256
370
   -1
100
AcDbLine
 10
-0.6875000000000001
 20
0.7375
 11
-0.5000000000000001
 21
0.7375
  0
LINE
  5
474
100
AcDbEntity
  8
0
  6
ByLayer
 62
  256
370
   -1
100
AcDbLine
 10
0.6875
 20
-0.7625
 11
0.6875
 21
-0.6125
  0
LINE
  5
475
100
AcDbEntity
  8
0
  6
ByLayer
 62
  256
370
   -1
100
AcDbLine
 10
0.6875
 20
-0.6375
 11
0.5
 21
-0.6375
  0
LINE
  5
476
100
AcDbEntity
  8
0
  6
ByLayer
 62
  256
370
   -1
100
AcDbLine
 10
0.6875
 20
-0.7375
 11
0.5
 21
-0.7375
  0
LINE
  5
477
100
AcDbEntity
  8
0
  6
ByLayer
 62
  256
370
   -1
100
AcDbLine
 10
0.75
 20
-0.7625
 11
0.75
 21
-0.6125
  0
LINE
  5
478
100
AcDbEntity
  8
0
  6
ByLayer
 62
  256
370
   -1
100
AcDbLine
 10
0.6875
 20
0.6125
 11
0.6875
 21
0.7625
  0
LINE
  5
479
100
AcDbEntity
  8
0
  6
ByLayer
 62
  256
370
   -1
100
AcDbLine
 10
0.6875
 20
0.7375
 11
0.5
 21
0.7375
  0
LINE
  5
47A
100
AcDbEntity
  8
0
  6
ByLayer
 62
  256
370
   -1
100
AcDbLine
 10
0.6875
 20
0.6375
 11
0.5
 21
0.6375
  0
LINE
  5
47B
100
AcDbEntity
  8
0
  6
ByLayer
 62
  256
370
   -1
100
AcDbLine
 10
0.75
 20
0.6125
 11
0.75
 21
0.7625
  0
ENDBLK
  5
178
330
176
100
AcDbEntity
  8
0
100
AcDbBlockEnd
  0
BLOCK
  5
17A
330
179
100
AcDbEntity
  8
0
100
AcDbBlockBegin
  2
EXCHANGER_6_I
 70
    0
 10
0
 20
0
  3
EXCHANGER_6_I
  1

  0
LWPOLYLINE
  5
47C
100
AcDbEntity
  8
0
  6
DASHED
 62
  256
370
   -1
100
AcDbPolyline
 90
    6
 70
    0
 43
0
 10
-0.3535533905932738
 20
-0.3535533905932738
 10
-0.1875
 20
-0.1875
 10
0.1875
 20
-0.1875
 10
-0.1875
 20
0.1875
 10
0.1875
 20
0.1875
 10
0.3535533905932737
 20
0.3535533905932737
  0
CIRCLE
  5
47D
100
AcDbEntity
  8
0
  6
ByLayer
 62
  256
370
   -1
100
AcDbCircle
 10
0
 20
0
 40
0.5
  0
LWPOLYLINE
  5
47E
100
AcDbEntity
  8
0
  6
ByLayer
 62
  256
370
   -1
100
AcDbPolyline
 90
    3
 70
    0
 43
0
 10
-0.625
 20
-0.625
 10
-0.5
 20
-0.5
 10
-0.3535533905932738
 20
-0.3535533905932738
  0
LWPOLYLINE
  5
47F
100
AcDbEntity
  8
0
  6
ByLayer
 62
  256
370
   -1
100
AcDbPolyline
 90
    3
 70
    0
 43
0
 10
0.3535533905932737
 20
0.3535533905932737
 10
0.478558185616266
 20
0.478558185616266
 10
0.625
 20
0.625
  0
ENDBLK
  5
17B
330
179
100
AcDbEntity
  8
0
100
AcDbBlockEnd
  0
BLOCK
  5
17D
330
17C
100
AcDbEntity
  8
0
100
AcDbBlockBegin
  2
PUMP_VERT_I
 70
    0
 10
0
 20
0
  3
PUMP_VERT_I
  1

  0
CIRCLE
  5
480
100
AcDbEntity
  8
0
  6
ByLayer
 62
  256
370
   -1
100
AcDbCircle
 10
0
 20
0
 40
0.125
  0
LWPOLYLINE
  5
481
100
AcDbEntity
  8
0
  6
ByLayer
 62
  256
370
   -1
100
AcDbPolyline
 90
    2
 70
    0
 43
0
 10
-0.375
 20
-0.5
 10
0.375
 20
-0.5
  0
ARC
  5
482
100
AcDbEntity
  8
0
  6
ByLayer
 62
  256
370
   -1
100
AcDbCircle
 10
0
 20
0
 40
0.375
100
AcDbArc
 50
70.52877936550927
 51
0
  0
LWPOLYLINE
  5
483
100
AcDbEntity
  8
0
  6
ByLayer
 62
  256
370
   -1
100
AcDbPolyline
 90
    2
 70
    0
 43
0
 10
-0.375
 20
-0.5
 10
-0.1951941016011038
 20
-0.3201941016011038
  0
POINT
  5
484
100
AcDbEntity
  8
0
  6
ByLayer
 62
  256
370
   -1
100
AcDbPoint
 10
0
 20
0
  0
LWPOLYLINE
  5
485
100
AcDbEntity
  8
0
  6
ByLayer
 62
  256
370
   -1
100
AcDbPolyline
 90
    4
 70
    0
 43
0
 10
0.375
 20
0
 10
0.375
 20
0.5
 10
0.125
 20
0.5
 10
0.125
 20
0.3535533905932731
  0
LWPOLYLINE
  5
486
100
AcDbEntity
  8
0
  6
ByLayer
 62
  256
370
   -1
100
AcDbPolyline
 90
    2
 70
    0
 43
0
 10
0.375
 20
-0.5
 10
0.1951941016011038
 20
-0.3201941016011038
  0
ENDBLK
  5
17E
330
17C
100
AcDbEntity
  8
0
100
AcDbBlockEnd
  0
BLOCK
  5
180
330
17F
100
AcDbEntity
  8
0
100
AcDbBlockBegin
  2
PUMP_HORIZ_I
 70
    0
 10
0
 20
0
  3
PUMP_HORIZ_I
  1

  0
CIRCLE
  5
487
100
AcDbEntity
  8
0
  6
ByLayer
 62
  256
370
   -1
100
AcDbCircle
 10
0
 20
0
 40
0.125
  0
LWPOLYLINE
  5
488
100
AcDbEntity
  8
0
  6
ByLayer
 62
  256
370
   -1
100
AcDbPolyline
 90
    2
 70
    0
 43
0
 10
-0.375
 20
-0.5
 10
0.375
 20
-0.5
  0
ARC
  5
489
100
AcDbEntity
  8
0
  6
ByLayer
 62
  256
370
   -1
100
AcDbCircle
 10
0
 20
0
 40
0.375
100
AcDbArc
 50
90
 51
19.47122063449074
  0
LWPOLYLINE
  5
48A
100
AcDbEntity
  8
0
  6
ByLayer
 62
  256
370
   -1
100
AcDbPolyline
 90
    4
 70
    0
 43
0
 10
0
 20
0.375
 10
0.5
 20
0.3750000000000001
 10
0.5
 20
0.125
 10
0.3535533905932731
 20
0.125
  0
LWPOLYLINE
  5
48B
100
AcDbEntity
  8
0
  6
ByLayer
 62
  256
370
   -1
100
AcDbPolyline
 90
    2
 70
    0
 43
0
 10
-0.375
 20
-0.5
 10
-0.1951941016011038
 20
-0.3201941016011038
  0
POINT
  5
48C
100
AcDbEntity
  8
0
  6
ByLayer
 62
  256
370
   -1
100
AcDbPoint
 10
0
 20
0
  0
LWPOLYLINE
  5
48D
100
AcDbEntity
  8
0
  6
ByLayer
 62
  256
370
   -1
100
AcDbPolyline
 90
    2
 70
    0
 43
0
 10
0.375
 20
-0.5
 10
0.1951941016011038
 20
-0.3201941016011038
  0
ENDBLK
  5
181
330
17F
100
AcDbEntity
  8
0
100
AcDbBlockEnd
  0
BLOCK
  5
183
330
182
100
AcDbEntity
  8
0
100
AcDbBlockBegin
  2
PUMP_CENT_I
 70
    0
 10
0
 20
0
  3
PUMP_CENT_I
  1

  0
LWPOLYLINE
  5
48E
100
AcDbEntity
  8
0
  6
ByLayer
 62
  256
370
   -1
100
AcDbPolyline
 90
    4
 70
    1
 43
0
 10
0.125
 20
-0.4375
 10
-1.375
 20
-0.4375
 10
-1.375
 20
-0.5
 10
0.125
 20
-0.5
  0
LWPOLYLINE
  5
48F
100
AcDbEntity
  8
0
  6
ByLayer
 62
  256
370
   -1
100
AcDbPolyline
 90
    2
 70
    0
 43
0
 10
-0.125
 20
0.0625
 10
-0.6289692704310182
 20
0.0625
  0
LWPOLYLINE
  5
490
100
AcDbEntity
  8
0
  6
ByLayer
 62
  256
370
   -1
100
AcDbPolyline
 90
    2
 70
    0
 43
0
 10
-0.125
 20
-0.0625
 10
-0.6289692704310182
 20
-0.0625
  0
ELLIPSE
  5
491
100
AcDbEntity
  8
0
  6
ByLayer
 62
  256
370
   -1
100
AcDbEllipse
 10
-1.25
 20
0
 30
0
 11
0
 21
-0.25
 31
0
 40
0.5
 41
3.141592653589793
 42
6.283185307179586
  0
ELLIPSE
  5
492
100
AcDbEntity
  8
0
  6
ByLayer
 62
  256
370
   -1
100
AcDbEllipse
 10
-0.75
 20
0
 30
0
 11
0
 21
-0.25
 31
0
 40
0.5
 41
0
 42
3.141592653589793
  0
LWPOLYLINE
  5
493
100
AcDbEntity
  8
0
  6
ByLayer
 62
  256
370
   -1
100
AcDbPolyline
 90
    4
 70
    1
 43
0
 10
-0.75
 20
-0.25
 10
-1.25
 20
-0.25
 10
-1.25
 20
0.25
 10
-0.75
 20
0.25
  0
LINE
  5
494
100
AcDbEntity
  8
0
  6
ByLayer
 62
  256
370
   -1
100
AcDbLine
 10
-0.875
 20
-0.25
 11
-0.875
 21
-0.4375
  0
LINE
  5
495
100
AcDbEntity
  8
0
  6
ByLayer
 62
  256
370
   -1
100
AcDbLine
 10
-1.125
 20
-0.25
 11
-1.125
 21
-0.4375
  0
LWPOLYLINE
  5
496
100
AcDbEntity
  8
0
  6
ByLayer
 62
  256
370
   -1
100
AcDbPolyline
 90
    4
 70
    0
 43
0
 10
0.125
 20
0.125
 10
0.25
 20
0.125
 10
0.25
 20
-0.125
 10
0.125
 20
-0.125
  0
LWPOLYLINE
  5
497
100
AcDbEntity
  8
0
  6
ByLayer
 62
  256
370
   -1
100
AcDbPolyline
 90
    5
 70
    0
 43
0
 10
-0.125
 20
-0.25
 10
-0.125
 20
0.25
 42
-0.9999999999999999
 10
0.125
 20
0.25
 10
0.125
 20
-0.25
 42
-0.9999999999999999
 10
-0.125
 20
-0.25
 42
-0.9999999999999999
  0
LINE
  5
498
100
AcDbEntity
  8
0
  6
ByLayer
 62
  256
370
   -1
100
AcDbLine
 10
0.0625
 20
-0.4375
 11
0.0625
 21
-0.3582531754730549
  0
LINE
  5
499
100
AcDbEntity
  8
0
  6
ByLayer
 62
  256
370
   -1
100
AcDbLine
 10
-0.0625
 20
-0.4375
 11
-0.0625
 21
-0.3582531754730549
  0
POINT
  5
49A
100
AcDbEntity
  8
0
  6
ByLayer
 62
  256
370
   -1
100
AcDbPoint
 10
-0.25
 20
0
  0
LINE
  5
49B
100
AcDbEntity
  8
0
  6
ByLayer
 62
  256
370
   -1
100
AcDbLine
 10
0.0625
 20
0.5
 11
0.0625
 21
0.3582531754730549
  0
LINE
  5
49C
100
AcDbEntity
  8
0
  6
ByLayer
 62
  256
370
   -1
100
AcDbLine
 10
-0.0625
 20
0.5
 11
-0.0625
 21
0.3582531754730549
  0
LWPOLYLINE
  5
49D
100
AcDbEntity
  8
0
  6
ByLayer
 62
  256
370
   -1
100
AcDbPolyline
 90
    2
 70
    0
 43
0
 10
-0.125
 20
0.5
 10
0.125
 20
0.5
  0
ENDBLK
  5
184
330
182
100
AcDbEntity
  8
0
100
AcDbBlockEnd
  0
BLOCK
  5
186
330
185
100
AcDbEntity
  8
0
100
AcDbBlockBegin
  2
PUMP_DUAL_I
 70
    0
 10
0
 20
0
  3
PUMP_DUAL_I
  1

  0
LWPOLYLINE
  5
49E
100
AcDbEntity
  8
0
  6
ByLayer
 62
  256
370
   -1
100
AcDbPolyline
 90
    4
 70
    1
 43
0
 10
0.75
 20
-0.4375
 10
-0.75
 20
-0.4375
 10
-0.75
 20
-0.5
 10
0.75
 20
-0.5
  0
LWPOLYLINE
  5
49F
100
AcDbEntity
  8
0
  6
ByLayer
 62
  256
370
   -1
100
AcDbPolyline
 90
    4
 70
    1
 43
0
 10
0.25
 20
-0.25
 10
-0.25
 20
-0.25
 10
-0.25
 20
0.25
 10
0.25
 20
0.25
  0
LWPOLYLINE
  5
4A0
100
AcDbEntity
  8
0
  6
ByLayer
 62
  256
370
   -1
100
AcDbPolyline
 90
    5
 70
    0
 43
0
 10
-0.5
 20
-0.25
 10
-0.5
 20
0.25
 42
0.9999999999999999
 10
-0.75
 20
0.25
 10
-0.75
 20
-0.25
 42
0.9999999999999999
 10
-0.5
 20
-0.25
 42
0.9999999999999999
  0
ELLIPSE
  5
4A1
100
AcDbEntity
  8
0
  6
ByLayer
 62
  256
370
   -1
100
AcDbEllipse
 10
-0.25
 20
0
 30
0
 11
-9.184547653667829e-17
 21
-0.25
 31
0
 40
0.5
 41
3.141592653589794
 42
6.283185307179586
  0
LINE
  5
4A2
100
AcDbEntity
  8
0
  6
ByLayer
 62
  256
370
   -1
100
AcDbLine
 10
-0.6875
 20
-0.4375
 11
-0.6875
 21
-0.3582531754730548
  0
LINE
  5
4A3
100
AcDbEntity
  8
0
  6
ByLayer
 62
  256
370
   -1
100
AcDbLine
 10
-0.5625
 20
-0.4375
 11
-0.5625
 21
-0.3582531754730548
  0
LINE
  5
4A4
100
AcDbEntity
  8
0
  6
ByLayer
 62
  256
370
   -1
100
AcDbLine
 10
-0.125
 20
-0.25
 11
-0.125
 21
-0.4375
  0
LWPOLYLINE
  5
4A5
100
AcDbEntity
  8
0
  6
ByLayer
 62
  256
370
   -1
100
AcDbPolyline
 90
    2
 70
    0
 43
0
 10
-0.5
 20
0.0625
 10
-0.3710307295689818
 20
0.0625
  0
LWPOLYLINE
  5
4A6
100
AcDbEntity
  8
0
  6
ByLayer
 62
  256
370
   -1
100
AcDbPolyline
 90
    2
 70
    0
 43
0
 10
-0.5
 20
-0.0625
 10
-0.3710307295689818
 20
-0.0625
  0
LINE
  5
4A7
100
AcDbEntity
  8
0
  6
ByLayer
 62
  256
370
   -1
100
AcDbLine
 10
-0.6875
 20
0.5
 11
-0.6875
 21
0.3582531754730549
  0
LINE
  5
4A8
100
AcDbEntity
  8
0
  6
ByLayer
 62
  256
370
   -1
100
AcDbLine
 10
-0.5625
 20
0.5
 11
-0.5625
 21
0.3582531754730549
  0
LWPOLYLINE
  5
4A9
100
AcDbEntity
  8
0
  6
ByLayer
 62
  256
370
   -1
100
AcDbPolyline
 90
    2
 70
    0
 43
0
 10
-0.5
 20
0.5
 10
-0.75
 20
0.5
  0
ELLIPSE
  5
4AA
100
AcDbEntity
  8
0
  6
ByLayer
 62
  256
370
   -1
100
AcDbEllipse
 10
0.25
 20
0
 30
0
 11
3.061515884555943e-17
 21
0.25
 31
0
 40
0.5
 41
3.141592653589793
 42
6.283185307179586
  0
LWPOLYLINE
  5
4AB
100
AcDbEntity
  8
0
  6
ByLayer
 62
  256
370
   -1
100
AcDbPolyline
 90
    5
 70
    0
 43
0
 10
0.5
 20
-0.25
 10
0.5
 20
0.25
 42
-0.9999999999999999
 10
0.75
 20
0.25
 10
0.75
 20
-0.25
 42
-0.9999999999999999
 10
0.5
 20
-0.25
 42
-0.9999999999999999
  0
LINE
  5
4AC
100
AcDbEntity
  8
0
  6
ByLayer
 62
  256
370
   -1
100
AcDbLine
 10
0.5625
 20
-0.4375
 11
0.5625
 21
-0.3582531754730548
  0
LINE
  5
4AD
100
AcDbEntity
  8
0
  6
ByLayer
 62
  256
370
   -1
100
AcDbLine
 10
0.125
 20
-0.25
 11
0.125
 21
-0.4375
  0
LWPOLYLINE
  5
4AE
100
AcDbEntity
  8
0
  6
ByLayer
 62
  256
370
   -1
100
AcDbPolyline
 90
    2
 70
    0
 43
0
 10
0.5
 20
0.0625
 10
0.3710307295689818
 20
0.0625
  0
LWPOLYLINE
  5
4AF
100
AcDbEntity
  8
0
  6
ByLayer
 62
  256
370
   -1
100
AcDbPolyline
 90
    2
 70
    0
 43
0
 10
0.5
 20
-0.0625
 10
0.3710307295689818
 20
-0.0625
  0
POINT
  5
4B0
100
AcDbEntity
  8
0
  6
ByLayer
 62
  256
370
   -1
100
AcDbPoint
 10
0.375
 20
0
  0
LINE
  5
4B1
100
AcDbEntity
  8
0
  6
ByLayer
 62
  256
370
   -1
100
AcDbLine
 10
0.6875
 20
-0.4375
 11
0.6875
 21
-0.3582531754730548
  0
LWPOLYLINE
  5
4B2
100
AcDbEntity
  8
0
  6
ByLayer
 62
  256
370
   -1
100
AcDbPolyline
 90
    2
 70
    0
 43
0
 10
0.5
 20
0.5
 10
0.75
 20
0.5
  0
LINE
  5
4B3
100
AcDbEntity
  8
0
  6
ByLayer
 62
  256
370
   -1
100
AcDbLine
 10
0.5625
 20
0.5
 11
0.5625
 21
0.3582531754730549
  0
LINE
  5
4B4
100
AcDbEntity
  8
0
  6
ByLayer
 62
  256
370
   -1
100
AcDbLine
 10
0.6875
 20
0.5
 11
0.6875
 21
0.3582531754730549
  0
ENDBLK
  5
187
330
185
100
AcDbEntity
  8
0
100
AcDbBlockEnd
  0
BLOCK
  5
189
330
188
100
AcDbEntity
  8
0
100
AcDbBlockBegin
  2
PUMP_DEEP_I
 70
    0
 10
0
 20
0
  3
PUMP_DEEP_I
  1

  0
LWPOLYLINE
  5
4B5
100
AcDbEntity
  8
0
  6
ByLayer
 62
  256
370
   -1
100
AcDbPolyline
 90
    4
 70
    1
 43
0
 10
-0.375
 20
0.5
 10
0.375
 20
0.5
 10
0.375
 20
0.5625
 10
-0.375
 20
0.5625
  0
LWPOLYLINE
  5
4B6
100
AcDbEntity
  8
0
  6
ByLayer
 62
  256
370
   -1
100
AcDbPolyline
 90
    4
 70
    0
 43
0
 10
-0.1875
 20
-0.125
 10
-0.1875
 20
-0.1875
 10
0.1875
 20
-0.1875
 10
0.1875
 20
-0.125
  0
ELLIPSE
  5
4B7
100
AcDbEntity
  8
0
  6
ByLayer
 62
  256
370
   -1
100
AcDbEllipse
 10
0
 20
0.9375
 30
0
 11
0.25
 21
-9.184547653667833e-17
 31
0
 40
0.4999999999999998
 41
3.141592653589793
 42
6.283185307179586
  0
LWPOLYLINE
  5
4B8
100
AcDbEntity
  8
0
  6
ByLayer
 62
  256
370
   -1
100
AcDbPolyline
 90
    4
 70
    1
 43
0
 10
-0.25
 20
0.9375
 10
-0.25
 20
1.4375
 10
0.2500000000000001
 20
1.4375
 10
0.2499999999999999
 20
0.9375
  0
LWPOLYLINE
  5
4B9
100
AcDbEntity
  8
0
  6
ByLayer
 62
  256
370
   -1
100
AcDbPolyline
 90
    5
 70
    0
 43
0
 10
-0.2500000000000001
 20
0.1250000000000001
 10
0.2499999999999999
 20
0.125
 42
-0.9999999999999999
 10
0.2499999999999999
 20
-0.125
 10
-0.2500000000000001
 20
-0.125
 42
-0.9999999999999999
 10
-0.2500000000000001
 20
0.1250000000000001
 42
-0.9999999999999999
  0
LWPOLYLINE
  5
4BA
100
AcDbEntity
  8
0
  6
ByLayer
 62
  256
370
   -1
100
AcDbPolyline
 90
    2
 70
    0
 43
0
 10
-0.0625000000000001
 20
0.5625
 10
-0.0625000000000001
 20
0.8164692704310182
  0
LWPOLYLINE
  5
4BB
100
AcDbEntity
  8
0
  6
ByLayer
 62
  256
370
   -1
100
AcDbPolyline
 90
    2
 70
    0
 43
0
 10
-0.0625000000000001
 20
0.125
 10
-0.0625000000000001
 20
0.5
  0
LWPOLYLINE
  5
4BC
100
AcDbEntity
  8
0
  6
ByLayer
 62
  256
370
   -1
100
AcDbPolyline
 90
    2
 70
    0
 43
0
 10
0.0624999999999999
 20
0.5625
 10
0.0624999999999999
 20
0.8164692704310182
  0
LINE
  5
4BD
100
AcDbEntity
  8
0
  6
ByLayer
 62
  256
370
   -1
100
AcDbLine
 10
0.3125000000000001
 20
0.6874999999999999
 11
0.3125000000000001
 21
0.5625
  0
LINE
  5
4BE
100
AcDbEntity
  8
0
  6
ByLayer
 62
  256
370
   -1
100
AcDbLine
 10
0.1875000000000001
 20
0.6874999999999999
 11
0.1875000000000001
 21
0.5625
  0
LINE
  5
4BF
100
AcDbEntity
  8
0
  6
ByLayer
 62
  256
370
   -1
100
AcDbLine
 10
0.1875000000000001
 20
0.5
 11
0.1875000000000001
 21
0.125
  0
LWPOLYLINE
  5
4C0
100
AcDbEntity
  8
0
  6
ByLayer
 62
  256
370
   -1
100
AcDbPolyline
 90
    2
 70
    0
 43
0
 10
0.0624999999999999
 20
0.125
 10
0.0624999999999999
 20
0.5
  0
LINE
  5
4C1
100
AcDbEntity
  8
0
  6
ByLayer
 62
  256
370
   -1
100
AcDbLine
 10
0.3125000000000001
 20
0.5
 11
0.3125000000000001
 21
0.1082531754730548
  0
LWPOLYLINE
  5
4C2
100
AcDbEntity
  8
0
  6
ByLayer
 62
  256
370
   -1
100
AcDbPolyline
 90
    2
 70
    0
 43
0
 10
0.1250000000000001
 20
0.6874999999999999
 10
0.3750000000000001
 20
0.6874999999999999
  0
POINT
  5
4C3
100
AcDbEntity
  8
0
  6
ByLayer
 62
  256
370
   -1
100
AcDbPoint
 10
-1e-16
 20
0.8125
  0
ELLIPSE
  5
4C4
100
AcDbEntity
  8
0
  6
ByLayer
 62
  256
370
   -1
100
AcDbEllipse
 10
0
 20
1.4375
 30
0
 11
-0.25
 21
-5.742883382384151e-16
 31
0
 40
0.5000000000000004
 41
3.141592653589788
 42
6.283185307179581
  0
ENDBLK
  5
18A
330
188
100
AcDbEntity
  8
0
100
AcDbBlockEnd
  0
BLOCK
  5
18C
330
18B
100
AcDbEntity
  8
0
100
AcDbBlockBegin
  2
PUMP_INLINE_I
 70
    0
 10
0
 20
0
  3
PUMP_INLINE_I
  1

  0
LWPOLYLINE
  5
4C5
100
AcDbEntity
  8
0
  6
ByLayer
 62
  256
370
   -1
100
AcDbPolyline
 90
    2
 70
    0
 43
0
 10
-0.125
 20
0.0625
 10
-0.6289692704310182
 20
0.0625
  0
LWPOLYLINE
  5
4C6
100
AcDbEntity
  8
0
  6
ByLayer
 62
  256
370
   -1
100
AcDbPolyline
 90
    2
 70
    0
 43
0
 10
-0.125
 20
-0.0625
 10
-0.6289692704310182
 20
-0.0625
  0
ELLIPSE
  5
4C7
100
AcDbEntity
  8
0
  6
ByLayer
 62
  256
370
   -1
100
AcDbEllipse
 10
-1.25
 20
0
 30
0
 11
0
 21
-0.25
 31
0
 40
0.5
 41
3.141592653589793
 42
6.283185307179586
  0
ELLIPSE
  5
4C8
100
AcDbEntity
  8
0
  6
ByLayer
 62
  256
370
   -1
100
AcDbEllipse
 10
-0.75
 20
0
 30
0
 11
0
 21
-0.25
 31
0
 40
0.5
 41
0
 42
3.141592653589793
  0
LWPOLYLINE
  5
4C9
100
AcDbEntity
  8
0
  6
ByLayer
 62
  256
370
   -1
100
AcDbPolyline
 90
    4
 70
    1
 43
0
 10
-0.75
 20
-0.25
 10
-1.25
 20
-0.25
 10
-1.25
 20
0.25
 10
-0.75
 20
0.25
  0
LWPOLYLINE
  5
4CA
100
AcDbEntity
  8
0
  6
ByLayer
 62
  256
370
   -1
100
AcDbPolyline
 90
    4
 70
    0
 43
0
 10
0.125
 20
0.125
 10
0.25
 20
0.125
 10
0.25
 20
-0.125
 10
0.125
 20
-0.125
  0
LWPOLYLINE
  5
4CB
100
AcDbEntity
  8
0
  6
ByLayer
 62
  256
370
   -1
100
AcDbPolyline
 90
    5
 70
    0
 43
0
 10
-0.125
 20
-0.25
 10
-0.125
 20
0.25
 42
-0.9999999999999999
 10
0.125
 20
0.25
 10
0.125
 20
-0.25
 42
-0.9999999999999999
 10
-0.125
 20
-0.25
 42
-0.9999999999999999
  0
LINE
  5
4CC
100
AcDbEntity
  8
0
  6
ByLayer
 62
  256
370
   -1
100
AcDbLine
 10
-0.0625
 20
-0.5
 11
-0.0625
 21
-0.3582531754730549
  0
LINE
  5
4CD
100
AcDbEntity
  8
0
  6
ByLayer
 62
  256
370
   -1
100
AcDbLine
 10
0.0625
 20
-0.5
 11
0.0625
 21
-0.3582531754730549
  0
LWPOLYLINE
  5
4CE
100
AcDbEntity
  8
0
  6
ByLayer
 62
  256
370
   -1
100
AcDbPolyline
 90
    2
 70
    0
 43
0
 10
-0.125
 20
-0.5
 10
0.125
 20
-0.5
  0
POINT
  5
4CF
100
AcDbEntity
  8
0
  6
ByLayer
 62
  256
370
   -1
100
AcDbPoint
 10
-0.25
 20
0
  0
LINE
  5
4D0
100
AcDbEntity
  8
0
  6
ByLayer
 62
  256
370
   -1
100
AcDbLine
 10
0.0625
 20
0.5
 11
0.0625
 21
0.3582531754730549
  0
LINE
  5
4D1
100
AcDbEntity
  8
0
  6
ByLayer
 62
  256
370
   -1
100
AcDbLine
 10
-0.0625
 20
0.5
 11
-0.0625
 21
0.3582531754730549
  0
LWPOLYLINE
  5
4D2
100
AcDbEntity
  8
0
  6
ByLayer
 62
  256
370
   -1
100
AcDbPolyline
 90
    2
 70
    0
 43
0
 10
-0.125
 20
0.5
 10
0.125
 20
0.5
  0
ENDBLK
  5
18D
330
18B
100
AcDbEntity
  8
0
100
AcDbBlockEnd
  0
BLOCK
  5
18F
330
18E
100
AcDbEntity
  8
0
100
AcDbBlockBegin
  2
PUMP_ROTARY_I
 70
    0
 10
0
 20
0
  3
PUMP_ROTARY_I
  1

  0
LWPOLYLINE
  5
4D3
100
AcDbEntity
  8
0
  6
ByLayer
 62
  256
370
   -1
100
AcDbPolyline
 90
    6
 70
    0
 43
0
 10
-0.2235438286631182
 20
-0.2994292484859721
 10
-0.3125
 20
-0.375
 10
-0.3125
 20
-0.5625
 10
0.3125
 20
-0.5625
 10
0.3125
 20
-0.375
 10
0.2235438286631181
 20
-0.2994292484859721
  0
CIRCLE
  5
4D4
100
AcDbEntity
  8
0
  6
ByLayer
 62
  256
370
   -1
100
AcDbCircle
 10
0
 20
-0.1875
 40
0.1875
  0
CIRCLE
  5
4D5
100
AcDbEntity
  8
0
  6
ByLayer
 62
  256
370
   -1
100
AcDbCircle
 10
0
 20
0.1875
 40
0.1875
  0
LWPOLYLINE
  5
4D6
100
AcDbEntity
  8
0
  6
ByLayer
 62
  256
370
   -1
100
AcDbPolyline
 90
    5
 70
    0
 43
0
 10
-0.25
 20
-0.1875
 10
-0.25
 20
0.1875
 42
-0.9999999999999999
 10
0.25
 20
0.1875
 10
0.25
 20
-0.1875
 42
-0.9999999999999999
 10
-0.25
 20
-0.1875
 42
-0.9999999999999999
  0
LWPOLYLINE
  5
4D7
100
AcDbEntity
  8
0
  6
ByLayer
 62
  256
370
   -1
100
AcDbPolyline
 90
    4
 70
    0
 43
0
 10
-0.25
 20
0.0625
 10
-0.3125
 20
0.0625
 10
-0.3125
 20
-0.0625
 10
-0.25
 20
-0.0625
  0
LWPOLYLINE
  5
4D8
100
AcDbEntity
  8
0
  6
ByLayer
 62
  256
370
   -1
100
AcDbPolyline
 90
    4
 70
    0
 43
0
 10
0.25
 20
-0.0625
 10
0.3125
 20
-0.0625
 10
0.3125
 20
0.0625
 10
0.25
 20
0.0625
  0
ENDBLK
  5
190
330
18E
100
AcDbEntity
  8
0
100
AcDbBlockEnd
  0
BLOCK
  5
192
330
191
100
AcDbEntity
  8
0
100
AcDbBlockBegin
  2
PUMP_VACUUM_I
 70
    0
 10
0
 20
0
  3
PUMP_VACUUM_I
  1

  0
LWPOLYLINE
  5
4D9
100
AcDbEntity
  8
0
  6
ByLayer
 62
  256
370
   -1
100
AcDbPolyline
 90
    6
 70
    0
 43
0
 10
-0.2235438286631182
 20
-0.25
 10
-0.3125
 20
-0.375
 10
-0.3125
 20
-0.5625
 10
0.3125
 20
-0.5625
 10
0.3125
 20
-0.375
 10
0.2235438286631181
 20
-0.25
  0
CIRCLE
  5
4DA
100
AcDbEntity
  8
0
  6
ByLayer
 62
  256
370
   -1
100
AcDbCircle
 10
-0.1875
 20
0
 40
0.1875
  0
LWPOLYLINE
  5
4DB
100
AcDbEntity
  8
0
  6
ByLayer
 62
  256
370
   -1
100
AcDbPolyline
 90
    5
 70
    0
 43
0
 10
-0.1874999999999999
 20
0.2500000000000001
 10
0.1875000000000001
 20
0.25
 42
-0.9999999999999999
 10
0.1874999999999999
 20
-0.2500000000000001
 10
-0.1875000000000001
 20
-0.25
 42
-1
 10
-0.1874999999999999
 20
0.2500000000000001
 42
-1
  0
LWPOLYLINE
  5
4DC
100
AcDbEntity
  8
0
  6
ByLayer
 62
  256
370
   -1
100
AcDbPolyline
 90
    4
 70
    0
 43
0
 10
-0.4040063509461097
 20
-0.125
 10
-0.5
 20
-0.125
 10
-0.5
 20
0.125
 10
-0.4040063509461098
 20
0.125
  0
LWPOLYLINE
  5
4DD
100
AcDbEntity
  8
0
  6
ByLayer
 62
  256
370
   -1
100
AcDbPolyline
 90
    4
 70
    0
 43
0
 10
0.4040063509461098
 20
0.125
 10
0.5
 20
0.125
 10
0.5
 20
-0.125
 10
0.4040063509461098
 20
-0.125
  0
CIRCLE
  5
4DE
100
AcDbEntity
  8
0
  6
ByLayer
 62
  256
370
   -1
100
AcDbCircle
 10
0.1875
 20
0
 40
0.1875
  0
ENDBLK
  5
193
330
191
100
AcDbEntity
  8
0
100
AcDbBlockEnd
  0
BLOCK
  5
195
330
194
100
AcDbEntity
  8
0
100
AcDbBlockBegin
  2
PUMP_TURBINE_I
 70
    0
 10
0
 20
0
  3
PUMP_TURBINE_I
  1

  0
LWPOLYLINE
  5
4DF
100
AcDbEntity
  8
0
  6
ByLayer
 62
  256
370
   -1
100
AcDbPolyline
 90
    2
 70
    0
 43
0
 10
-0.125
 20
0.0625
 10
-0.6249999999999999
 20
0.0625
  0
LWPOLYLINE
  5
4E0
100
AcDbEntity
  8
0
  6
ByLayer
 62
  256
370
   -1
100
AcDbPolyline
 90
    2
 70
    0
 43
0
 10
-0.125
 20
-0.0625
 10
-0.6249999999999999
 20
-0.0625
  0
LWPOLYLINE
  5
4E1
100
AcDbEntity
  8
0
  6
ByLayer
 62
  256
370
   -1
100
AcDbPolyline
 90
    4
 70
    1
 43
0
 10
0.125
 20
-0.4375
 10
-1.375
 20
-0.4375
 10
-1.375
 20
-0.5
 10
0.125
 20
-0.5
  0
LWPOLYLINE
  5
4E2
100
AcDbEntity
  8
0
  6
ByLayer
 62
  256
370
   -1
100
AcDbPolyline
 90
    5
 70
    0
 43
0
 10
-1.5
 20
-0.1875
 10
-1.5
 20
0.25
 10
-0.625
 20
0.375
 10
-0.625
 20
-0.375
 10
-1.5
 20
-0.1875
  0
LINE
  5
4E3
100
AcDbEntity
  8
0
  6
ByLayer
 62
  256
370
   -1
100
AcDbLine
 10
-0.875
 20
-0.3214285714285715
 11
-0.875
 21
-0.4375
  0
LINE
  5
4E4
100
AcDbEntity
  8
0
  6
ByLayer
 62
  256
370
   -1
100
AcDbLine
 10
-1.125
 20
-0.2678571428571428
 11
-1.125
 21
-0.4375
  0
LWPOLYLINE
  5
4E5
100
AcDbEntity
  8
0
  6
ByLayer
 62
  256
370
   -1
100
AcDbPolyline
 90
    4
 70
    0
 43
0
 10
0.125
 20
0.125
 10
0.25
 20
0.125
 10
0.25
 20
-0.125
 10
0.125
 20
-0.125
  0
LWPOLYLINE
  5
4E6
100
AcDbEntity
  8
0
  6
ByLayer
 62
  256
370
   -1
100
AcDbPolyline
 90
    5
 70
    0
 43
0
 10
-0.125
 20
-0.25
 10
-0.125
 20
0.25
 42
-0.9999999999999999
 10
0.125
 20
0.25
 10
0.125
 20
-0.25
 42
-0.9999999999999999
 10
-0.125
 20
-0.25
 42
-0.9999999999999999
  0
LINE
  5
4E7
100
AcDbEntity
  8
0
  6
ByLayer
 62
  256
370
   -1
100
AcDbLine
 10
0.0625
 20
-0.4375
 11
0.0625
 21
-0.3582531754730549
  0
LINE
  5
4E8
100
AcDbEntity
  8
0
  6
ByLayer
 62
  256
370
   -1
100
AcDbLine
 10
-0.0625
 20
-0.4375
 11
-0.0625
 21
-0.3582531754730549
  0
POINT
  5
4E9
100
AcDbEntity
  8
0
  6
ByLayer
 62
  256
370
   -1
100
AcDbPoint
 10
-0.25
 20
0
  0
LINE
  5
4EA
100
AcDbEntity
  8
0
  6
ByLayer
 62
  256
370
   -1
100
AcDbLine
 10
0.0625
 20
0.5
 11
0.0625
 21
0.3582531754730549
  0
LINE
  5
4EB
100
AcDbEntity
  8
0
  6
ByLayer
 62
  256
370
   -1
100
AcDbLine
 10
-0.0625
 20
0.5
 11
-0.0625
 21
0.3582531754730549
  0
LWPOLYLINE
  5
4EC
100
AcDbEntity
  8
0
  6
ByLayer
 62
  256
370
   -1
100
AcDbPolyline
 90
    2
 70
    0
 43
0
 10
-0.125
 20
0.5
 10
0.125
 20
0.5
  0
ENDBLK
  5
196
330
194
100
AcDbEntity
  8
0
100
AcDbBlockEnd
  0
BLOCK
  5
198
330
197
100
AcDbEntity
  8
0
100
AcDbBlockBegin
  2
LINK_TO_1
 70
    0
 10
0
 20
0
  3
LINK_TO_1
  1

  0
LWPOLYLINE
  5
4ED
100
AcDbEntity
  8
0
  6
ByLayer
 62
  256
370
   -1
100
AcDbPolyline
 90
    5
 70
    1
 43
0
 10
1
 20
0.1
 10
0.1
 20
0.1
 10
0
 20
0
 10
0.1
 20
-0.1
 10
1
 20
-0.1
  0
ENDBLK
  5
199
330
197
100
AcDbEntity
  8
0
100
AcDbBlockEnd
  0
BLOCK
  5
19B
330
19A
100
AcDbEntity
  8
0
100
AcDbBlockBegin
  2
LINK_FROM_2
 70
    0
 10
0
 20
0
  3
LINK_FROM_2
  1

  0
LWPOLYLINE
  5
4EE
100
AcDbEntity
  8
0
  6
ByLayer
 62
  256
370
   -1
100
AcDbPolyline
 90
    6
 70
    1
 43
0
 10
0
 20
-0.0999999999999996
 10
0.8999999999999995
 20
-0.0999999999999996
 10
1
 20
0
 10
0.9000000000000004
 20
0.1000000000000005
 10
0
 20
0.1000000000000005
 10
0.1000000000000005
 20
0
  0
ENDBLK
  5
19C
330
19A
100
AcDbEntity
  8
0
100
AcDbBlockEnd
  0
BLOCK
  5
19E
330
19D
100
AcDbEntity
  8
0
100
AcDbBlockBegin
  2
LINK_TO_2
 70
    0
 10
0
 20
0
  3
LINK_TO_2
  1

  0
LWPOLYLINE
  5
4EF
100
AcDbEntity
  8
0
  6
ByLayer
 62
  256
370
   -1
100
AcDbPolyline
 90
    6
 70
    1
 43
0
 10
1
 20
0.1
 10
0.1
 20
0.1
 10
0
 20
0
 10
0.1
 20
-0.1
 10
1
 20
-0.1
 10
0.9
 20
0
  0
POINT
  5
4F0
100
AcDbEntity
  8
0
  6
ByLayer
 62
  256
370
   -1
100
AcDbPoint
 10
1
 20
0
  0
ENDBLK
  5
19F
330
19D
100
AcDbEntity
  8
0
100
AcDbBlockEnd
  0
BLOCK
  5
1A1
330
1A0
100
AcDbEntity
  8
0
100
AcDbBlockBegin
  2
LINK_TO_3
 70
    0
 10
0
 20
0
  3
LINK_TO_3
  1

  0
LWPOLYLINE
  5
4F1
100
AcDbEntity
  8
0
  6
ByLayer
 62
  256
370
   -1
100
AcDbPolyline
 90
    6
 70
    0
 43
0
 10
0.1
 20
-0.1
 10
0.1
 20
-0.05
 10
1
 20
-0.05
 10
1
 20
0.05
 10
0.1
 20
0.05
 10
0.1
 20
0.1
  0
LWPOLYLINE
  5
4F2
100
AcDbEntity
  8
0
  6
ByLayer
 62
  256
370
   -1
100
AcDbPolyline
 90
    3
 70
    0
 43
0
 10
0.1
 20
0.1
 10
0
 20
0
 10
0.1
 20
-0.1000000000000001
  0
ENDBLK
  5
1A2
330
1A0
100
AcDbEntity
  8
0
100
AcDbBlockEnd
  0
BLOCK
  5
1A4
330
1A3
100
AcDbEntity
  8
0
100
AcDbBlockBegin
  2
NOZZLE_3
 70
    0
 10
0
 20
0
  3
NOZZLE_3
  1

  0
LINE
  5
4F3
100
AcDbEntity
  8
0
  6
ByLayer
 62
  256
370
   -1
100
AcDbLine
 10
1
 20
0.2
 11
0
 21
0.2
  0
LINE
  5
4F4
100
AcDbEntity
  8
0
  6
ByLayer
 62
  256
370
   -1
100
AcDbLine
 10
1
 20
-0.2
 11
0
 21
-0.2
  0
LINE
  5
4F5
100
AcDbEntity
  8
0
  6
ByLayer
 62
  256
370
   -1
100
AcDbLine
 10
1
 20
-0.3
 11
1
 21
0.3
  0
ENDBLK
  5
1A5
330
1A3
100
AcDbEntity
  8
0
100
AcDbBlockEnd
  0
BLOCK
  5
1A7
330
1A6
100
AcDbEntity
  8
0
100
AcDbBlockBegin
  2
NOZZLE_4
 70
    0
 10
0
 20
0
  3
NOZZLE_4
  1

  0
LINE
  5
4F6
100
AcDbEntity
  8
0
  6
ByLayer
 62
  256
370
   -1
100
AcDbLine
 10
0
 20
0
 11
1
 21
0
  0
LINE
  5
4F7
100
AcDbEntity
  8
0
  6
ByLayer
 62
  256
370
   -1
100
AcDbLine
 10
1
 20
-0.3
 11
1
 21
0.3
  0
ENDBLK
  5
1A8
330
1A6
100
AcDbEntity
  8
0
100
AcDbBlockEnd
  0
BLOCK
  5
1AA
330
1A9
100
AcDbEntity
  8
0
100
AcDbBlockBegin
  2
NOZZLE_6
 70
    0
 10
0
 20
0
  3
NOZZLE_6
  1

  0
LINE
  5
4F8
100
AcDbEntity
  8
0
  6
ByLayer
 62
  256
370
   -1
100
AcDbLine
 10
0.7500000000000002
 20
0
 11
0
 21
0
  0
LINE
  5
4F9
100
AcDbEntity
  8
0
  6
ByLayer
 62
  256
370
   -1
100
AcDbLine
 10
0.75
 20
-1.3
 11
0.75
 21
1.3
  0
LINE
  5
4FA
100
AcDbEntity
  8
0
  6
ByLayer
 62
  256
370
   -1
100
AcDbLine
 10
1
 20
-1.3
 11
1
 21
1.3
  0
ENDBLK
  5
1AB
330
1A9
100
AcDbEntity
  8
0
100
AcDbBlockEnd
  0
BLOCK
  5
1AD
330
1AC
100
AcDbEntity
  8
0
100
AcDbBlockBegin
  2
NOZZLE_7
 70
    0
 10
0
 20
0
  3
NOZZLE_7
  1

  0
LINE
  5
4FB
100
AcDbEntity
  8
0
  6
ByLayer
 62
  256
370
   -1
100
AcDbLine
 10
0.7500000000000002
 20
-1
 11
0
 21
-1
  0
LINE
  5
4FC
100
AcDbEntity
  8
0
  6
ByLayer
 62
  256
370
   -1
100
AcDbLine
 10
0.7500000000000002
 20
1
 11
0
 21
1
  0
LINE
  5
4FD
100
AcDbEntity
  8
0
  6
ByLayer
 62
  256
370
   -1
100
AcDbLine
 10
0.75
 20
-1.3
 11
0.75
 21
1.3
  0
LINE
  5
4FE
100
AcDbEntity
  8
0
  6
ByLayer
 62
  256
370
   -1
100
AcDbLine
 10
1
 20
-1.3
 11
1
 21
1.3
  0
ENDBLK
  5
1AE
330
1AC
100
AcDbEntity
  8
0
100
AcDbBlockEnd
  0
BLOCK
  5
1B0
330
1AF
100
AcDbEntity
  8
0
100
AcDbBlockBegin
  2
SPEC_BREAK_DOWN
 70
    0
 10
0
 20
0
  3
SPEC_BREAK_DOWN
  1

  0
LWPOLYLINE
  5
4FF
100
AcDbEntity
  8
0
  6
ByLayer
 62
  256
370
   -1
100
AcDbPolyline
 90
    5
 70
    0
 43
0
 10
-0.5
 20
-0.4
 10
-0.1
 20
-0.4
 10
0
 20
-0.4
 10
0.1
 20
-0.4
 10
0.5
 20
-0.4
  0
LINE
  5
500
100
AcDbEntity
  8
0
  6
ByLayer
 62
  256
370
   -1
100
AcDbLine
 10
0
 20
-0.5
 11
0
 21
0
  0
ENDBLK
  5
1B1
330
1AF
100
AcDbEntity
  8
0
100
AcDbBlockEnd
  0
BLOCK
  5
1B3
330
1B2
100
AcDbEntity
  8
0
100
AcDbBlockBegin
  2
ELECT_MOTOR
 70
    0
 10
0
 20
0
  3
ELECT_MOTOR
  1

  0
LWPOLYLINE
  5
501
100
AcDbEntity
  8
0
  6
ByLayer
 62
  256
370
   -1
100
AcDbPolyline
 90
    4
 70
    1
 43
0
 10
-0.5
 20
-0.5
 10
0.5
 20
-0.5
 10
0.5
 20
0.5
 10
-0.5
 20
0.5
  0
ELLIPSE
  5
502
100
AcDbEntity
  8
0
  6
ByLayer
 62
  256
370
   -1
100
AcDbEllipse
 10
-0.5
 20
0
 30
0
 11
0
 21
0.5
 31
0
 40
0.5
 41
0
 42
3.141592653589793
  0
ELLIPSE
  5
503
100
AcDbEntity
  8
0
  6
ByLayer
 62
  256
370
   -1
100
AcDbEllipse
 10
0.5
 20
0
 30
0
 11
0
 21
0.5
 31
0
 40
0.5
 41
3.141592653589793
 42
6.283185307179586
  0
ENDBLK
  5
1B4
330
1B2
100
AcDbEntity
  8
0
100
AcDbBlockEnd
  0
BLOCK
  5
1B6
330
1B5
100
AcDbEntity
  8
0
100
AcDbBlockBegin
  2
ELECT_DRIVE
 70
    0
 10
0
 20
0
  3
ELECT_DRIVE
  1

  0
HATCH
  5
504
100
AcDbEntity
  8
0
  6
CONTINUOUS
 62
  256
370
   -1
100
AcDbHatch
 10
0
 20
0
 30
0
210
0
220
0
230
1
  2
ANSI31
 70
    0
 71
    0
 91
    3
 92
    0
 93
    3
 72
    1
 10
0
 20
0.5
 11
0.4330127018922194
 21
-0.25
 72
    2
 10
2.220446049250313e-16
 20
-1.387778780781446e-16
 40
0.4999999999999998
 50
330.0000000000001
 51
2.544443745170813e-14
 73
    1
 72
    2
 10
-5.551115123125783e-17
 20
5.551115123125783e-17
 40
0.5
 50
0
 51
90
 73
    1
 97
    0
 92
    0
 93
    2
 72
    1
 10
0.4330127018922194
 20
-0.25
 11
-0.4330127018922193
 21
-0.25
 72
    2
 10
7.081923622059975e-17
 20
1.665334536937735e-16
 40
0.5000000000000001
 50
210
 51
330
 73
    1
 97
    0
 92
    0
 93
    3
 72
    2
 10
5.551115123125783e-17
 20
-1.665334536937735e-16
 40
0.5000000000000001
 50
90.00000000000001
 51
180
 73
    1
 72
    2
 10
1.110223024625157e-16
 20
-1.387778780781446e-17
 40
0.5000000000000001
 50
180
 51
210
 73
    1
 72
    1
 10
-0.4330127018922196
 20
-0.2499999999999996
 11
0
 21
0.5
 97
    0
 75
    0
 76
    1
 52
0
 41
0.05
 77
    0
 78
    0
 98
    0
  0
LWPOLYLINE
  5
505
100
AcDbEntity
  8
0
  6
ByLayer
 62
  256
370
   -1
100
AcDbPolyline
 90
    2
 70
    0
 43
0
 10
0
 20
0.5
 10
0.4330127018922194
 20
-0.25
  0
CIRCLE
  5
506
100
AcDbEntity
  8
0
  6
ByLayer
 62
  256
370
   -1
100
AcDbCircle
 10
0
 20
0
 40
0.5
  0
LWPOLYLINE
  5
507
100
AcDbEntity
  8
0
  6
ByLayer
 62
  256
370
   -1
100
AcDbPolyline
 90
    2
 70
    0
 43
0
 10
-0.4330127018922193
 20
-0.25
 10
0.4330127018922194
 20
-0.25
  0
LWPOLYLINE
  5
508
100
AcDbEntity
  8
0
  6
ByLayer
 62
  256
370
   -1
100
AcDbPolyline
 90
    2
 70
    0
 43
0
 10
0
 20
0.5
 10
-0.4330127018922195
 20
-0.2499999999999996
  0
ENDBLK
  5
1B7
330
1B5
100
AcDbEntity
  8
0
100
AcDbBlockEnd
  0
BLOCK
  5
1B9
330
1B8
100
AcDbEntity
  8
0
100
AcDbBlockBegin
  2
AXIAL_FAN
 70
    0
 10
0
 20
0
  3
AXIAL_FAN
  1

  0
LINE
  5
509
100
AcDbEntity
  8
0
  6
ByLayer
 62
  256
370
   -1
100
AcDbLine
 10
0.625
 20
0.5
 11
-0.625
 21
0.5
  0
LINE
  5
50A
100
AcDbEntity
  8
0
  6
ByLayer
 62
  256
370
   -1
100
AcDbLine
 10
0.5
 20
-0.5
 11
0.5
 21
0.5
  0
ELLIPSE
  5
50B
100
AcDbEntity
  8
0
  6
ByLayer
 62
  256
370
   -1
100
AcDbEllipse
 10
0.1875
 20
0
 30
0
 11
-0.1875
 21
0
 31
0
 40
0.3333333333333333
 41
0
 42
6.283185307179586
  0
LINE
  5
50C
100
AcDbEntity
  8
0
  6
ByLayer
 62
  256
370
   -1
100
AcDbLine
 10
-0.5
 20
0.5
 11
-0.5
 21
-0.5
  0
ELLIPSE
  5
50D
100
AcDbEntity
  8
0
  6
ByLayer
 62
  256
370
   -1
100
AcDbEllipse
 10
-0.1875
 20
0
 30
0
 11
-0.1875
 21
0
 31
0
 40
0.3333333333333333
 41
0
 42
6.283185307179586
  0
LINE
  5
50E
100
AcDbEntity
  8
0
  6
ByLayer
 62
  256
370
   -1
100
AcDbLine
 10
-0.625
 20
-0.5
 11
0.625
 21
-0.5
  0
ENDBLK
  5
1BA
330
1B8
100
AcDbEntity
  8
0
100
AcDbBlockEnd
  0
BLOCK
  5
1BC
330
1BB
100
AcDbEntity
  8
0
100
AcDbBlockBegin
  2
AGITATOR
 70
    0
 10
0
 20
0
  3
AGITATOR
  1

  0
ELLIPSE
  5
50F
100
AcDbEntity
  8
0
  6
ByLayer
 62
  256
370
   -1
100
AcDbEllipse
 10
0.25
 20
0
 30
0
 11
-0.25
 21
0
 31
0
 40
0.3333333333333333
 41
0
 42
6.283185307179586
  0
LINE
  5
510
100
AcDbEntity
  8
0
  6
ByLayer
 62
  256
370
   -1
100
AcDbLine
 10
0
 20
0
 11
0
 21
1
  0
ELLIPSE
  5
511
100
AcDbEntity
  8
0
  6
ByLayer
 62
  256
370
   -1
100
AcDbEllipse
 10
-0.25
 20
0
 30
0
 11
-0.25
 21
0
 31
0
 40
0.3333333333333333
 41
0
 42
6.283185307179586
  0
ENDBLK
  5
1BD
330
1BB
100
AcDbEntity
  8
0
100
AcDbBlockEnd
  0
BLOCK
  5
1BF
330
1BE
100
AcDbEntity
  8
0
100
AcDbBlockBegin
  2
DRUM
 70
    0
 10
0
 20
0
  3
DRUM
  1

  0
LWPOLYLINE
  5
512
100
AcDbEntity
  8
0
  6
ByLayer
 62
  256
370
   -1
100
AcDbPolyline
 90
    2
 70
    0
 43
0
 10
0.2824999999999999
 20
0.5
 10
-0.2825000000000002
 20
0.5
  0
LWPOLYLINE
  5
513
100
AcDbEntity
  8
0
  6
ByLayer
 62
  256
370
   -1
100
AcDbPolyline
 90
    2
 70
    0
 43
0
 10
-0.2825
 20
-0.5
 10
0.2825
 20
-0.5
  0
LWPOLYLINE
  5
514
100
AcDbEntity
  8
0
  6
ByLayer
 62
  256
370
   -1
100
AcDbPolyline
 90
    4
 70
    0
 43
0
 10
-0.3125000000000002
 20
0.5
 10
-0.75
 20
0.5
 10
-0.75
 20
-0.5
 10
-0.3125
 20
-0.5
  0
LINE
  5
515
100
AcDbEntity
  8
0
  6
ByLayer
 62
  256
370
   -1
100
AcDbLine
 10
-0.2825
 20
0.5
 11
-0.2825
 21
-0.5
  0
LINE
  5
516
100
AcDbEntity
  8
0
  6
ByLayer
 62
  256
370
   -1
100
AcDbLine
 10
-0.3125
 20
0.5
 11
-0.3125
 21
-0.5
  0
ARC
  5
517
100
AcDbEntity
  8
0
  6
ByLayer
 62
  256
370
   -1
100
AcDbCircle
 10
-0.2975000000000002
 20
-0.5
 40
0.015
100
AcDbArc
 50
180
 51
0
  0
ARC
  5
518
100
AcDbEntity
  8
0
  6
ByLayer
 62
  256
370
   -1
100
AcDbCircle
 10
-0.2975000000000002
 20
0.5
 40
0.015
100
AcDbArc
 50
0
 51
180
  0
LINE
  5
519
100
AcDbEntity
  8
0
  6
ByLayer
 62
  256
370
   -1
100
AcDbLine
 10
0.3125
 20
0.5
 11
0.3125
 21
-0.5
  0
LINE
  5
51A
100
AcDbEntity
  8
0
  6
ByLayer
 62
  256
370
   -1
100
AcDbLine
 10
0.2825
 20
0.5
 11
0.2825
 21
-0.5
  0
LWPOLYLINE
  5
51B
100
AcDbEntity
  8
0
  6
ByLayer
 62
  256
370
   -1
100
AcDbPolyline
 90
    4
 70
    0
 43
0
 10
0.3125
 20
-0.5
 10
0.75
 20
-0.5
 10
0.75
 20
0.5
 10
0.3125000000000002
 20
0.5
  0
ARC
  5
51C
100
AcDbEntity
  8
0
  6
ByLayer
 62
  256
370
   -1
100
AcDbCircle
 10
0.2975000000000002
 20
-0.5
 40
0.015
100
AcDbArc
 50
180
 51
7.000000000000001e-15
  0
ARC
  5
51D
100
AcDbEntity
  8
0
  6
ByLayer
 62
  256
370
   -1
100
AcDbCircle
 10
0.2975000000000002
 20
0.5
 40
0.015
100
AcDbArc
 50
7.000000000000001e-15
 51
180
  0
ENDBLK
  5
1C0
330
1BE
100
AcDbEntity
  8
0
100
AcDbBlockEnd
  0
BLOCK
  5
1C2
330
1C1
100
AcDbEntity
  8
0
100
AcDbBlockBegin
  2
TRUCK
 70
    0
 10
0
 20
0
  3
TRUCK
  1

  0
LWPOLYLINE
  5
51E
100
AcDbEntity
  8
0
  6
ByLayer
 62
  256
370
   -1
100
AcDbPolyline
 90
    4
 70
    1
 43
0
 10
-0.5
 20
0.375
 10
0.5
 20
0.375
 10
0.5
 20
0.25
 10
-0.5
 20
0.25
  0
CIRCLE
  5
51F
100
AcDbEntity
  8
0
  6
ByLayer
 62
  256
370
   -1
100
AcDbCircle
 10
0
 20
0.6875
 40
0.3125
  0
LWPOLYLINE
  5
520
100
AcDbEntity
  8
0
  6
ByLayer
 62
  256
370
   -1
100
AcDbPolyline
 90
    6
 70
    1
 43
0
 10
-0.3125
 20
0
 10
-0.3125
 20
1.387778780781446e-17
 42
0.414213562373095
 10
-0.25
 20
0.06250000000000003
 10
-0.25
 20
0.25
 10
-0.375
 20
0.25
 10
-0.375
 20
0.06250000000000003
 42
0.414213562373095
  0
LWPOLYLINE
  5
521
100
AcDbEntity
  8
0
  6
ByLayer
 62
  256
370
   -1
100
AcDbPolyline
 90
    6
 70
    1
 43
0
 10
-0.4375
 20
0
 10
-0.4375
 20
1.387778780781446e-17
 42
0.414213562373095
 10
-0.375
 20
0.06250000000000003
 10
-0.375
 20
0.25
 10
-0.5
 20
0.25
 10
-0.5
 20
0.06250000000000003
 42
0.414213562373095
  0
LWPOLYLINE
  5
522
100
AcDbEntity
  8
0
  6
ByLayer
 62
  256
370
   -1
100
AcDbPolyline
 90
    6
 70
    1
 43
0
 10
0.3125
 20
0
 10
0.3125
 20
1.387778780781446e-17
 42
0.414213562373095
 10
0.375
 20
0.06250000000000003
 10
0.375
 20
0.25
 10
0.25
 20
0.25
 10
0.25
 20
0.06250000000000003
 42
0.414213562373095
  0
LWPOLYLINE
  5
523
100
AcDbEntity
  8
0
  6
ByLayer
 62
  256
370
   -1
100
AcDbPolyline
 90
    6
 70
    1
 43
0
 10
0.4375
 20
0
 10
0.4375
 20
1.387778780781446e-17
 42
0.414213562373095
 10
0.5
 20
0.06250000000000003
 10
0.5
 20
0.25
 10
0.375
 20
0.25
 10
0.375
 20
0.06250000000000003
 42
0.414213562373095
  0
ENDBLK
  5
1C3
330
1C1
100
AcDbEntity
  8
0
100
AcDbBlockEnd
  0
BLOCK
  5
1C5
330
1C4
100
AcDbEntity
  8
0
100
AcDbBlockBegin
  2
RAILCAR
 70
    0
 10
0
 20
0
  3
RAILCAR
  1

  0
LWPOLYLINE
  5
524
100
AcDbEntity
  8
0
  6
ByLayer
 62
  256
370
   -1
100
AcDbPolyline
 90
    2
 70
    0
 43
0
 10
-0.3125
 20
0.125
 10
0.3125
 20
0.125
  0
LWPOLYLINE
  5
525
100
AcDbEntity
  8
0
  6
ByLayer
 62
  256
370
   -1
100
AcDbPolyline
 90
    6
 70
    0
 43
0
 10
-0.2795084971874737
 20
0.375
 10
-0.5
 20
0.375
 10
-0.5
 20
0.25
 10
0.5
 20
0.25
 10
0.5
 20
0.375
 10
0.2795084971874737
 20
0.375
  0
CIRCLE
  5
526
100
AcDbEntity
  8
0
  6
ByLayer
 62
  256
370
   -1
100
AcDbCircle
 10
0
 20
0.625
 40
0.375
  0
LWPOLYLINE
  5
527
100
AcDbEntity
  8
0
  6
ByLayer
 62
  256
370
   -1
100
AcDbPolyline
 90
    6
 70
    1
 43
0
 10
-0.375
 20
0
 10
-0.3525
 20
0
 10
-0.3125
 20
0.08
 10
-0.3125
 20
0.17
 10
-0.3525
 20
0.25
 10
-0.375
 20
0.25
  0
LWPOLYLINE
  5
528
100
AcDbEntity
  8
0
  6
ByLayer
 62
  256
370
   -1
100
AcDbPolyline
 90
    6
 70
    1
 43
0
 10
0.375
 20
0
 10
0.3525
 20
0
 10
0.3125
 20
0.08
 10
0.3125
 20
0.17
 10
0.3525
 20
0.25
 10
0.375
 20
0.25
  0
ENDBLK
  5
1C6
330
1C4
100
AcDbEntity
  8
0
100
AcDbBlockEnd
  0
BLOCK
  5
1C8
330
1C7
100
AcDbEntity
  8
0
100
AcDbBlockBegin
  2
CONVEYOR
 70
    0
 10
0
 20
0
  3
CONVEYOR
  1

  0
CIRCLE
  5
529
100
AcDbEntity
  8
0
  6
ByLayer
 62
  256
370
   -1
100
AcDbCircle
 10
0
 20
0.125
 40
0.125
  0
LWPOLYLINE
  5
52A
100
AcDbEntity
  8
0
  6
ByLayer
 62
  256
370
   -1
100
AcDbPolyline
 90
    2
 70
    0
 43
0
 10
-0.8749999999999742
 20
0
 10
0.8750000000000258
 20
0
  0
LWPOLYLINE
  5
52B
100
AcDbEntity
  8
0
  6
ByLayer
 62
  256
370
   -1
100
AcDbPolyline
 90
    2
 70
    0
 43
0
 10
0.8749999999999742
 20
0.25
 10
-0.8750000000000259
 20
0.25
  0
CIRCLE
  5
52C
100
AcDbEntity
  8
0
  6
ByLayer
 62
  256
370
   -1
100
AcDbCircle
 10
-0.875
 20
0.125
 40
0.125
  0
CIRCLE
  5
52D
100
AcDbEntity
  8
0
  6
ByLayer
 62
  256
370
   -1
100
AcDbCircle
 10
0.875
 20
0.125
 40
0.125
  0
ENDBLK
  5
1C9
330
1C7
100
AcDbEntity
  8
0
100
AcDbBlockEnd
  0
BLOCK
  5
1CB
330
1CA
100
AcDbEntity
  8
0
100
AcDbBlockBegin
  2
SCREW
 70
    0
 10
0
 20
0
  3
SCREW
  1

  0
LWPOLYLINE
  5
52E
100
AcDbEntity
  8
0
  6
ByLayer
 62
  256
370
   -1
100
AcDbPolyline
 90
   10
 70
    0
 43
0
 10
1
 20
0.125
 10
0.875
 20
0.125
 10
0.75
 20
0.25
 10
0.5
 20
0
 10
0.25
 20
0.25
 10
0
 20
0
 10
-0.25
 20
0.25
 10
-0.5
 20
0
 10
-0.75
 20
0.25
 10
-1
 20
0
  0
LWPOLYLINE
  5
52F
100
AcDbEntity
  8
0
  6
ByLayer
 62
  256
370
   -1
100
AcDbPolyline
 90
    4
 70
    1
 43
0
 10
-1
 20
0
 10
1
 20
0
 10
1
 20
0.25
 10
-1
 20
0.25
  0
ELLIPSE
  5
530
100
AcDbEntity
  8
0
  6
ByLayer
 62
  256
370
   -1
100
AcDbEllipse
 10
1.310416616950112
 20
0.125
 30
0
 11
-5.372042757923704e-17
 21
-0.125
 31
0
 40
0.5166670643991012
 41
0
 42
3.141592653589792
  0
ELLIPSE
  5
531
100
AcDbEntity
  8
0
  6
ByLayer
 62
  256
370
   -1
100
AcDbEllipse
 10
1.125
 20
0.125
 30
0
 11
0
 21
-0.125
 31
0
 40
0.5166670643991012
 41
3.141592653589793
 42
6.283185307179586
  0
LWPOLYLINE
  5
532
100
AcDbEntity
  8
0
  6
ByLayer
 62
  256
370
   -1
100
AcDbPolyline
 90
    4
 70
    1
 43
0
 10
1.125
 20
0
 10
1.310416616950112
 20
0
 10
1.310416616950112
 20
0.25
 10
1.125
 20
0.25
  0
LWPOLYLINE
  5
533
100
AcDbEntity
  8
0
  6
ByLayer
 62
  256
370
   -1
100
AcDbPolyline
 90
    2
 70
    0
 43
0
 10
1
 20
0.125
 10
1.060416616950112
 20
0.125
  0
ENDBLK
  5
1CC
330
1CA
100
AcDbEntity
  8
0
100
AcDbBlockEnd
  0
BLOCK
  5
1CE
330
1CD
100
AcDbEntity
  8
0
100
AcDbBlockBegin
  2
Y_TRAP
 70
    0
 10
0
 20
0
  3
Y_TRAP
  1

  0
LWPOLYLINE
  5
534
100
AcDbEntity
  8
0
  6
ByLayer
 62
  256
370
   -1
100
AcDbPolyline
 90
    3
 70
    0
 43
0
 10
0
 20
0
 10
0
 20
0.25
 10
0.25
 20
0.5
  0
LWPOLYLINE
  5
535
100
AcDbEntity
  8
0
  6
ByLayer
 62
  256
370
   -1
100
AcDbPolyline
 90
    2
 70
    0
 43
0
 10
0
 20
0.25
 10
-0.25
 20
0.5
  0
ENDBLK
  5
1CF
330
1CD
100
AcDbEntity
  8
0
100
AcDbBlockEnd
  0
BLOCK
  5
1D1
330
1D0
100
AcDbEntity
  8
0
100
AcDbBlockBegin
  2
P_TRAP
 70
    0
 10
0
 20
0
  3
P_TRAP
  1

  0
LWPOLYLINE
  5
536
100
AcDbEntity
  8
0
  6
ByLayer
 62
  256
370
   -1
100
AcDbPolyline
 90
    5
 70
    0
 43
0
 10
0
 20
0
 10
0
 20
-0.375
 42
0.9999999999999999
 10
0.1875
 20
-0.375
 42
-0.9999999999999999
 10
0.375
 20
-0.375
 10
0.375
 20
-0.8125
  0
ENDBLK
  5
1D2
330
1D0
100
AcDbEntity
  8
0
100
AcDbBlockEnd
  0
BLOCK
  5
1D4
330
1D3
100
AcDbEntity
  8
0
100
AcDbBlockBegin
  2
DISTILLATION_COLUMN
 70
    0
 10
0
 20
0
  3
DISTILLATION_COLUMN
  1

  0
LWPOLYLINE
  5
537
100
AcDbEntity
  8
EQUIP
  6
ByLayer
 62
  256
370
   -1
100
AcDbPolyline
 90
    4
 70
    1
 43
0
 10
-0.8669728251938125
 20
33.37062527180226
 10
0.1330271748061875
 20
33.37062527180226
 10
0.1330271748061875
 20
37.12062527180226
 10
-0.8669728251938125
 20
37.12062527180226
  0
ELLIPSE
  5
538
100
AcDbEntity
  8
EQUIP
  6
ByLayer
 62
  256
370
   -1
100
AcDbEllipse
 10
-0.3669728251938125
 20
37.12062527180226
 30
0
 11
-0.5
 21
0
 31
0
 40
1
 41
3.141592653589793
 42
6.283185307179586
  0
ELLIPSE
  5
539
100
AcDbEntity
  8
EQUIP
  6
ByLayer
 62
  256
370
   -1
100
AcDbEllipse
 10
-0.3669728251938125
 20
33.37062527180226
 30
0
 11
0
 21
-0.5
 31
0
 40
1
 41
4.71238898038469
 42
7.853981633974483
  0
ENDBLK
  5
1D5
330
1D3
100
AcDbEntity
  8
0
100
AcDbBlockEnd
  0
BLOCK
  5
1D7
330
1D6
100
AcDbEntity
  8
0
100
AcDbBlockBegin
  2
8_primary-inaccessible-plc
 70
    0
 10
0
 20
0
  3
8_primary-inaccessible-plc
  1

  0
LINE
  5
53A
100
AcDbEntity
  8
DEFAULT_255_2_778
  6
ByLayer
 62
  256
370
   -1
100
AcDbLine
 10
0.1093746811023622
 20
0.4114599645669291
 11
0.6302093267716535
 21
0.4114599645669291
  0
LINE
  5
53B
100
AcDbEntity
  8
DEFAULT_255_2_778
  6
ByLayer
 62
  256
370
   -1
100
AcDbLine
 10
0.6302093267716535
 20
0.4114599645669291
 11
0.6302093267716535
 21
-0.1093746811023622
  0
LINE
  5
53C
100
AcDbEntity
  8
DEFAULT_255_2_778
  6
ByLayer
 62
  256
370
   -1
100
AcDbLine
 10
0.6302093267716535
 20
-0.1093746811023622
 11
0.1093746811023622
 21
-0.1093746811023622
  0
LINE
  5
53D
100
AcDbEntity
  8
DEFAULT_255_2_778
  6
ByLayer
 62
  256
370
   -1
100
AcDbLine
 10
0.1093746811023622
 20
-0.1093746811023622
 11
0.1093746811023622
 21
0.4114599645669291
  0
LINE
  5
53E
100
AcDbEntity
  8
DEFAULT_255_2_778
  6
ByLayer
 62
  256
370
   -1
100
AcDbLine
 10
0.3697916692913386
 20
0.4114602992125984
 11
0.1093743464566929
 21
0.1510429763779527
  0
LINE
  5
53F
100
AcDbEntity
  8
DEFAULT_255_2_778
  6
ByLayer
 62
  256
370
   -1
100
AcDbLine
 10
0.1093746811023622
 20
0.1510429763779527
 11
0.3697920039370078
 21
-0.1093743464566929
  0
LINE
  5
540
100
AcDbEntity
  8
DEFAULT_255_2_778
  6
ByLayer
 62
  256
370
   -1
100
AcDbLine
 10
0.3697920039370078
 20
-0.1093743464566929
 11
0.6302093267716535
 21
0.1510429763779527
  0
LINE
  5
541
100
AcDbEntity
  8
DEFAULT_255_2_778
  6
ByLayer
 62
  256
370
   -1
100
AcDbLine
 10
0.6302089921259842
 20
0.1510429763779527
 11
0.3697916692913386
 21
0.4114602992125984
  0
LINE
  5
542
100
AcDbEntity
  8
DEFAULT_255_1_542
  6
ByLayer
 62
  256
370
   -1
100
AcDbLine
 10
0.3044167086614173
 20
0.2374115905511811
 11
0.2908593622047244
 21
0.2374115905511811
  0
LINE
  5
543
100
AcDbEntity
  8
DEFAULT_255_1_542
  6
ByLayer
 62
  256
370
   -1
100
AcDbLine
 10
0.2908593622047244
 20
0.2374115905511811
 11
0.2908593622047244
 21
0.2148818897637795
  0
LINE
  5
544
100
AcDbEntity
  8
DEFAULT_255_1_542
  6
ByLayer
 62
  256
370
   -1
100
AcDbLine
 10
0.2908593622047244
 20
0.2148818897637795
 11
0.2832704094488189
 21
0.2148818897637795
  0
LINE
  5
545
100
AcDbEntity
  8
DEFAULT_255_1_542
  6
ByLayer
 62
  256
370
   -1
100
AcDbLine
 10
0.2832704094488189
 20
0.2148818897637795
 11
0.2832704094488189
 21
0.2724314409448819
  0
LINE
  5
546
100
AcDbEntity
  8
DEFAULT_255_1_542
  6
ByLayer
 62
  256
370
   -1
100
AcDbLine
 10
0.2832704094488189
 20
0.2724314409448819
 11
0.3044957598425197
 21
0.2724314409448819
  0
LINE
  5
547
100
AcDbEntity
  8
DEFAULT_255_1_542
  6
ByLayer
 62
  256
370
   -1
100
AcDbLine
 10
0.2908593622047244
 20
0.2661863661417323
 11
0.2908593622047244
 21
0.2436171377952756
  0
LINE
  5
548
100
AcDbEntity
  8
DEFAULT_255_1_542
  6
ByLayer
 62
  256
370
   -1
100
AcDbLine
 10
0.2908593622047244
 20
0.2436171377952756
 11
0.3044957598425197
 21
0.2436171377952756
  0
LINE
  5
549
100
AcDbEntity
  8
DEFAULT_255_1_542
  6
ByLayer
 62
  256
370
   -1
100
AcDbLine
 10
0.3049305433070866
 20
0.2661863661417323
 11
0.2908593622047244
 21
0.2661863661417323
  0
ARC
  5
54A
100
AcDbEntity
  8
DEFAULT_255_1_542
  6
ByLayer
 62
  256
370
   -1
100
AcDbCircle
 10
0.304703062992126
 20
0.2426135118110236
 40
0.02981864960629921
100
AcDbArc
 50
78.8379024
 51
90.3983322
  0
ARC
  5
54B
100
AcDbEntity
  8
DEFAULT_255_1_542
  6
ByLayer
 62
  256
370
   -1
100
AcDbCircle
 10
0.3067503858267717
 20
0.2525580354330709
 40
0.01966608267716535
100
AcDbArc
 50
58.9632826
 51
79.0811119
  0
ARC
  5
54C
100
AcDbEntity
  8
DEFAULT_255_1_542
  6
ByLayer
 62
  256
370
   -1
100
AcDbCircle
 10
0.3082342480314961
 20
0.2553130393700788
 40
0.01654110236220473
100
AcDbArc
 50
48.0197659
 51
58.447113
  0
ARC
  5
54D
100
AcDbEntity
  8
DEFAULT_255_1_542
  6
ByLayer
 62
  256
370
   -1
100
AcDbCircle
 10
0.3086715866141732
 20
0.2557338661417323
 40
0.01593581102362205
100
AcDbArc
 50
3.3375401
 51
48.1766223
  0
ARC
  5
54E
100
AcDbEntity
  8
DEFAULT_255_1_542
  6
ByLayer
 62
  256
370
   -1
100
AcDbCircle
 10
0.302616874015748
 20
0.2548625393700787
 40
0.02203705118110236
100
AcDbArc
 50
359.9478076
 51
4.6827734
  0
ARC
  5
54F
100
AcDbEntity
  8
DEFAULT_255_1_542
  6
ByLayer
 62
  256
370
   -1
100
AcDbCircle
 10
0.3032244921259842
 20
0.2546531771653543
 40
0.02143025590551181
100
AcDbArc
 50
346.1879214
 51
0.506085
  0
ARC
  5
550
100
AcDbEntity
  8
DEFAULT_255_1_542
  6
ByLayer
 62
  256
370
   -1
100
AcDbCircle
 10
0.3099117795275591
 20
0.2529165826771653
 40
0.01452202362204724
100
AcDbArc
 50
310.8833205
 51
346.5424876
  0
ARC
  5
551
100
AcDbEntity
  8
DEFAULT_255_1_542
  6
ByLayer
 62
  256
370
   -1
100
AcDbCircle
 10
0.3083931771653543
 20
0.254968688976378
 40
0.01706857480314961
100
AcDbArc
 50
286.6926998
 51
310.2286806
  0
ARC
  5
552
100
AcDbEntity
  8
DEFAULT_255_1_542
  6
ByLayer
 62
  256
370
   -1
100
AcDbCircle
 10
0.3055923464566929
 20
0.2637780354330708
 40
0.02631163779527559
100
AcDbArc
 50
274.6849679
 51
287.0246002
  0
ARC
  5
553
100
AcDbEntity
  8
DEFAULT_255_1_542
  6
ByLayer
 62
  256
370
   -1
100
AcDbCircle
 10
0.304483748031496
 20
0.2746469724409449
 40
0.03723543700787402
100
AcDbArc
 50
269.8968424
 51
275.0191136
  0
ARC
  5
554
100
AcDbEntity
  8
DEFAULT_255_1_542
  6
ByLayer
 62
  256
370
   -1
100
AcDbCircle
 10
0.3046193858267716
 20
0.2644184291338583
 40
0.02080165354330709
100
AcDbArc
 50
269.6594817
 51
279.4149781
  0
ARC
  5
555
100
AcDbEntity
  8
DEFAULT_255_1_542
  6
ByLayer
 62
  256
370
   -1
100
AcDbCircle
 10
0.3058855196850394
 20
0.2570818740157481
 40
0.01335689763779527
100
AcDbArc
 50
279.2050677
 51
294.9901195
  0
ARC
  5
556
100
AcDbEntity
  8
DEFAULT_255_1_542
  6
ByLayer
 62
  256
370
   -1
100
AcDbCircle
 10
0.307314342519685
 20
0.2538946968503937
 40
0.009864606299212597
100
AcDbArc
 50
295.2886717
 51
311.2910845
  0
ARC
  5
557
100
AcDbEntity
  8
DEFAULT_255_1_542
  6
ByLayer
 62
  256
370
   -1
100
AcDbCircle
 10
0.307663188976378
 20
0.2533766220472441
 40
0.009245488188976378
100
AcDbArc
 50
311.7853809
 51
347.2859623
  0
ARC
  5
558
100
AcDbEntity
  8
DEFAULT_255_1_542
  6
ByLayer
 62
  256
370
   -1
100
AcDbCircle
 10
0.302821251968504
 20
0.2546210748031496
 40
0.01424335433070866
100
AcDbArc
 50
346.6893825
 51
0.1057687
  0
ARC
  5
559
100
AcDbEntity
  8
DEFAULT_255_1_542
  6
ByLayer
 62
  256
370
   -1
100
AcDbCircle
 10
0.2992964527559056
 20
0.2547632637795276
 40
0.01776851181102362
100
AcDbArc
 50
359.6262822
 51
0.0004780000000000001
  0
ARC
  5
55A
100
AcDbEntity
  8
DEFAULT_255_1_542
  6
ByLayer
 62
  256
370
   -1
100
AcDbCircle
 10
0.3038803700787401
 20
0.2548859881889764
 40
0.01318515748031496
100
AcDbArc
 50
359.4673412
 51
15.59318
  0
ARC
  5
55B
100
AcDbEntity
  8
DEFAULT_255_1_542
  6
ByLayer
 62
  256
370
   -1
100
AcDbCircle
 10
0.3069558307086614
 20
0.2557169173228346
 40
0.009999574803149607
100
AcDbArc
 50
15.7441833
 51
46.6202232
  0
ARC
  5
55C
100
AcDbEntity
  8
DEFAULT_255_1_542
  6
ByLayer
 62
  256
370
   -1
100
AcDbCircle
 10
0.3062286850393701
 20
0.2548790118110236
 40
0.01110809842519685
100
AcDbArc
 50
46.8626485
 51
75.6678532
  0
ARC
  5
55D
100
AcDbEntity
  8
DEFAULT_255_1_542
  6
ByLayer
 62
  256
370
   -1
100
AcDbCircle
 10
0.3047808307086614
 20
0.2496678031496063
 40
0.01651590551181102
100
AcDbArc
 50
75.2765457
 51
88.29138519999999
  0
ARC
  5
55E
100
AcDbEntity
  8
DEFAULT_255_1_542
  6
ByLayer
 62
  256
370
   -1
100
AcDbCircle
 10
0.3044974409448819
 20
0.2454642677165354
 40
0.02072662598425197
100
AcDbArc
 50
87.8548062
 51
88.8026665
  0
LINE
  5
55F
100
AcDbEntity
  8
DEFAULT_255_1_542
  6
ByLayer
 62
  256
370
   -1
100
AcDbLine
 10
0.3419662086614174
 20
0.2724314409448819
 11
0.3419662086614174
 21
0.221087437007874
  0
LINE
  5
560
100
AcDbEntity
  8
DEFAULT_255_1_542
  6
ByLayer
 62
  256
370
   -1
100
AcDbLine
 10
0.3419662086614174
 20
0.221087437007874
 11
0.3692390039370079
 21
0.221087437007874
  0
LINE
  5
561
100
AcDbEntity
  8
DEFAULT_255_1_542
  6
ByLayer
 62
  256
370
   -1
100
AcDbLine
 10
0.3692390039370079
 20
0.221087437007874
 11
0.3692390039370079
 21
0.2148818897637795
  0
LINE
  5
562
100
AcDbEntity
  8
DEFAULT_255_1_542
  6
ByLayer
 62
  256
370
   -1
100
AcDbLine
 10
0.3692390039370079
 20
0.2148818897637795
 11
0.3343377322834646
 21
0.2148818897637795
  0
LINE
  5
563
100
AcDbEntity
  8
DEFAULT_255_1_542
  6
ByLayer
 62
  256
370
   -1
100
AcDbLine
 10
0.3343377322834646
 20
0.2148818897637795
 11
0.3343377322834646
 21
0.2724314409448819
  0
LINE
  5
564
100
AcDbEntity
  8
DEFAULT_255_1_542
  6
ByLayer
 62
  256
370
   -1
100
AcDbLine
 10
0.3343377322834646
 20
0.2724314409448819
 11
0.3419662086614174
 21
0.2724314409448819
  0
LINE
  5
565
100
AcDbEntity
  8
DEFAULT_255_1_542
  6
ByLayer
 62
  256
370
   -1
100
AcDbLine
 10
0.4100296181102362
 20
0.2331428031496063
 11
0.4176580984251969
 21
0.2331428031496063
  0
LINE
  5
566
100
AcDbEntity
  8
DEFAULT_255_1_542
  6
ByLayer
 62
  256
370
   -1
100
AcDbLine
 10
0.37334968503937
 20
0.2409689133858268
 11
0.37334968503937
 21
0.2465025236220472
  0
LINE
  5
567
100
AcDbEntity
  8
DEFAULT_255_1_542
  6
ByLayer
 62
  256
370
   -1
100
AcDbLine
 10
0.4176580984251969
 20
0.2539333700787402
 11
0.4100296181102362
 21
0.2539333700787402
  0
LINE
  5
568
100
AcDbEntity
  8
DEFAULT_255_1_542
  6
ByLayer
 62
  256
370
   -1
100
AcDbLine
 10
0.3809781653543307
 20
0.2463048937007874
 11
0.3809781653543307
 21
0.2407317559055118
  0
ARC
  5
569
100
AcDbEntity
  8
DEFAULT_255_1_542
  6
ByLayer
 62
  256
370
   -1
100
AcDbCircle
 10
0.3906866496062992
 20
0.2360817598425197
 40
0.02713109842519685
100
AcDbArc
 50
340.1774147
 51
353.7812794
  0
ARC
  5
56A
100
AcDbEntity
  8
DEFAULT_255_1_542
  6
ByLayer
 62
  256
370
   -1
100
AcDbCircle
 10
0.3984197677165355
 20
0.2332015118110236
 40
0.01887967716535433
100
AcDbArc
 50
311.4559763
 51
340.4421016
  0
ARC
  5
56B
100
AcDbEntity
  8
DEFAULT_255_1_542
  6
ByLayer
 62
  256
370
   -1
100
AcDbCircle
 10
0.3982558228346457
 20
0.2337473818897638
 40
0.01939879133858268
100
AcDbArc
 50
282.4333213
 51
310.7514614
  0
ARC
  5
56C
100
AcDbEntity
  8
DEFAULT_255_1_542
  6
ByLayer
 62
  256
370
   -1
100
AcDbCircle
 10
0.3960941023622047
 20
0.2426798897637795
 40
0.02858784251968504
100
AcDbArc
 50
269.9358912
 51
282.8097679
  0
ARC
  5
56D
100
AcDbEntity
  8
DEFAULT_255_1_542
  6
ByLayer
 62
  256
370
   -1
100
AcDbCircle
 10
0.3958401259842519
 20
0.2496500551181102
 40
0.03555867716535433
100
AcDbArc
 50
269.9995731
 51
270.3576918
  0
ARC
  5
56E
100
AcDbEntity
  8
DEFAULT_255_1_542
  6
ByLayer
 62
  256
370
   -1
100
AcDbCircle
 10
0.3955798228346457
 20
0.2370549803149606
 40
0.02296507874015748
100
AcDbArc
 50
250.7885288
 51
270.64879
  0
ARC
  5
56F
100
AcDbEntity
  8
DEFAULT_255_1_542
  6
ByLayer
 62
  256
370
   -1
100
AcDbCircle
 10
0.3947522480314961
 20
0.2339187362204724
 40
0.01973276771653543
100
AcDbArc
 50
219.3628105
 51
250.0611223
  0
ARC
  5
570
100
AcDbEntity
  8
DEFAULT_255_1_542
  6
ByLayer
 62
  256
370
   -1
100
AcDbCircle
 10
0.3988330078740158
 20
0.2373867913385827
 40
0.02508750393700787
100
AcDbArc
 50
193.5480076
 51
219.5756006
  0
ARC
  5
571
100
AcDbEntity
  8
DEFAULT_255_1_542
  6
ByLayer
 62
  256
370
   -1
100
AcDbCircle
 10
0.410504311023622
 20
0.240417625984252
 40
0.03714465354330709
100
AcDbArc
 50
181.1219103
 51
193.8756096
  0
ARC
  5
572
100
AcDbEntity
  8
DEFAULT_255_1_542
  6
ByLayer
 62
  256
370
   -1
100
AcDbCircle
 10
0.4206913779527559
 20
0.2409624724409449
 40
0.04734169291338583
100
AcDbArc
 50
179.992207
 51
181.539793
  0
ARC
  5
573
100
AcDbEntity
  8
DEFAULT_255_1_542
  6
ByLayer
 62
  256
370
   -1
100
AcDbCircle
 10
0.4115835748031496
 20
0.2466865472440945
 40
0.03823433070866142
100
AcDbArc
 50
169.5837897
 51
180.2757729
  0
ARC
  5
574
100
AcDbEntity
  8
DEFAULT_255_1_542
  6
ByLayer
 62
  256
370
   -1
100
AcDbCircle
 10
0.4025425196850393
 20
0.2483570826771654
 40
0.02904023622047244
100
AcDbArc
 50
155.0365401
 51
169.6003724
  0
ARC
  5
575
100
AcDbEntity
  8
DEFAULT_255_1_542
  6
ByLayer
 62
  256
370
   -1
100
AcDbCircle
 10
0.3969544291338583
 20
0.2510511653543307
 40
0.02283734251968504
100
AcDbArc
 50
136.7830748
 51
155.2472741
  0
ARC
  5
576
100
AcDbEntity
  8
DEFAULT_255_1_542
  6
ByLayer
 62
  256
370
   -1
100
AcDbCircle
 10
0.3950377637795275
 20
0.2526792283464567
 40
0.02032610236220473
100
AcDbArc
 50
121.7633554
 51
136.4279411
  0
ARC
  5
577
100
AcDbEntity
  8
DEFAULT_255_1_542
  6
ByLayer
 62
  256
370
   -1
100
AcDbCircle
 10
0.3957017834645669
 20
0.2514523858267717
 40
0.02171889763779528
100
AcDbArc
 50
95.6459842
 51
121.5490041
  0
ARC
  5
578
100
AcDbEntity
  8
DEFAULT_255_1_542
  6
ByLayer
 62
  256
370
   -1
100
AcDbCircle
 10
0.396475811023622
 20
0.2459992716535433
 40
0.02722270866141732
100
AcDbArc
 50
89.92425419999999
 51
96.1380403
  0
ARC
  5
579
100
AcDbEntity
  8
DEFAULT_255_1_542
  6
ByLayer
 62
  256
370
   -1
100
AcDbCircle
 10
0.3967239448818897
 20
0.2465817598425197
 40
0.02664103937007874
100
AcDbArc
 50
76.67798190000001
 51
90.45625819999999
  0
ARC
  5
57A
100
AcDbEntity
  8
DEFAULT_255_1_542
  6
ByLayer
 62
  256
370
   -1
100
AcDbCircle
 10
0.3986610866141733
 20
0.2544095669291339
 40
0.01857769291338583
100
AcDbArc
 50
47.485792
 51
76.9287314
  0
ARC
  5
57B
100
AcDbEntity
  8
DEFAULT_255_1_542
  6
ByLayer
 62
  256
370
   -1
100
AcDbCircle
 10
0.3979375
 20
0.2539176023622047
 40
0.01943034645669291
100
AcDbArc
 50
16.5424722
 51
46.8933499
  0
ARC
  5
57C
100
AcDbEntity
  8
DEFAULT_255_1_542
  6
ByLayer
 62
  256
370
   -1
100
AcDbCircle
 10
0.3900248976377952
 20
0.2513177362204724
 40
0.02775671653543307
100
AcDbArc
 50
5.4072542
 51
17.0365088
  0
ARC
  5
57D
100
AcDbEntity
  8
DEFAULT_255_1_542
  6
ByLayer
 62
  256
370
   -1
100
AcDbCircle
 10
0.3829451496062992
 20
0.2501804842519685
 40
0.02734323622047244
100
AcDbArc
 50
7.8888078
 51
15.9240569
  0
ARC
  5
57E
100
AcDbEntity
  8
DEFAULT_255_1_542
  6
ByLayer
 62
  256
370
   -1
100
AcDbCircle
 10
0.3927221771653543
 20
0.2530194803149606
 40
0.01716253543307087
100
AcDbArc
 50
15.7651464
 51
27.9410453
  0
ARC
  5
57F
100
AcDbEntity
  8
DEFAULT_255_1_542
  6
ByLayer
 62
  256
370
   -1
100
AcDbCircle
 10
0.3981557086614174
 20
0.2559283346456693
 40
0.01099943307086614
100
AcDbArc
 50
27.8169831
 51
46.4004407
  0
ARC
  5
580
100
AcDbEntity
  8
DEFAULT_255_1_542
  6
ByLayer
 62
  256
370
   -1
100
AcDbCircle
 10
0.3984002637795276
 20
0.2559003464566929
 40
0.01085282677165354
100
AcDbArc
 50
47.4373518
 51
75.0695431
  0
ARC
  5
581
100
AcDbEntity
  8
DEFAULT_255_1_542
  6
ByLayer
 62
  256
370
   -1
100
AcDbCircle
 10
0.3968817401574803
 20
0.2506138582677165
 40
0.01635242125984252
100
AcDbArc
 50
74.7008998
 51
87.8127331
  0
ARC
  5
582
100
AcDbEntity
  8
DEFAULT_255_1_542
  6
ByLayer
 62
  256
370
   -1
100
AcDbCircle
 10
0.396520905511811
 20
0.2454211181102362
 40
0.02155576771653543
100
AcDbArc
 50
87.3811029
 51
90.0242051
  0
ARC
  5
583
100
AcDbEntity
  8
DEFAULT_255_1_542
  6
ByLayer
 62
  256
370
   -1
100
AcDbCircle
 10
0.396331657480315
 20
0.251211468503937
 40
0.01576644488188976
100
AcDbArc
 50
89.3453494
 51
108.5745375
  0
ARC
  5
584
100
AcDbEntity
  8
DEFAULT_255_1_542
  6
ByLayer
 62
  256
370
   -1
100
AcDbCircle
 10
0.3956579448818898
 20
0.2537392283464567
 40
0.01315681102362205
100
AcDbArc
 50
109.299931
 51
143.3037934
  0
ARC
  5
585
100
AcDbEntity
  8
DEFAULT_255_1_542
  6
ByLayer
 62
  256
370
   -1
100
AcDbCircle
 10
0.3994080078740158
 20
0.2508553897637795
 40
0.01788711811023622
100
AcDbArc
 50
143.0751731
 51
163.1918359
  0
ARC
  5
586
100
AcDbEntity
  8
DEFAULT_255_1_542
  6
ByLayer
 62
  256
370
   -1
100
AcDbCircle
 10
0.4090137637795276
 20
0.247824125984252
 40
0.02795931496062992
100
AcDbArc
 50
162.9375564
 51
174.6207661
  0
ARC
  5
587
100
AcDbEntity
  8
DEFAULT_255_1_542
  6
ByLayer
 62
  256
370
   -1
100
AcDbCircle
 10
0.4219381102362205
 20
0.2464071338582677
 40
0.04096006692913386
100
AcDbArc
 50
174.342223
 51
180.143018
  0
ARC
  5
588
100
AcDbEntity
  8
DEFAULT_255_1_542
  6
ByLayer
 62
  256
370
   -1
100
AcDbCircle
 10
0.4173553267716535
 20
0.2405296811023622
 40
0.03637772440944882
100
AcDbArc
 50
179.6817246
 51
189.1505457
  0
ARC
  5
589
100
AcDbEntity
  8
DEFAULT_255_1_542
  6
ByLayer
 62
  256
370
   -1
100
AcDbCircle
 10
0.4050488464566929
 20
0.2384800039370079
 40
0.02390199212598425
100
AcDbArc
 50
188.9911224
 51
203.5773021
  0
ARC
  5
58A
100
AcDbEntity
  8
DEFAULT_255_1_542
  6
ByLayer
 62
  256
370
   -1
100
AcDbCircle
 10
0.3997350511811024
 20
0.2362751377952756
 40
0.01815017716535433
100
AcDbArc
 50
203.9076169
 51
215.1314611
  0
ARC
  5
58B
100
AcDbEntity
  8
DEFAULT_255_1_542
  6
ByLayer
 62
  256
370
   -1
100
AcDbCircle
 10
0.3951937559055118
 20
0.2327554566929134
 40
0.01241357480314961
100
AcDbArc
 50
213.9073051
 51
263.8848042
  0
ARC
  5
58C
100
AcDbEntity
  8
DEFAULT_255_1_542
  6
ByLayer
 62
  256
370
   -1
100
AcDbCircle
 10
0.3958104960629921
 20
0.2366163543307087
 40
0.01631945275590551
100
AcDbArc
 50
263.1758004
 51
270.1030999
  0
ARC
  5
58D
100
AcDbEntity
  8
DEFAULT_255_1_542
  6
ByLayer
 62
  256
370
   -1
100
AcDbCircle
 10
0.3959683700787401
 20
0.2427535748031496
 40
0.02245701968503937
100
AcDbArc
 50
269.6721232
 51
279.0605848
  0
ARC
  5
58E
100
AcDbEntity
  8
DEFAULT_255_1_542
  6
ByLayer
 62
  256
370
   -1
100
AcDbCircle
 10
0.3972811811023622
 20
0.2348172834645669
 40
0.01441308661417323
100
AcDbArc
 50
278.8752106
 51
293.6347628
  0
ARC
  5
58F
100
AcDbEntity
  8
DEFAULT_255_1_542
  6
ByLayer
 62
  256
370
   -1
100
AcDbCircle
 10
0.3988572086614173
 20
0.2311161850393701
 40
0.01039068110236221
100
AcDbArc
 50
293.8551066
 51
310.052109
  0
ARC
  5
590
100
AcDbEntity
  8
DEFAULT_255_1_542
  6
ByLayer
 62
  256
370
   -1
100
AcDbCircle
 10
0.3988809724409449
 20
0.2308093897637795
 40
0.01014212992125984
100
AcDbArc
 50
311.0646631
 51
332.0109299
  0
ARC
  5
591
100
AcDbEntity
  8
DEFAULT_255_1_542
  6
ByLayer
 62
  256
370
   -1
100
AcDbCircle
 10
0.393013562992126
 20
0.2340449330708661
 40
0.01684203543307087
100
AcDbArc
 50
331.6587937
 51
343.2878571
  0
ARC
  5
592
100
AcDbEntity
  8
DEFAULT_255_1_542
  6
ByLayer
 62
  256
370
   -1
100
AcDbCircle
 10
0.3828620275590551
 20
0.2371644488188976
 40
0.02746193700787401
100
AcDbArc
 50
343.1448522
 51
351.0103991
  0
ARC
  5
593
100
AcDbEntity
  8
DEFAULT_255_1_542
  6
ByLayer
 62
  256
370
   -1
100
AcDbCircle
 10
0.3750625472440945
 20
0.2385821456692913
 40
0.0353876062992126
100
AcDbArc
 50
350.7164123
 51
351.1581547
  0
LINE
  5
594
100
AcDbEntity
  8
DEFAULT_255_2_778_10
  6
ByLayer
 62
  256
370
   -1
100
AcDbLine
 10
0.1093746811023622
 20
0.1510433070866142
 11
0.6302093267716535
 21
0.1510433070866142
  0
LINE
  5
595
100
AcDbEntity
  8
DEFAULT_255_1_696
  6
ByLayer
 62
  256
370
   -1
100
AcDbLine
 10
0.355652283464567
 20
0.08453770866141733
 11
0.355652283464567
 21
0.02092913385826772
  0
LINE
  5
596
100
AcDbEntity
  8
DEFAULT_255_1_696
  6
ByLayer
 62
  256
370
   -1
100
AcDbLine
 10
0.355652283464567
 20
0.02092913385826772
 11
0.3475653425196851
 21
0.02092913385826772
  0
LINE
  5
597
100
AcDbEntity
  8
DEFAULT_255_1_696
  6
ByLayer
 62
  256
370
   -1
100
AcDbLine
 10
0.3475653425196851
 20
0.02092913385826772
 11
0.3475653425196851
 21
0.07453772834645669
  0
LINE
  5
598
100
AcDbEntity
  8
DEFAULT_255_1_696
  6
ByLayer
 62
  256
370
   -1
100
AcDbLine
 10
0.3475653425196851
 20
0.07453772834645669
 11
0.3313479842519685
 21
0.06858121653543307
  0
LINE
  5
599
100
AcDbEntity
  8
DEFAULT_255_1_696
  6
ByLayer
 62
  256
370
   -1
100
AcDbLine
 10
0.3313479842519685
 20
0.06858121653543307
 11
0.3313479842519685
 21
0.07588555118110235
  0
LINE
  5
59A
100
AcDbEntity
  8
DEFAULT_255_1_696
  6
ByLayer
 62
  256
370
   -1
100
AcDbLine
 10
0.3313479842519685
 20
0.07588555118110235
 11
0.3543914173228347
 21
0.08453770866141733
  0
LINE
  5
59B
100
AcDbEntity
  8
DEFAULT_255_1_696
  6
ByLayer
 62
  256
370
   -1
100
AcDbLine
 10
0.3543914173228347
 20
0.08453770866141733
 11
0.355652283464567
 21
0.08453770866141733
  0
ENDBLK
  5
1D8
330
1D6
100
AcDbEntity
  8
0
100
AcDbBlockEnd
  0
ENDSEC
  0
SECTION
  2
ENTITIES
  0
LWPOLYLINE
  5
59C
100
AcDbEntity
  8
MAJOR-1
  6
CONTINUOUS
 62
  256
370
   -1
100
AcDbPolyline
 90
    2
 70
    0
 43
0
 10
39.9669727974302
 20
37.49562527180226
 10
41.5919727974302
 20
37.49562527180226
  0
TEXT
  5
59D
100
AcDbEntity
  8
TEXT
  6
ByLayer
 62
  256
370
   -1
100
AcDbText
 10
41.7169727974302
 20
37.49562527180226
 30
0
 40
0.09379999999999999
  1
MAJOR PRIMARY
 50
0
 41
0.85
 51
0
  7
STANDARD
 71
    0
210
0
220
0
230
1
100
AcDbText
  0
LWPOLYLINE
  5
59E
100
AcDbEntity
  8
MAJOR-2
  6
CONTINUOUS
 62
  256
370
   -1
100
AcDbPolyline
 90
    2
 70
    0
 43
0
 10
39.9669727974302
 20
37.12062527180226
 10
41.5919727974302
 20
37.12062527180226
  0
TEXT
  5
59F
100
AcDbEntity
  8
TEXT
  6
ByLayer
 62
  256
370
   -1
100
AcDbText
 10
41.7169727974302
 20
37.12062527180226
 30
0
 40
0.09379999999999999
  1
MAJOR SECUNDARY
 50
0
 41
0.85
 51
0
  7
STANDARD
 71
    0
210
0
220
0
230
1
100
AcDbText
  0
LWPOLYLINE
  5
5A0
100
AcDbEntity
  8
Minor-1
  6
CONTINUOUS
 62
  256
370
   -1
100
AcDbPolyline
 90
    2
 70
    0
 43
0
 10
39.9669727974302
 20
36.74562527180226
 10
41.5919727974302
 20
36.74562527180226
  0
LWPOLYLINE
  5
5A1
100
AcDbEntity
  8
Minor-2
  6
CONTINUOUS
 62
  256
370
   -1
100
AcDbPolyline
 90
    2
 70
    0
 43
0
 10
39.9669727974302
 20
36.37062527180226
 10
41.5919727974302
 20
36.37062527180226
  0
TEXT
  5
5A2
100
AcDbEntity
  8
TEXT
  6
ByLayer
 62
  256
370
   -1
100
AcDbText
 10
41.7169727974302
 20
36.37062527180226
 30
0
 40
0.09379999999999999
  1
MINOR SECUNDARY
 50
0
 41
0.85
 51
0
  7
STANDARD
 71
    0
210
0
220
0
230
1
100
AcDbText
  0
TEXT
  5
5A3
100
AcDbEntity
  8
TEXT
  6
ByLayer
 62
  256
370
   -1
100
AcDbText
 10
41.7169727974302
 20
36.74562527180226
 30
0
 40
0.09379999999999999
  1
MINOR PRIMARY
 50
0
 41
0.85
 51
0
  7
STANDARD
 71
    0
210
0
220
0
230
1
100
AcDbText
  0
LINE
  5
5A4
100
AcDbEntity
  8
0
  6
ByLayer
 62
  256
370
   -1
100
AcDbLine
 10
39.8419727974302
 20
37.74562527180226
 11
43.0919727974302
 21
37.74562527180225
  0
TEXT
  5
5A5
100
AcDbEntity
  8
TEXT
  6
ByLayer
 62
  256
370
   -1
100
AcDbText
 10
41.0919727974302
 20
37.87062527180226
 30
0
 40
0.125
  1
LINES
 50
0
 41
0.85
 51
0
  7
STANDARD
 71
    0
210
0
220
0
230
1
100
AcDbText
  0
TEXT
  5
5A6
100
AcDbEntity
  8
TEXT
  6
ByLayer
 62
  256
370
   -1
100
AcDbText
 10
41.7169727974302
 20
35.99562527180226
 30
0
 40
0.09379999999999999
  1
INSTRUMENT
 50
0
 41
0.85
 51
0
  7
STANDARD
 71
    0
210
0
220
0
230
1
100
AcDbText
  0
TEXT
  5
5A7
100
AcDbEntity
  8
TEXT
  6
ByLayer
 62
  256
370
   -1
100
AcDbText
 10
41.7169727974302
 20
35.62062527180226
 30
0
 40
0.09379999999999999
  1
PNEUMATIC
 50
0
 41
0.85
 51
0
  7
STANDARD
 71
    0
210
0
220
0
230
1
100
AcDbText
  0
TEXT
  5
5A8
100
AcDbEntity
  8
TEXT
  6
ByLayer
 62
  256
370
   -1
100
AcDbText
 10
41.7169727974302
 20
35.24562527180226
 30
0
 40
0.09379999999999999
  1
ELECTRIC
 50
0
 41
0.85
 51
0
  7
STANDARD
 71
    0
210
0
220
0
230
1
100
AcDbText
  0
TEXT
  5
5A9
100
AcDbEntity
  8
TEXT
  6
ByLayer
 62
  256
370
   -1
100
AcDbText
 10
41.7169727974302
 20
34.87062527180226
 30
0
 40
0.09379999999999999
  1
HIDRAULIC
 50
0
 41
0.85
 51
0
  7
STANDARD
 71
    0
210
0
220
0
230
1
100
AcDbText
  0
TEXT
  5
5AA
100
AcDbEntity
  8
TEXT
  6
ByLayer
 62
  256
370
   -1
100
AcDbText
 10
41.7169727974302
 20
34.49562527180226
 30
0
 40
0.09379999999999999
  1
CAPILLARY
 50
0
 41
0.85
 51
0
  7
STANDARD
 71
    0
210
0
220
0
230
1
100
AcDbText
  0
TEXT
  5
5AB
100
AcDbEntity
  8
TEXT
  6
ByLayer
 62
  256
370
   -1
100
AcDbText
 10
41.7169727974302
 20
34.12062527180226
 30
0
 40
0.09379999999999999
  1
UNDEFINED
 50
0
 41
0.85
 51
0
  7
STANDARD
 71
    0
210
0
220
0
230
1
100
AcDbText
  0
LWPOLYLINE
  5
5AC
100
AcDbEntity
  8
INST-1
  6
CONTINUOUS
 62
  256
370
   -1
100
AcDbPolyline
 90
    2
 70
    0
 43
0
 10
39.9669727974302
 20
35.99562527180226
 10
41.5919727974302
 20
35.99562527180226
  0
LWPOLYLINE
  5
5AD
100
AcDbEntity
  8
INST-1
  6
CONTINUOUS
 62
  256
370
   -1
100
AcDbPolyline
 90
    2
 70
    0
 43
0
 10
39.9669727974302
 20
35.62062527180226
 10
41.5919727974302
 20
35.62062527180226
  0
LWPOLYLINE
  5
5AE
100
AcDbEntity
  8
INST-1
  6
CONTINUOUS
 62
  256
370
   -1
100
AcDbPolyline
 90
    2
 70
    0
 43
0
 10
39.9669727974302
 20
35.24562527180226
 10
41.5919727974302
 20
35.24562527180226
  0
LWPOLYLINE
  5
5AF
100
AcDbEntity
  8
INST-1
  6
CONTINUOUS
 62
  256
370
   -1
100
AcDbPolyline
 90
    2
 70
    0
 43
0
 10
39.9669727974302
 20
34.87062527180226
 10
41.5919727974302
 20
34.87062527180226
  0
LWPOLYLINE
  5
5B0
100
AcDbEntity
  8
INST-1
  6
CONTINUOUS
 62
  256
370
   -1
100
AcDbPolyline
 90
    2
 70
    0
 43
0
 10
39.9669727974302
 20
34.49562527180226
 10
41.5919727974302
 20
34.49562527180226
  0
LWPOLYLINE
  5
5B1
100
AcDbEntity
  8
INST-1
  6
CONTINUOUS
 62
  256
370
   -1
100
AcDbPolyline
 90
    2
 70
    0
 43
0
 10
39.9669727974302
 20
34.12062527180226
 10
41.5919727974302
 20
34.12062527180226
  0
TEXT
  5
5B2
100
AcDbEntity
  8
TEXT
  6
ByLayer
 62
  256
370
   -1
100
AcDbText
 10
41.7169727974302
 20
33.74562527180226
 30
0
 40
0.09379999999999999
  1
HEAT TRACE
 50
0
 41
0.85
 51
0
  7
STANDARD
 71
    0
210
0
220
0
230
1
100
AcDbText
  0
TEXT
  5
5B3
100
AcDbEntity
  8
TEXT
  6
ByLayer
 62
  256
370
   -1
100
AcDbText
 10
41.7169727974302
 20
33.37062527180226
 30
0
 40
0.09379999999999999
  1
SONIC GUIDED
 50
0
 41
0.85
 51
0
  7
STANDARD
 71
    0
210
0
220
0
230
1
100
AcDbText
  0
TEXT
  5
5B4
100
AcDbEntity
  8
TEXT
  6
ByLayer
 62
  256
370
   -1
100
AcDbText
 10
41.7169727974302
 20
32.99562527180226
 30
0
 40
0.09379999999999999
  1
SONIC UN-GUIDED
 50
0
 41
0.85
 51
0
  7
STANDARD
 71
    0
210
0
220
0
230
1
100
AcDbText
  0
LWPOLYLINE
  5
5B5
100
AcDbEntity
  8
INST-1
  6
CONTINUOUS
 62
  256
370
   -1
100
AcDbPolyline
 90
    2
 70
    0
 43
0
 10
39.9669727974302
 20
33.74562527180226
 10
41.5919727974302
 20
33.74562527180226
  0
LWPOLYLINE
  5
5B6
100
AcDbEntity
  8
INST-1
  6
CONTINUOUS
 62
  256
370
   -1
100
AcDbPolyline
 90
    2
 70
    0
 43
0
 10
39.9669727974302
 20
33.37062527180226
 10
41.5919727974302
 20
33.37062527180226
  0
LWPOLYLINE
  5
5B7
100
AcDbEntity
  8
INST-1
  6
CONTINUOUS
 62
  256
370
   -1
100
AcDbPolyline
 90
    2
 70
    0
 43
0
 10
39.9669727974302
 20
32.99562527180226
 10
41.5919727974302
 20
32.99562527180226
  0
LWPOLYLINE
  5
5B8
100
AcDbEntity
  8
INST-1
  6
CONTINUOUS
 62
  256
370
   -1
100
AcDbPolyline
 90
    2
 70
    0
 43
0
 10
39.9669727974302
 20
32.62062527180226
 10
41.5919727974302
 20
32.62062527180226
  0
TEXT
  5
5B9
100
AcDbEntity
  8
TEXT
  6
ByLayer
 62
  256
370
   -1
100
AcDbText
 10
41.7169727974302
 20
32.62062527180226
 30
0
 40
0.09379999999999999
  1
LOGIC SYSTEM LINK
 50
0
 41
0.85
 51
0
  7
STANDARD
 71
    0
210
0
220
0
230
1
100
AcDbText
  0
LWPOLYLINE
  5
5BA
100
AcDbEntity
  8
INST-1
  6
CONTINUOUS
 62
  256
370
   -1
100
AcDbPolyline
 90
    2
 70
    0
 43
0
 10
39.9669727974302
 20
32.24562527180226
 10
41.5919727974302
 20
32.24562527180226
  0
TEXT
  5
5BB
100
AcDbEntity
  8
TEXT
  6
ByLayer
 62
  256
370
   -1
100
AcDbText
 10
41.7169727974302
 20
32.24562527180226
 30
0
 40
0.09379999999999999
  1
LOGIC MECH LINK
 50
0
 41
0.85
 51
0
  7
STANDARD
 71
    0
210
0
220
0
230
1
100
AcDbText
  0
LWPOLYLINE
  5
5BC
100
AcDbEntity
  8
INST-1
  6
CONTINUOUS
 62
  256
370
   -1
100
AcDbPolyline
 90
    2
 70
    0
 43
0
 10
39.9669727974302
 20
31.87062527180226
 10
41.5919727974302
 20
31.87062527180226
  0
LWPOLYLINE
  5
5BD
100
AcDbEntity
  8
INST-1
  6
CONTINUOUS
 62
  256
370
   -1
100
AcDbPolyline
 90
    2
 70
    0
 43
0
 10
39.9669727974302
 20
31.49562527180226
 10
41.5919727974302
 20
31.49562527180226
  0
TEXT
  5
5BE
100
AcDbEntity
  8
TEXT
  6
ByLayer
 62
  256
370
   -1
100
AcDbText
 10
41.7169727974302
 20
31.87062527180226
 30
0
 40
0.09379999999999999
  1
BINARY PNEUMATIC
 50
0
 41
0.85
 51
0
  7
STANDARD
 71
    0
210
0
220
0
230
1
100
AcDbText
  0
TEXT
  5
5BF
100
AcDbEntity
  8
TEXT
  6
ByLayer
 62
  256
370
   -1
100
AcDbText
 10
41.7169727974302
 20
31.49562527180226
 30
0
 40
0.09379999999999999
  1
BINARY ELECTRIC
 50
0
 41
0.85
 51
0
  7
STANDARD
 71
    0
210
0
220
0
230
1
100
AcDbText
  0
LWPOLYLINE
  5
5C0
100
AcDbEntity
  8
0
  6
ByLayer
 62
  256
370
   -1
100
AcDbPolyline
 90
    4
 70
    1
 43
0
 10
43.0919727974302
 20
31.24562527180226
 10
39.8419727974302
 20
31.24562527180226
 10
39.8419727974302
 20
38.12062527180226
 10
43.0919727974302
 20
38.12062527180226
  0
LWPOLYLINE
  5
5C1
100
AcDbEntity
  8
0
  6
ByLayer
 62
  256
370
   -1
100
AcDbPolyline
 90
    4
 70
    1
 43
0
 10
46.4669727974302
 20
33.12062527180226
 10
43.0919727974302
 20
33.12062527180226
 10
43.0919727974302
 20
38.12062527180226
 10
46.4669727974302
 20
38.12062527180226
  0
TEXT
  5
5C2
100
AcDbEntity
  8
TEXT
  6
ByLayer
 62
  256
370
   -1
100
AcDbText
 10
44.3419727974302
 20
33.37062527180226
 30
0
 40
0.09379999999999999
  1
CLOSED VALVE
 50
0
 41
0.85
 51
0
  7
STANDARD
 71
    0
210
0
220
0
230
1
100
AcDbText
  0
TEXT
  5
5C3
100
AcDbEntity
  8
TEXT
  6
ByLayer
 62
  256
370
   -1
100
AcDbText
 10
44.3419727974302
 20
33.74562527180226
 30
0
 40
0.09379999999999999
  1
DIAPHRAGM VALVE
 50
0
 41
0.85
 51
0
  7
STANDARD
 71
    0
210
0
220
0
230
1
100
AcDbText
  0
TEXT
  5
5C4
100
AcDbEntity
  8
TEXT
  6
ByLayer
 62
  256
370
   -1
100
AcDbText
 10
44.3419727974302
 20
34.12062527180226
 30
0
 40
0.09379999999999999
  1
QUICK VALVE
 50
0
 41
0.85
 51
0
  7
STANDARD
 71
    0
210
0
220
0
230
1
100
AcDbText
  0
TEXT
  5
5C5
100
AcDbEntity
  8
TEXT
  6
ByLayer
 62
  256
370
   -1
100
AcDbText
 10
44.3419727974302
 20
34.49562527180226
 30
0
 40
0.09379999999999999
  1
PINCH VALVE
 50
0
 41
0.85
 51
0
  7
STANDARD
 71
    0
210
0
220
0
230
1
100
AcDbText
  0
LINE
  5
5C6
100
AcDbEntity
  8
0
  6
ByLayer
 62
  256
370
   -1
100
AcDbLine
 10
43.0919727974302
 20
37.74562527180226
 11
46.4669727974302
 21
37.74562527180225
  0
TEXT
  5
5C7
100
AcDbEntity
  8
TEXT
  6
ByLayer
 62
  256
370
   -1
100
AcDbText
 10
44.3419727974302
 20
34.87062527180226
 30
0
 40
0.09379999999999999
  1
BUTTERFLY VALVE
 50
0
 41
0.85
 51
0
  7
STANDARD
 71
    0
210
0
220
0
230
1
100
AcDbText
  0
TEXT
  5
5C8
100
AcDbEntity
  8
TEXT
  6
ByLayer
 62
  256
370
   -1
100
AcDbText
 10
44.3419727974302
 20
35.62062527180226
 30
0
 40
0.09379999999999999
  1
CHECK VALVE
 50
0
 41
0.85
 51
0
  7
STANDARD
 71
    0
210
0
220
0
230
1
100
AcDbText
  0
TEXT
  5
5C9
100
AcDbEntity
  8
TEXT
  6
ByLayer
 62
  256
370
   -1
100
AcDbText
 10
44.3419727974302
 20
35.24562527180226
 30
0
 40
0.09379999999999999
  1
NEEDLE VALVE
 50
0
 41
0.85
 51
0
  7
STANDARD
 71
    0
210
0
220
0
230
1
100
AcDbText
  0
TEXT
  5
5CA
100
AcDbEntity
  8
TEXT
  6
ByLayer
 62
  256
370
   -1
100
AcDbText
 10
44.3419727974302
 20
36.37062527180226
 30
0
 40
0.09379999999999999
  1
PLUG VALVE
 50
0
 41
0.85
 51
0
  7
STANDARD
 71
    0
210
0
220
0
230
1
100
AcDbText
  0
TEXT
  5
5CB
100
AcDbEntity
  8
TEXT
  6
ByLayer
 62
  256
370
   -1
100
AcDbText
 10
44.3419727974302
 20
36.74562527180226
 30
0
 40
0.09379999999999999
  1
GLOVE VALVE
 50
0
 41
0.85
 51
0
  7
STANDARD
 71
    0
210
0
220
0
230
1
100
AcDbText
  0
TEXT
  5
5CC
100
AcDbEntity
  8
TEXT
  6
ByLayer
 62
  256
370
   -1
100
AcDbText
 10
44.3419727974302
 20
35.99562527180226
 30
0
 40
0.09379999999999999
  1
SWING VALVE
 50
0
 41
0.85
 51
0
  7
STANDARD
 71
    0
210
0
220
0
230
1
100
AcDbText
  0
TEXT
  5
5CD
100
AcDbEntity
  8
TEXT
  6
ByLayer
 62
  256
370
   -1
100
AcDbText
 10
43.7169727974302
 20
37.87062527180226
 30
0
 40
0.125
  1
REGULAR VALVES
 50
0
 41
0.85
 51
0
  7
STANDARD
 71
    0
210
0
220
0
230
1
100
AcDbText
  0
TEXT
  5
5CE
100
AcDbEntity
  8
TEXT
  6
ByLayer
 62
  256
370
   -1
100
AcDbText
 10
44.3419727974302
 20
37.12062527180226
 30
0
 40
0.09379999999999999
  1
BALL VALVE
 50
0
 41
0.85
 51
0
  7
STANDARD
 71
    0
210
0
220
0
230
1
100
AcDbText
  0
TEXT
  5
5CF
100
AcDbEntity
  8
TEXT
  6
ByLayer
 62
  256
370
   -1
100
AcDbText
 10
44.3419727974302
 20
37.49562527180226
 30
0
 40
0.09379999999999999
  1
GATE VALVE
 50
0
 41
0.85
 51
0
  7
STANDARD
 71
    0
210
0
220
0
230
1
100
AcDbText
  0
INSERT
  5
5D0
100
AcDbEntity
  8
EQUIP
  6
ByLayer
 62
  256
370
   -1
100
AcDbBlockReference
  2
VAL_GATE
 10
43.7169727974302
 20
37.49562527180226
 30
0
 41
0.25
 42
0.25
 43
0
 50
0
 70
    1
 71
    1
 44
0
 45
0
  0
LWPOLYLINE
  5
5D1
100
AcDbEntity
  8
MAJOR-1
  6
CONTINUOUS
 62
  256
370
   -1
100
AcDbPolyline
 90
    2
 70
    0
 43
0
 10
43.2169727974302
 20
37.49562527180226
 10
43.5919727974302
 20
37.49562527180226
  0
LWPOLYLINE
  5
5D2
100
AcDbEntity
  8
MAJOR-1
  6
CONTINUOUS
 62
  256
370
   -1
100
AcDbPolyline
 90
    2
 70
    0
 43
0
 10
43.8419727974302
 20
37.49562527180226
 10
44.2169727974302
 20
37.49562527180226
  0
INSERT
  5
5D3
100
AcDbEntity
  8
EQUIP
  6
ByLayer
 62
  256
370
   -1
100
AcDbBlockReference
  2
VAL_BALL
 10
43.7169727974302
 20
37.12062527180226
 30
0
 41
0.25
 42
0.25
 43
0
 50
0
 70
    1
 71
    1
 44
0
 45
0
  0
LWPOLYLINE
  5
5D4
100
AcDbEntity
  8
MAJOR-1
  6
CONTINUOUS
 62
  256
370
   -1
100
AcDbPolyline
 90
    2
 70
    0
 43
0
 10
43.2169727974302
 20
37.12062527180226
 10
43.5919727974302
 20
37.12062527180226
  0
LWPOLYLINE
  5
5D5
100
AcDbEntity
  8
MAJOR-1
  6
CONTINUOUS
 62
  256
370
   -1
100
AcDbPolyline
 90
    2
 70
    0
 43
0
 10
43.8419727974302
 20
37.12062527180226
 10
44.2169727974302
 20
37.12062527180226
  0
INSERT
  5
5D6
100
AcDbEntity
  8
EQUIP
  6
ByLayer
 62
  256
370
   -1
100
AcDbBlockReference
  2
VAL_GLOBE
 10
43.7169727974302
 20
36.74562527180226
 30
0
 41
0.25
 42
0.25
 43
0
 50
0
 70
    1
 71
    1
 44
0
 45
0
  0
LWPOLYLINE
  5
5D7
100
AcDbEntity
  8
MAJOR-1
  6
CONTINUOUS
 62
  256
370
   -1
100
AcDbPolyline
 90
    2
 70
    0
 43
0
 10
43.2169727974302
 20
36.74562527180226
 10
43.5919727974302
 20
36.74562527180226
  0
LWPOLYLINE
  5
5D8
100
AcDbEntity
  8
MAJOR-1
  6
CONTINUOUS
 62
  256
370
   -1
100
AcDbPolyline
 90
    2
 70
    0
 43
0
 10
43.8419727974302
 20
36.74562527180226
 10
44.2169727974302
 20
36.74562527180226
  0
INSERT
  5
5D9
100
AcDbEntity
  8
EQUIP
  6
ByLayer
 62
  256
370
   -1
100
AcDbBlockReference
  2
VAL_PLUG
 10
43.7169727974302
 20
36.37062527180226
 30
0
 41
0.25
 42
0.25
 43
0
 50
0
 70
    1
 71
    1
 44
0
 45
0
  0
LWPOLYLINE
  5
5DA
100
AcDbEntity
  8
MAJOR-1
  6
CONTINUOUS
 62
  256
370
   -1
100
AcDbPolyline
 90
    2
 70
    0
 43
0
 10
43.2169727974302
 20
36.37062527180226
 10
43.5919727974302
 20
36.37062527180226
  0
LWPOLYLINE
  5
5DB
100
AcDbEntity
  8
MAJOR-1
  6
CONTINUOUS
 62
  256
370
   -1
100
AcDbPolyline
 90
    2
 70
    0
 43
0
 10
43.8419727974302
 20
36.37062527180226
 10
44.2169727974302
 20
36.37062527180226
  0
INSERT
  5
5DC
100
AcDbEntity
  8
EQUIP
  6
ByLayer
 62
  256
370
   -1
100
AcDbBlockReference
  2
VAL_SWING
 10
43.7169727974302
 20
35.99562527180226
 30
0
 41
0.25
 42
0.25
 43
0
 50
0
 70
    1
 71
    1
 44
0
 45
0
  0
LWPOLYLINE
  5
5DD
100
AcDbEntity
  8
MAJOR-1
  6
CONTINUOUS
 62
  256
370
   -1
100
AcDbPolyline
 90
    2
 70
    0
 43
0
 10
43.2169727974302
 20
35.99562527180226
 10
43.5919727974302
 20
35.99562527180226
  0
LWPOLYLINE
  5
5DE
100
AcDbEntity
  8
MAJOR-1
  6
CONTINUOUS
 62
  256
370
   -1
100
AcDbPolyline
 90
    2
 70
    0
 43
0
 10
43.8419727974302
 20
35.99562527180226
 10
44.2169727974302
 20
35.99562527180226
  0
INSERT
  5
5DF
100
AcDbEntity
  8
EQUIP
  6
ByLayer
 62
  256
370
   -1
100
AcDbBlockReference
  2
VAL_CHECK
 10
43.7169727974302
 20
35.62062527180226
 30
0
 41
0.25
 42
0.25
 43
0
 50
0
 70
    1
 71
    1
 44
0
 45
0
  0
LWPOLYLINE
  5
5E0
100
AcDbEntity
  8
MAJOR-1
  6
CONTINUOUS
 62
  256
370
   -1
100
AcDbPolyline
 90
    2
 70
    0
 43
0
 10
43.2169727974302
 20
35.62062527180226
 10
43.5919727974302
 20
35.62062527180226
  0
LWPOLYLINE
  5
5E1
100
AcDbEntity
  8
MAJOR-1
  6
CONTINUOUS
 62
  256
370
   -1
100
AcDbPolyline
 90
    2
 70
    0
 43
0
 10
43.8419727974302
 20
35.62062527180226
 10
44.2169727974302
 20
35.62062527180226
  0
INSERT
  5
5E2
100
AcDbEntity
  8
EQUIP
  6
ByLayer
 62
  256
370
   -1
100
AcDbBlockReference
  2
VAL_NEEDLE
 10
43.7169727974302
 20
35.24562527180226
 30
0
 41
0.25
 42
0.25
 43
0
 50
0
 70
    1
 71
    1
 44
0
 45
0
  0
LWPOLYLINE
  5
5E3
100
AcDbEntity
  8
MAJOR-1
  6
CONTINUOUS
 62
  256
370
   -1
100
AcDbPolyline
 90
    2
 70
    0
 43
0
 10
43.2169727974302
 20
35.24562527180226
 10
43.5919727974302
 20
35.24562527180226
  0
LWPOLYLINE
  5
5E4
100
AcDbEntity
  8
MAJOR-1
  6
CONTINUOUS
 62
  256
370
   -1
100
AcDbPolyline
 90
    2
 70
    0
 43
0
 10
43.8419727974302
 20
35.24562527180226
 10
44.2169727974302
 20
35.24562527180226
  0
INSERT
  5
5E5
100
AcDbEntity
  8
EQUIP
  6
ByLayer
 62
  256
370
   -1
100
AcDbBlockReference
  2
VAL_BUTTERFLY
 10
43.7169727974302
 20
34.87062527180226
 30
0
 41
0.25
 42
0.25
 43
0
 50
0
 70
    1
 71
    1
 44
0
 45
0
  0
LWPOLYLINE
  5
5E6
100
AcDbEntity
  8
MAJOR-1
  6
CONTINUOUS
 62
  256
370
   -1
100
AcDbPolyline
 90
    2
 70
    0
 43
0
 10
43.2169727974302
 20
34.87062527180226
 10
43.5919727974302
 20
34.87062527180226
  0
LWPOLYLINE
  5
5E7
100
AcDbEntity
  8
MAJOR-1
  6
CONTINUOUS
 62
  256
370
   -1
100
AcDbPolyline
 90
    2
 70
    0
 43
0
 10
43.8419727974302
 20
34.87062527180226
 10
44.2169727974302
 20
34.87062527180226
  0
INSERT
  5
5E8
100
AcDbEntity
  8
EQUIP
  6
ByLayer
 62
  256
370
   -1
100
AcDbBlockReference
  2
VAL_PINCH
 10
43.7169727974302
 20
34.49562527180226
 30
0
 41
0.25
 42
0.25
 43
0
 50
0
 70
    1
 71
    1
 44
0
 45
0
  0
LWPOLYLINE
  5
5E9
100
AcDbEntity
  8
MAJOR-1
  6
CONTINUOUS
 62
  256
370
   -1
100
AcDbPolyline
 90
    2
 70
    0
 43
0
 10
43.2169727974302
 20
34.49562527180226
 10
43.5919727974302
 20
34.49562527180226
  0
LWPOLYLINE
  5
5EA
100
AcDbEntity
  8
MAJOR-1
  6
CONTINUOUS
 62
  256
370
   -1
100
AcDbPolyline
 90
    2
 70
    0
 43
0
 10
43.8419727974302
 20
34.49562527180226
 10
44.2169727974302
 20
34.49562527180226
  0
INSERT
  5
5EB
100
AcDbEntity
  8
EQUIP
  6
ByLayer
 62
  256
370
   -1
100
AcDbBlockReference
  2
VAL_QUICK
 10
43.7169727974302
 20
34.12062527180226
 30
0
 41
0.25
 42
0.25
 43
0
 50
0
 70
    1
 71
    1
 44
0
 45
0
  0
LWPOLYLINE
  5
5EC
100
AcDbEntity
  8
MAJOR-1
  6
CONTINUOUS
 62
  256
370
   -1
100
AcDbPolyline
 90
    2
 70
    0
 43
0
 10
43.2169727974302
 20
34.12062527180226
 10
43.5919727974302
 20
34.12062527180226
  0
LWPOLYLINE
  5
5ED
100
AcDbEntity
  8
MAJOR-1
  6
CONTINUOUS
 62
  256
370
   -1
100
AcDbPolyline
 90
    2
 70
    0
 43
0
 10
43.8419727974302
 20
34.12062527180226
 10
44.2169727974302
 20
34.12062527180226
  0
INSERT
  5
5EE
100
AcDbEntity
  8
EQUIP
  6
ByLayer
 62
  256
370
   -1
100
AcDbBlockReference
  2
VAL_DIAPHRAGM
 10
43.7169727974302
 20
33.74562527180226
 30
0
 41
0.25
 42
0.25
 43
0
 50
0
 70
    1
 71
    1
 44
0
 45
0
  0
LWPOLYLINE
  5
5EF
100
AcDbEntity
  8
MAJOR-1
  6
CONTINUOUS
 62
  256
370
   -1
100
AcDbPolyline
 90
    2
 70
    0
 43
0
 10
43.2169727974302
 20
33.74562527180226
 10
43.5919727974302
 20
33.74562527180226
  0
LWPOLYLINE
  5
5F0
100
AcDbEntity
  8
MAJOR-1
  6
CONTINUOUS
 62
  256
370
   -1
100
AcDbPolyline
 90
    2
 70
    0
 43
0
 10
43.8419727974302
 20
33.74562527180226
 10
44.2169727974302
 20
33.74562527180226
  0
INSERT
  5
5F1
100
AcDbEntity
  8
EQUIP
  6
ByLayer
 62
  256
370
   -1
100
AcDbBlockReference
  2
VAL_CLOSED
 10
43.7169727974302
 20
33.37062527180226
 30
0
 41
0.25
 42
0.25
 43
0
 50
0
 70
    1
 71
    1
 44
0
 45
0
  0
LWPOLYLINE
  5
5F2
100
AcDbEntity
  8
MAJOR-1
  6
CONTINUOUS
 62
  256
370
   -1
100
AcDbPolyline
 90
    2
 70
    0
 43
0
 10
43.2169727974302
 20
33.37062527180226
 10
43.5919727974302
 20
33.37062527180226
  0
LWPOLYLINE
  5
5F3
100
AcDbEntity
  8
MAJOR-1
  6
CONTINUOUS
 62
  256
370
   -1
100
AcDbPolyline
 90
    2
 70
    0
 43
0
 10
43.8419727974302
 20
33.37062527180226
 10
44.2169727974302
 20
33.37062527180226
  0
LWPOLYLINE
  5
5F4
100
AcDbEntity
  8
0
  6
ByLayer
 62
  256
370
   -1
100
AcDbPolyline
 90
    4
 70
    1
 43
0
 10
46.4669727974302
 20
28.12062527180226
 10
43.0919727974302
 20
28.12062527180226
 10
43.0919727974302
 20
33.12062527180226
 10
46.4669727974302
 20
33.12062527180226
  0
TEXT
  5
5F5
100
AcDbEntity
  8
TEXT
  6
ByLayer
 62
  256
370
   -1
100
AcDbText
 10
44.3419727974302
 20
28.37062527180226
 30
0
 40
0.09379999999999999
  1
CLOSED VALVE
 50
0
 41
0.85
 51
0
  7
STANDARD
 71
    0
210
0
220
0
230
1
100
AcDbText
  0
TEXT
  5
5F6
100
AcDbEntity
  8
TEXT
  6
ByLayer
 62
  256
370
   -1
100
AcDbText
 10
44.3419727974302
 20
28.74562527180226
 30
0
 40
0.09379999999999999
  1
DIAPHRAGM VALVE
 50
0
 41
0.85
 51
0
  7
STANDARD
 71
    0
210
0
220
0
230
1
100
AcDbText
  0
TEXT
  5
5F7
100
AcDbEntity
  8
TEXT
  6
ByLayer
 62
  256
370
   -1
100
AcDbText
 10
44.3419727974302
 20
29.12062527180226
 30
0
 40
0.09379999999999999
  1
QUICK VALVE
 50
0
 41
0.85
 51
0
  7
STANDARD
 71
    0
210
0
220
0
230
1
100
AcDbText
  0
TEXT
  5
5F8
100
AcDbEntity
  8
TEXT
  6
ByLayer
 62
  256
370
   -1
100
AcDbText
 10
44.3419727974302
 20
29.49562527180226
 30
0
 40
0.09379999999999999
  1
PINCH VALVE
 50
0
 41
0.85
 51
0
  7
STANDARD
 71
    0
210
0
220
0
230
1
100
AcDbText
  0
TEXT
  5
5F9
100
AcDbEntity
  8
TEXT
  6
ByLayer
 62
  256
370
   -1
100
AcDbText
 10
44.3419727974302
 20
29.87062527180226
 30
0
 40
0.09379999999999999
  1
BUTTERFLY VALVE
 50
0
 41
0.85
 51
0
  7
STANDARD
 71
    0
210
0
220
0
230
1
100
AcDbText
  0
TEXT
  5
5FA
100
AcDbEntity
  8
TEXT
  6
ByLayer
 62
  256
370
   -1
100
AcDbText
 10
44.3419727974302
 20
30.24562527180226
 30
0
 40
0.09379999999999999
  1
NEEDLE VALVE
 50
0
 41
0.85
 51
0
  7
STANDARD
 71
    0
210
0
220
0
230
1
100
AcDbText
  0
TEXT
  5
5FB
100
AcDbEntity
  8
TEXT
  6
ByLayer
 62
  256
370
   -1
100
AcDbText
 10
44.3419727974302
 20
30.62062527180226
 30
0
 40
0.09379999999999999
  1
CHECK VALVE
 50
0
 41
0.85
 51
0
  7
STANDARD
 71
    0
210
0
220
0
230
1
100
AcDbText
  0
TEXT
  5
5FC
100
AcDbEntity
  8
TEXT
  6
ByLayer
 62
  256
370
   -1
100
AcDbText
 10
44.3419727974302
 20
30.99562527180226
 30
0
 40
0.09379999999999999
  1
SWING VALVE
 50
0
 41
0.85
 51
0
  7
STANDARD
 71
    0
210
0
220
0
230
1
100
AcDbText
  0
TEXT
  5
5FD
100
AcDbEntity
  8
TEXT
  6
ByLayer
 62
  256
370
   -1
100
AcDbText
 10
44.3419727974302
 20
31.37062527180226
 30
0
 40
0.09379999999999999
  1
PLUG VALVE
 50
0
 41
0.85
 51
0
  7
STANDARD
 71
    0
210
0
220
0
230
1
100
AcDbText
  0
TEXT
  5
5FE
100
AcDbEntity
  8
TEXT
  6
ByLayer
 62
  256
370
   -1
100
AcDbText
 10
44.3419727974302
 20
31.74562527180226
 30
0
 40
0.09379999999999999
  1
GLOVE VALVE
 50
0
 41
0.85
 51
0
  7
STANDARD
 71
    0
210
0
220
0
230
1
100
AcDbText
  0
TEXT
  5
5FF
100
AcDbEntity
  8
TEXT
  6
ByLayer
 62
  256
370
   -1
100
AcDbText
 10
44.3419727974302
 20
32.12062527180226
 30
0
 40
0.09379999999999999
  1
BALL VALVE
 50
0
 41
0.85
 51
0
  7
STANDARD
 71
    0
210
0
220
0
230
1
100
AcDbText
  0
TEXT
  5
600
100
AcDbEntity
  8
TEXT
  6
ByLayer
 62
  256
370
   -1
100
AcDbText
 10
44.3419727974302
 20
32.49562527180226
 30
0
 40
0.09379999999999999
  1
GATE VALVE
 50
0
 41
0.85
 51
0
  7
STANDARD
 71
    0
210
0
220
0
230
1
100
AcDbText
  0
TEXT
  5
601
100
AcDbEntity
  8
TEXT
  6
ByLayer
 62
  256
370
   -1
100
AcDbText
 10
43.4669727974302
 20
32.87062527180226
 30
0
 40
0.125
  1
REGULAR SMALL VALVES
 50
0
 41
0.85
 51
0
  7
STANDARD
 71
    0
210
0
220
0
230
1
100
AcDbText
  0
LINE
  5
602
100
AcDbEntity
  8
0
  6
ByLayer
 62
  256
370
   -1
100
AcDbLine
 10
43.0919727974302
 20
32.74562527180226
 11
46.4669727974302
 21
32.74562527180225
  0
INSERT
  5
603
100
AcDbEntity
  8
EQUIP
  6
ByLayer
 62
  256
370
   -1
100
AcDbBlockReference
  2
VAL_GATE
 10
43.7169727974302
 20
32.49562527180226
 30
0
 41
0.1875
 42
0.1875
 43
0
 50
0
 70
    1
 71
    1
 44
0
 45
0
  0
LWPOLYLINE
  5
604
100
AcDbEntity
  8
Minor-1
  6
CONTINUOUS
 62
  256
370
   -1
100
AcDbPolyline
 90
    2
 70
    0
 43
0
 10
43.2169727974302
 20
32.49562527180226
 10
43.6232227974302
 20
32.49562527180226
  0
LWPOLYLINE
  5
605
100
AcDbEntity
  8
Minor-1
  6
CONTINUOUS
 62
  256
370
   -1
100
AcDbPolyline
 90
    2
 70
    0
 43
0
 10
43.8107227974302
 20
32.49562527180226
 10
44.2169727974302
 20
32.49562527180226
  0
INSERT
  5
606
100
AcDbEntity
  8
EQUIP
  6
ByLayer
 62
  256
370
   -1
100
AcDbBlockReference
  2
VAL_BALL
 10
43.7169727974302
 20
32.12062527180226
 30
0
 41
0.1875
 42
0.1875
 43
0
 50
0
 70
    1
 71
    1
 44
0
 45
0
  0
LWPOLYLINE
  5
607
100
AcDbEntity
  8
Minor-1
  6
CONTINUOUS
 62
  256
370
   -1
100
AcDbPolyline
 90
    2
 70
    0
 43
0
 10
43.2169727974302
 20
32.12062527180226
 10
43.6232227974302
 20
32.12062527180226
  0
LWPOLYLINE
  5
608
100
AcDbEntity
  8
Minor-1
  6
CONTINUOUS
 62
  256
370
   -1
100
AcDbPolyline
 90
    2
 70
    0
 43
0
 10
43.8107227974302
 20
32.12062527180226
 10
44.2169727974302
 20
32.12062527180226
  0
INSERT
  5
609
100
AcDbEntity
  8
EQUIP
  6
ByLayer
 62
  256
370
   -1
100
AcDbBlockReference
  2
VAL_GLOBE
 10
43.7169727974302
 20
31.74562527180226
 30
0
 41
0.1875
 42
0.1875
 43
0
 50
0
 70
    1
 71
    1
 44
0
 45
0
  0
LWPOLYLINE
  5
60A
100
AcDbEntity
  8
Minor-1
  6
CONTINUOUS
 62
  256
370
   -1
100
AcDbPolyline
 90
    2
 70
    0
 43
0
 10
43.2169727974302
 20
31.74562527180226
 10
43.6232227974302
 20
31.74562527180226
  0
LWPOLYLINE
  5
60B
100
AcDbEntity
  8
Minor-1
  6
CONTINUOUS
 62
  256
370
   -1
100
AcDbPolyline
 90
    2
 70
    0
 43
0
 10
43.8107227974302
 20
31.74562527180226
 10
44.2169727974302
 20
31.74562527180226
  0
INSERT
  5
60C
100
AcDbEntity
  8
EQUIP
  6
ByLayer
 62
  256
370
   -1
100
AcDbBlockReference
  2
VAL_PLUG
 10
43.7169727974302
 20
31.37062527180226
 30
0
 41
0.1875
 42
0.1875
 43
0
 50
0
 70
    1
 71
    1
 44
0
 45
0
  0
LWPOLYLINE
  5
60D
100
AcDbEntity
  8
Minor-1
  6
CONTINUOUS
 62
  256
370
   -1
100
AcDbPolyline
 90
    2
 70
    0
 43
0
 10
43.2169727974302
 20
31.37062527180226
 10
43.6232227974302
 20
31.37062527180226
  0
LWPOLYLINE
  5
60E
100
AcDbEntity
  8
Minor-1
  6
CONTINUOUS
 62
  256
370
   -1
100
AcDbPolyline
 90
    2
 70
    0
 43
0
 10
43.8107227974302
 20
31.37062527180226
 10
44.2169727974302
 20
31.37062527180226
  0
INSERT
  5
60F
100
AcDbEntity
  8
EQUIP
  6
ByLayer
 62
  256
370
   -1
100
AcDbBlockReference
  2
VAL_SWING
 10
43.7169727974302
 20
30.99562527180226
 30
0
 41
0.1875
 42
0.1875
 43
0
 50
0
 70
    1
 71
    1
 44
0
 45
0
  0
LWPOLYLINE
  5
610
100
AcDbEntity
  8
Minor-1
  6
CONTINUOUS
 62
  256
370
   -1
100
AcDbPolyline
 90
    2
 70
    0
 43
0
 10
43.2169727974302
 20
30.99562527180226
 10
43.6232227974302
 20
30.99562527180226
  0
LWPOLYLINE
  5
611
100
AcDbEntity
  8
Minor-1
  6
CONTINUOUS
 62
  256
370
   -1
100
AcDbPolyline
 90
    2
 70
    0
 43
0
 10
43.8107227974302
 20
30.99562527180226
 10
44.2169727974302
 20
30.99562527180226
  0
INSERT
  5
612
100
AcDbEntity
  8
EQUIP
  6
ByLayer
 62
  256
370
   -1
100
AcDbBlockReference
  2
VAL_CHECK
 10
43.7169727974302
 20
30.62062527180226
 30
0
 41
0.1875
 42
0.1875
 43
0
 50
0
 70
    1
 71
    1
 44
0
 45
0
  0
LWPOLYLINE
  5
613
100
AcDbEntity
  8
Minor-1
  6
CONTINUOUS
 62
  256
370
   -1
100
AcDbPolyline
 90
    2
 70
    0
 43
0
 10
43.2169727974302
 20
30.62062527180226
 10
43.6232227974302
 20
30.62062527180226
  0
LWPOLYLINE
  5
614
100
AcDbEntity
  8
Minor-1
  6
CONTINUOUS
 62
  256
370
   -1
100
AcDbPolyline
 90
    2
 70
    0
 43
0
 10
43.8107227974302
 20
30.62062527180226
 10
44.2169727974302
 20
30.62062527180226
  0
INSERT
  5
615
100
AcDbEntity
  8
EQUIP
  6
ByLayer
 62
  256
370
   -1
100
AcDbBlockReference
  2
VAL_NEEDLE
 10
43.7169727974302
 20
30.24562527180226
 30
0
 41
0.1875
 42
0.1875
 43
0
 50
0
 70
    1
 71
    1
 44
0
 45
0
  0
LWPOLYLINE
  5
616
100
AcDbEntity
  8
Minor-1
  6
CONTINUOUS
 62
  256
370
   -1
100
AcDbPolyline
 90
    2
 70
    0
 43
0
 10
43.2169727974302
 20
30.24562527180226
 10
43.6232227974302
 20
30.24562527180226
  0
LWPOLYLINE
  5
617
100
AcDbEntity
  8
Minor-1
  6
CONTINUOUS
 62
  256
370
   -1
100
AcDbPolyline
 90
    2
 70
    0
 43
0
 10
43.8107227974302
 20
30.24562527180226
 10
44.2169727974302
 20
30.24562527180226
  0
INSERT
  5
618
100
AcDbEntity
  8
EQUIP
  6
ByLayer
 62
  256
370
   -1
100
AcDbBlockReference
  2
VAL_BUTTERFLY
 10
43.7169727974302
 20
29.87062527180226
 30
0
 41
0.1875
 42
0.1875
 43
0
 50
0
 70
    1
 71
    1
 44
0
 45
0
  0
LWPOLYLINE
  5
619
100
AcDbEntity
  8
Minor-1
  6
CONTINUOUS
 62
  256
370
   -1
100
AcDbPolyline
 90
    2
 70
    0
 43
0
 10
43.2169727974302
 20
29.87062527180226
 10
43.6232227974302
 20
29.87062527180226
  0
LWPOLYLINE
  5
61A
100
AcDbEntity
  8
Minor-1
  6
CONTINUOUS
 62
  256
370
   -1
100
AcDbPolyline
 90
    2
 70
    0
 43
0
 10
43.8107227974302
 20
29.87062527180226
 10
44.2169727974302
 20
29.87062527180226
  0
INSERT
  5
61B
100
AcDbEntity
  8
EQUIP
  6
ByLayer
 62
  256
370
   -1
100
AcDbBlockReference
  2
VAL_PINCH
 10
43.7169727974302
 20
29.49562527180226
 30
0
 41
0.1875
 42
0.1875
 43
0
 50
0
 70
    1
 71
    1
 44
0
 45
0
  0
LWPOLYLINE
  5
61C
100
AcDbEntity
  8
Minor-1
  6
CONTINUOUS
 62
  256
370
   -1
100
AcDbPolyline
 90
    2
 70
    0
 43
0
 10
43.2169727974302
 20
29.49562527180226
 10
43.6232227974302
 20
29.49562527180226
  0
LWPOLYLINE
  5
61D
100
AcDbEntity
  8
Minor-1
  6
CONTINUOUS
 62
  256
370
   -1
100
AcDbPolyline
 90
    2
 70
    0
 43
0
 10
43.8107227974302
 20
29.49562527180226
 10
44.2169727974302
 20
29.49562527180226
  0
INSERT
  5
61E
100
AcDbEntity
  8
EQUIP
  6
ByLayer
 62
  256
370
   -1
100
AcDbBlockReference
  2
VAL_QUICK
 10
43.7169727974302
 20
29.12062527180226
 30
0
 41
0.1875
 42
0.1875
 43
0
 50
0
 70
    1
 71
    1
 44
0
 45
0
  0
LWPOLYLINE
  5
61F
100
AcDbEntity
  8
Minor-1
  6
CONTINUOUS
 62
  256
370
   -1
100
AcDbPolyline
 90
    2
 70
    0
 43
0
 10
43.2169727974302
 20
29.12062527180226
 10
43.6232227974302
 20
29.12062527180226
  0
LWPOLYLINE
  5
620
100
AcDbEntity
  8
Minor-1
  6
CONTINUOUS
 62
  256
370
   -1
100
AcDbPolyline
 90
    2
 70
    0
 43
0
 10
43.8107227974302
 20
29.12062527180226
 10
44.2169727974302
 20
29.12062527180226
  0
INSERT
  5
621
100
AcDbEntity
  8
EQUIP
  6
ByLayer
 62
  256
370
   -1
100
AcDbBlockReference
  2
VAL_DIAPHRAGM
 10
43.7169727974302
 20
28.74562527180226
 30
0
 41
0.1875
 42
0.1875
 43
0
 50
0
 70
    1
 71
    1
 44
0
 45
0
  0
LWPOLYLINE
  5
622
100
AcDbEntity
  8
Minor-1
  6
CONTINUOUS
 62
  256
370
   -1
100
AcDbPolyline
 90
    2
 70
    0
 43
0
 10
43.2169727974302
 20
28.74562527180226
 10
43.6232227974302
 20
28.74562527180226
  0
LWPOLYLINE
  5
623
100
AcDbEntity
  8
Minor-1
  6
CONTINUOUS
 62
  256
370
   -1
100
AcDbPolyline
 90
    2
 70
    0
 43
0
 10
43.8107227974302
 20
28.74562527180226
 10
44.2169727974302
 20
28.74562527180226
  0
INSERT
  5
624
100
AcDbEntity
  8
EQUIP
  6
ByLayer
 62
  256
370
   -1
100
AcDbBlockReference
  2
VAL_CLOSED
 10
43.7169727974302
 20
28.37062527180226
 30
0
 41
0.1875
 42
0.1875
 43
0
 50
0
 70
    1
 71
    1
 44
0
 45
0
  0
LWPOLYLINE
  5
625
100
AcDbEntity
  8
Minor-1
  6
CONTINUOUS
 62
  256
370
   -1
100
AcDbPolyline
 90
    2
 70
    0
 43
0
 10
43.2169727974302
 20
28.37062527180226
 10
43.6232227974302
 20
28.37062527180226
  0
LWPOLYLINE
  5
626
100
AcDbEntity
  8
Minor-1
  6
CONTINUOUS
 62
  256
370
   -1
100
AcDbPolyline
 90
    2
 70
    0
 43
0
 10
43.8107227974302
 20
28.37062527180226
 10
44.2169727974302
 20
28.37062527180226
  0
LWPOLYLINE
  5
627
100
AcDbEntity
  8
0
  6
ByLayer
 62
  256
370
   -1
100
AcDbPolyline
 90
    4
 70
    1
 43
0
 10
43.0919727974302
 20
19.24562527180226
 10
39.8419727974302
 20
19.24562527180226
 10
39.8419727974302
 20
31.24562527180226
 10
43.0919727974302
 20
31.24562527180226
  0
TEXT
  5
628
100
AcDbEntity
  8
TEXT
  6
ByLayer
 62
  256
370
   -1
100
AcDbText
 10
41.0919727974302
 20
29.74562527180226
 30
0
 40
0.09379999999999999
  1
BALL DIAPHRAGM
 50
0
 41
0.85
 51
0
  7
STANDARD
 71
    0
210
0
220
0
230
1
100
AcDbText
  0
TEXT
  5
629
100
AcDbEntity
  8
TEXT
  6
ByLayer
 62
  256
370
   -1
100
AcDbText
 10
41.0919727974302
 20
30.37062527180226
 30
0
 40
0.09379999999999999
  1
GATE DIAPHRAGM
 50
0
 41
0.85
 51
0
  7
STANDARD
 71
    0
210
0
220
0
230
1
100
AcDbText
  0
TEXT
  5
62A
100
AcDbEntity
  8
TEXT
  6
ByLayer
 62
  256
370
   -1
100
AcDbText
 10
40.4669727974302
 20
30.99562527180226
 30
0
 40
0.125
  1
CONTROL VALVES
 50
0
 41
0.85
 51
0
  7
STANDARD
 71
    0
210
0
220
0
230
1
100
AcDbText
  0
LINE
  5
62B
100
AcDbEntity
  8
0
  6
ByLayer
 62
  256
370
   -1
100
AcDbLine
 10
39.8419727974302
 20
30.87062527180226
 11
43.0919727974302
 21
30.87062527180226
  0
INSERT
  5
62C
100
AcDbEntity
  8
EQUIP
  6
ByLayer
 62
  256
370
   -1
100
AcDbBlockReference
  2
VAL_CTRL_1
 10
40.4669727974302
 20
30.37062527180226
 30
0
 41
0.25
 42
0.25
 43
0
 50
0
 70
    1
 71
    1
 44
0
 45
0
  0
LWPOLYLINE
  5
62D
100
AcDbEntity
  8
MAJOR-1
  6
CONTINUOUS
 62
  256
370
   -1
100
AcDbPolyline
 90
    2
 70
    0
 43
0
 10
39.9669727974302
 20
30.37062527180226
 10
40.3419727974302
 20
30.37062527180226
  0
LWPOLYLINE
  5
62E
100
AcDbEntity
  8
MAJOR-1
  6
CONTINUOUS
 62
  256
370
   -1
100
AcDbPolyline
 90
    2
 70
    0
 43
0
 10
40.5919727974302
 20
30.37062527180226
 10
40.9669727974302
 20
30.37062527180226
  0
INSERT
  5
62F
100
AcDbEntity
  8
EQUIP
  6
ByLayer
 62
  256
370
   -1
100
AcDbBlockReference
  2
VAL_CTRL_2
 10
40.4669727974302
 20
29.74562527180226
 30
0
 41
0.25
 42
0.25
 43
0
 50
0
 70
    1
 71
    1
 44
0
 45
0
  0
LWPOLYLINE
  5
630
100
AcDbEntity
  8
MAJOR-1
  6
CONTINUOUS
 62
  256
370
   -1
100
AcDbPolyline
 90
    2
 70
    0
 43
0
 10
39.9669727974302
 20
29.74562527180226
 10
40.3419727974302
 20
29.74562527180226
  0
LWPOLYLINE
  5
631
100
AcDbEntity
  8
MAJOR-1
  6
CONTINUOUS
 62
  256
370
   -1
100
AcDbPolyline
 90
    2
 70
    0
 43
0
 10
40.5919727974302
 20
29.74562527180226
 10
40.9669727974302
 20
29.74562527180226
  0
TEXT
  5
632
100
AcDbEntity
  8
TEXT
  6
ByLayer
 62
  256
370
   -1
100
AcDbText
 10
41.0919727974302
 20
29.12062527180226
 30
0
 40
0.09379999999999999
  1
BUTTERFLY DIAPHRAGM
 50
0
 41
0.85
 51
0
  7
STANDARD
 71
    0
210
0
220
0
230
1
100
AcDbText
  0
TEXT
  5
633
100
AcDbEntity
  8
TEXT
  6
ByLayer
 62
  256
370
   -1
100
AcDbText
 10
41.0919727974302
 20
28.49562527180226
 30
0
 40
0.09379999999999999
  1
PRESSURE TAPPED
 50
0
 41
0.85
 51
0
  7
STANDARD
 71
    0
210
0
220
0
230
1
100
AcDbText
  0
TEXT
  5
634
100
AcDbEntity
  8
TEXT
  6
ByLayer
 62
  256
370
   -1
100
AcDbText
 10
41.0919727974302
 20
27.87062527180226
 30
0
 40
0.09379999999999999
  1
PRESSURE SELF
 50
0
 41
0.85
 51
0
  7
STANDARD
 71
    0
210
0
220
0
230
1
100
AcDbText
  0
INSERT
  5
635
100
AcDbEntity
  8
EQUIP
  6
ByLayer
 62
  256
370
   -1
100
AcDbBlockReference
  2
VAL_CTRL_3
 10
40.4669727974302
 20
29.12062527180226
 30
0
 41
0.25
 42
0.25
 43
0
 50
0
 70
    1
 71
    1
 44
0
 45
0
  0
LWPOLYLINE
  5
636
100
AcDbEntity
  8
MAJOR-1
  6
CONTINUOUS
 62
  256
370
   -1
100
AcDbPolyline
 90
    2
 70
    0
 43
0
 10
39.9669727974302
 20
29.12062527180226
 10
40.3419727974302
 20
29.12062527180226
  0
LWPOLYLINE
  5
637
100
AcDbEntity
  8
MAJOR-1
  6
CONTINUOUS
 62
  256
370
   -1
100
AcDbPolyline
 90
    2
 70
    0
 43
0
 10
40.5919727974302
 20
29.12062527180226
 10
40.9669727974302
 20
29.12062527180226
  0
INSERT
  5
638
100
AcDbEntity
  8
EQUIP
  6
ByLayer
 62
  256
370
   -1
100
AcDbBlockReference
  2
VAL_CTRL_4
 10
40.4669727974302
 20
28.49562527180226
 30
0
 41
0.25
 42
0.25
 43
0
 50
0
 70
    1
 71
    1
 44
0
 45
0
  0
LWPOLYLINE
  5
639
100
AcDbEntity
  8
MAJOR-1
  6
CONTINUOUS
 62
  256
370
   -1
100
AcDbPolyline
 90
    2
 70
    0
 43
0
 10
39.9669727974302
 20
28.49562527180226
 10
40.3419727974302
 20
28.49562527180226
  0
LWPOLYLINE
  5
63A
100
AcDbEntity
  8
MAJOR-1
  6
CONTINUOUS
 62
  256
370
   -1
100
AcDbPolyline
 90
    2
 70
    0
 43
0
 10
40.5919727974302
 20
28.49562527180226
 10
40.9669727974302
 20
28.49562527180226
  0
TEXT
  5
63B
100
AcDbEntity
  8
TEXT
  6
ByLayer
 62
  256
370
   -1
100
AcDbText
 10
41.0919727974302
 20
27.24562527180226
 30
0
 40
0.09379999999999999
  1
PRESSURE SELF W/HAND
 50
0
 41
0.85
 51
0
  7
STANDARD
 71
    0
210
0
220
0
230
1
100
AcDbText
  0
TEXT
  5
63C
100
AcDbEntity
  8
TEXT
  6
ByLayer
 62
  256
370
   -1
100
AcDbText
 10
41.0919727974302
 20
26.62062527180226
 30
0
 40
0.09379999999999999
  1
GATE ROTARY MOTOR
 50
0
 41
0.85
 51
0
  7
STANDARD
 71
    0
210
0
220
0
230
1
100
AcDbText
  0
TEXT
  5
63D
100
AcDbEntity
  8
TEXT
  6
ByLayer
 62
  256
370
   -1
100
AcDbText
 10
41.0919727974302
 20
25.99562527180226
 30
0
 40
0.09379999999999999
  1
BALL ROTARY MOTOR
 50
0
 41
0.85
 51
0
  7
STANDARD
 71
    0
210
0
220
0
230
1
100
AcDbText
  0
TEXT
  5
63E
100
AcDbEntity
  8
TEXT
  6
ByLayer
 62
  256
370
   -1
100
AcDbText
 10
41.0919727974302
 20
25.37062527180226
 30
0
 40
0.09379999999999999
  1
BUTTERFLY ROTARY MOTOR
 50
0
 41
0.85
 51
0
  7
STANDARD
 71
    0
210
0
220
0
230
1
100
AcDbText
  0
TEXT
  5
63F
100
AcDbEntity
  8
TEXT
  6
ByLayer
 62
  256
370
   -1
100
AcDbText
 10
41.0919727974302
 20
24.74562527180226
 30
0
 40
0.09379999999999999
  1
GATE SPRING OPPOSED SELF
 50
0
 41
0.85
 51
0
  7
STANDARD
 71
    0
210
0
220
0
230
1
100
AcDbText
  0
TEXT
  5
640
100
AcDbEntity
  8
TEXT
  6
ByLayer
 62
  256
370
   -1
100
AcDbText
 10
41.0919727974302
 20
24.12062527180226
 30
0
 40
0.09379999999999999
  1
BALL SPRING OPPOSED SELF
 50
0
 41
0.85
 51
0
  7
STANDARD
 71
    0
210
0
220
0
230
1
100
AcDbText
  0
TEXT
  5
641
100
AcDbEntity
  8
TEXT
  6
ByLayer
 62
  256
370
   -1
100
AcDbText
 10
41.0919727974302
 20
23.49562527180226
 30
0
 40
0.09379999999999999
  1
GATE SELENOID
 50
0
 41
0.85
 51
0
  7
STANDARD
 71
    0
210
0
220
0
230
1
100
AcDbText
  0
INSERT
  5
642
100
AcDbEntity
  8
EQUIP
  6
ByLayer
 62
  256
370
   -1
100
AcDbBlockReference
  2
VAL_CTRL_5
 10
40.4669727974302
 20
27.87062527180226
 30
0
 41
0.25
 42
0.25
 43
0
 50
0
 70
    1
 71
    1
 44
0
 45
0
  0
LWPOLYLINE
  5
643
100
AcDbEntity
  8
MAJOR-1
  6
CONTINUOUS
 62
  256
370
   -1
100
AcDbPolyline
 90
    2
 70
    0
 43
0
 10
39.9669727974302
 20
27.87062527180226
 10
40.3419727974302
 20
27.87062527180226
  0
LWPOLYLINE
  5
644
100
AcDbEntity
  8
MAJOR-1
  6
CONTINUOUS
 62
  256
370
   -1
100
AcDbPolyline
 90
    2
 70
    0
 43
0
 10
40.5919727974302
 20
27.87062527180226
 10
40.9669727974302
 20
27.87062527180226
  0
INSERT
  5
645
100
AcDbEntity
  8
EQUIP
  6
ByLayer
 62
  256
370
   -1
100
AcDbBlockReference
  2
VAL_CTRL_6
 10
40.4669727974302
 20
27.24562527180226
 30
0
 41
0.25
 42
0.25
 43
0
 50
0
 70
    1
 71
    1
 44
0
 45
0
  0
LWPOLYLINE
  5
646
100
AcDbEntity
  8
MAJOR-1
  6
CONTINUOUS
 62
  256
370
   -1
100
AcDbPolyline
 90
    2
 70
    0
 43
0
 10
39.9669727974302
 20
27.24562527180226
 10
40.3419727974302
 20
27.24562527180226
  0
LWPOLYLINE
  5
647
100
AcDbEntity
  8
MAJOR-1
  6
CONTINUOUS
 62
  256
370
   -1
100
AcDbPolyline
 90
    2
 70
    0
 43
0
 10
40.5919727974302
 20
27.24562527180226
 10
40.9669727974302
 20
27.24562527180226
  0
INSERT
  5
648
100
AcDbEntity
  8
EQUIP
  6
ByLayer
 62
  256
370
   -1
100
AcDbBlockReference
  2
VAL_CTRL_7
 10
40.4669727974302
 20
26.62062527180226
 30
0
 41
0.25
 42
0.25
 43
0
 50
0
 70
    1
 71
    1
 44
0
 45
0
  0
LWPOLYLINE
  5
649
100
AcDbEntity
  8
MAJOR-1
  6
CONTINUOUS
 62
  256
370
   -1
100
AcDbPolyline
 90
    2
 70
    0
 43
0
 10
39.9669727974302
 20
26.62062527180226
 10
40.3419727974302
 20
26.62062527180226
  0
LWPOLYLINE
  5
64A
100
AcDbEntity
  8
MAJOR-1
  6
CONTINUOUS
 62
  256
370
   -1
100
AcDbPolyline
 90
    2
 70
    0
 43
0
 10
40.5919727974302
 20
26.62062527180226
 10
40.9669727974302
 20
26.62062527180226
  0
INSERT
  5
64B
100
AcDbEntity
  8
EQUIP
  6
ByLayer
 62
  256
370
   -1
100
AcDbBlockReference
  2
VAL_CTRL_8
 10
40.4669727974302
 20
25.99562527180226
 30
0
 41
0.25
 42
0.25
 43
0
 50
0
 70
    1
 71
    1
 44
0
 45
0
  0
LWPOLYLINE
  5
64C
100
AcDbEntity
  8
MAJOR-1
  6
CONTINUOUS
 62
  256
370
   -1
100
AcDbPolyline
 90
    2
 70
    0
 43
0
 10
39.9669727974302
 20
25.99562527180226
 10
40.3419727974302
 20
25.99562527180226
  0
LWPOLYLINE
  5
64D
100
AcDbEntity
  8
MAJOR-1
  6
CONTINUOUS
 62
  256
370
   -1
100
AcDbPolyline
 90
    2
 70
    0
 43
0
 10
40.5919727974302
 20
25.99562527180226
 10
40.9669727974302
 20
25.99562527180226
  0
INSERT
  5
64E
100
AcDbEntity
  8
EQUIP
  6
ByLayer
 62
  256
370
   -1
100
AcDbBlockReference
  2
VAL_CTRL_9
 10
40.4669727974302
 20
25.37062527180226
 30
0
 41
0.25
 42
0.25
 43
0
 50
0
 70
    1
 71
    1
 44
0
 45
0
  0
LWPOLYLINE
  5
64F
100
AcDbEntity
  8
MAJOR-1
  6
CONTINUOUS
 62
  256
370
   -1
100
AcDbPolyline
 90
    2
 70
    0
 43
0
 10
39.9669727974302
 20
25.37062527180226
 10
40.3419727974302
 20
25.37062527180226
  0
LWPOLYLINE
  5
650
100
AcDbEntity
  8
MAJOR-1
  6
CONTINUOUS
 62
  256
370
   -1
100
AcDbPolyline
 90
    2
 70
    0
 43
0
 10
40.5919727974302
 20
25.37062527180226
 10
40.9669727974302
 20
25.37062527180226
  0
INSERT
  5
651
100
AcDbEntity
  8
EQUIP
  6
ByLayer
 62
  256
370
   -1
100
AcDbBlockReference
  2
VAL_CTRL_10
 10
40.4669727974302
 20
24.74562527180226
 30
0
 41
0.25
 42
0.25
 43
0
 50
0
 70
    1
 71
    1
 44
0
 45
0
  0
LWPOLYLINE
  5
652
100
AcDbEntity
  8
MAJOR-1
  6
CONTINUOUS
 62
  256
370
   -1
100
AcDbPolyline
 90
    2
 70
    0
 43
0
 10
39.9669727974302
 20
24.74562527180226
 10
40.3419727974302
 20
24.74562527180226
  0
LWPOLYLINE
  5
653
100
AcDbEntity
  8
MAJOR-1
  6
CONTINUOUS
 62
  256
370
   -1
100
AcDbPolyline
 90
    2
 70
    0
 43
0
 10
40.5919727974302
 20
24.74562527180226
 10
40.9669727974302
 20
24.74562527180226
  0
INSERT
  5
654
100
AcDbEntity
  8
EQUIP
  6
ByLayer
 62
  256
370
   -1
100
AcDbBlockReference
  2
VAL_CTRL_11
 10
40.4669727974302
 20
24.12062527180226
 30
0
 41
0.25
 42
0.25
 43
0
 50
0
 70
    1
 71
    1
 44
0
 45
0
  0
LWPOLYLINE
  5
655
100
AcDbEntity
  8
MAJOR-1
  6
CONTINUOUS
 62
  256
370
   -1
100
AcDbPolyline
 90
    2
 70
    0
 43
0
 10
39.9669727974302
 20
24.12062527180226
 10
40.3419727974302
 20
24.12062527180226
  0
LWPOLYLINE
  5
656
100
AcDbEntity
  8
MAJOR-1
  6
CONTINUOUS
 62
  256
370
   -1
100
AcDbPolyline
 90
    2
 70
    0
 43
0
 10
40.5919727974302
 20
24.12062527180226
 10
40.9669727974302
 20
24.12062527180226
  0
TEXT
  5
657
100
AcDbEntity
  8
TEXT
  6
ByLayer
 62
  256
370
   -1
100
AcDbText
 10
41.0919727974302
 20
22.99562527180226
 30
0
 40
0.09379999999999999
  1
ANGLE DIAPHRAGM
 50
0
 41
0.85
 51
0
  7
STANDARD
 71
    0
210
0
220
0
230
1
100
AcDbText
  0
INSERT
  5
658
100
AcDbEntity
  8
EQUIP
  6
ByLayer
 62
  256
370
   -1
100
AcDbBlockReference
  2
VAL_CTRL_12
 10
40.4669727974302
 20
23.49562527180226
 30
0
 41
0.25
 42
0.25
 43
0
 50
0
 70
    1
 71
    1
 44
0
 45
0
  0
LWPOLYLINE
  5
659
100
AcDbEntity
  8
MAJOR-1
  6
CONTINUOUS
 62
  256
370
   -1
100
AcDbPolyline
 90
    2
 70
    0
 43
0
 10
39.9669727974302
 20
23.49562527180226
 10
40.3419727974302
 20
23.49562527180226
  0
LWPOLYLINE
  5
65A
100
AcDbEntity
  8
MAJOR-1
  6
CONTINUOUS
 62
  256
370
   -1
100
AcDbPolyline
 90
    2
 70
    0
 43
0
 10
40.5919727974302
 20
23.49562527180226
 10
40.9669727974302
 20
23.49562527180226
  0
INSERT
  5
65B
100
AcDbEntity
  8
EQUIP
  6
ByLayer
 62
  256
370
   -1
100
AcDbBlockReference
  2
VAL_CTRL_15
 10
40.4669727974302
 20
22.99562527180226
 30
0
 41
0.25
 42
0.25
 43
0
 50
0
 70
    1
 71
    1
 44
0
 45
0
  0
LWPOLYLINE
  5
65C
100
AcDbEntity
  8
MAJOR-1
  6
CONTINUOUS
 62
  256
370
   -1
100
AcDbPolyline
 90
    2
 70
    0
 43
0
 10
40.9669727974302
 20
22.99562527180226
 10
40.5919727974302
 20
22.99562527180226
  0
LWPOLYLINE
  5
65D
100
AcDbEntity
  8
MAJOR-1
  6
CONTINUOUS
 62
  256
370
   -1
100
AcDbPolyline
 90
    2
 70
    0
 43
0
 10
40.4669727974302
 20
22.87062527180226
 10
40.4669727974302
 20
22.74562527180226
  0
TEXT
  5
65E
100
AcDbEntity
  8
TEXT
  6
ByLayer
 62
  256
370
   -1
100
AcDbText
 10
41.0919727974302
 20
22.37062527180226
 30
0
 40
0.09379999999999999
  1
3 WAY DIAPHRAGM
 50
0
 41
0.85
 51
0
  7
STANDARD
 71
    0
210
0
220
0
230
1
100
AcDbText
  0
INSERT
  5
65F
100
AcDbEntity
  8
EQUIP
  6
ByLayer
 62
  256
370
   -1
100
AcDbBlockReference
  2
VAL_CTRL_16
 10
40.4669727974302
 20
22.37062527180226
 30
0
 41
0.25
 42
0.25
 43
0
 50
0
 70
    1
 71
    1
 44
0
 45
0
  0
LWPOLYLINE
  5
660
100
AcDbEntity
  8
MAJOR-1
  6
CONTINUOUS
 62
  256
370
   -1
100
AcDbPolyline
 90
    2
 70
    0
 43
0
 10
40.3419727974302
 20
22.37062527180226
 10
39.9669727974302
 20
22.37062527180226
  0
LWPOLYLINE
  5
661
100
AcDbEntity
  8
MAJOR-1
  6
CONTINUOUS
 62
  256
370
   -1
100
AcDbPolyline
 90
    2
 70
    0
 43
0
 10
40.9669727974302
 20
22.37062527180226
 10
40.5919727974302
 20
22.37062527180226
  0
LWPOLYLINE
  5
662
100
AcDbEntity
  8
MAJOR-1
  6
CONTINUOUS
 62
  256
370
   -1
100
AcDbPolyline
 90
    2
 70
    0
 43
0
 10
40.4669727974302
 20
22.24562527180226
 10
40.4669727974302
 20
22.12062527180226
  0
TEXT
  5
663
100
AcDbEntity
  8
TEXT
  6
ByLayer
 62
  256
370
   -1
100
AcDbText
 10
41.0919727974302
 20
21.74562527180226
 30
0
 40
0.09379999999999999
  1
4 WAY DIAPHRAGM
 50
0
 41
0.85
 51
0
  7
STANDARD
 71
    0
210
0
220
0
230
1
100
AcDbText
  0
INSERT
  5
664
100
AcDbEntity
  8
EQUIP
  6
ByLayer
 62
  256
370
   -1
100
AcDbBlockReference
  2
VAL_CTRL_17
 10
40.4669727974302
 20
21.74562527180226
 30
0
 41
0.25
 42
0.25
 43
0
 50
0
 70
    1
 71
    1
 44
0
 45
0
  0
LWPOLYLINE
  5
665
100
AcDbEntity
  8
MAJOR-1
  6
CONTINUOUS
 62
  256
370
   -1
100
AcDbPolyline
 90
    2
 70
    0
 43
0
 10
40.4669727974302
 20
21.49562527180226
 10
40.4669727974302
 20
21.62062527180226
  0
LWPOLYLINE
  5
666
100
AcDbEntity
  8
MAJOR-1
  6
CONTINUOUS
 62
  256
370
   -1
100
AcDbPolyline
 90
    2
 70
    0
 43
0
 10
40.9669727974302
 20
21.74562527180226
 10
40.5919727974302
 20
21.74562527180226
  0
LWPOLYLINE
  5
667
100
AcDbEntity
  8
MAJOR-1
  6
CONTINUOUS
 62
  256
370
   -1
100
AcDbPolyline
 90
    2
 70
    0
 43
0
 10
40.3419727974302
 20
21.74562527180226
 10
39.9669727974302
 20
21.74562527180226
  0
LWPOLYLINE
  5
668
100
AcDbEntity
  8
MAJOR-1
  6
CONTINUOUS
 62
  256
370
   -1
100
AcDbPolyline
 90
    2
 70
    0
 43
0
 10
40.4669727974302
 20
21.99562527180226
 10
40.4669727974302
 20
21.87062527180226
  0
TEXT
  5
669
100
AcDbEntity
  8
TEXT
  6
ByLayer
 62
  256
370
   -1
100
AcDbText
 10
41.0919727974302
 20
20.37062527180226
 30
0
 40
0.09379999999999999
  1
4 WAY SELENOID
 50
0
 41
0.85
 51
0
  7
STANDARD
 71
    0
210
0
220
0
230
1
100
AcDbText
  0
INSERT
  5
66A
100
AcDbEntity
  8
EQUIP
  6
ByLayer
 62
  256
370
   -1
100
AcDbBlockReference
  2
VAL_CTRL_19
 10
40.4669727974302
 20
20.37062527180226
 30
0
 41
0.25
 42
0.25
 43
0
 50
0
 70
    1
 71
    1
 44
0
 45
0
  0
LWPOLYLINE
  5
66B
100
AcDbEntity
  8
MAJOR-1
  6
CONTINUOUS
 62
  256
370
   -1
100
AcDbPolyline
 90
    2
 70
    0
 43
0
 10
40.4669727974302
 20
20.24562527180226
 10
40.4669727974302
 20
20.12062527180226
  0
LWPOLYLINE
  5
66C
100
AcDbEntity
  8
MAJOR-1
  6
CONTINUOUS
 62
  256
370
   -1
100
AcDbPolyline
 90
    2
 70
    0
 43
0
 10
40.9669727974302
 20
20.37062527180226
 10
40.5919727974302
 20
20.37062527180226
  0
LWPOLYLINE
  5
66D
100
AcDbEntity
  8
MAJOR-1
  6
CONTINUOUS
 62
  256
370
   -1
100
AcDbPolyline
 90
    2
 70
    0
 43
0
 10
40.3419727974302
 20
20.37062527180226
 10
39.9669727974302
 20
20.37062527180226
  0
LWPOLYLINE
  5
66E
100
AcDbEntity
  8
MAJOR-1
  6
CONTINUOUS
 62
  256
370
   -1
100
AcDbPolyline
 90
    2
 70
    0
 43
0
 10
40.4669727974302
 20
20.62062527180226
 10
40.4669727974302
 20
20.49562527180226
  0
INSERT
  5
66F
100
AcDbEntity
  8
EQUIP
  6
ByLayer
 62
  256
370
   -1
100
AcDbBlockReference
  2
VAL_CTRL_18
 10
40.4669727974302
 20
20.99562527180226
 30
0
 41
0.25
 42
0.25
 43
0
 50
0
 70
    1
 71
    1
 44
0
 45
0
  0
LWPOLYLINE
  5
670
100
AcDbEntity
  8
MAJOR-1
  6
CONTINUOUS
 62
  256
370
   -1
100
AcDbPolyline
 90
    2
 70
    0
 43
0
 10
39.9669727974302
 20
20.99562527180226
 10
40.3419727974302
 20
20.99562527180226
  0
LWPOLYLINE
  5
671
100
AcDbEntity
  8
MAJOR-1
  6
CONTINUOUS
 62
  256
370
   -1
100
AcDbPolyline
 90
    2
 70
    0
 43
0
 10
40.5919727974302
 20
20.99562527180226
 10
40.9669727974302
 20
20.99562527180226
  0
LWPOLYLINE
  5
672
100
AcDbEntity
  8
MAJOR-1
  6
CONTINUOUS
 62
  256
370
   -1
100
AcDbPolyline
 90
    2
 70
    0
 43
0
 10
40.4669727974302
 20
20.87062527180226
 10
40.4669727974302
 20
20.74562527180226
  0
TEXT
  5
673
100
AcDbEntity
  8
TEXT
  6
ByLayer
 62
  256
370
   -1
100
AcDbText
 10
41.0919727974302
 20
20.99562527180226
 30
0
 40
0.09379999999999999
  1
3 WAY SELENOID
 50
0
 41
0.85
 51
0
  7
STANDARD
 71
    0
210
0
220
0
230
1
100
AcDbText
  0
TEXT
  5
674
100
AcDbEntity
  8
TEXT
  6
ByLayer
 62
  256
370
   -1
100
AcDbText
 10
41.0919727974302
 20
19.62062527180226
 30
0
 40
0.09379999999999999
  1
3 WAY SPRING OPPOSED
 50
0
 41
0.85
 51
0
  7
STANDARD
 71
    0
210
0
220
0
230
1
100
AcDbText
  0
INSERT
  5
675
100
AcDbEntity
  8
EQUIP
  6
ByLayer
 62
  256
370
   -1
100
AcDbBlockReference
  2
VAL_CTRL_20
 10
40.4669727974302
 20
19.62062527180226
 30
0
 41
0.25
 42
0.25
 43
0
 50
0
 70
    1
 71
    1
 44
0
 45
0
  0
LWPOLYLINE
  5
676
100
AcDbEntity
  8
MAJOR-1
  6
CONTINUOUS
 62
  256
370
   -1
100
AcDbPolyline
 90
    2
 70
    0
 43
0
 10
39.9669727974302
 20
19.62062527180226
 10
40.3419727974302
 20
19.62062527180226
  0
LWPOLYLINE
  5
677
100
AcDbEntity
  8
MAJOR-1
  6
CONTINUOUS
 62
  256
370
   -1
100
AcDbPolyline
 90
    2
 70
    0
 43
0
 10
40.5919727974302
 20
19.62062527180226
 10
40.9669727974302
 20
19.62062527180226
  0
LWPOLYLINE
  5
678
100
AcDbEntity
  8
MAJOR-1
  6
CONTINUOUS
 62
  256
370
   -1
100
AcDbPolyline
 90
    2
 70
    0
 43
0
 10
40.4669727974302
 20
19.37062527180226
 10
40.4669727974302
 20
19.49562527180226
  0
LWPOLYLINE
  5
679
100
AcDbEntity
  8
0
  6
ByLayer
 62
  256
370
   -1
100
AcDbPolyline
 90
    4
 70
    1
 43
0
 10
43.0919727974302
 20
14.24562527180226
 10
39.8419727974302
 20
14.24562527180226
 10
39.8419727974302
 20
19.24562527180226
 10
43.0919727974302
 20
19.24562527180226
  0
TEXT
  5
67A
100
AcDbEntity
  8
TEXT
  6
ByLayer
 62
  256
370
   -1
100
AcDbText
 10
41.0919727974302
 20
17.99562527180226
 30
0
 40
0.09379999999999999
  1
ANGLE W/HANDLE
 50
0
 41
0.85
 51
0
  7
STANDARD
 71
    0
210
0
220
0
230
1
100
AcDbText
  0
TEXT
  5
67B
100
AcDbEntity
  8
TEXT
  6
ByLayer
 62
  256
370
   -1
100
AcDbText
 10
41.0919727974302
 20
17.37062527180226
 30
0
 40
0.09379999999999999
  1
RELIEF VALVE
 50
0
 41
0.85
 51
0
  7
STANDARD
 71
    0
210
0
220
0
230
1
100
AcDbText
  0
TEXT
  5
67C
100
AcDbEntity
  8
TEXT
  6
ByLayer
 62
  256
370
   -1
100
AcDbText
 10
41.0919727974302
 20
18.62062527180226
 30
0
 40
0.09379999999999999
  1
ANGLE VALVE
 50
0
 41
0.85
 51
0
  7
STANDARD
 71
    0
210
0
220
0
230
1
100
AcDbText
  0
LINE
  5
67D
100
AcDbEntity
  8
0
  6
ByLayer
 62
  256
370
   -1
100
AcDbLine
 10
39.8419727974302
 20
18.87062527180226
 11
43.0919727974302
 21
18.87062527180226
  0
TEXT
  5
67E
100
AcDbEntity
  8
TEXT
  6
ByLayer
 62
  256
370
   -1
100
AcDbText
 10
40.4669727974302
 20
18.99562527180226
 30
0
 40
0.125
  1
OTHERS VALVES
 50
0
 41
0.85
 51
0
  7
STANDARD
 71
    0
210
0
220
0
230
1
100
AcDbText
  0
INSERT
  5
67F
100
AcDbEntity
  8
EQUIP
  6
ByLayer
 62
  256
370
   -1
100
AcDbBlockReference
  2
VAL_ANGLE
 10
40.4669727974302
 20
18.62062527180226
 30
0
 41
0.25
 42
0.25
 43
0
 50
0
 70
    1
 71
    1
 44
0
 45
0
  0
LWPOLYLINE
  5
680
100
AcDbEntity
  8
MAJOR-1
  6
CONTINUOUS
 62
  256
370
   -1
100
AcDbPolyline
 90
    2
 70
    0
 43
0
 10
40.4669727974302
 20
18.37062527180226
 10
40.4669727974302
 20
18.49562527180226
  0
LWPOLYLINE
  5
681
100
AcDbEntity
  8
MAJOR-1
  6
CONTINUOUS
 62
  256
370
   -1
100
AcDbPolyline
 90
    2
 70
    0
 43
0
 10
40.5919727974302
 20
18.62062527180226
 10
40.9669727974302
 20
18.62062527180226
  0
INSERT
  5
682
100
AcDbEntity
  8
EQUIP
  6
ByLayer
 62
  256
370
   -1
100
AcDbBlockReference
  2
VAL_ANGLE1
 10
40.4669727974302
 20
17.99562527180226
 30
0
 41
0.25
 42
0.25
 43
0
 50
0
 70
    1
 71
    1
 44
0
 45
0
  0
LWPOLYLINE
  5
683
100
AcDbEntity
  8
MAJOR-1
  6
CONTINUOUS
 62
  256
370
   -1
100
AcDbPolyline
 90
    2
 70
    0
 43
0
 10
40.4669727974302
 20
17.74562527180226
 10
40.4669727974302
 20
17.87062527180226
  0
LWPOLYLINE
  5
684
100
AcDbEntity
  8
MAJOR-1
  6
CONTINUOUS
 62
  256
370
   -1
100
AcDbPolyline
 90
    2
 70
    0
 43
0
 10
40.5919727974302
 20
17.99562527180226
 10
40.9669727974302
 20
17.99562527180226
  0
TEXT
  5
685
100
AcDbEntity
  8
TEXT
  6
ByLayer
 62
  256
370
   -1
100
AcDbText
 10
41.0919727974302
 20
16.87062527180226
 30
0
 40
0.09379999999999999
  1
3 WAY VALVE
 50
0
 41
0.85
 51
0
  7
STANDARD
 71
    0
210
0
220
0
230
1
100
AcDbText
  0
INSERT
  5
686
100
AcDbEntity
  8
EQUIP
  6
ByLayer
 62
  256
370
   -1
100
AcDbBlockReference
  2
VAL_RELIEF
 10
40.4669727974302
 20
17.37062527180226
 30
0
 41
0.25
 42
0.25
 43
0
 50
0
 70
    1
 71
    1
 44
0
 45
0
  0
LWPOLYLINE
  5
687
100
AcDbEntity
  8
MAJOR-1
  6
CONTINUOUS
 62
  256
370
   -1
100
AcDbPolyline
 90
    2
 70
    0
 43
0
 10
40.9669727974302
 20
17.37062527180226
 10
40.5919727974302
 20
17.37062527180226
  0
LWPOLYLINE
  5
688
100
AcDbEntity
  8
MAJOR-1
  6
CONTINUOUS
 62
  256
370
   -1
100
AcDbPolyline
 90
    2
 70
    0
 43
0
 10
40.4669727974302
 20
17.24562527180226
 10
40.4669727974302
 20
17.12062527180226
  0
TEXT
  5
689
100
AcDbEntity
  8
TEXT
  6
ByLayer
 62
  256
370
   -1
100
AcDbText
 10
41.0919727974302
 20
16.37062527180226
 30
0
 40
0.09379999999999999
  1
3 WAY W/HANDLE
 50
0
 41
0.85
 51
0
  7
STANDARD
 71
    0
210
0
220
0
230
1
100
AcDbText
  0
TEXT
  5
68A
100
AcDbEntity
  8
TEXT
  6
ByLayer
 62
  256
370
   -1
100
AcDbText
 10
41.0919727974302
 20
15.87062527180226
 30
0
 40
0.09379999999999999
  1
3 WAY W/QUICK
 50
0
 41
0.85
 51
0
  7
STANDARD
 71
    0
210
0
220
0
230
1
100
AcDbText
  0
INSERT
  5
68B
100
AcDbEntity
  8
EQUIP
  6
ByLayer
 62
  256
370
   -1
100
AcDbBlockReference
  2
VAL_3_WAY
 10
40.4669727974302
 20
16.87062527180226
 30
0
 41
0.25
 42
0.25
 43
0
 50
0
 70
    1
 71
    1
 44
0
 45
0
  0
LWPOLYLINE
  5
68C
100
AcDbEntity
  8
MAJOR-1
  6
CONTINUOUS
 62
  256
370
   -1
100
AcDbPolyline
 90
    2
 70
    0
 43
0
 10
40.3419727974302
 20
16.87062527180226
 10
39.9669727974302
 20
16.87062527180226
  0
LWPOLYLINE
  5
68D
100
AcDbEntity
  8
MAJOR-1
  6
CONTINUOUS
 62
  256
370
   -1
100
AcDbPolyline
 90
    2
 70
    0
 43
0
 10
40.9669727974302
 20
16.87062527180226
 10
40.5919727974302
 20
16.87062527180226
  0
LWPOLYLINE
  5
68E
100
AcDbEntity
  8
MAJOR-1
  6
CONTINUOUS
 62
  256
370
   -1
100
AcDbPolyline
 90
    2
 70
    0
 43
0
 10
40.4669727974302
 20
16.74562527180226
 10
40.4669727974302
 20
16.62062527180226
  0
INSERT
  5
68F
100
AcDbEntity
  8
EQUIP
  6
ByLayer
 62
  256
370
   -1
100
AcDbBlockReference
  2
VAL_3_WAY1
 10
40.4669727974302
 20
16.37062527180226
 30
0
 41
0.25
 42
0.25
 43
0
 50
0
 70
    1
 71
    1
 44
0
 45
0
  0
LWPOLYLINE
  5
690
100
AcDbEntity
  8
MAJOR-1
  6
CONTINUOUS
 62
  256
370
   -1
100
AcDbPolyline
 90
    2
 70
    0
 43
0
 10
40.3419727974302
 20
16.37062527180226
 10
39.9669727974302
 20
16.37062527180226
  0
LWPOLYLINE
  5
691
100
AcDbEntity
  8
MAJOR-1
  6
CONTINUOUS
 62
  256
370
   -1
100
AcDbPolyline
 90
    2
 70
    0
 43
0
 10
40.9669727974302
 20
16.37062527180226
 10
40.5919727974302
 20
16.37062527180226
  0
LWPOLYLINE
  5
692
100
AcDbEntity
  8
MAJOR-1
  6
CONTINUOUS
 62
  256
370
   -1
100
AcDbPolyline
 90
    2
 70
    0
 43
0
 10
40.4669727974302
 20
16.24562527180226
 10
40.4669727974302
 20
16.12062527180226
  0
TEXT
  5
693
100
AcDbEntity
  8
TEXT
  6
ByLayer
 62
  256
370
   -1
100
AcDbText
 10
41.0919727974302
 20
15.24562527180226
 30
0
 40
0.09379999999999999
  1
3 WAY RELIEF
 50
0
 41
0.85
 51
0
  7
STANDARD
 71
    0
210
0
220
0
230
1
100
AcDbText
  0
INSERT
  5
694
100
AcDbEntity
  8
EQUIP
  6
ByLayer
 62
  256
370
   -1
100
AcDbBlockReference
  2
VAL_3_WAY2
 10
40.4669727974302
 20
15.87062527180226
 30
0
 41
0.25
 42
0.25
 43
0
 50
0
 70
    1
 71
    1
 44
0
 45
0
  0
LWPOLYLINE
  5
695
100
AcDbEntity
  8
MAJOR-1
  6
CONTINUOUS
 62
  256
370
   -1
100
AcDbPolyline
 90
    2
 70
    0
 43
0
 10
40.3419727974302
 20
15.87062527180226
 10
39.9669727974302
 20
15.87062527180226
  0
LWPOLYLINE
  5
696
100
AcDbEntity
  8
MAJOR-1
  6
CONTINUOUS
 62
  256
370
   -1
100
AcDbPolyline
 90
    2
 70
    0
 43
0
 10
40.9669727974302
 20
15.87062527180226
 10
40.5919727974302
 20
15.87062527180226
  0
LWPOLYLINE
  5
697
100
AcDbEntity
  8
MAJOR-1
  6
CONTINUOUS
 62
  256
370
   -1
100
AcDbPolyline
 90
    2
 70
    0
 43
0
 10
40.4669727974302
 20
15.74562527180226
 10
40.4669727974302
 20
15.62062527180226
  0
TEXT
  5
698
100
AcDbEntity
  8
TEXT
  6
ByLayer
 62
  256
370
   -1
100
AcDbText
 10
41.0919727974302
 20
14.62062527180226
 30
0
 40
0.09379999999999999
  1
4 WAY VALVE
 50
0
 41
0.85
 51
0
  7
STANDARD
 71
    0
210
0
220
0
230
1
100
AcDbText
  0
INSERT
  5
699
100
AcDbEntity
  8
EQUIP
  6
ByLayer
 62
  256
370
   -1
100
AcDbBlockReference
  2
VAL_3_RELIEF
 10
40.4669727974302
 20
15.24562527180226
 30
0
 41
0.25
 42
0.25
 43
0
 50
0
 70
    1
 71
    1
 44
0
 45
0
  0
LWPOLYLINE
  5
69A
100
AcDbEntity
  8
MAJOR-1
  6
CONTINUOUS
 62
  256
370
   -1
100
AcDbPolyline
 90
    2
 70
    0
 43
0
 10
40.3419727974302
 20
15.24562527180226
 10
39.9669727974302
 20
15.24562527180226
  0
LWPOLYLINE
  5
69B
100
AcDbEntity
  8
MAJOR-1
  6
CONTINUOUS
 62
  256
370
   -1
100
AcDbPolyline
 90
    2
 70
    0
 43
0
 10
40.9669727974302
 20
15.24562527180226
 10
40.5919727974302
 20
15.24562527180226
  0
LWPOLYLINE
  5
69C
100
AcDbEntity
  8
MAJOR-1
  6
CONTINUOUS
 62
  256
370
   -1
100
AcDbPolyline
 90
    2
 70
    0
 43
0
 10
40.4669727974302
 20
15.12062527180226
 10
40.4669727974302
 20
14.99562527180226
  0
INSERT
  5
69D
100
AcDbEntity
  8
EQUIP
  6
ByLayer
 62
  256
370
   -1
100
AcDbBlockReference
  2
VAL_4_WAY
 10
40.4669727974302
 20
14.62062527180226
 30
0
 41
0.25
 42
0.25
 43
0
 50
0
 70
    1
 71
    1
 44
0
 45
0
  0
LWPOLYLINE
  5
69E
100
AcDbEntity
  8
MAJOR-1
  6
CONTINUOUS
 62
  256
370
   -1
100
AcDbPolyline
 90
    2
 70
    0
 43
0
 10
40.4669727974302
 20
14.49562527180226
 10
40.4669727974302
 20
14.37062527180226
  0
LWPOLYLINE
  5
69F
100
AcDbEntity
  8
MAJOR-1
  6
CONTINUOUS
 62
  256
370
   -1
100
AcDbPolyline
 90
    2
 70
    0
 43
0
 10
40.9669727974302
 20
14.62062527180226
 10
40.5919727974302
 20
14.62062527180226
  0
LWPOLYLINE
  5
6A0
100
AcDbEntity
  8
MAJOR-1
  6
CONTINUOUS
 62
  256
370
   -1
100
AcDbPolyline
 90
    2
 70
    0
 43
0
 10
40.3419727974302
 20
14.62062527180226
 10
39.9669727974302
 20
14.62062527180226
  0
LWPOLYLINE
  5
6A1
100
AcDbEntity
  8
MAJOR-1
  6
CONTINUOUS
 62
  256
370
   -1
100
AcDbPolyline
 90
    2
 70
    0
 43
0
 10
40.4669727974302
 20
14.87062527180226
 10
40.4669727974302
 20
14.74562527180226
  0
LWPOLYLINE
  5
6A2
100
AcDbEntity
  8
0
  6
ByLayer
 62
  256
370
   -1
100
AcDbPolyline
 90
    4
 70
    1
 43
0
 10
46.4669727974302
 20
22.74562527180226
 10
43.0919727974302
 20
22.74562527180226
 10
43.0919727974302
 20
28.12062527180226
 10
46.4669727974302
 20
28.12062527180226
  0
TEXT
  5
6A3
100
AcDbEntity
  8
TEXT
  6
ByLayer
 62
  256
370
   -1
100
AcDbText
 10
44.3419727974302
 20
27.49562527180226
 30
0
 40
0.09379999999999999
  1
FLANGE
 50
0
 41
0.85
 51
0
  7
STANDARD
 71
    0
210
0
220
0
230
1
100
AcDbText
  0
TEXT
  5
6A4
100
AcDbEntity
  8
TEXT
  6
ByLayer
 62
  256
370
   -1
100
AcDbText
 10
43.7169727974302
 20
27.87062527180226
 30
0
 40
0.125
  1
FLANGES AND REDUCERS
 50
0
 41
0.85
 51
0
  7
STANDARD
 71
    0
210
0
220
0
230
1
100
AcDbText
  0
LINE
  5
6A5
100
AcDbEntity
  8
0
  6
ByLayer
 62
  256
370
   -1
100
AcDbLine
 10
43.0919727974302
 20
27.74562527180226
 11
46.4669727974302
 21
27.74562527180226
  0
TEXT
  5
6A6
100
AcDbEntity
  8
TEXT
  6
ByLayer
 62
  256
370
   -1
100
AcDbText
 10
44.3419727974302
 20
27.12062527180226
 30
0
 40
0.09379999999999999
  1
SPECTACLE OPEN
 50
0
 41
0.85
 51
0
  7
STANDARD
 71
    0
210
0
220
0
230
1
100
AcDbText
  0
TEXT
  5
6A7
100
AcDbEntity
  8
TEXT
  6
ByLayer
 62
  256
370
   -1
100
AcDbText
 10
44.3419727974302
 20
26.74562527180226
 30
0
 40
0.09379999999999999
  1
SPECTACLE CLOSED
 50
0
 41
0.85
 51
0
  7
STANDARD
 71
    0
210
0
220
0
230
1
100
AcDbText
  0
TEXT
  5
6A8
100
AcDbEntity
  8
TEXT
  6
ByLayer
 62
  256
370
   -1
100
AcDbText
 10
44.3419727974302
 20
26.37062527180226
 30
0
 40
0.09379999999999999
  1
ORIFICE PAIR W/VALVES
 50
0
 41
0.85
 51
0
  7
STANDARD
 71
    0
210
0
220
0
230
1
100
AcDbText
  0
TEXT
  5
6A9
100
AcDbEntity
  8
TEXT
  6
ByLayer
 62
  256
370
   -1
100
AcDbText
 10
44.3419727974302
 20
25.99562527180226
 30
0
 40
0.09379999999999999
  1
ORIFICE PAIR W/VALVES TAPED
 50
0
 41
0.85
 51
0
  7
STANDARD
 71
    0
210
0
220
0
230
1
100
AcDbText
  0
TEXT
  5
6AA
100
AcDbEntity
  8
TEXT
  6
ByLayer
 62
  256
370
   -1
100
AcDbText
 10
44.3419727974302
 20
25.62062527180226
 30
0
 40
0.09379999999999999
  1
UNION
 50
0
 41
0.85
 51
0
  7
STANDARD
 71
    0
210
0
220
0
230
1
100
AcDbText
  0
TEXT
  5
6AB
100
AcDbEntity
  8
TEXT
  6
ByLayer
 62
  256
370
   -1
100
AcDbText
 10
44.3419727974302
 20
25.24562527180226
 30
0
 40
0.09379999999999999
  1
BLEED RING
 50
0
 41
0.85
 51
0
  7
STANDARD
 71
    0
210
0
220
0
230
1
100
AcDbText
  0
INSERT
  5
6AC
100
AcDbEntity
  8
EQUIP
  6
ByLayer
 62
  256
370
   -1
100
AcDbBlockReference
  2
FLANGE
 10
43.5919727974302
 20
27.49562527180226
 30
0
 41
0.0625
 42
0.0625
 43
0
 50
0
 70
    1
 71
    1
 44
0
 45
0
  0
LWPOLYLINE
  5
6AD
100
AcDbEntity
  8
MAJOR-1
  6
CONTINUOUS
 62
  256
370
   -1
100
AcDbPolyline
 90
    2
 70
    0
 43
0
 10
43.2169727974302
 20
27.49562527180226
 10
43.5919727974302
 20
27.49562527180226
  0
LWPOLYLINE
  5
6AE
100
AcDbEntity
  8
MAJOR-1
  6
CONTINUOUS
 62
  256
370
   -1
100
AcDbPolyline
 90
    2
 70
    0
 43
0
 10
43.6544727974302
 20
27.49562527180226
 10
44.2169727974302
 20
27.49562527180226
  0
INSERT
  5
6AF
100
AcDbEntity
  8
EQUIP
  6
ByLayer
 62
  256
370
   -1
100
AcDbBlockReference
  2
SPEC_OPEN
 10
43.5919727974302
 20
27.12062527180226
 30
0
 41
0.125
 42
0.125
 43
0
 50
0
 70
    1
 71
    1
 44
0
 45
0
  0
LWPOLYLINE
  5
6B0
100
AcDbEntity
  8
MAJOR-1
  6
CONTINUOUS
 62
  256
370
   -1
100
AcDbPolyline
 90
    2
 70
    0
 43
0
 10
43.2169727974302
 20
27.12062527180226
 10
43.5919727974302
 20
27.12062527180226
  0
LWPOLYLINE
  5
6B1
100
AcDbEntity
  8
MAJOR-1
  6
CONTINUOUS
 62
  256
370
   -1
100
AcDbPolyline
 90
    2
 70
    0
 43
0
 10
43.7169727974302
 20
27.12062527180226
 10
44.2169727974302
 20
27.12062527180226
  0
INSERT
  5
6B2
100
AcDbEntity
  8
EQUIP
  6
ByLayer
 62
  256
370
   -1
100
AcDbBlockReference
  2
SPEC_CLOSED
 10
43.5919727974302
 20
26.74562527180226
 30
0
 41
0.125
 42
0.125
 43
0
 50
0
 70
    1
 71
    1
 44
0
 45
0
  0
LWPOLYLINE
  5
6B3
100
AcDbEntity
  8
MAJOR-1
  6
CONTINUOUS
 62
  256
370
   -1
100
AcDbPolyline
 90
    2
 70
    0
 43
0
 10
43.2169727974302
 20
26.74562527180226
 10
43.5919727974302
 20
26.74562527180226
  0
LWPOLYLINE
  5
6B4
100
AcDbEntity
  8
MAJOR-1
  6
CONTINUOUS
 62
  256
370
   -1
100
AcDbPolyline
 90
    2
 70
    0
 43
0
 10
43.7169727974302
 20
26.74562527180226
 10
44.2169727974302
 20
26.74562527180226
  0
INSERT
  5
6B5
100
AcDbEntity
  8
EQUIP
  6
ByLayer
 62
  256
370
   -1
100
AcDbBlockReference
  2
ORIFICE_VALVE
 10
43.5919727974302
 20
26.37062527180226
 30
0
 41
0.125
 42
0.125
 43
0
 50
0
 70
    1
 71
    1
 44
0
 45
0
  0
LWPOLYLINE
  5
6B6
100
AcDbEntity
  8
MAJOR-1
  6
CONTINUOUS
 62
  256
370
   -1
100
AcDbPolyline
 90
    2
 70
    0
 43
0
 10
43.2169727974302
 20
26.37062527180226
 10
43.5919727974302
 20
26.37062527180226
  0
LWPOLYLINE
  5
6B7
100
AcDbEntity
  8
MAJOR-1
  6
CONTINUOUS
 62
  256
370
   -1
100
AcDbPolyline
 90
    2
 70
    0
 43
0
 10
43.7169727974302
 20
26.37062527180226
 10
44.2169727974302
 20
26.37062527180226
  0
INSERT
  5
6B8
100
AcDbEntity
  8
EQUIP
  6
ByLayer
 62
  256
370
   -1
100
AcDbBlockReference
  2
ORIFICE_VALVE_TAP
 10
43.5919727974302
 20
25.99562527180226
 30
0
 41
0.125
 42
0.125
 43
0
 50
0
 70
    1
 71
    1
 44
0
 45
0
  0
LWPOLYLINE
  5
6B9
100
AcDbEntity
  8
MAJOR-1
  6
CONTINUOUS
 62
  256
370
   -1
100
AcDbPolyline
 90
    2
 70
    0
 43
0
 10
43.2169727974302
 20
25.99562527180226
 10
43.5919727974302
 20
25.99562527180226
  0
LWPOLYLINE
  5
6BA
100
AcDbEntity
  8
MAJOR-1
  6
CONTINUOUS
 62
  256
370
   -1
100
AcDbPolyline
 90
    2
 70
    0
 43
0
 10
43.7169727974302
 20
25.99562527180226
 10
44.2169727974302
 20
25.99562527180226
  0
INSERT
  5
6BB
100
AcDbEntity
  8
EQUIP
  6
ByLayer
 62
  256
370
   -1
100
AcDbBlockReference
  2
UNION
 10
43.5919727974302
 20
25.62062527180226
 30
0
 41
0.125
 42
0.125
 43
0
 50
0
 70
    1
 71
    1
 44
0
 45
0
  0
LWPOLYLINE
  5
6BC
100
AcDbEntity
  8
MAJOR-1
  6
CONTINUOUS
 62
  256
370
   -1
100
AcDbPolyline
 90
    2
 70
    0
 43
0
 10
43.2169727974302
 20
25.62062527180226
 10
43.5919727974302
 20
25.62062527180226
  0
LWPOLYLINE
  5
6BD
100
AcDbEntity
  8
MAJOR-1
  6
CONTINUOUS
 62
  256
370
   -1
100
AcDbPolyline
 90
    2
 70
    0
 43
0
 10
43.7169727974302
 20
25.62062527180226
 10
44.2169727974302
 20
25.62062527180226
  0
TEXT
  5
6BE
100
AcDbEntity
  8
TEXT
  6
ByLayer
 62
  256
370
   -1
100
AcDbText
 10
44.3419727974302
 20
24.87062527180226
 30
0
 40
0.09379999999999999
  1
BLEED RING W/VALVE
 50
0
 41
0.85
 51
0
  7
STANDARD
 71
    0
210
0
220
0
230
1
100
AcDbText
  0
TEXT
  5
6BF
100
AcDbEntity
  8
TEXT
  6
ByLayer
 62
  256
370
   -1
100
AcDbText
 10
44.3419727974302
 20
24.49562527180226
 30
0
 40
0.09379999999999999
  1
ORIFICE PAIR
 50
0
 41
0.85
 51
0
  7
STANDARD
 71
    0
210
0
220
0
230
1
100
AcDbText
  0
TEXT
  5
6C0
100
AcDbEntity
  8
TEXT
  6
ByLayer
 62
  256
370
   -1
100
AcDbText
 10
44.3419727974302
 20
24.12062527180226
 30
0
 40
0.09379999999999999
  1
REDUCER - CONCENTRIC
 50
0
 41
0.85
 51
0
  7
STANDARD
 71
    0
210
0
220
0
230
1
100
AcDbText
  0
TEXT
  5
6C1
100
AcDbEntity
  8
TEXT
  6
ByLayer
 62
  256
370
   -1
100
AcDbText
 10
44.3419727974302
 20
23.74562527180226
 30
0
 40
0.09379999999999999
  1
RED.- ECCENTRIC (FLAT DOWN)
 50
0
 41
0.85
 51
0
  7
STANDARD
 71
    0
210
0
220
0
230
1
100
AcDbText
  0
TEXT
  5
6C2
100
AcDbEntity
  8
TEXT
  6
ByLayer
 62
  256
370
   -1
100
AcDbText
 10
44.3419727974302
 20
22.99562527180226
 30
0
 40
0.09379999999999999
  1
SWAGE CONCENTRIC
 50
0
 41
0.85
 51
0
  7
STANDARD
 71
    0
210
0
220
0
230
1
100
AcDbText
  0
INSERT
  5
6C3
100
AcDbEntity
  8
EQUIP
  6
ByLayer
 62
  256
370
   -1
100
AcDbBlockReference
  2
BLEED
 10
43.5919727974302
 20
25.24562527180226
 30
0
 41
0.0625
 42
0.0625
 43
0
 50
0
 70
    1
 71
    1
 44
0
 45
0
  0
LWPOLYLINE
  5
6C4
100
AcDbEntity
  8
MAJOR-1
  6
CONTINUOUS
 62
  256
370
   -1
100
AcDbPolyline
 90
    2
 70
    0
 43
0
 10
43.2169727974302
 20
25.24562527180226
 10
43.5919727974302
 20
25.24562527180226
  0
LWPOLYLINE
  5
6C5
100
AcDbEntity
  8
MAJOR-1
  6
CONTINUOUS
 62
  256
370
   -1
100
AcDbPolyline
 90
    2
 70
    0
 43
0
 10
43.6544727974302
 20
25.24562527180226
 10
44.2169727974302
 20
25.24562527180226
  0
INSERT
  5
6C6
100
AcDbEntity
  8
EQUIP
  6
ByLayer
 62
  256
370
   -1
100
AcDbBlockReference
  2
BLEED_VALVE
 10
43.5919727974302
 20
24.87062527180226
 30
0
 41
0.0625
 42
0.0625
 43
0
 50
0
 70
    1
 71
    1
 44
0
 45
0
  0
LWPOLYLINE
  5
6C7
100
AcDbEntity
  8
MAJOR-1
  6
CONTINUOUS
 62
  256
370
   -1
100
AcDbPolyline
 90
    2
 70
    0
 43
0
 10
43.2169727974302
 20
24.87062527180226
 10
43.5919727974302
 20
24.87062527180226
  0
LWPOLYLINE
  5
6C8
100
AcDbEntity
  8
MAJOR-1
  6
CONTINUOUS
 62
  256
370
   -1
100
AcDbPolyline
 90
    2
 70
    0
 43
0
 10
43.6544727974302
 20
24.87062527180226
 10
44.2169727974302
 20
24.87062527180226
  0
INSERT
  5
6C9
100
AcDbEntity
  8
EQUIP
  6
ByLayer
 62
  256
370
   -1
100
AcDbBlockReference
  2
ORIFICE
 10
43.5919727974302
 20
24.49562527180226
 30
0
 41
0.125
 42
0.125
 43
0
 50
0
 70
    1
 71
    1
 44
0
 45
0
  0
LWPOLYLINE
  5
6CA
100
AcDbEntity
  8
MAJOR-1
  6
CONTINUOUS
 62
  256
370
   -1
100
AcDbPolyline
 90
    2
 70
    0
 43
0
 10
43.2169727974302
 20
24.49562527180226
 10
43.5919727974302
 20
24.49562527180226
  0
LWPOLYLINE
  5
6CB
100
AcDbEntity
  8
MAJOR-1
  6
CONTINUOUS
 62
  256
370
   -1
100
AcDbPolyline
 90
    2
 70
    0
 43
0
 10
43.7169727974302
 20
24.49562527180226
 10
44.2169727974302
 20
24.49562527180226
  0
TEXT
  5
6CC
100
AcDbEntity
  8
TEXT
  6
ByLayer
 62
  256
370
   -1
100
AcDbText
 10
44.3419727974302
 20
23.37062527180226
 30
0
 40
0.09379999999999999
  1
RED.- ECCENTRIC (FLAT UP)
 50
0
 41
0.85
 51
0
  7
STANDARD
 71
    0
210
0
220
0
230
1
100
AcDbText
  0
LWPOLYLINE
  5
6CD
100
AcDbEntity
  8
0
  6
ByLayer
 62
  256
370
   -1
100
AcDbPolyline
 90
    4
 70
    1
 43
0
 10
46.4669727974302
 20
18.49562527180226
 10
43.0919727974302
 20
18.49562527180226
 10
43.0919727974302
 20
22.74562527180226
 10
46.4669727974302
 20
22.74562527180226
  0
LINE
  5
6CE
100
AcDbEntity
  8
0
  6
ByLayer
 62
  256
370
   -1
100
AcDbLine
 10
43.0919727974302
 20
22.37062527180226
 11
46.4669727974302
 21
22.37062527180226
  0
TEXT
  5
6CF
100
AcDbEntity
  8
TEXT
  6
ByLayer
 62
  256
370
   -1
100
AcDbText
 10
44.0919727974302
 20
22.49562527180226
 30
0
 40
0.125
  1
INLINE
 50
0
 41
0.85
 51
0
  7
STANDARD
 71
    0
210
0
220
0
230
1
100
AcDbText
  0
INSERT
  5
6D0
100
AcDbEntity
  8
EQUIP
  6
ByLayer
 62
  256
370
   -1
100
AcDbBlockReference
  2
REDUCER_CONC
 10
43.5919727974302
 20
24.12062527180226
 30
0
 41
0.125
 42
0.125
 43
0
 50
0
 70
    1
 71
    1
 44
0
 45
0
  0
LWPOLYLINE
  5
6D1
100
AcDbEntity
  8
MAJOR-1
  6
CONTINUOUS
 62
  256
370
   -1
100
AcDbPolyline
 90
    2
 70
    0
 43
0
 10
43.2169727974302
 20
24.12062527180226
 10
43.5919727974302
 20
24.12062527180226
  0
LWPOLYLINE
  5
6D2
100
AcDbEntity
  8
MAJOR-1
  6
CONTINUOUS
 62
  256
370
   -1
100
AcDbPolyline
 90
    2
 70
    0
 43
0
 10
43.7169727974302
 20
24.12062527180226
 10
44.2169727974302
 20
24.12062527180226
  0
INSERT
  5
6D3
100
AcDbEntity
  8
EQUIP
  6
ByLayer
 62
  256
370
   -1
100
AcDbBlockReference
  2
REDUCER_ECC_DOWN
 10
43.5919727974302
 20
23.74562527180226
 30
0
 41
0.125
 42
0.125
 43
0
 50
0
 70
    1
 71
    1
 44
0
 45
0
  0
LWPOLYLINE
  5
6D4
100
AcDbEntity
  8
MAJOR-1
  6
CONTINUOUS
 62
  256
370
   -1
100
AcDbPolyline
 90
    2
 70
    0
 43
0
 10
43.2169727974302
 20
23.74562527180226
 10
43.5919727974302
 20
23.74562527180226
  0
LWPOLYLINE
  5
6D5
100
AcDbEntity
  8
MAJOR-1
  6
CONTINUOUS
 62
  256
370
   -1
100
AcDbPolyline
 90
    2
 70
    0
 43
0
 10
43.7169727974302
 20
23.74562527180226
 10
44.2169727974302
 20
23.74562527180226
  0
INSERT
  5
6D6
100
AcDbEntity
  8
EQUIP
  6
ByLayer
 62
  256
370
   -1
100
AcDbBlockReference
  2
REDUCER_ECC_UP
 10
43.5919727974302
 20
23.37062527180226
 30
0
 41
0.125
 42
0.125
 43
0
 50
0
 70
    1
 71
    1
 44
0
 45
0
  0
LWPOLYLINE
  5
6D7
100
AcDbEntity
  8
MAJOR-1
  6
CONTINUOUS
 62
  256
370
   -1
100
AcDbPolyline
 90
    2
 70
    0
 43
0
 10
43.2169727974302
 20
23.37062527180226
 10
43.5919727974302
 20
23.37062527180226
  0
LWPOLYLINE
  5
6D8
100
AcDbEntity
  8
MAJOR-1
  6
CONTINUOUS
 62
  256
370
   -1
100
AcDbPolyline
 90
    2
 70
    0
 43
0
 10
43.7169727974302
 20
23.37062527180226
 10
44.2169727974302
 20
23.37062527180226
  0
INSERT
  5
6D9
100
AcDbEntity
  8
EQUIP
  6
ByLayer
 62
  256
370
   -1
100
AcDbBlockReference
  2
SWAGE_CONC
 10
43.5919727974302
 20
22.99562527180226
 30
0
 41
0.25
 42
0.25
 43
0
 50
0
 70
    1
 71
    1
 44
0
 45
0
  0
LWPOLYLINE
  5
6DA
100
AcDbEntity
  8
MAJOR-1
  6
CONTINUOUS
 62
  256
370
   -1
100
AcDbPolyline
 90
    2
 70
    0
 43
0
 10
43.2169727974302
 20
22.99562527180226
 10
43.5919727974302
 20
22.99562527180226
  0
LWPOLYLINE
  5
6DB
100
AcDbEntity
  8
MAJOR-1
  6
CONTINUOUS
 62
  256
370
   -1
100
AcDbPolyline
 90
    2
 70
    0
 43
0
 10
43.8419727974302
 20
22.99562527180226
 10
44.2169727974302
 20
22.99562527180226
  0
TEXT
  5
6DC
100
AcDbEntity
  8
TEXT
  6
ByLayer
 62
  256
370
   -1
100
AcDbText
 10
44.3419727974302
 20
19.87062527180226
 30
0
 40
0.09379999999999999
  1
FLOW INDICATOR
 50
0
 41
0.85
 51
0
  7
STANDARD
 71
    0
210
0
220
0
230
1
100
AcDbText
  0
TEXT
  5
6DD
100
AcDbEntity
  8
TEXT
  6
ByLayer
 62
  256
370
   -1
100
AcDbText
 10
44.3419727974302
 20
20.24562527180226
 30
0
 40
0.09379999999999999
  1
VENTURI
 50
0
 41
0.85
 51
0
  7
STANDARD
 71
    0
210
0
220
0
230
1
100
AcDbText
  0
TEXT
  5
6DE
100
AcDbEntity
  8
TEXT
  6
ByLayer
 62
  256
370
   -1
100
AcDbText
 10
44.3419727974302
 20
20.62062527180226
 30
0
 40
0.09379999999999999
  1
VENTURI W/TAPS
 50
0
 41
0.85
 51
0
  7
STANDARD
 71
    0
210
0
220
0
230
1
100
AcDbText
  0
TEXT
  5
6DF
100
AcDbEntity
  8
TEXT
  6
ByLayer
 62
  256
370
   -1
100
AcDbText
 10
44.3419727974302
 20
20.99562527180226
 30
0
 40
0.09379999999999999
  1
MAGNETIC METER
 50
0
 41
0.85
 51
0
  7
STANDARD
 71
    0
210
0
220
0
230
1
100
AcDbText
  0
TEXT
  5
6E0
100
AcDbEntity
  8
TEXT
  6
ByLayer
 62
  256
370
   -1
100
AcDbText
 10
44.3419727974302
 20
21.37062527180226
 30
0
 40
0.09379999999999999
  1
"Y" STRAINER W/VALVE
 50
0
 41
0.85
 51
0
  7
STANDARD
 71
    0
210
0
220
0
230
1
100
AcDbText
  0
TEXT
  5
6E1
100
AcDbEntity
  8
TEXT
  6
ByLayer
 62
  256
370
   -1
100
AcDbText
 10
44.3419727974302
 20
21.74562527180226
 30
0
 40
0.09379999999999999
  1
"Y" STARINER
 50
0
 41
0.85
 51
0
  7
STANDARD
 71
    0
210
0
220
0
230
1
100
AcDbText
  0
TEXT
  5
6E2
100
AcDbEntity
  8
TEXT
  6
ByLayer
 62
  256
370
   -1
100
AcDbText
 10
44.3419727974302
 20
22.12062527180226
 30
0
 40
0.09379999999999999
  1
BASKET STRAINER
 50
0
 41
0.85
 51
0
  7
STANDARD
 71
    0
210
0
220
0
230
1
100
AcDbText
  0
INSERT
  5
6E3
100
AcDbEntity
  8
EQUIP
  6
ByLayer
 62
  256
370
   -1
100
AcDbBlockReference
  2
Y_STRAINER_VALVE
 10
43.7169727974302
 20
21.37062527180226
 30
0
 41
0.25
 42
0.25
 43
0
 50
0
 70
    1
 71
    1
 44
0
 45
0
  0
INSERT
  5
6E4
100
AcDbEntity
  8
EQUIP
  6
ByLayer
 62
  256
370
   -1
100
AcDbBlockReference
  2
MAGMETER
 10
43.7169727974302
 20
20.99562527180226
 30
0
 41
0.25
 42
0.25
 43
0
 50
0
 70
    1
 71
    1
 44
0
 45
0
  0
LWPOLYLINE
  5
6E5
100
AcDbEntity
  8
MAJOR-1
  6
CONTINUOUS
 62
  256
370
   -1
100
AcDbPolyline
 90
    2
 70
    0
 43
0
 10
43.2169727974302
 20
20.99562527180226
 10
43.5919727974302
 20
20.99562527180226
  0
LWPOLYLINE
  5
6E6
100
AcDbEntity
  8
MAJOR-1
  6
CONTINUOUS
 62
  256
370
   -1
100
AcDbPolyline
 90
    2
 70
    0
 43
0
 10
43.8419727974302
 20
20.99562527180226
 10
44.2169727974302
 20
20.99562527180226
  0
INSERT
  5
6E7
100
AcDbEntity
  8
EQUIP
  6
ByLayer
 62
  256
370
   -1
100
AcDbBlockReference
  2
VENTURI_TAP
 10
43.7169727974302
 20
20.62062527180226
 30
0
 41
0.25
 42
0.25
 43
0
 50
0
 70
    1
 71
    1
 44
0
 45
0
  0
LWPOLYLINE
  5
6E8
100
AcDbEntity
  8
MAJOR-1
  6
CONTINUOUS
 62
  256
370
   -1
100
AcDbPolyline
 90
    2
 70
    0
 43
0
 10
43.2169727974302
 20
20.62062527180226
 10
43.5919727974302
 20
20.62062527180226
  0
LWPOLYLINE
  5
6E9
100
AcDbEntity
  8
MAJOR-1
  6
CONTINUOUS
 62
  256
370
   -1
100
AcDbPolyline
 90
    2
 70
    0
 43
0
 10
43.8419727974302
 20
20.62062527180226
 10
44.2169727974302
 20
20.62062527180226
  0
INSERT
  5
6EA
100
AcDbEntity
  8
EQUIP
  6
ByLayer
 62
  256
370
   -1
100
AcDbBlockReference
  2
BASKET_STRAINER
 10
43.7169727974302
 20
22.12062527180226
 30
0
 41
0.25
 42
0.25
 43
0
 50
0
 70
    1
 71
    1
 44
0
 45
0
  0
INSERT
  5
6EB
100
AcDbEntity
  8
EQUIP
  6
ByLayer
 62
  256
370
   -1
100
AcDbBlockReference
  2
Y_STRAINER
 10
43.7169727974302
 20
21.74562527180226
 30
0
 41
0.25
 42
0.25
 43
0
 50
0
 70
    1
 71
    1
 44
0
 45
0
  0
INSERT
  5
6EC
100
AcDbEntity
  8
EQUIP
  6
ByLayer
 62
  256
370
   -1
100
AcDbBlockReference
  2
VENTURI
 10
43.7169727974302
 20
20.24562527180226
 30
0
 41
0.25
 42
0.25
 43
0
 50
0
 70
    1
 71
    1
 44
0
 45
0
  0
LWPOLYLINE
  5
6ED
100
AcDbEntity
  8
MAJOR-1
  6
CONTINUOUS
 62
  256
370
   -1
100
AcDbPolyline
 90
    2
 70
    0
 43
0
 10
43.2169727974302
 20
20.24562527180226
 10
43.5919727974302
 20
20.24562527180226
  0
LWPOLYLINE
  5
6EE
100
AcDbEntity
  8
MAJOR-1
  6
CONTINUOUS
 62
  256
370
   -1
100
AcDbPolyline
 90
    2
 70
    0
 43
0
 10
43.8419727974302
 20
20.24562527180226
 10
44.2169727974302
 20
20.24562527180226
  0
TEXT
  5
6EF
100
AcDbEntity
  8
TEXT
  6
ByLayer
 62
  256
370
   -1
100
AcDbText
 10
44.3419727974302
 20
19.49562527180226
 30
0
 40
0.09379999999999999
  1
EXPANSION
 50
0
 41
0.85
 51
0
  7
STANDARD
 71
    0
210
0
220
0
230
1
100
AcDbText
  0
TEXT
  5
6F0
100
AcDbEntity
  8
TEXT
  6
ByLayer
 62
  256
370
   -1
100
AcDbText
 10
44.3419727974302
 20
19.12062527180226
 30
0
 40
0.09379999999999999
  1
CLEANOUT TEE
 50
0
 41
0.85
 51
0
  7
STANDARD
 71
    0
210
0
220
0
230
1
100
AcDbText
  0
TEXT
  5
6F1
100
AcDbEntity
  8
TEXT
  6
ByLayer
 62
  256
370
   -1
100
AcDbText
 10
44.3419727974302
 20
18.74562527180226
 30
0
 40
0.09379999999999999
  1
INSULATION
 50
0
 41
0.85
 51
0
  7
STANDARD
 71
    0
210
0
220
0
230
1
100
AcDbText
  0
INSERT
  5
6F2
100
AcDbEntity
  8
EQUIP
  6
ByLayer
 62
  256
370
   -1
100
AcDbBlockReference
  2
FLOW
 10
43.7169727974302
 20
19.87062527180226
 30
0
 41
0.25
 42
0.25
 43
0
 50
0
 70
    1
 71
    1
 44
0
 45
0
  0
LWPOLYLINE
  5
6F3
100
AcDbEntity
  8
MAJOR-1
  6
CONTINUOUS
 62
  256
370
   -1
100
AcDbPolyline
 90
    2
 70
    0
 43
0
 10
43.2169727974302
 20
19.87062527180226
 10
43.5919727974302
 20
19.87062527180226
  0
LWPOLYLINE
  5
6F4
100
AcDbEntity
  8
MAJOR-1
  6
CONTINUOUS
 62
  256
370
   -1
100
AcDbPolyline
 90
    2
 70
    0
 43
0
 10
43.8419727974302
 20
19.87062527180226
 10
44.2169727974302
 20
19.87062527180226
  0
INSERT
  5
6F5
100
AcDbEntity
  8
EQUIP
  6
ByLayer
 62
  256
370
   -1
100
AcDbBlockReference
  2
EXPANSION
 10
43.7169727974302
 20
19.49562527180226
 30
0
 41
0.25
 42
0.25
 43
0
 50
0
 70
    1
 71
    1
 44
0
 45
0
  0
LWPOLYLINE
  5
6F6
100
AcDbEntity
  8
MAJOR-1
  6
CONTINUOUS
 62
  256
370
   -1
100
AcDbPolyline
 90
    2
 70
    0
 43
0
 10
43.2169727974302
 20
19.49562527180226
 10
43.5919727974302
 20
19.49562527180226
  0
LWPOLYLINE
  5
6F7
100
AcDbEntity
  8
MAJOR-1
  6
CONTINUOUS
 62
  256
370
   -1
100
AcDbPolyline
 90
    2
 70
    0
 43
0
 10
43.8419727974302
 20
19.49562527180226
 10
44.2169727974302
 20
19.49562527180226
  0
INSERT
  5
6F8
100
AcDbEntity
  8
EQUIP
  6
ByLayer
 62
  256
370
   -1
100
AcDbBlockReference
  2
CLEAN_TEE
 10
43.7169727974302
 20
19.12062527180226
 30
0
 41
0.25
 42
0.25
 43
0
 50
0
 70
    1
 71
    1
 44
0
 45
0
  0
LWPOLYLINE
  5
6F9
100
AcDbEntity
  8
MAJOR-1
  6
CONTINUOUS
 62
  256
370
   -1
100
AcDbPolyline
 90
    2
 70
    0
 43
0
 10
43.2169727974302
 20
19.12062527180226
 10
43.5919727974302
 20
19.12062527180226
  0
LWPOLYLINE
  5
6FA
100
AcDbEntity
  8
MAJOR-1
  6
CONTINUOUS
 62
  256
370
   -1
100
AcDbPolyline
 90
    2
 70
    0
 43
0
 10
43.8419727974302
 20
19.12062527180226
 10
44.2169727974302
 20
19.12062527180226
  0
INSERT
  5
6FB
100
AcDbEntity
  8
EQUIP
  6
ByLayer
 62
  256
370
   -1
100
AcDbBlockReference
  2
INSULATION
 10
43.7169727974302
 20
18.74562527180226
 30
0
 41
0.25
 42
0.25
 43
0
 50
0
 70
    1
 71
    1
 44
0
 45
0
  0
LWPOLYLINE
  5
6FC
100
AcDbEntity
  8
MAJOR-1
  6
CONTINUOUS
 62
  256
370
   -1
100
AcDbPolyline
 90
    2
 70
    0
 43
0
 10
43.2169727974302
 20
18.74562527180226
 10
43.5919727974302
 20
18.74562527180226
  0
LWPOLYLINE
  5
6FD
100
AcDbEntity
  8
MAJOR-1
  6
CONTINUOUS
 62
  256
370
   -1
100
AcDbPolyline
 90
    2
 70
    0
 43
0
 10
43.8419727974302
 20
18.74562527180226
 10
44.2169727974302
 20
18.74562527180226
  0
LINE
  5
6FE
100
AcDbEntity
  8
0
  6
ByLayer
 62
  256
370
   -1
100
AcDbLine
 10
39.8419727974302
 20
13.87062527180226
 11
43.0919727974302
 21
13.87062527180226
  0
TEXT
  5
6FF
100
AcDbEntity
  8
TEXT
  6
ByLayer
 62
  256
370
   -1
100
AcDbText
 10
41.0919727974302
 20
13.62062527180226
 30
0
 40
0.09379999999999999
  1
SMALL TEXT
 50
0
 41
0.85
 51
0
  7
STANDARD
 71
    0
210
0
220
0
230
1
100
AcDbText
  0
TEXT
  5
700
100
AcDbEntity
  8
TEXT
  6
ByLayer
 62
  256
370
   -1
100
AcDbText
 10
41.0919727974302
 20
13.24562527180226
 30
0
 40
0.09379999999999999
  1
MEDIUM TEXT
 50
0
 41
0.85
 51
0
  7
STANDARD
 71
    0
210
0
220
0
230
1
100
AcDbText
  0
TEXT
  5
701
100
AcDbEntity
  8
TEXT
  6
ByLayer
 62
  256
370
   -1
100
AcDbText
 10
41.0919727974302
 20
12.87062527180226
 30
0
 40
0.09379999999999999
  1
LARGE TEXT
 50
0
 41
0.85
 51
0
  7
STANDARD
 71
    0
210
0
220
0
230
1
100
AcDbText
  0
TEXT
  5
702
100
AcDbEntity
  8
TEXT
  6
ByLayer
 62
  256
370
   -1
100
AcDbText
 10
41.0919727974302
 20
13.99562527180226
 30
0
 40
0.125
  1
TEXT
 50
0
 41
0.85
 51
0
  7
STANDARD
 71
    0
210
0
220
0
230
1
100
AcDbText
  0
LWPOLYLINE
  5
703
100
AcDbEntity
  8
0
  6
ByLayer
 62
  256
370
   -1
100
AcDbPolyline
 90
    4
 70
    1
 43
0
 10
43.0919727974302
 20
12.49562527180226
 10
39.8419727974302
 20
12.49562527180226
 10
39.8419727974302
 20
14.24562527180226
 10
43.0919727974302
 20
14.24562527180226
  0
TEXT
  5
704
100
AcDbEntity
  8
TEXT
  6
ByLayer
 62
  256
370
   -1
100
AcDbText
 10
39.9669727974302
 20
13.62062527180226
 30
0
 40
0.09379999999999999
  1
TEXT 1
 50
0
 41
0.85
 51
0
  7
STANDARD
 71
    0
210
0
220
0
230
1
100
AcDbText
  0
TEXT
  5
705
100
AcDbEntity
  8
TEXT
  6
ByLayer
 62
  256
370
   -1
100
AcDbText
 10
39.9669727974302
 20
13.24562527180226
 30
0
 40
0.125
  1
TEXT 2
 50
0
 41
0.85
 51
0
  7
STANDARD
 71
    0
210
0
220
0
230
1
100
AcDbText
  0
TEXT
  5
706
100
AcDbEntity
  8
TEXT
  6
ByLayer
 62
  256
370
   -1
100
AcDbText
 10
39.9669727974302
 20
12.87062527180226
 30
0
 40
0.1875
  1
TEXT 3
 50
0
 41
0.85
 51
0
  7
STANDARD
 71
    0
210
0
220
0
230
1
100
AcDbText
  0
LWPOLYLINE
  5
707
100
AcDbEntity
  8
0
  6
ByLayer
 62
  256
370
   -1
100
AcDbPolyline
 90
    4
 70
    1
 43
0
 10
46.4669727974302
 20
16.87062527180226
 10
43.0919727974302
 20
16.87062527180226
 10
43.0919727974302
 20
18.49562527180226
 10
46.4669727974302
 20
18.49562527180226
  0
LINE
  5
708
100
AcDbEntity
  8
0
  6
ByLayer
 62
  256
370
   -1
100
AcDbLine
 10
43.0919727974302
 20
18.12062527180226
 11
46.4669727974302
 21
18.12062527180226
  0
TEXT
  5
709
100
AcDbEntity
  8
TEXT
  6
ByLayer
 62
  256
370
   -1
100
AcDbText
 10
44.3419727974302
 20
17.49562527180226
 30
0
 40
0.09379999999999999
  1
MEDIUM ARROWS
 50
0
 41
0.85
 51
0
  7
STANDARD
 71
    0
210
0
220
0
230
1
100
AcDbText
  0
TEXT
  5
70A
100
AcDbEntity
  8
TEXT
  6
ByLayer
 62
  256
370
   -1
100
AcDbText
 10
44.3419727974302
 20
17.12062527180226
 30
0
 40
0.09379999999999999
  1
LARGE ARROWS
 50
0
 41
0.85
 51
0
  7
STANDARD
 71
    0
210
0
220
0
230
1
100
AcDbText
  0
TEXT
  5
70B
100
AcDbEntity
  8
TEXT
  6
ByLayer
 62
  256
370
   -1
100
AcDbText
 10
44.3419727974302
 20
17.87062527180226
 30
0
 40
0.09379999999999999
  1
SMALL ARROWS
 50
0
 41
0.85
 51
0
  7
STANDARD
 71
    0
210
0
220
0
230
1
100
AcDbText
  0
TEXT
  5
70C
100
AcDbEntity
  8
TEXT
  6
ByLayer
 62
  256
370
   -1
100
AcDbText
 10
43.9669727974302
 20
18.24562527180226
 30
0
 40
0.125
  1
ARROWS IN LINE
 50
0
 41
0.85
 51
0
  7
STANDARD
 71
    0
210
0
220
0
230
1
100
AcDbText
  0
LWPOLYLINE
  5
70D
100
AcDbEntity
  8
MAJOR-1
  6
CONTINUOUS
 62
  256
370
   -1
100
AcDbPolyline
 90
    2
 70
    0
 43
0
 10
43.2169727974302
 20
17.12062527180226
 10
44.2169727974302
 20
17.12062527180226
  0
LWPOLYLINE
  5
70E
100
AcDbEntity
  8
Minor-1
  6
CONTINUOUS
 62
  256
370
   -1
100
AcDbPolyline
 90
    2
 70
    0
 43
0
 10
43.2169727974302
 20
17.87062527180226
 10
44.2169727974302
 20
17.87062527180226
  0
LWPOLYLINE
  5
70F
100
AcDbEntity
  8
MAJOR-2
  6
CONTINUOUS
 62
  256
370
   -1
100
AcDbPolyline
 90
    2
 70
    0
 43
0
 10
43.2169727974302
 20
17.49562527180226
 10
44.2169727974302
 20
17.49562527180226
  0
INSERT
  5
710
100
AcDbEntity
  8
GRAPH
  6
ByLayer
 62
  256
370
   -1
100
AcDbBlockReference
  2
ARROW_1
 10
44.2169727974302
 20
17.12062527180226
 30
0
 41
0.1875
 42
0.1875
 43
0
 50
0
 70
    1
 71
    1
 44
0
 45
0
  0
INSERT
  5
711
100
AcDbEntity
  8
GRAPH
  6
ByLayer
 62
  256
370
   -1
100
AcDbBlockReference
  2
ARROW_1
 10
44.2169727974302
 20
17.49562527180226
 30
0
 41
0.125
 42
0.125
 43
0
 50
0
 70
    1
 71
    1
 44
0
 45
0
  0
INSERT
  5
712
100
AcDbEntity
  8
GRAPH
  6
ByLayer
 62
  256
370
   -1
100
AcDbBlockReference
  2
ARROW_1
 10
44.2169727974302
 20
17.87062527180226
 30
0
 41
0.09375
 42
0.09375
 43
0
 50
0
 70
    1
 71
    1
 44
0
 45
0
  0
TEXT
  5
713
100
AcDbEntity
  8
TEXT
  6
ByLayer
 62
  256
370
   -1
100
AcDbText
 10
43.9669727974302
 20
16.62062527180226
 30
0
 40
0.125
  1
CROSS OF LINE
 50
0
 41
0.85
 51
0
  7
STANDARD
 71
    0
210
0
220
0
230
1
100
AcDbText
  0
LINE
  5
714
100
AcDbEntity
  8
0
  6
ByLayer
 62
  256
370
   -1
100
AcDbLine
 10
43.0919727974302
 20
16.49562527180226
 11
46.4669727974302
 21
16.49562527180226
  0
LWPOLYLINE
  5
715
100
AcDbEntity
  8
0
  6
ByLayer
 62
  256
370
   -1
100
AcDbPolyline
 90
    4
 70
    1
 43
0
 10
46.4669727974302
 20
12.49562527180226
 10
43.0919727974302
 20
12.49562527180226
 10
43.0919727974302
 20
16.87062527180226
 10
46.4669727974302
 20
16.87062527180226
  0
TEXT
  5
716
100
AcDbEntity
  8
TEXT
  6
ByLayer
 62
  256
370
   -1
100
AcDbText
 10
45.4669727974302
 20
15.99562527180226
 30
0
 40
0.09379999999999999
  1
MAJOR PRIMARY
 50
0
 41
0.7
 51
0
  7
STANDARD
 71
    0
210
0
220
0
230
1
100
AcDbText
  0
TEXT
  5
717
100
AcDbEntity
  8
TEXT
  6
ByLayer
 62
  256
370
   -1
100
AcDbText
 10
45.4669727974302
 20
15.49562527180226
 30
0
 40
0.09379999999999999
  1
MAJOR SECONDARY
 50
0
 41
0.7
 51
0
  7
STANDARD
 71
    0
210
0
220
0
230
1
100
AcDbText
  0
TEXT
  5
718
100
AcDbEntity
  8
TEXT
  6
ByLayer
 62
  256
370
   -1
100
AcDbText
 10
45.4669727974302
 20
14.99562527180226
 30
0
 40
0.09379999999999999
  1
MINOR PRIMARY
 50
0
 41
0.7
 51
0
  7
STANDARD
 71
    0
210
0
220
0
230
1
100
AcDbText
  0
TEXT
  5
719
100
AcDbEntity
  8
TEXT
  6
ByLayer
 62
  256
370
   -1
100
AcDbText
 10
45.4669727974302
 20
14.49562527180226
 30
0
 40
0.09379999999999999
  1
MINOR SECONDARY
 50
0
 41
0.7
 51
0
  7
STANDARD
 71
    0
210
0
220
0
230
1
100
AcDbText
  0
LWPOLYLINE
  5
71A
100
AcDbEntity
  8
MAJOR-1
  6
CONTINUOUS
 62
  256
370
   -1
100
AcDbPolyline
 90
    2
 70
    0
 43
0
 10
43.2169727974302
 20
15.99562527180226
 10
45.3419727974302
 20
15.99562527180226
  0
LWPOLYLINE
  5
71B
100
AcDbEntity
  8
MAJOR-1
  6
CONTINUOUS
 62
  256
370
   -1
100
AcDbPolyline
 90
    2
 70
    0
 43
0
 10
43.5919727974302
 20
16.37062527180226
 10
43.5919727974302
 20
16.12062527180226
  0
LWPOLYLINE
  5
71C
100
AcDbEntity
  8
MAJOR-1
  6
CONTINUOUS
 62
  256
370
   -1
100
AcDbPolyline
 90
    2
 70
    0
 43
0
 10
43.5919727974302
 20
15.87062527180226
 10
43.5919727974302
 20
14.12062527180226
  0
LWPOLYLINE
  5
71D
100
AcDbEntity
  8
MAJOR-2
  6
CONTINUOUS
 62
  256
370
   -1
100
AcDbPolyline
 90
    2
 70
    0
 43
0
 10
44.0919727974302
 20
16.37062527180226
 10
44.0919727974302
 20
16.12062527180226
  0
LWPOLYLINE
  5
71E
100
AcDbEntity
  8
Minor-1
  6
CONTINUOUS
 62
  256
370
   -1
100
AcDbPolyline
 90
    2
 70
    0
 43
0
 10
44.5919727974302
 20
16.37062527180226
 10
44.5919727974302
 20
16.12062527180226
  0
LWPOLYLINE
  5
71F
100
AcDbEntity
  8
Minor-2
  6
CONTINUOUS
 62
  256
370
   -1
100
AcDbPolyline
 90
    2
 70
    0
 43
0
 10
45.0919727974302
 20
16.37062527180226
 10
45.0919727974302
 20
16.12062527180226
  0
LWPOLYLINE
  5
720
100
AcDbEntity
  8
MAJOR-2
  6
CONTINUOUS
 62
  256
370
   -1
100
AcDbPolyline
 90
    2
 70
    0
 43
0
 10
43.2169727974302
 20
15.49562527180226
 10
43.4669727974302
 20
15.49562527180226
  0
LWPOLYLINE
  5
721
100
AcDbEntity
  8
MAJOR-2
  6
CONTINUOUS
 62
  256
370
   -1
100
AcDbPolyline
 90
    2
 70
    0
 43
0
 10
43.7169727974302
 20
15.49562527180226
 10
45.3419727974302
 20
15.49562527180226
  0
LWPOLYLINE
  5
722
100
AcDbEntity
  8
MAJOR-2
  6
CONTINUOUS
 62
  256
370
   -1
100
AcDbPolyline
 90
    2
 70
    0
 43
0
 10
44.0919727974302
 20
15.87062527180226
 10
44.0919727974302
 20
15.62062527180226
  0
LWPOLYLINE
  5
723
100
AcDbEntity
  8
MAJOR-2
  6
CONTINUOUS
 62
  256
370
   -1
100
AcDbPolyline
 90
    2
 70
    0
 43
0
 10
44.0919727974302
 20
15.37062527180226
 10
44.0919727974302
 20
14.12062527180226
  0
LWPOLYLINE
  5
724
100
AcDbEntity
  8
Minor-1
  6
CONTINUOUS
 62
  256
370
   -1
100
AcDbPolyline
 90
    2
 70
    0
 43
0
 10
44.5919727974302
 20
15.87062527180226
 10
44.5919727974302
 20
15.62062527180226
  0
LWPOLYLINE
  5
725
100
AcDbEntity
  8
Minor-2
  6
CONTINUOUS
 62
  256
370
   -1
100
AcDbPolyline
 90
    2
 70
    0
 43
0
 10
45.0919727974302
 20
15.87062527180226
 10
45.0919727974302
 20
15.62062527180226
  0
LWPOLYLINE
  5
726
100
AcDbEntity
  8
Minor-1
  6
CONTINUOUS
 62
  256
370
   -1
100
AcDbPolyline
 90
    2
 70
    0
 43
0
 10
43.2169727974302
 20
14.99562527180226
 10
43.4669727974302
 20
14.99562527180226
  0
LWPOLYLINE
  5
727
100
AcDbEntity
  8
Minor-1
  6
CONTINUOUS
 62
  256
370
   -1
100
AcDbPolyline
 90
    2
 70
    0
 43
0
 10
43.7169727974302
 20
14.99562527180226
 10
43.9669727974302
 20
14.99562527180226
  0
LWPOLYLINE
  5
728
100
AcDbEntity
  8
Minor-1
  6
CONTINUOUS
 62
  256
370
   -1
100
AcDbPolyline
 90
    2
 70
    0
 43
0
 10
44.2169727974302
 20
14.99562527180226
 10
45.3419727974302
 20
14.99562527180226
  0
LWPOLYLINE
  5
729
100
AcDbEntity
  8
Minor-1
  6
CONTINUOUS
 62
  256
370
   -1
100
AcDbPolyline
 90
    2
 70
    0
 43
0
 10
44.5919727974302
 20
15.37062527180226
 10
44.5919727974302
 20
15.12062527180226
  0
LWPOLYLINE
  5
72A
100
AcDbEntity
  8
Minor-1
  6
CONTINUOUS
 62
  256
370
   -1
100
AcDbPolyline
 90
    2
 70
    0
 43
0
 10
44.5919727974302
 20
14.87062527180226
 10
44.5919727974302
 20
14.12062527180226
  0
LWPOLYLINE
  5
72B
100
AcDbEntity
  8
Minor-2
  6
CONTINUOUS
 62
  256
370
   -1
100
AcDbPolyline
 90
    2
 70
    0
 43
0
 10
45.0919727974302
 20
15.37062527180226
 10
45.0919727974302
 20
15.12062527180226
  0
LWPOLYLINE
  5
72C
100
AcDbEntity
  8
Minor-2
  6
CONTINUOUS
 62
  256
370
   -1
100
AcDbPolyline
 90
    2
 70
    0
 43
0
 10
43.2169727974302
 20
14.49562527180226
 10
43.4669727974302
 20
14.49562527180226
  0
LWPOLYLINE
  5
72D
100
AcDbEntity
  8
Minor-2
  6
CONTINUOUS
 62
  256
370
   -1
100
AcDbPolyline
 90
    2
 70
    0
 43
0
 10
43.7169727974302
 20
14.49562527180226
 10
43.9669727974302
 20
14.49562527180226
  0
LWPOLYLINE
  5
72E
100
AcDbEntity
  8
Minor-2
  6
CONTINUOUS
 62
  256
370
   -1
100
AcDbPolyline
 90
    2
 70
    0
 43
0
 10
44.2169727974302
 20
14.49562527180226
 10
44.4669727974302
 20
14.49562527180226
  0
LWPOLYLINE
  5
72F
100
AcDbEntity
  8
Minor-2
  6
CONTINUOUS
 62
  256
370
   -1
100
AcDbPolyline
 90
    2
 70
    0
 43
0
 10
44.7169727974302
 20
14.49562527180226
 10
45.3419727974302
 20
14.49562527180226
  0
LWPOLYLINE
  5
730
100
AcDbEntity
  8
Minor-2
  6
CONTINUOUS
 62
  256
370
   -1
100
AcDbPolyline
 90
    2
 70
    0
 43
0
 10
45.0919727974302
 20
14.87062527180226
 10
45.0919727974302
 20
14.62062527180226
  0
LWPOLYLINE
  5
731
100
AcDbEntity
  8
Minor-2
  6
CONTINUOUS
 62
  256
370
   -1
100
AcDbPolyline
 90
    2
 70
    0
 43
0
 10
45.0919727974302
 20
14.37062527180226
 10
45.0919727974302
 20
14.12062527180226
  0
TEXT
  5
732
100
AcDbEntity
  8
TEXT
  6
ByLayer
 62
  256
370
   -1
100
AcDbText
 10
44.0919727974302
 20
12.74562527180226
 30
0
 40
0.09379999999999999
  1
MAJOR SECONDARY
 50
90
 41
0.85
 51
0
  7
STANDARD
 71
    0
210
0
220
0
230
1
100
AcDbText
  0
TEXT
  5
733
100
AcDbEntity
  8
TEXT
  6
ByLayer
 62
  256
370
   -1
100
AcDbText
 10
44.5919727974302
 20
12.74562527180226
 30
0
 40
0.09379999999999999
  1
MINOR PRIMARY
 50
90
 41
0.85
 51
0
  7
STANDARD
 71
    0
210
0
220
0
230
1
100
AcDbText
  0
TEXT
  5
734
100
AcDbEntity
  8
TEXT
  6
ByLayer
 62
  256
370
   -1
100
AcDbText
 10
45.0919727974302
 20
12.74562527180226
 30
0
 40
0.09379999999999999
  1
MINOR SECONDARY
 50
90
 41
0.85
 51
0
  7
STANDARD
 71
    0
210
0
220
0
230
1
100
AcDbText
  0
TEXT
  5
735
100
AcDbEntity
  8
TEXT
  6
ByLayer
 62
  256
370
   -1
100
AcDbText
 10
43.5919727974302
 20
12.74562527180226
 30
0
 40
0.09379999999999999
  1
MAJOR PRIMARY
 50
90
 41
0.85
 51
0
  7
STANDARD
 71
    0
210
0
220
0
230
1
100
AcDbText
  0
LWPOLYLINE
  5
736
100
AcDbEntity
  8
0
  6
ByLayer
 62
  256
370
   -1
100
AcDbPolyline
 90
    4
 70
    1
 43
0
 10
49.8419727974302
 20
20.37062527180226
 10
46.4669727974302
 20
20.37062527180226
 10
46.4669727974302
 20
38.12062527180226
 10
49.8419727974302
 20
38.12062527180226
  0
TEXT
  5
737
100
AcDbEntity
  8
TEXT
  6
ByLayer
 62
  256
370
   -1
100
AcDbText
 10
47.3419727974302
 20
37.87062527180226
 30
0
 40
0.125
  1
INSTRUMENTS
 50
0
 41
0.85
 51
0
  7
STANDARD
 71
    0
210
0
220
0
230
1
100
AcDbText
  0
LINE
  5
738
100
AcDbEntity
  8
0
  6
ByLayer
 62
  256
370
   -1
100
AcDbLine
 10
46.4669727974302
 20
37.74562527180226
 11
49.8419727974302
 21
37.74562527180225
  0
INSERT
  5
739
100
AcDbEntity
  8
INST-1
  6
ByLayer
 62
  256
370
   -1
100
AcDbBlockReference
  2
DI_LOCAL
 10
46.9669727974302
 20
37.37062527180226
 30
0
 41
0.5
 42
0.5
 43
0
 50
0
 70
    1
 71
    1
 44
0
 45
0
  0
TEXT
  5
73A
100
AcDbEntity
  8
TEXT
  6
ByLayer
 62
  256
370
   -1
100
AcDbText
 10
47.4669727974302
 20
37.37062527180226
 30
0
 40
0.09379999999999999
  1
DISCRETE LOCAL
 50
0
 41
0.85
 51
0
  7
STANDARD
 71
    0
210
0
220
0
230
1
100
AcDbText
  0
INSERT
  5
73B
100
AcDbEntity
  8
INST-1
  6
ByLayer
 62
  256
370
   -1
100
AcDbBlockReference
  2
DI_PRI_FRONT
 10
46.9669727974302
 20
36.62062527180226
 30
0
 41
0.5
 42
0.5
 43
0
 50
0
 70
    1
 71
    1
 44
0
 45
0
  0
TEXT
  5
73C
100
AcDbEntity
  8
TEXT
  6
ByLayer
 62
  256
370
   -1
100
AcDbText
 10
47.4669727974302
 20
36.62062527180226
 30
0
 40
0.09379999999999999
  1
DISCRETE PRIMARY FRONT
 50
0
 41
0.85
 51
0
  7
STANDARD
 71
    0
210
0
220
0
230
1
100
AcDbText
  0
INSERT
  5
73D
100
AcDbEntity
  8
INST-1
  6
ByLayer
 62
  256
370
   -1
100
AcDbBlockReference
  2
DI_PRI_BACK
 10
46.9669727974302
 20
35.87062527180226
 30
0
 41
0.5
 42
0.5
 43
0
 50
0
 70
    1
 71
    1
 44
0
 45
0
  0
TEXT
  5
73E
100
AcDbEntity
  8
TEXT
  6
ByLayer
 62
  256
370
   -1
100
AcDbText
 10
47.4669727974302
 20
35.87062527180226
 30
0
 40
0.09379999999999999
  1
DISCRETE PRIMARY BACK
 50
0
 41
0.85
 51
0
  7
STANDARD
 71
    0
210
0
220
0
230
1
100
AcDbText
  0
INSERT
  5
73F
100
AcDbEntity
  8
INST-1
  6
ByLayer
 62
  256
370
   -1
100
AcDbBlockReference
  2
DI_AUX_FRONT
 10
46.9669727974302
 20
35.12062527180226
 30
0
 41
0.5
 42
0.5
 43
0
 50
0
 70
    1
 71
    1
 44
0
 45
0
  0
TEXT
  5
740
100
AcDbEntity
  8
TEXT
  6
ByLayer
 62
  256
370
   -1
100
AcDbText
 10
47.4669727974302
 20
35.12062527180226
 30
0
 40
0.09379999999999999
  1
DISCRETE AUXILIARY FRONT
 50
0
 41
0.85
 51
0
  7
STANDARD
 71
    0
210
0
220
0
230
1
100
AcDbText
  0
INSERT
  5
741
100
AcDbEntity
  8
INST-1
  6
ByLayer
 62
  256
370
   -1
100
AcDbBlockReference
  2
DI_AUX_BACK
 10
46.9669727974302
 20
34.37062527180226
 30
0
 41
0.5
 42
0.5
 43
0
 50
0
 70
    1
 71
    1
 44
0
 45
0
  0
TEXT
  5
742
100
AcDbEntity
  8
TEXT
  6
ByLayer
 62
  256
370
   -1
100
AcDbText
 10
47.4669727974302
 20
34.37062527180226
 30
0
 40
0.09379999999999999
  1
DISCRETE AUXILIARY BACK
 50
0
 41
0.85
 51
0
  7
STANDARD
 71
    0
210
0
220
0
230
1
100
AcDbText
  0
INSERT
  5
743
100
AcDbEntity
  8
INST-1
  6
ByLayer
 62
  256
370
   -1
100
AcDbBlockReference
  2
SH_LOCAL
 10
46.9669727974302
 20
33.62062527180226
 30
0
 41
0.5
 42
0.5
 43
0
 50
0
 70
    1
 71
    1
 44
0
 45
0
  0
TEXT
  5
744
100
AcDbEntity
  8
TEXT
  6
ByLayer
 62
  256
370
   -1
100
AcDbText
 10
47.4669727974302
 20
33.62062527180226
 30
0
 40
0.09379999999999999
  1
SHARED LOCAL
 50
0
 41
0.85
 51
0
  7
STANDARD
 71
    0
210
0
220
0
230
1
100
AcDbText
  0
INSERT
  5
745
100
AcDbEntity
  8
INST-1
  6
ByLayer
 62
  256
370
   -1
100
AcDbBlockReference
  2
SH_PRI_FRONT
 10
46.9669727974302
 20
32.87062527180226
 30
0
 41
0.5
 42
0.5
 43
0
 50
0
 70
    1
 71
    1
 44
0
 45
0
  0
TEXT
  5
746
100
AcDbEntity
  8
TEXT
  6
ByLayer
 62
  256
370
   -1
100
AcDbText
 10
47.4669727974302
 20
32.12062527180226
 30
0
 40
0.09379999999999999
  1
SHARED PRIMARY BACK
 50
0
 41
0.85
 51
0
  7
STANDARD
 71
    0
210
0
220
0
230
1
100
AcDbText
  0
TEXT
  5
747
100
AcDbEntity
  8
TEXT
  6
ByLayer
 62
  256
370
   -1
100
AcDbText
 10
47.4669727974302
 20
32.87062527180226
 30
0
 40
0.09379999999999999
  1
SHARED PRIMARY FRONT
 50
0
 41
0.85
 51
0
  7
STANDARD
 71
    0
210
0
220
0
230
1
100
AcDbText
  0
TEXT
  5
748
100
AcDbEntity
  8
TEXT
  6
ByLayer
 62
  256
370
   -1
100
AcDbText
 10
47.4669727974302
 20
31.37062527180226
 30
0
 40
0.09379999999999999
  1
SHARED AUXILIARY FRONT
 50
0
 41
0.85
 51
0
  7
STANDARD
 71
    0
210
0
220
0
230
1
100
AcDbText
  0
TEXT
  5
749
100
AcDbEntity
  8
TEXT
  6
ByLayer
 62
  256
370
   -1
100
AcDbText
 10
47.4669727974302
 20
30.62062527180226
 30
0
 40
0.09379999999999999
  1
SHARED AUXILIARY BACK
 50
0
 41
0.85
 51
0
  7
STANDARD
 71
    0
210
0
220
0
230
1
100
AcDbText
  0
INSERT
  5
74A
100
AcDbEntity
  8
INST-1
  6
ByLayer
 62
  256
370
   -1
100
AcDbBlockReference
  2
SH_PRI_BACK
 10
46.9669727974302
 20
32.12062527180226
 30
0
 41
0.5
 42
0.5
 43
0
 50
0
 70
    1
 71
    1
 44
0
 45
0
  0
INSERT
  5
74B
100
AcDbEntity
  8
INST-1
  6
ByLayer
 62
  256
370
   -1
100
AcDbBlockReference
  2
SH_AUX_FRONT
 10
46.9669727974302
 20
31.37062527180226
 30
0
 41
0.5
 42
0.5
 43
0
 50
0
 70
    1
 71
    1
 44
0
 45
0
  0
INSERT
  5
74C
100
AcDbEntity
  8
INST-1
  6
ByLayer
 62
  256
370
   -1
100
AcDbBlockReference
  2
SH_AUX_BACK
 10
46.9669727974302
 20
30.62062527180226
 30
0
 41
0.5
 42
0.5
 43
0
 50
0
 70
    1
 71
    1
 44
0
 45
0
  0
TEXT
  5
74D
100
AcDbEntity
  8
TEXT
  6
ByLayer
 62
  256
370
   -1
100
AcDbText
 10
47.4669727974302
 20
26.87062527180226
 30
0
 40
0.09379999999999999
  1
COMPUTER AUXILIARY BACK
 50
0
 41
0.85
 51
0
  7
STANDARD
 71
    0
210
0
220
0
230
1
100
AcDbText
  0
TEXT
  5
74E
100
AcDbEntity
  8
TEXT
  6
ByLayer
 62
  256
370
   -1
100
AcDbText
 10
47.4669727974302
 20
27.62062527180226
 30
0
 40
0.09379999999999999
  1
COMPUTER AUXILIARY FRONT
 50
0
 41
0.85
 51
0
  7
STANDARD
 71
    0
210
0
220
0
230
1
100
AcDbText
  0
TEXT
  5
74F
100
AcDbEntity
  8
TEXT
  6
ByLayer
 62
  256
370
   -1
100
AcDbText
 10
47.4669727974302
 20
29.12062527180226
 30
0
 40
0.09379999999999999
  1
COMPUTER PRIMARY FRONT
 50
0
 41
0.85
 51
0
  7
STANDARD
 71
    0
210
0
220
0
230
1
100
AcDbText
  0
TEXT
  5
750
100
AcDbEntity
  8
TEXT
  6
ByLayer
 62
  256
370
   -1
100
AcDbText
 10
47.4669727974302
 20
28.37062527180226
 30
0
 40
0.09379999999999999
  1
COMPUTER PRIMARY BACK
 50
0
 41
0.85
 51
0
  7
STANDARD
 71
    0
210
0
220
0
230
1
100
AcDbText
  0
TEXT
  5
751
100
AcDbEntity
  8
TEXT
  6
ByLayer
 62
  256
370
   -1
100
AcDbText
 10
47.4669727974302
 20
29.87062527180226
 30
0
 40
0.09379999999999999
  1
COMPUTER LOCAL
 50
0
 41
0.85
 51
0
  7
STANDARD
 71
    0
210
0
220
0
230
1
100
AcDbText
  0
TEXT
  5
752
100
AcDbEntity
  8
TEXT
  6
ByLayer
 62
  256
370
   -1
100
AcDbText
 10
47.4669727974302
 20
23.12062527180226
 30
0
 40
0.09379999999999999
  1
LOGIC AUXILIARY BACK
 50
0
 41
0.85
 51
0
  7
STANDARD
 71
    0
210
0
220
0
230
1
100
AcDbText
  0
TEXT
  5
753
100
AcDbEntity
  8
TEXT
  6
ByLayer
 62
  256
370
   -1
100
AcDbText
 10
47.4669727974302
 20
26.12062527180226
 30
0
 40
0.09379999999999999
  1
LOGIC LOCAL
 50
0
 41
0.85
 51
0
  7
STANDARD
 71
    0
210
0
220
0
230
1
100
AcDbText
  0
TEXT
  5
754
100
AcDbEntity
  8
TEXT
  6
ByLayer
 62
  256
370
   -1
100
AcDbText
 10
47.4669727974302
 20
24.62062527180226
 30
0
 40
0.09379999999999999
  1
LOGIC PRIMARY BACK
 50
0
 41
0.85
 51
0
  7
STANDARD
 71
    0
210
0
220
0
230
1
100
AcDbText
  0
TEXT
  5
755
100
AcDbEntity
  8
TEXT
  6
ByLayer
 62
  256
370
   -1
100
AcDbText
 10
47.4669727974302
 20
25.37062527180226
 30
0
 40
0.09379999999999999
  1
LOGIC PRIMARY FRONT
 50
0
 41
0.85
 51
0
  7
STANDARD
 71
    0
210
0
220
0
230
1
100
AcDbText
  0
TEXT
  5
756
100
AcDbEntity
  8
TEXT
  6
ByLayer
 62
  256
370
   -1
100
AcDbText
 10
47.4669727974302
 20
23.87062527180226
 30
0
 40
0.09379999999999999
  1
LOGIC AUXILIARY FRONT
 50
0
 41
0.85
 51
0
  7
STANDARD
 71
    0
210
0
220
0
230
1
100
AcDbText
  0
TEXT
  5
757
100
AcDbEntity
  8
TEXT
  6
ByLayer
 62
  256
370
   -1
100
AcDbText
 10
47.4669727974302
 20
22.37062527180226
 30
0
 40
0.09379999999999999
  1
PILOT LOCAL
 50
0
 41
0.85
 51
0
  7
STANDARD
 71
    0
210
0
220
0
230
1
100
AcDbText
  0
TEXT
  5
758
100
AcDbEntity
  8
TEXT
  6
ByLayer
 62
  256
370
   -1
100
AcDbText
 10
47.4669727974302
 20
21.62062527180226
 30
0
 40
0.09379999999999999
  1
PILOT PRIMARY FRONT
 50
0
 41
0.85
 51
0
  7
STANDARD
 71
    0
210
0
220
0
230
1
100
AcDbText
  0
TEXT
  5
759
100
AcDbEntity
  8
TEXT
  6
ByLayer
 62
  256
370
   -1
100
AcDbText
 10
47.4669727974302
 20
20.87062527180226
 30
0
 40
0.09379999999999999
  1
PILOT AUXILIARY FRONT
 50
0
 41
0.85
 51
0
  7
STANDARD
 71
    0
210
0
220
0
230
1
100
AcDbText
  0
INSERT
  5
75A
100
AcDbEntity
  8
INST-1
  6
ByLayer
 62
  256
370
   -1
100
AcDbBlockReference
  2
CO_LOCAL
 10
46.9669727974302
 20
29.87062527180226
 30
0
 41
0.5
 42
0.5
 43
0
 50
0
 70
    1
 71
    1
 44
0
 45
0
  0
INSERT
  5
75B
100
AcDbEntity
  8
INST-1
  6
ByLayer
 62
  256
370
   -1
100
AcDbBlockReference
  2
CO_PRI_FRONT
 10
46.9669727974302
 20
29.12062527180226
 30
0
 41
0.5
 42
0.5
 43
0
 50
0
 70
    1
 71
    1
 44
0
 45
0
  0
INSERT
  5
75C
100
AcDbEntity
  8
INST-1
  6
ByLayer
 62
  256
370
   -1
100
AcDbBlockReference
  2
CO_PRI_BACK
 10
46.9669727974302
 20
28.37062527180226
 30
0
 41
0.5
 42
0.5
 43
0
 50
0
 70
    1
 71
    1
 44
0
 45
0
  0
INSERT
  5
75D
100
AcDbEntity
  8
INST-1
  6
ByLayer
 62
  256
370
   -1
100
AcDbBlockReference
  2
CO_AUX_FRONT
 10
46.9669727974302
 20
27.62062527180226
 30
0
 41
0.5
 42
0.5
 43
0
 50
0
 70
    1
 71
    1
 44
0
 45
0
  0
INSERT
  5
75E
100
AcDbEntity
  8
INST-1
  6
ByLayer
 62
  256
370
   -1
100
AcDbBlockReference
  2
CO_AUX_BACK
 10
46.9669727974302
 20
26.87062527180226
 30
0
 41
0.5
 42
0.5
 43
0
 50
0
 70
    1
 71
    1
 44
0
 45
0
  0
INSERT
  5
75F
100
AcDbEntity
  8
INST-1
  6
ByLayer
 62
  256
370
   -1
100
AcDbBlockReference
  2
LO_LOCAL
 10
46.9669727974302
 20
26.12062527180226
 30
0
 41
0.5
 42
0.5
 43
0
 50
0
 70
    1
 71
    1
 44
0
 45
0
  0
INSERT
  5
760
100
AcDbEntity
  8
INST-1
  6
ByLayer
 62
  256
370
   -1
100
AcDbBlockReference
  2
LO_PRI_FRONT
 10
46.9669727974302
 20
25.37062527180226
 30
0
 41
0.5
 42
0.5
 43
0
 50
0
 70
    1
 71
    1
 44
0
 45
0
  0
INSERT
  5
761
100
AcDbEntity
  8
INST-1
  6
ByLayer
 62
  256
370
   -1
100
AcDbBlockReference
  2
LO_PRI_BACK
 10
46.9669727974302
 20
24.62062527180226
 30
0
 41
0.5
 42
0.5
 43
0
 50
0
 70
    1
 71
    1
 44
0
 45
0
  0
INSERT
  5
762
100
AcDbEntity
  8
INST-1
  6
ByLayer
 62
  256
370
   -1
100
AcDbBlockReference
  2
LO_AUX_FRONT
 10
46.9669727974302
 20
23.87062527180226
 30
0
 41
0.5
 42
0.5
 43
0
 50
0
 70
    1
 71
    1
 44
0
 45
0
  0
INSERT
  5
763
100
AcDbEntity
  8
INST-1
  6
ByLayer
 62
  256
370
   -1
100
AcDbBlockReference
  2
LO_AUX_BACK
 10
46.9669727974302
 20
23.12062527180226
 30
0
 41
0.5
 42
0.5
 43
0
 50
0
 70
    1
 71
    1
 44
0
 45
0
  0
INSERT
  5
764
100
AcDbEntity
  8
INST-1
  6
ByLayer
 62
  256
370
   -1
100
AcDbBlockReference
  2
PI_LOCAL
 10
46.9669727974302
 20
22.37062527180226
 30
0
 41
0.5
 42
0.5
 43
0
 50
0
 70
    1
 71
    1
 44
0
 45
0
  0
INSERT
  5
765
100
AcDbEntity
  8
INST-1
  6
ByLayer
 62
  256
370
   -1
100
AcDbBlockReference
  2
PI_PRI_FRONT
 10
46.9669727974302
 20
21.62062527180226
 30
0
 41
0.5
 42
0.5
 43
0
 50
0
 70
    1
 71
    1
 44
0
 45
0
  0
INSERT
  5
766
100
AcDbEntity
  8
INST-1
  6
ByLayer
 62
  256
370
   -1
100
AcDbBlockReference
  2
PI_AUX_FRONT
 10
46.9669727974302
 20
20.87062527180226
 30
0
 41
0.5
 42
0.5
 43
0
 50
0
 70
    1
 71
    1
 44
0
 45
0
  0
INSERT
  5
767
100
AcDbEntity
  8
INST-1
  6
ByLayer
 62
  256
370
   -1
100
AcDbBlockReference
  2
EXCHANGER_1_I
 10
52.2169727974302
 20
36.99562527180226
 30
0
 41
1
 42
1
 43
0
 50
0
 70
    1
 71
    1
 44
0
 45
0
  0
INSERT
  5
768
100
AcDbEntity
  8
INST-1
  6
ByLayer
 62
  256
370
   -1
100
AcDbBlockReference
  2
EXCHANGER_4_I
 10
52.2169727974302
 20
31.87062527180226
 30
0
 41
1
 42
1
 43
0
 50
0
 70
    1
 71
    1
 44
0
 45
0
  0
INSERT
  5
769
100
AcDbEntity
  8
INST-1
  6
ByLayer
 62
  256
370
   -1
100
AcDbBlockReference
  2
EXCHANGER_5_I
 10
50.9669727974302
 20
30.12062527180226
 30
0
 41
1
 42
1
 43
0
 50
0
 70
    1
 71
    1
 44
0
 45
0
  0
INSERT
  5
76A
100
AcDbEntity
  8
INST-1
  6
ByLayer
 62
  256
370
   -1
100
AcDbBlockReference
  2
EXCHANGER_6_I
 10
53.2169727974302
 20
29.87062527180226
 30
0
 41
1
 42
1
 43
0
 50
0
 70
    1
 71
    1
 44
0
 45
0
  0
TEXT
  5
76B
100
AcDbEntity
  8
TEXT
  6
ByLayer
 62
  256
370
   -1
100
AcDbText
 10
51.0919727974302
 20
36.24562527180226
 30
0
 40
0.09379999999999999
  1
EXCHANGER - DOUBLE END
 50
0
 41
0.85
 51
0
  7
STANDARD
 71
    0
210
0
220
0
230
1
100
AcDbText
  0
TEXT
  5
76C
100
AcDbEntity
  8
TEXT
  6
ByLayer
 62
  256
370
   -1
100
AcDbText
 10
51.0919727974302
 20
34.74562527180226
 30
0
 40
0.09379999999999999
  1
EXCHANGER - SINGLE END
 50
0
 41
0.85
 51
0
  7
STANDARD
 71
    0
210
0
220
0
230
1
100
AcDbText
  0
INSERT
  5
76D
100
AcDbEntity
  8
INST-1
  6
ByLayer
 62
  256
370
   -1
100
AcDbBlockReference
  2
EXCHANGER_3_I
 10
52.2169727974302
 20
33.62062527180226
 30
0
 41
1
 42
1
 43
0
 50
0
 70
    1
 71
    1
 44
0
 45
0
  0
INSERT
  5
76E
100
AcDbEntity
  8
INST-1
  6
ByLayer
 62
  256
370
   -1
100
AcDbBlockReference
  2
EXCHANGER_2_I
 10
52.2169727974302
 20
35.49562527180226
 30
0
 41
1
 42
1
 43
0
 50
0
 70
    1
 71
    1
 44
0
 45
0
  0
TEXT
  5
76F
100
AcDbEntity
  8
TEXT
  6
ByLayer
 62
  256
370
   -1
100
AcDbText
 10
51.0919727974302
 20
32.87062527180226
 30
0
 40
0.09379999999999999
  1
EXCHANGER - DOUBLE END KETTLE
 50
0
 41
0.85
 51
0
  7
STANDARD
 71
    0
210
0
220
0
230
1
100
AcDbText
  0
TEXT
  5
770
100
AcDbEntity
  8
TEXT
  6
ByLayer
 62
  256
370
   -1
100
AcDbText
 10
51.0919727974302
 20
31.12062527180226
 30
0
 40
0.09379999999999999
  1
EXCHANGER - SINGLE END KETTLE
 50
0
 41
0.85
 51
0
  7
STANDARD
 71
    0
210
0
220
0
230
1
100
AcDbText
  0
TEXT
  5
771
100
AcDbEntity
  8
TEXT
  6
ByLayer
 62
  256
370
   -1
100
AcDbText
 10
50.0919727974302
 20
28.99562527180226
 30
0
 40
0.09379999999999999
  1
EXCHANGER - SUPER
 50
0
 41
0.85
 51
0
  7
STANDARD
 71
    0
210
0
220
0
230
1
100
AcDbText
  0
TEXT
  5
772
100
AcDbEntity
  8
TEXT
  6
ByLayer
 62
  256
370
   -1
100
AcDbText
 10
52.3419727974302
 20
28.99562527180226
 30
0
 40
0.09379999999999999
  1
EXCHANGER - PROCESS FLOW
 50
0
 41
0.85
 51
0
  7
STANDARD
 71
    0
210
0
220
0
230
1
100
AcDbText
  0
LWPOLYLINE
  5
773
100
AcDbEntity
  8
0
  6
ByLayer
 62
  256
370
   -1
100
AcDbPolyline
 90
    4
 70
    1
 43
0
 10
54.5919727974302
 20
28.87062527180226
 10
49.8419727974302
 20
28.87062527180226
 10
49.8419727974302
 20
38.12062527180226
 10
54.5919727974302
 20
38.12062527180226
  0
LINE
  5
774
100
AcDbEntity
  8
0
  6
ByLayer
 62
  256
370
   -1
100
AcDbLine
 10
49.8419727974302
 20
37.74562527180226
 11
54.5919727974302
 21
37.74562527180225
  0
TEXT
  5
775
100
AcDbEntity
  8
TEXT
  6
ByLayer
 62
  256
370
   -1
100
AcDbText
 10
51.3419727974302
 20
37.87062527180226
 30
0
 40
0.125
  1
EXCHANGERS
 50
0
 41
0.85
 51
0
  7
STANDARD
 71
    0
210
0
220
0
230
1
100
AcDbText
  0
INSERT
  5
776
100
AcDbEntity
  8
INST-1
  6
ByLayer
 62
  256
370
   -1
100
AcDbBlockReference
  2
PUMP_VERT_I
 10
51.0919727974302
 20
27.87062527180226
 30
0
 41
1
 42
1
 43
0
 50
0
 70
    1
 71
    1
 44
0
 45
0
  0
INSERT
  5
777
100
AcDbEntity
  8
INST-1
  6
ByLayer
 62
  256
370
   -1
100
AcDbBlockReference
  2
PUMP_HORIZ_I
 10
53.5919727974302
 20
27.87062527180226
 30
0
 41
1
 42
1
 43
0
 50
0
 70
    1
 71
    1
 44
0
 45
0
  0
INSERT
  5
778
100
AcDbEntity
  8
INST-1
  6
ByLayer
 62
  256
370
   -1
100
AcDbBlockReference
  2
PUMP_CENT_I
 10
51.5919727974302
 20
26.49562527180226
 30
0
 41
1
 42
1
 43
0
 50
0
 70
    1
 71
    1
 44
0
 45
0
  0
INSERT
  5
779
100
AcDbEntity
  8
INST-1
  6
ByLayer
 62
  256
370
   -1
100
AcDbBlockReference
  2
PUMP_DUAL_I
 10
53.5919727974302
 20
26.49562527180226
 30
0
 41
1
 42
1
 43
0
 50
0
 70
    1
 71
    1
 44
0
 45
0
  0
INSERT
  5
77A
100
AcDbEntity
  8
INST-1
  6
ByLayer
 62
  256
370
   -1
100
AcDbBlockReference
  2
PUMP_DEEP_I
 10
52.2169727974302
 20
22.49562527180226
 30
0
 41
1
 42
1
 43
0
 50
0
 70
    1
 71
    1
 44
0
 45
0
  0
INSERT
  5
77B
100
AcDbEntity
  8
INST-1
  6
ByLayer
 62
  256
370
   -1
100
AcDbBlockReference
  2
PUMP_INLINE_I
 10
54.0919727974302
 20
24.99562527180171
 30
0
 41
1
 42
1
 43
0
 50
0
 70
    1
 71
    1
 44
0
 45
0
  0
INSERT
  5
77C
100
AcDbEntity
  8
INST-1
  6
ByLayer
 62
  256
370
   -1
100
AcDbBlockReference
  2
PUMP_ROTARY_I
 10
50.79926769911772
 20
22.8919778209585
 30
0
 41
1
 42
1
 43
0
 50
0
 70
    1
 71
    1
 44
0
 45
0
  0
INSERT
  5
77D
100
AcDbEntity
  8
INST-1
  6
ByLayer
 62
  256
370
   -1
100
AcDbBlockReference
  2
PUMP_VACUUM_I
 10
53.5919727974302
 20
22.87062527180226
 30
0
 41
1
 42
1
 43
0
 50
0
 70
    1
 71
    1
 44
0
 45
0
  0
INSERT
  5
77E
100
AcDbEntity
  8
INST-1
  6
ByLayer
 62
  256
370
   -1
100
AcDbBlockReference
  2
PUMP_TURBINE_I
 10
51.5919727974302
 20
24.99562527180226
 30
0
 41
1
 42
1
 43
0
 50
0
 70
    1
 71
    1
 44
0
 45
0
  0
LWPOLYLINE
  5
77F
100
AcDbEntity
  8
0
  6
ByLayer
 62
  256
370
   -1
100
AcDbPolyline
 90
    4
 70
    1
 43
0
 10
54.5919727974302
 20
21.99562527180226
 10
49.8419727974302
 20
21.99562527180226
 10
49.8419727974302
 20
28.87062527180226
 10
54.5919727974302
 20
28.87062527180226
  0
LINE
  5
780
100
AcDbEntity
  8
0
  6
ByLayer
 62
  256
370
   -1
100
AcDbLine
 10
49.8419727974302
 20
28.49562527180226
 11
54.5919727974302
 21
28.49562527180226
  0
TEXT
  5
781
100
AcDbEntity
  8
TEXT
  6
ByLayer
 62
  256
370
   -1
100
AcDbText
 10
51.8419727974302
 20
28.62062527180226
 30
0
 40
0.125
  1
PUMPS
 50
0
 41
0.85
 51
0
  7
STANDARD
 71
    0
210
0
220
0
230
1
100
AcDbText
  0
TEXT
  5
782
100
AcDbEntity
  8
TEXT
  6
ByLayer
 62
  256
370
   -1
100
AcDbText
 10
50.5919727974302
 20
27.24562527180226
 30
0
 40
0.09379999999999999
  1
PUMP VERTICAL
 50
0
 41
0.85
 51
0
  7
STANDARD
 71
    0
210
0
220
0
230
1
100
AcDbText
  0
TEXT
  5
783
100
AcDbEntity
  8
TEXT
  6
ByLayer
 62
  256
370
   -1
100
AcDbText
 10
53.0919727974302
 20
27.24562527180226
 30
0
 40
0.09379999999999999
  1
PUMP HORIZONTAL
 50
0
 41
0.85
 51
0
  7
STANDARD
 71
    0
210
0
220
0
230
1
100
AcDbText
  0
TEXT
  5
784
100
AcDbEntity
  8
TEXT
  6
ByLayer
 62
  256
370
   -1
100
AcDbText
 10
50.4669727974302
 20
25.87062527180226
 30
0
 40
0.09379999999999999
  1
PUMP CENTRIFUGAL
 50
0
 41
0.85
 51
0
  7
STANDARD
 71
    0
210
0
220
0
230
1
100
AcDbText
  0
TEXT
  5
785
100
AcDbEntity
  8
TEXT
  6
ByLayer
 62
  256
370
   -1
100
AcDbText
 10
53.2169727974302
 20
25.87062527180226
 30
0
 40
0.09379999999999999
  1
PUMP DUAL
 50
0
 41
0.85
 51
0
  7
STANDARD
 71
    0
210
0
220
0
230
1
100
AcDbText
  0
TEXT
  5
786
100
AcDbEntity
  8
TEXT
  6
ByLayer
 62
  256
370
   -1
100
AcDbText
 10
50.4669727974302
 20
24.37062527180226
 30
0
 40
0.09379999999999999
  1
PUMP TURBINE
 50
0
 41
0.85
 51
0
  7
STANDARD
 71
    0
210
0
220
0
230
1
100
AcDbText
  0
TEXT
  5
787
100
AcDbEntity
  8
TEXT
  6
ByLayer
 62
  256
370
   -1
100
AcDbText
 10
53.0919727974302
 20
24.37062527180226
 30
0
 40
0.09379999999999999
  1
PUMP INLINE
 50
0
 41
0.85
 51
0
  7
STANDARD
 71
    0
210
0
220
0
230
1
100
AcDbText
  0
TEXT
  5
788
100
AcDbEntity
  8
TEXT
  6
ByLayer
 62
  256
370
   -1
100
AcDbText
 10
51.8419727974302
 20
22.12062527180226
 30
0
 40
0.09379999999999999
  1
PUMP DEEP
 50
0
 41
0.85
 51
0
  7
STANDARD
 71
    0
210
0
220
0
230
1
100
AcDbText
  0
TEXT
  5
789
100
AcDbEntity
  8
TEXT
  6
ByLayer
 62
  256
370
   -1
100
AcDbText
 10
53.2169727974302
 20
22.12062527180226
 30
0
 40
0.09379999999999999
  1
PUMP VACUUM
 50
0
 41
0.85
 51
0
  7
STANDARD
 71
    0
210
0
220
0
230
1
100
AcDbText
  0
TEXT
  5
78A
100
AcDbEntity
  8
TEXT
  6
ByLayer
 62
  256
370
   -1
100
AcDbText
 10
50.4669727974302
 20
22.12062527180226
 30
0
 40
0.09379999999999999
  1
PUMP ROTARY
 50
0
 41
0.85
 51
0
  7
STANDARD
 71
    0
210
0
220
0
230
1
100
AcDbText
  0
INSERT
  5
78B
100
AcDbEntity
  8
EQUIP
  6
ByLayer
 62
  256
370
   -1
100
AcDbBlockReference
  2
NOZZLE_2
 10
46.8419727974302
 20
19.74562527180226
 30
0
 41
0.25
 42
0.25
 43
0
 50
0
 70
    1
 71
    1
 44
0
 45
0
  0
INSERT
  5
78C
100
AcDbEntity
  8
EQUIP
  6
ByLayer
 62
  256
370
   -1
100
AcDbBlockReference
  2
NOZZLE_1
 10
46.8419727974302
 20
19.49562527180226
 30
0
 41
0.25
 42
0.25
 43
0
 50
0
 70
    1
 71
    1
 44
0
 45
0
  0
INSERT
  5
78D
100
AcDbEntity
  8
EQUIP
  6
ByLayer
 62
  256
370
   -1
100
AcDbBlockReference
  2
NOZZLE_3
 10
46.8419727974302
 20
19.24562527180226
 30
0
 41
0.25
 42
0.25
 43
0
 50
0
 70
    1
 71
    1
 44
0
 45
0
  0
INSERT
  5
78E
100
AcDbEntity
  8
EQUIP
  6
ByLayer
 62
  256
370
   -1
100
AcDbBlockReference
  2
NOZZLE_5
 10
46.8419727974302
 20
18.99562527180226
 30
0
 41
0.25
 42
0.25
 43
0
 50
0
 70
    1
 71
    1
 44
0
 45
0
  0
INSERT
  5
78F
100
AcDbEntity
  8
EQUIP
  6
ByLayer
 62
  256
370
   -1
100
AcDbBlockReference
  2
NOZZLE_4
 10
46.8419727974302
 20
18.74562527180226
 30
0
 41
0.25
 42
0.25
 43
0
 50
0
 70
    1
 71
    1
 44
0
 45
0
  0
INSERT
  5
790
100
AcDbEntity
  8
EQUIP
  6
ByLayer
 62
  256
370
   -1
100
AcDbBlockReference
  2
NOZZLE_6
 10
46.8419727974302
 20
18.24562527180226
 30
0
 41
0.25
 42
0.25
 43
0
 50
0
 70
    1
 71
    1
 44
0
 45
0
  0
INSERT
  5
791
100
AcDbEntity
  8
EQUIP
  6
ByLayer
 62
  256
370
   -1
100
AcDbBlockReference
  2
NOZZLE_7
 10
46.8419727974302
 20
17.49562527180226
 30
0
 41
0.25
 42
0.25
 43
0
 50
0
 70
    1
 71
    1
 44
0
 45
0
  0
LWPOLYLINE
  5
792
100
AcDbEntity
  8
0
  6
ByLayer
 62
  256
370
   -1
100
AcDbPolyline
 90
    4
 70
    1
 43
0
 10
49.8419727974302
 20
17.12062527180226
 10
46.4669727974302
 20
17.12062527180226
 10
46.4669727974302
 20
20.37062527180226
 10
49.8419727974302
 20
20.37062527180226
  0
LINE
  5
793
100
AcDbEntity
  8
0
  6
ByLayer
 62
  256
370
   -1
100
AcDbLine
 10
46.4669727974302
 20
19.99562527180226
 11
49.8419727974302
 21
19.99562527180226
  0
TEXT
  5
794
100
AcDbEntity
  8
TEXT
  6
ByLayer
 62
  256
370
   -1
100
AcDbText
 10
47.5919727974302
 20
20.12062527180226
 30
0
 40
0.125
  1
NOZZLES
 50
0
 41
0.85
 51
0
  7
STANDARD
 71
    0
210
0
220
0
230
1
100
AcDbText
  0
TEXT
  5
795
100
AcDbEntity
  8
TEXT
  6
ByLayer
 62
  256
370
   -1
100
AcDbText
 10
47.4669727974302
 20
19.74562527180226
 30
0
 40
0.09379999999999999
  1
NOZZLE - NO FLANGE
 50
0
 41
0.85
 51
0
  7
STANDARD
 71
    0
210
0
220
0
230
1
100
AcDbText
  0
TEXT
  5
796
100
AcDbEntity
  8
TEXT
  6
ByLayer
 62
  256
370
   -1
100
AcDbText
 10
47.4669727974302
 20
19.49562527180226
 30
0
 40
0.09379999999999999
  1
NOZZLE - FLANGE/W BLIND
 50
0
 41
0.85
 51
0
  7
STANDARD
 71
    0
210
0
220
0
230
1
100
AcDbText
  0
TEXT
  5
797
100
AcDbEntity
  8
TEXT
  6
ByLayer
 62
  256
370
   -1
100
AcDbText
 10
47.4669727974302
 20
19.24562527180226
 30
0
 40
0.09379999999999999
  1
NOZZLE - FLANGE /WO BLIND
 50
0
 41
0.85
 51
0
  7
STANDARD
 71
    0
210
0
220
0
230
1
100
AcDbText
  0
TEXT
  5
798
100
AcDbEntity
  8
TEXT
  6
ByLayer
 62
  256
370
   -1
100
AcDbText
 10
47.4669727974302
 20
18.99562527180226
 30
0
 40
0.09379999999999999
  1
NOZZLE - SINGLE LINE / BLIND
 50
0
 41
0.85
 51
0
  7
STANDARD
 71
    0
210
0
220
0
230
1
100
AcDbText
  0
TEXT
  5
799
100
AcDbEntity
  8
TEXT
  6
ByLayer
 62
  256
370
   -1
100
AcDbText
 10
47.4669727974302
 20
18.74562527180226
 30
0
 40
0.09379999999999999
  1
NOZZLE - SINGLE LINE /WO BLIND
 50
0
 41
0.85
 51
0
  7
STANDARD
 71
    0
210
0
220
0
230
1
100
AcDbText
  0
TEXT
  5
79A
100
AcDbEntity
  8
TEXT
  6
ByLayer
 62
  256
370
   -1
100
AcDbText
 10
47.4669727974302
 20
18.24562527180226
 30
0
 40
0.09379999999999999
  1
NOZZLE - SINGLE LINE MAINWAY
 50
0
 41
0.85
 51
0
  7
STANDARD
 71
    0
210
0
220
0
230
1
100
AcDbText
  0
TEXT
  5
79B
100
AcDbEntity
  8
TEXT
  6
ByLayer
 62
  256
370
   -1
100
AcDbText
 10
47.4669727974302
 20
17.49562527180226
 30
0
 40
0.09379999999999999
  1
NOZZLE - DOUBLE LINE MAINWAY
 50
0
 41
0.85
 51
0
  7
STANDARD
 71
    0
210
0
220
0
230
1
100
AcDbText
  0
LINE
  5
79C
100
AcDbEntity
  8
0
  6
ByLayer
 62
  256
370
   -1
100
AcDbLine
 10
46.4669727974302
 20
16.74562527180226
 11
49.8419727974302
 21
16.74562527180226
  0
TEXT
  5
79D
100
AcDbEntity
  8
TEXT
  6
ByLayer
 62
  256
370
   -1
100
AcDbText
 10
47.9669727974302
 20
16.87062527180226
 30
0
 40
0.125
  1
TANKS
 50
0
 41
0.85
 51
0
  7
STANDARD
 71
    0
210
0
220
0
230
1
100
AcDbText
  0
LWPOLYLINE
  5
79E
100
AcDbEntity
  8
0
  6
ByLayer
 62
  256
370
   -1
100
AcDbPolyline
 90
    4
 70
    1
 43
0
 10
49.8419727974302
 20
12.49562527180226
 10
46.4669727974302
 20
12.49562527180226
 10
46.4669727974302
 20
17.12062527180226
 10
49.8419727974302
 20
17.12062527180226
  0
LWPOLYLINE
  5
79F
100
AcDbEntity
  8
EQUIP
  6
ByLayer
 62
  256
370
   -1
100
AcDbPolyline
 90
    4
 70
    1
 43
0
 10
46.7169727974302
 20
14.87062527180226
 10
47.9669727974302
 20
14.87062527180226
 10
47.9669727974302
 20
16.62062527180226
 10
46.7169727974302
 20
16.62062527180226
  0
LWPOLYLINE
  5
7A0
100
AcDbEntity
  8
EQUIP
  6
ByLayer
 62
  256
370
   -1
100
AcDbPolyline
 90
    4
 70
    1
 43
0
 10
47.4669727974302
 20
12.74562527180226
 10
48.7169727974302
 20
12.74562527180226
 10
48.7169727974302
 20
14.49562527180226
 10
47.4669727974302
 20
14.49562527180226
  0
LWPOLYLINE
  5
7A1
100
AcDbEntity
  8
EQUIP
  6
ByLayer
 62
  256
370
   -1
100
AcDbPolyline
 90
    3
 70
    0
 43
0
 10
48.7169727974302
 20
14.49562527180226
 10
48.0919727974302
 20
14.67062527180226
 10
47.4669727974302
 20
14.49562527180226
  0
LWPOLYLINE
  5
7A2
100
AcDbEntity
  8
EQUIP
  6
ByLayer
 62
  256
370
   -1
100
AcDbPolyline
 90
    4
 70
    1
 43
0
 10
48.3419727974302
 20
14.87062527180226
 10
49.5919727974302
 20
14.87062527180226
 10
49.5919727974302
 20
16.62062527180226
 10
48.3419727974302
 20
16.62062527180226
  0
LWPOLYLINE
  5
7A3
100
AcDbEntity
  8
EQUIP
  6
DASHED
 62
  256
370
   -1
100
AcDbPolyline
 90
    2
 70
    0
 43
0
 10
48.3419727974302
 20
16.44562527180226
 10
49.5919727974302
 20
16.44562527180226
  0
TEXT
  5
7A4
100
AcDbEntity
  8
TEXT
  6
ByLayer
 62
  256
370
   -1
100
AcDbText
 10
46.7169727974302
 20
14.74562527180226
 30
0
 40
0.09379999999999999
  1
TANK - FLAT ROOF
 50
0
 41
0.85
 51
0
  7
STANDARD
 71
    0
210
0
220
0
230
1
100
AcDbText
  0
TEXT
  5
7A5
100
AcDbEntity
  8
TEXT
  6
ByLayer
 62
  256
370
   -1
100
AcDbText
 10
48.2169727974302
 20
14.74562527180226
 30
0
 40
0.09379999999999999
  1
TANK - FLOATING ROOF
 50
0
 41
0.85
 51
0
  7
STANDARD
 71
    0
210
0
220
0
230
1
100
AcDbText
  0
TEXT
  5
7A6
100
AcDbEntity
  8
TEXT
  6
ByLayer
 62
  256
370
   -1
100
AcDbText
 10
47.3419727974302
 20
12.62062527180226
 30
0
 40
0.09379999999999999
  1
TANK - SLOOPING ROOF
 50
0
 41
0.85
 51
0
  7
STANDARD
 71
    0
210
0
220
0
230
1
100
AcDbText
  0
LINE
  5
7A7
100
AcDbEntity
  8
0
  6
ByLayer
 62
  256
370
   -1
100
AcDbLine
 10
49.8419727974302
 20
21.62062527180226
 11
54.5919727974302
 21
21.62062527180226
  0
TEXT
  5
7A8
100
AcDbEntity
  8
TEXT
  6
ByLayer
 62
  256
370
   -1
100
AcDbText
 10
51.4669727974302
 20
21.74562527180226
 30
0
 40
0.125
  1
MISCELLANEOUS
 50
0
 41
0.85
 51
0
  7
STANDARD
 71
    0
210
0
220
0
230
1
100
AcDbText
  0
LWPOLYLINE
  5
7A9
100
AcDbEntity
  8
0
  6
ByLayer
 62
  256
370
   -1
100
AcDbPolyline
 90
    4
 70
    1
 43
0
 10
54.5919727974302
 20
12.49562527180226
 10
49.8419727974302
 20
12.49562527180226
 10
49.8419727974302
 20
21.99562527180226
 10
54.5919727974302
 20
21.99562527180226
  0
INSERT
  5
7AA
100
AcDbEntity
  8
INST-1
  6
ByLayer
 62
  256
370
   -1
100
AcDbBlockReference
  2
SPEC_BREAK_UP
 10
50.9669727974302
 20
20.87062527180226
 30
0
 41
1
 42
1
 43
0
 50
0
 70
    1
 71
    1
 44
0
 45
0
  0
INSERT
  5
7AB
100
AcDbEntity
  8
INST-1
  6
ByLayer
 62
  256
370
   -1
100
AcDbBlockReference
  2
SPEC_BREAK_DOWN
 10
53.4669727974302
 20
21.37062527180226
 30
0
 41
1
 42
1
 43
0
 50
0
 70
    1
 71
    1
 44
0
 45
0
  0
INSERT
  5
7AC
100
AcDbEntity
  8
INST-1
  6
ByLayer
 62
  256
370
   -1
100
AcDbBlockReference
  2
ELECT_MOTOR
 10
50.9669727974302
 20
19.87062527180226
 30
0
 41
1
 42
1
 43
0
 50
0
 70
    1
 71
    1
 44
0
 45
0
  0
INSERT
  5
7AD
100
AcDbEntity
  8
INST-1
  6
ByLayer
 62
  256
370
   -1
100
AcDbBlockReference
  2
ELECT_DRIVE
 10
50.9669727974302
 20
16.99562527180226
 30
0
 41
1
 42
1
 43
0
 50
0
 70
    1
 71
    1
 44
0
 45
0
  0
INSERT
  5
7AE
100
AcDbEntity
  8
INST-1
  6
ByLayer
 62
  256
370
   -1
100
AcDbBlockReference
  2
AXIAL_FAN
 10
50.9669727974302
 20
18.37062527180226
 30
0
 41
1
 42
1
 43
0
 50
0
 70
    1
 71
    1
 44
0
 45
0
  0
INSERT
  5
7AF
100
AcDbEntity
  8
INST-1
  6
ByLayer
 62
  256
370
   -1
100
AcDbBlockReference
  2
AGITATOR
 10
53.4669727974302
 20
17.99562527180226
 30
0
 41
1
 42
1
 43
0
 50
0
 70
    1
 71
    1
 44
0
 45
0
  0
INSERT
  5
7B0
100
AcDbEntity
  8
INST-1
  6
ByLayer
 62
  256
370
   -1
100
AcDbBlockReference
  2
DRUM
 10
53.4669727974302
 20
19.87062527180226
 30
0
 41
1
 42
1
 43
0
 50
0
 70
    1
 71
    1
 44
0
 45
0
  0
INSERT
  5
7B1
100
AcDbEntity
  8
INST-1
  6
ByLayer
 62
  256
370
   -1
100
AcDbBlockReference
  2
CENTRIFUGAL_COMP
 10
53.4669727974302
 20
16.99562527180226
 30
0
 41
1
 42
1
 43
0
 50
0
 70
    1
 71
    1
 44
0
 45
0
  0
INSERT
  5
7B2
100
AcDbEntity
  8
INST-1
  6
ByLayer
 62
  256
370
   -1
100
AcDbBlockReference
  2
TRUCK
 10
50.9669727974302
 20
14.87062527180226
 30
0
 41
1
 42
1
 43
0
 50
0
 70
    1
 71
    1
 44
0
 45
0
  0
INSERT
  5
7B3
100
AcDbEntity
  8
INST-1
  6
ByLayer
 62
  256
370
   -1
100
AcDbBlockReference
  2
RAILCAR
 10
53.4669727974302
 20
14.87062527180226
 30
0
 41
1
 42
1
 43
0
 50
0
 70
    1
 71
    1
 44
0
 45
0
  0
INSERT
  5
7B4
100
AcDbEntity
  8
INST-1
  6
ByLayer
 62
  256
370
   -1
100
AcDbBlockReference
  2
CONVEYOR
 10
50.9669727974302
 20
14.12062527180226
 30
0
 41
1
 42
1
 43
0
 50
0
 70
    1
 71
    1
 44
0
 45
0
  0
INSERT
  5
7B5
100
AcDbEntity
  8
INST-1
  6
ByLayer
 62
  256
370
   -1
100
AcDbBlockReference
  2
SCREW
 10
53.0919727974302
 20
14.12062527180226
 30
0
 41
1
 42
1
 43
0
 50
0
 70
    1
 71
    1
 44
0
 45
0
  0
INSERT
  5
7B6
100
AcDbEntity
  8
INST-1
  6
ByLayer
 62
  256
370
   -1
100
AcDbBlockReference
  2
Y_TRAP
 10
50.9669727974302
 20
13.12062527180226
 30
0
 41
1
 42
1
 43
0
 50
0
 70
    1
 71
    1
 44
0
 45
0
  0
INSERT
  5
7B7
100
AcDbEntity
  8
INST-1
  6
ByLayer
 62
  256
370
   -1
100
AcDbBlockReference
  2
P_TRAP
 10
53.2169727974302
 20
13.74562527180226
 30
0
 41
1
 42
1
 43
0
 50
0
 70
    1
 71
    1
 44
0
 45
0
  0
LWPOLYLINE
  5
7B8
100
AcDbEntity
  8
0
  6
ByLayer
 62
  256
370
   -1
100
AcDbPolyline
 90
    4
 70
    1
 43
0
 10
67.8419727974302
 20
16.37062527180226
 10
61.5919727974302
 20
16.37062527180226
 10
61.5919727974302
 20
20.62062527180226
 10
67.8419727974302
 20
20.62062527180226
  0
INSERT
  5
7B9
100
AcDbEntity
  8
INST-1
  6
ByLayer
 62
  256
370
   -1
100
AcDbBlockReference
  2
LINK_FROM_1
 10
61.9669727974302
 20
19.87062527180226
 30
0
 41
2.5
 42
2.5
 43
0
 50
0
 70
    1
 71
    1
 44
0
 45
0
  0
INSERT
  5
7BA
100
AcDbEntity
  8
INST-1
  6
ByLayer
 62
  256
370
   -1
100
AcDbBlockReference
  2
LINK_TO_3
 10
61.9669727974302
 20
16.74562527180226
 30
0
 41
2.5
 42
2.5
 43
0
 50
0
 70
    1
 71
    1
 44
0
 45
0
  0
INSERT
  5
7BB
100
AcDbEntity
  8
INST-1
  6
ByLayer
 62
  256
370
   -1
100
AcDbBlockReference
  2
LINK_FROM_3
 10
61.9669727974302
 20
17.37062527180226
 30
0
 41
2.5
 42
2.5
 43
0
 50
0
 70
    1
 71
    1
 44
0
 45
0
  0
INSERT
  5
7BC
100
AcDbEntity
  8
INST-1
  6
ByLayer
 62
  256
370
   -1
100
AcDbBlockReference
  2
LINK_TO_2
 10
61.9669727974302
 20
17.99562527180226
 30
0
 41
2.5
 42
2.5
 43
0
 50
0
 70
    1
 71
    1
 44
0
 45
0
  0
INSERT
  5
7BD
100
AcDbEntity
  8
INST-1
  6
ByLayer
 62
  256
370
   -1
100
AcDbBlockReference
  2
LINK_FROM_2
 10
61.9669727974302
 20
18.62062527180226
 30
0
 41
2.5
 42
2.5
 43
0
 50
0
 70
    1
 71
    1
 44
0
 45
0
  0
INSERT
  5
7BE
100
AcDbEntity
  8
INST-1
  6
ByLayer
 62
  256
370
   -1
100
AcDbBlockReference
  2
LINK_TO_1
 10
61.9669727974302
 20
19.24562527180226
 30
0
 41
2.5
 42
2.5
 43
0
 50
0
 70
    1
 71
    1
 44
0
 45
0
  0
LINE
  5
7BF
100
AcDbEntity
  8
0
  6
ByLayer
 62
  256
370
   -1
100
AcDbLine
 10
61.5919727974302
 20
20.24562527180226
 11
67.8419727974302
 21
20.24562527180226
  0
TEXT
  5
7C0
100
AcDbEntity
  8
TEXT
  6
ByLayer
 62
  256
370
   -1
100
AcDbText
 10
65.2169727974302
 20
16.74562527180226
 30
0
 40
0.09379999999999999
  1
LINK TO (TYPE 3)
 50
0
 41
0.85
 51
0
  7
STANDARD
 71
    0
210
0
220
0
230
1
100
AcDbText
  0
TEXT
  5
7C1
100
AcDbEntity
  8
TEXT
  6
ByLayer
 62
  256
370
   -1
100
AcDbText
 10
65.2169727974302
 20
17.37062527180226
 30
0
 40
0.09379999999999999
  1
LINK FROM (TYPE 3)
 50
0
 41
0.85
 51
0
  7
STANDARD
 71
    0
210
0
220
0
230
1
100
AcDbText
  0
TEXT
  5
7C2
100
AcDbEntity
  8
TEXT
  6
ByLayer
 62
  256
370
   -1
100
AcDbText
 10
65.2169727974302
 20
17.99562527180226
 30
0
 40
0.09379999999999999
  1
LINK TO (TYPE 2)
 50
0
 41
0.85
 51
0
  7
STANDARD
 71
    0
210
0
220
0
230
1
100
AcDbText
  0
TEXT
  5
7C3
100
AcDbEntity
  8
TEXT
  6
ByLayer
 62
  256
370
   -1
100
AcDbText
 10
65.2169727974302
 20
18.62062527180226
 30
0
 40
0.09379999999999999
  1
LINK FROM (TYPE 2)
 50
0
 41
0.85
 51
0
  7
STANDARD
 71
    0
210
0
220
0
230
1
100
AcDbText
  0
TEXT
  5
7C4
100
AcDbEntity
  8
TEXT
  6
ByLayer
 62
  256
370
   -1
100
AcDbText
 10
65.2169727974302
 20
19.24562527180226
 30
0
 40
0.09379999999999999
  1
LINK TO (TYPE 1)
 50
0
 41
0.85
 51
0
  7
STANDARD
 71
    0
210
0
220
0
230
1
100
AcDbText
  0
TEXT
  5
7C5
100
AcDbEntity
  8
TEXT
  6
ByLayer
 62
  256
370
   -1
100
AcDbText
 10
65.2169727974302
 20
19.87062527180226
 30
0
 40
0.09379999999999999
  1
LINK FROM (TYPE 1)
 50
0
 41
0.85
 51
0
  7
STANDARD
 71
    0
210
0
220
0
230
1
100
AcDbText
  0
TEXT
  5
7C6
100
AcDbEntity
  8
TEXT
  6
ByLayer
 62
  256
370
   -1
100
AcDbText
 10
64.3419727974302
 20
20.37062527180226
 30
0
 40
0.125
  1
LINKS
 50
0
 41
0.85
 51
0
  7
STANDARD
 71
    0
210
0
220
0
230
1
100
AcDbText
  0
TEXT
  5
7C7
100
AcDbEntity
  8
TEXT
  6
ByLayer
 62
  256
370
   -1
100
AcDbText
 10
50.4669727974302
 20
20.62062527180226
 30
0
 40
0.09379999999999999
  1
SPEC BREAK (UP)
 50
0
 41
0.85
 51
0
  7
STANDARD
 71
    0
210
0
220
0
230
1
100
AcDbText
  0
TEXT
  5
7C8
100
AcDbEntity
  8
TEXT
  6
ByLayer
 62
  256
370
   -1
100
AcDbText
 10
52.8419727974302
 20
20.62062527180226
 30
0
 40
0.09379999999999999
  1
SPEC BREAK (DOWN)
 50
0
 41
0.85
 51
0
  7
STANDARD
 71
    0
210
0
220
0
230
1
100
AcDbText
  0
TEXT
  5
7C9
100
AcDbEntity
  8
TEXT
  6
ByLayer
 62
  256
370
   -1
100
AcDbText
 10
50.4669727974302
 20
19.24562527180226
 30
0
 40
0.09379999999999999
  1
ELECTRIC MOTOR
 50
0
 41
0.85
 51
0
  7
STANDARD
 71
    0
210
0
220
0
230
1
100
AcDbText
  0
TEXT
  5
7CA
100
AcDbEntity
  8
TEXT
  6
ByLayer
 62
  256
370
   -1
100
AcDbText
 10
53.2169727974302
 20
19.24562527180226
 30
0
 40
0.09379999999999999
  1
DRUM
 50
0
 41
0.85
 51
0
  7
STANDARD
 71
    0
210
0
220
0
230
1
100
AcDbText
  0
TEXT
  5
7CB
100
AcDbEntity
  8
TEXT
  6
ByLayer
 62
  256
370
   -1
100
AcDbText
 10
53.0919727974302
 20
17.74562527180226
 30
0
 40
0.09379999999999999
  1
AGITADOR
 50
0
 41
0.85
 51
0
  7
STANDARD
 71
    0
210
0
220
0
230
1
100
AcDbText
  0
TEXT
  5
7CC
100
AcDbEntity
  8
TEXT
  6
ByLayer
 62
  256
370
   -1
100
AcDbText
 10
50.4669727974302
 20
17.74562527180226
 30
0
 40
0.09379999999999999
  1
AXIAL FAN
 50
0
 41
0.85
 51
0
  7
STANDARD
 71
    0
210
0
220
0
230
1
100
AcDbText
  0
TEXT
  5
7CD
100
AcDbEntity
  8
TEXT
  6
ByLayer
 62
  256
370
   -1
100
AcDbText
 10
52.7169727974302
 20
16.24562527180226
 30
0
 40
0.09379999999999999
  1
CENTRIFUGAL COMPRESSOR
 50
0
 41
0.85
 51
0
  7
STANDARD
 71
    0
210
0
220
0
230
1
100
AcDbText
  0
TEXT
  5
7CE
100
AcDbEntity
  8
TEXT
  6
ByLayer
 62
  256
370
   -1
100
AcDbText
 10
50.4669727974302
 20
16.24562527180226
 30
0
 40
0.09379999999999999
  1
ELECTRIC DRIVE
 50
0
 41
0.85
 51
0
  7
STANDARD
 71
    0
210
0
220
0
230
1
100
AcDbText
  0
TEXT
  5
7CF
100
AcDbEntity
  8
TEXT
  6
ByLayer
 62
  256
370
   -1
100
AcDbText
 10
53.2169727974302
 20
14.74562527180226
 30
0
 40
0.09379999999999999
  1
RAILCAR
 50
0
 41
0.85
 51
0
  7
STANDARD
 71
    0
210
0
220
0
230
1
100
AcDbText
  0
TEXT
  5
7D0
100
AcDbEntity
  8
TEXT
  6
ByLayer
 62
  256
370
   -1
100
AcDbText
 10
50.7169727974302
 20
14.74562527180226
 30
0
 40
0.09379999999999999
  1
TRUCK
 50
0
 41
0.85
 51
0
  7
STANDARD
 71
    0
210
0
220
0
230
1
100
AcDbText
  0
TEXT
  5
7D1
100
AcDbEntity
  8
TEXT
  6
ByLayer
 62
  256
370
   -1
100
AcDbText
 10
50.3419727974302
 20
13.99562527180226
 30
0
 40
0.09379999999999999
  1
CONVEYOR
 50
0
 41
0.85
 51
0
  7
STANDARD
 71
    0
210
0
220
0
230
1
100
AcDbText
  0
TEXT
  5
7D2
100
AcDbEntity
  8
TEXT
  6
ByLayer
 62
  256
370
   -1
100
AcDbText
 10
52.5919727974302
 20
13.99562527180226
 30
0
 40
0.09379999999999999
  1
SCREW CONVEYOR
 50
0
 41
0.85
 51
0
  7
STANDARD
 71
    0
210
0
220
0
230
1
100
AcDbText
  0
TEXT
  5
7D3
100
AcDbEntity
  8
TEXT
  6
ByLayer
 62
  256
370
   -1
100
AcDbText
 10
53.0919727974302
 20
12.74562527180226
 30
0
 40
0.09379999999999999
  1
"P" TRAP
 50
0
 41
0.85
 51
0
  7
STANDARD
 71
    0
210
0
220
0
230
1
100
AcDbText
  0
TEXT
  5
7D4
100
AcDbEntity
  8
TEXT
  6
ByLayer
 62
  256
370
   -1
100
AcDbText
 10
50.5919727974302
 20
12.87062527180226
 30
0
 40
0.09379999999999999
  1
"Y" TRAP
 50
0
 41
0.85
 51
0
  7
STANDARD
 71
    0
210
0
220
0
230
1
100
AcDbText
  0
LWPOLYLINE
  5
7D5
100
AcDbEntity
  8
EQUIP
  6
ByLayer
 62
  256
370
   -1
100
AcDbPolyline
 90
    4
 70
    1
 43
0
 10
54.9669727974302
 20
33.37062527180226
 10
55.9669727974302
 20
33.37062527180226
 10
55.9669727974302
 20
37.12062527180226
 10
54.9669727974302
 20
37.12062527180226
  0
ELLIPSE
  5
7D6
100
AcDbEntity
  8
EQUIP
  6
ByLayer
 62
  256
370
   -1
100
AcDbEllipse
 10
55.4669727974302
 20
37.12062527180226
 30
0
 11
-0.5
 21
0
 31
0
 40
0.5
 41
3.141592653589794
 42
6.283185307179586
  0
ELLIPSE
  5
7D7
100
AcDbEntity
  8
EQUIP
  6
ByLayer
 62
  256
370
   -1
100
AcDbEllipse
 10
55.4669727974302
 20
33.37062527180226
 30
0
 11
0.5
 21
0
 31
0
 40
0.5
 41
3.141592653589793
 42
6.283185307179586
  0
LWPOLYLINE
  5
7D8
100
AcDbEntity
  8
EQUIP
  6
ByLayer
 62
  256
370
   -1
100
AcDbPolyline
 90
    4
 70
    1
 43
0
 10
58.4669727974302
 20
33.37062527180226
 10
59.4669727974302
 20
33.37062527180226
 10
59.4669727974302
 20
37.12062527180226
 10
58.4669727974302
 20
37.12062527180226
  0
ELLIPSE
  5
7D9
100
AcDbEntity
  8
EQUIP
  6
ByLayer
 62
  256
370
   -1
100
AcDbEllipse
 10
58.9669727974302
 20
37.12062527180226
 30
0
 11
-0.5
 21
0
 31
0
 40
0.25
 41
3.141592653589794
 42
6.283185307179586
  0
ELLIPSE
  5
7DA
100
AcDbEntity
  8
EQUIP
  6
ByLayer
 62
  256
370
   -1
100
AcDbEllipse
 10
58.9669727974302
 20
33.37062527180226
 30
0
 11
0.5
 21
0
 31
0
 40
0.25
 41
3.141592653589792
 42
6.283185307179586
  0
LWPOLYLINE
  5
7DB
100
AcDbEntity
  8
EQUIP
  6
ByLayer
 62
  256
370
   -1
100
AcDbPolyline
 90
    4
 70
    1
 43
0
 10
60.2169727974302
 20
33.37062527180226
 10
61.2169727974302
 20
33.37062527180226
 10
61.2169727974302
 20
37.12062527180226
 10
60.2169727974302
 20
37.12062527180226
  0
LWPOLYLINE
  5
7DC
100
AcDbEntity
  8
EQUIP
  6
ByLayer
 62
  256
370
   -1
100
AcDbPolyline
 90
    4
 70
    1
 43
0
 10
54.9669727974302
 20
27.74562527180226
 10
55.9669727974302
 20
27.74562527180226
 10
55.9669727974302
 20
31.49562527180226
 10
54.9669727974302
 20
31.49562527180226
  0
ELLIPSE
  5
7DD
100
AcDbEntity
  8
EQUIP
  6
ByLayer
 62
  256
370
   -1
100
AcDbEllipse
 10
55.4669727974302
 20
31.49562527180226
 30
0
 11
-0.5
 21
0
 31
0
 40
0.5
 41
3.141592653589793
 42
6.283185307179586
  0
ELLIPSE
  5
7DE
100
AcDbEntity
  8
EQUIP
  6
ByLayer
 62
  256
370
   -1
100
AcDbEllipse
 10
55.4669727974302
 20
27.74562527180226
 30
0
 11
0.5
 21
0
 31
0
 40
0.5
 41
3.141592653589794
 42
6.283185307179586
  0
LWPOLYLINE
  5
7DF
100
AcDbEntity
  8
EQUIP
  6
ByLayer
 62
  256
370
   -1
100
AcDbPolyline
 90
    2
 70
    0
 43
0
 10
54.9669727974302
 20
27.74562527180226
 10
54.9669727974302
 20
26.99562527180226
  0
LWPOLYLINE
  5
7E0
100
AcDbEntity
  8
EQUIP
  6
ByLayer
 62
  256
370
   -1
100
AcDbPolyline
 90
    2
 70
    0
 43
0
 10
55.9669727974302
 20
27.74562527180226
 10
55.9669727974302
 20
26.99562527180226
  0
LWPOLYLINE
  5
7E1
100
AcDbEntity
  8
EQUIP
  6
ByLayer
 62
  256
370
   -1
100
AcDbPolyline
 90
    2
 70
    0
 43
0
 10
54.7169727974302
 20
26.99562527180226
 10
56.2169727974302
 20
26.99562527180226
  0
LWPOLYLINE
  5
7E2
100
AcDbEntity
  8
EQUIP
  6
ByLayer
 62
  256
370
   -1
100
AcDbPolyline
 90
    4
 70
    1
 43
0
 10
56.7169727974302
 20
27.74562527180226
 10
57.7169727974302
 20
27.74562527180226
 10
57.7169727974302
 20
31.49562527180226
 10
56.7169727974302
 20
31.49562527180226
  0
ELLIPSE
  5
7E3
100
AcDbEntity
  8
EQUIP
  6
ByLayer
 62
  256
370
   -1
100
AcDbEllipse
 10
57.2169727974302
 20
31.49562527180226
 30
0
 11
0
 21
0.5
 31
0
 40
1
 41
4.71238898038469
 42
7.853981633974483
  0
ELLIPSE
  5
7E4
100
AcDbEntity
  8
EQUIP
  6
ByLayer
 62
  256
370
   -1
100
AcDbEllipse
 10
57.2169727974302
 20
27.74562527180226
 30
0
 11
0.5
 21
0
 31
0
 40
1
 41
3.141592653589793
 42
6.283185307179586
  0
LWPOLYLINE
  5
7E5
100
AcDbEntity
  8
EQUIP
  6
ByLayer
 62
  256
370
   -1
100
AcDbPolyline
 90
    2
 70
    0
 43
0
 10
56.7169727974302
 20
27.74562527180226
 10
56.7169727974302
 20
26.99562527180226
  0
LWPOLYLINE
  5
7E6
100
AcDbEntity
  8
EQUIP
  6
ByLayer
 62
  256
370
   -1
100
AcDbPolyline
 90
    2
 70
    0
 43
0
 10
57.7169727974302
 20
27.74562527180226
 10
57.7169727974302
 20
26.99562527180226
  0
LWPOLYLINE
  5
7E7
100
AcDbEntity
  8
EQUIP
  6
ByLayer
 62
  256
370
   -1
100
AcDbPolyline
 90
    2
 70
    0
 43
0
 10
56.4669727974302
 20
26.99562527180226
 10
57.9669727974302
 20
26.99562527180226
  0
LWPOLYLINE
  5
7E8
100
AcDbEntity
  8
EQUIP
  6
ByLayer
 62
  256
370
   -1
100
AcDbPolyline
 90
    4
 70
    1
 43
0
 10
58.4669727974302
 20
27.74562527180226
 10
59.4669727974302
 20
27.74562527180226
 10
59.4669727974302
 20
31.49562527180226
 10
58.4669727974302
 20
31.49562527180226
  0
ELLIPSE
  5
7E9
100
AcDbEntity
  8
EQUIP
  6
ByLayer
 62
  256
370
   -1
100
AcDbEllipse
 10
58.9669727974302
 20
31.49562527180226
 30
0
 11
-0.5
 21
0
 31
0
 40
0.25
 41
3.141592653589793
 42
6.283185307179586
  0
ELLIPSE
  5
7EA
100
AcDbEntity
  8
EQUIP
  6
ByLayer
 62
  256
370
   -1
100
AcDbEllipse
 10
58.9669727974302
 20
27.74562527180226
 30
0
 11
0.5
 21
0
 31
0
 40
0.25
 41
3.141592653589794
 42
6.283185307179586
  0
LWPOLYLINE
  5
7EB
100
AcDbEntity
  8
EQUIP
  6
ByLayer
 62
  256
370
   -1
100
AcDbPolyline
 90
    2
 70
    0
 43
0
 10
58.4669727974302
 20
27.74562527180226
 10
58.4669727974302
 20
26.99562527180226
  0
LWPOLYLINE
  5
7EC
100
AcDbEntity
  8
EQUIP
  6
ByLayer
 62
  256
370
   -1
100
AcDbPolyline
 90
    2
 70
    0
 43
0
 10
59.4669727974302
 20
27.74562527180226
 10
59.4669727974302
 20
26.99562527180226
  0
LWPOLYLINE
  5
7ED
100
AcDbEntity
  8
EQUIP
  6
ByLayer
 62
  256
370
   -1
100
AcDbPolyline
 90
    2
 70
    0
 43
0
 10
58.2169727974302
 20
26.99562527180226
 10
59.7169727974302
 20
26.99562527180226
  0
LWPOLYLINE
  5
7EE
100
AcDbEntity
  8
EQUIP
  6
ByLayer
 62
  256
370
   -1
100
AcDbPolyline
 90
    4
 70
    1
 43
0
 10
60.2169727974302
 20
27.74562527180226
 10
61.2169727974302
 20
27.74562527180226
 10
61.2169727974302
 20
31.49562527180226
 10
60.2169727974302
 20
31.49562527180226
  0
LWPOLYLINE
  5
7EF
100
AcDbEntity
  8
EQUIP
  6
ByLayer
 62
  256
370
   -1
100
AcDbPolyline
 90
    2
 70
    0
 43
0
 10
60.2169727974302
 20
27.74562527180226
 10
60.2169727974302
 20
26.99562527180226
  0
LWPOLYLINE
  5
7F0
100
AcDbEntity
  8
EQUIP
  6
ByLayer
 62
  256
370
   -1
100
AcDbPolyline
 90
    2
 70
    0
 43
0
 10
61.2169727974302
 20
27.74562527180226
 10
61.2169727974302
 20
26.99562527180226
  0
LWPOLYLINE
  5
7F1
100
AcDbEntity
  8
EQUIP
  6
ByLayer
 62
  256
370
   -1
100
AcDbPolyline
 90
    2
 70
    0
 43
0
 10
59.9669727974302
 20
26.99562527180226
 10
61.4669727974302
 20
26.99562527180226
  0
LWPOLYLINE
  5
7F2
100
AcDbEntity
  8
0
  6
ByLayer
 62
  256
370
   -1
100
AcDbPolyline
 90
    4
 70
    1
 43
0
 10
61.5919727974302
 20
32.49562527180226
 10
54.5919727974302
 20
32.49562527180226
 10
54.5919727974302
 20
38.12062527180226
 10
61.5919727974302
 20
38.12062527180226
  0
LINE
  5
7F3
100
AcDbEntity
  8
0
  6
ByLayer
 62
  256
370
   -1
100
AcDbLine
 10
54.5919727974302
 20
37.74562527180226
 11
61.5919727974302
 21
37.74562527180225
  0
TEXT
  5
7F4
100
AcDbEntity
  8
TEXT
  6
ByLayer
 62
  256
370
   -1
100
AcDbText
 10
56.8419727974302
 20
37.87062527180226
 30
0
 40
0.125
  1
VERTICAL VESSELS
 50
0
 41
0.85
 51
0
  7
STANDARD
 71
    0
210
0
220
0
230
1
100
AcDbText
  0
TEXT
  5
7F5
100
AcDbEntity
  8
TEXT
  6
ByLayer
 62
  256
370
   -1
100
AcDbText
 10
55.0919727974302
 20
32.62062527180226
 30
0
 40
0.09379999999999999
  1
ELLIP
 50
0
 41
0.85
 51
0
  7
STANDARD
 71
    0
210
0
220
0
230
1
100
AcDbText
  0
TEXT
  5
7F6
100
AcDbEntity
  8
TEXT
  6
ByLayer
 62
  256
370
   -1
100
AcDbText
 10
57.0919727974302
 20
32.62062527180226
 30
0
 40
0.09379999999999999
  1
HEMI
 50
0
 41
0.85
 51
0
  7
STANDARD
 71
    0
210
0
220
0
230
1
100
AcDbText
  0
TEXT
  5
7F7
100
AcDbEntity
  8
TEXT
  6
ByLayer
 62
  256
370
   -1
100
AcDbText
 10
58.8419727974302
 20
32.62062527180226
 30
0
 40
0.09379999999999999
  1
DISH
 50
0
 41
0.85
 51
0
  7
STANDARD
 71
    0
210
0
220
0
230
1
100
AcDbText
  0
TEXT
  5
7F8
100
AcDbEntity
  8
TEXT
  6
ByLayer
 62
  256
370
   -1
100
AcDbText
 10
60.5919727974302
 20
32.62062527180226
 30
0
 40
0.09379999999999999
  1
FLAT
 50
0
 41
0.85
 51
0
  7
STANDARD
 71
    0
210
0
220
0
230
1
100
AcDbText
  0
LWPOLYLINE
  5
7F9
100
AcDbEntity
  8
0
  6
ByLayer
 62
  256
370
   -1
100
AcDbPolyline
 90
    4
 70
    1
 43
0
 10
61.5919727974302
 20
26.62062527180226
 10
54.5919727974302
 20
26.62062527180226
 10
54.5919727974302
 20
32.49562527180226
 10
61.5919727974302
 20
32.49562527180226
  0
TEXT
  5
7FA
100
AcDbEntity
  8
TEXT
  6
ByLayer
 62
  256
370
   -1
100
AcDbText
 10
55.0919727974302
 20
26.74562527180226
 30
0
 40
0.09379999999999999
  1
ELLIP
 50
0
 41
0.85
 51
0
  7
STANDARD
 71
    0
210
0
220
0
230
1
100
AcDbText
  0
TEXT
  5
7FB
100
AcDbEntity
  8
TEXT
  6
ByLayer
 62
  256
370
   -1
100
AcDbText
 10
57.0919727974302
 20
26.74562527180226
 30
0
 40
0.09379999999999999
  1
HEMI
 50
0
 41
0.85
 51
0
  7
STANDARD
 71
    0
210
0
220
0
230
1
100
AcDbText
  0
TEXT
  5
7FC
100
AcDbEntity
  8
TEXT
  6
ByLayer
 62
  256
370
   -1
100
AcDbText
 10
58.8419727974302
 20
26.74562527180226
 30
0
 40
0.09379999999999999
  1
DISH
 50
0
 41
0.85
 51
0
  7
STANDARD
 71
    0
210
0
220
0
230
1
100
AcDbText
  0
TEXT
  5
7FD
100
AcDbEntity
  8
TEXT
  6
ByLayer
 62
  256
370
   -1
100
AcDbText
 10
60.5919727974302
 20
26.74562527180226
 30
0
 40
0.09379999999999999
  1
FLAT
 50
0
 41
0.85
 51
0
  7
STANDARD
 71
    0
210
0
220
0
230
1
100
AcDbText
  0
LINE
  5
7FE
100
AcDbEntity
  8
0
  6
ByLayer
 62
  256
370
   -1
100
AcDbLine
 10
54.5919727974302
 20
32.12062527180226
 11
61.5919727974302
 21
32.12062527180225
  0
TEXT
  5
7FF
100
AcDbEntity
  8
TEXT
  6
ByLayer
 62
  256
370
   -1
100
AcDbText
 10
56.8419727974302
 20
32.24562527180226
 30
0
 40
0.125
  1
VERTICAL VESSELS W/SKIRT
 50
0
 41
0.85
 51
0
  7
STANDARD
 71
    0
210
0
220
0
230
1
100
AcDbText
  0
LINE
  5
800
100
AcDbEntity
  8
0
  6
ByLayer
 62
  256
370
   -1
100
AcDbLine
 10
54.5919727974302
 20
26.24562527180226
 11
61.5919727974302
 21
26.24562527180226
  0
TEXT
  5
801
100
AcDbEntity
  8
TEXT
  6
ByLayer
 62
  256
370
   -1
100
AcDbText
 10
56.8419727974302
 20
26.37062527180226
 30
0
 40
0.125
  1
VERTICAL VESSELS W/CONE
 50
0
 41
0.85
 51
0
  7
STANDARD
 71
    0
210
0
220
0
230
1
100
AcDbText
  0
LWPOLYLINE
  5
802
100
AcDbEntity
  8
0
  6
ByLayer
 62
  256
370
   -1
100
AcDbPolyline
 90
    4
 70
    1
 43
0
 10
61.5919727974302
 20
19.87062527180226
 10
54.5919727974302
 20
19.87062527180226
 10
54.5919727974302
 20
26.62062527180226
 10
61.5919727974302
 20
26.62062527180226
  0
LWPOLYLINE
  5
803
100
AcDbEntity
  8
EQUIP
  6
ByLayer
 62
  256
370
   -1
100
AcDbPolyline
 90
    4
 70
    1
 43
0
 10
54.9669727974302
 20
20.74562527180226
 10
55.9669727974302
 20
20.74562527180226
 10
55.9669727974302
 20
24.49562527180226
 10
54.9669727974302
 20
24.49562527180226
  0
ELLIPSE
  5
804
100
AcDbEntity
  8
EQUIP
  6
ByLayer
 62
  256
370
   -1
100
AcDbEllipse
 10
55.4669727974302
 20
20.74562527180226
 30
0
 11
0.5
 21
0
 31
0
 40
0.5
 41
3.141592653589793
 42
6.283185307179586
  0
LWPOLYLINE
  5
805
100
AcDbEntity
  8
EQUIP
  6
ByLayer
 62
  256
370
   -1
100
AcDbPolyline
 90
    4
 70
    1
 43
0
 10
55.9669727974302
 20
24.49562527180226
 10
54.9669727974302
 20
24.49562527180226
 10
55.2169727974302
 20
25.12062527180226
 10
55.7169727974302
 20
25.12062527180226
  0
LWPOLYLINE
  5
806
100
AcDbEntity
  8
EQUIP
  6
ByLayer
 62
  256
370
   -1
100
AcDbPolyline
 90
    4
 70
    1
 43
0
 10
55.7169727974302
 20
25.12062527180226
 10
55.2169727974302
 20
25.12062527180226
 10
55.2169727974302
 20
25.87062527180226
 10
55.7169727974302
 20
25.87062527180226
  0
ELLIPSE
  5
807
100
AcDbEntity
  8
EQUIP
  6
ByLayer
 62
  256
370
   -1
100
AcDbEllipse
 10
55.4669727974302
 20
25.87062527180226
 30
0
 11
-0.25
 21
0
 31
0
 40
0.5
 41
3.141592653589794
 42
6.283185307179586
  0
LWPOLYLINE
  5
808
100
AcDbEntity
  8
EQUIP
  6
ByLayer
 62
  256
370
   -1
100
AcDbPolyline
 90
    4
 70
    1
 43
0
 10
56.7169727974302
 20
20.74562527180226
 10
57.7169727974302
 20
20.74562527180226
 10
57.7169727974302
 20
24.49562527180226
 10
56.7169727974302
 20
24.49562527180226
  0
ELLIPSE
  5
809
100
AcDbEntity
  8
EQUIP
  6
ByLayer
 62
  256
370
   -1
100
AcDbEllipse
 10
57.2169727974302
 20
20.74562527180226
 30
0
 11
0
 21
-0.5
 31
0
 40
1
 41
4.71238898038469
 42
7.853981633974483
  0
LWPOLYLINE
  5
80A
100
AcDbEntity
  8
EQUIP
  6
ByLayer
 62
  256
370
   -1
100
AcDbPolyline
 90
    4
 70
    1
 43
0
 10
57.7169727974302
 20
24.49562527180226
 10
56.7169727974302
 20
24.49562527180226
 10
56.9669727974302
 20
25.12062527180226
 10
57.4669727974302
 20
25.12062527180226
  0
LWPOLYLINE
  5
80B
100
AcDbEntity
  8
EQUIP
  6
ByLayer
 62
  256
370
   -1
100
AcDbPolyline
 90
    4
 70
    1
 43
0
 10
57.4669727974302
 20
25.12062527180226
 10
56.9669727974302
 20
25.12062527180226
 10
56.9669727974302
 20
25.87062527180226
 10
57.4669727974302
 20
25.87062527180226
  0
ELLIPSE
  5
80C
100
AcDbEntity
  8
EQUIP
  6
ByLayer
 62
  256
370
   -1
100
AcDbEllipse
 10
57.2169727974302
 20
25.87062527180226
 30
0
 11
-0.25
 21
0
 31
0
 40
1
 41
3.141592653589793
 42
6.283185307179586
  0
LWPOLYLINE
  5
80D
100
AcDbEntity
  8
EQUIP
  6
ByLayer
 62
  256
370
   -1
100
AcDbPolyline
 90
    4
 70
    1
 43
0
 10
58.4669727974302
 20
20.74562527180226
 10
59.4669727974302
 20
20.74562527180226
 10
59.4669727974302
 20
24.49562527180226
 10
58.4669727974302
 20
24.49562527180226
  0
ELLIPSE
  5
80E
100
AcDbEntity
  8
EQUIP
  6
ByLayer
 62
  256
370
   -1
100
AcDbEllipse
 10
58.9669727974302
 20
20.74562527180226
 30
0
 11
0.5
 21
0
 31
0
 40
0.25
 41
3.141592653589792
 42
6.283185307179586
  0
LWPOLYLINE
  5
80F
100
AcDbEntity
  8
EQUIP
  6
ByLayer
 62
  256
370
   -1
100
AcDbPolyline
 90
    4
 70
    1
 43
0
 10
59.4669727974302
 20
24.49562527180226
 10
58.4669727974302
 20
24.49562527180226
 10
58.7169727974302
 20
25.12062527180226
 10
59.2169727974302
 20
25.12062527180226
  0
LWPOLYLINE
  5
810
100
AcDbEntity
  8
EQUIP
  6
ByLayer
 62
  256
370
   -1
100
AcDbPolyline
 90
    4
 70
    1
 43
0
 10
59.2169727974302
 20
25.12062527180226
 10
58.7169727974302
 20
25.12062527180226
 10
58.7169727974302
 20
25.87062527180226
 10
59.2169727974302
 20
25.87062527180226
  0
ELLIPSE
  5
811
100
AcDbEntity
  8
EQUIP
  6
ByLayer
 62
  256
370
   -1
100
AcDbEllipse
 10
58.9669727974302
 20
25.87062527180226
 30
0
 11
-0.25
 21
0
 31
0
 40
0.25
 41
3.141592653589794
 42
6.283185307179586
  0
LWPOLYLINE
  5
812
100
AcDbEntity
  8
EQUIP
  6
ByLayer
 62
  256
370
   -1
100
AcDbPolyline
 90
    4
 70
    1
 43
0
 10
60.2169727974302
 20
20.74562527180226
 10
61.2169727974302
 20
20.74562527180226
 10
61.2169727974302
 20
24.49562527180226
 10
60.2169727974302
 20
24.49562527180226
  0
LWPOLYLINE
  5
813
100
AcDbEntity
  8
EQUIP
  6
ByLayer
 62
  256
370
   -1
100
AcDbPolyline
 90
    4
 70
    1
 43
0
 10
61.2169727974302
 20
24.49562527180226
 10
60.2169727974302
 20
24.49562527180226
 10
60.4669727974302
 20
25.12062527180226
 10
60.9669727974302
 20
25.12062527180226
  0
LWPOLYLINE
  5
814
100
AcDbEntity
  8
EQUIP
  6
ByLayer
 62
  256
370
   -1
100
AcDbPolyline
 90
    4
 70
    1
 43
0
 10
60.9669727974302
 20
25.12062527180226
 10
60.4669727974302
 20
25.12062527180226
 10
60.4669727974302
 20
25.87062527180226
 10
60.9669727974302
 20
25.87062527180226
  0
LWPOLYLINE
  5
815
100
AcDbEntity
  8
EQUIP
  6
ByLayer
 62
  256
370
   -1
100
AcDbPolyline
 90
    4
 70
    1
 43
0
 10
54.9669727974302
 20
13.87062527180226
 10
55.9669727974302
 20
13.87062527180226
 10
55.9669727974302
 20
17.62062527180226
 10
54.9669727974302
 20
17.62062527180226
  0
ELLIPSE
  5
816
100
AcDbEntity
  8
EQUIP
  6
ByLayer
 62
  256
370
   -1
100
AcDbEllipse
 10
55.4669727974302
 20
13.87062527180226
 30
0
 11
0.5
 21
0
 31
0
 40
0.5
 41
3.141592653589794
 42
6.283185307179586
  0
LWPOLYLINE
  5
817
100
AcDbEntity
  8
EQUIP
  6
ByLayer
 62
  256
370
   -1
100
AcDbPolyline
 90
    2
 70
    0
 43
0
 10
54.9669727974302
 20
13.87062527180226
 10
54.9669727974302
 20
13.12062527180226
  0
LWPOLYLINE
  5
818
100
AcDbEntity
  8
EQUIP
  6
ByLayer
 62
  256
370
   -1
100
AcDbPolyline
 90
    2
 70
    0
 43
0
 10
55.9669727974302
 20
13.87062527180226
 10
55.9669727974302
 20
13.12062527180226
  0
LWPOLYLINE
  5
819
100
AcDbEntity
  8
EQUIP
  6
ByLayer
 62
  256
370
   -1
100
AcDbPolyline
 90
    2
 70
    0
 43
0
 10
54.7169727974302
 20
13.12062527180226
 10
56.2169727974302
 20
13.12062527180226
  0
LWPOLYLINE
  5
81A
100
AcDbEntity
  8
EQUIP
  6
ByLayer
 62
  256
370
   -1
100
AcDbPolyline
 90
    4
 70
    1
 43
0
 10
55.9669727974302
 20
17.62062527180226
 10
54.9669727974302
 20
17.62062527180226
 10
55.2169727974302
 20
18.24562527180226
 10
55.7169727974302
 20
18.24562527180226
  0
LWPOLYLINE
  5
81B
100
AcDbEntity
  8
EQUIP
  6
ByLayer
 62
  256
370
   -1
100
AcDbPolyline
 90
    4
 70
    1
 43
0
 10
55.7169727974302
 20
18.24562527180226
 10
55.2169727974302
 20
18.24562527180226
 10
55.2169727974302
 20
18.99562527180226
 10
55.7169727974302
 20
18.99562527180226
  0
ELLIPSE
  5
81C
100
AcDbEntity
  8
EQUIP
  6
ByLayer
 62
  256
370
   -1
100
AcDbEllipse
 10
55.4669727974302
 20
18.99562527180226
 30
0
 11
-0.25
 21
0
 31
0
 40
0.5
 41
3.141592653589793
 42
6.283185307179586
  0
TEXT
  5
81D
100
AcDbEntity
  8
TEXT
  6
ByLayer
 62
  256
370
   -1
100
AcDbText
 10
55.0919727974302
 20
19.99562527180226
 30
0
 40
0.09379999999999999
  1
ELLIP
 50
0
 41
0.85
 51
0
  7
STANDARD
 71
    0
210
0
220
0
230
1
100
AcDbText
  0
TEXT
  5
81E
100
AcDbEntity
  8
TEXT
  6
ByLayer
 62
  256
370
   -1
100
AcDbText
 10
57.0919727974302
 20
19.99562527180226
 30
0
 40
0.09379999999999999
  1
HEMI
 50
0
 41
0.85
 51
0
  7
STANDARD
 71
    0
210
0
220
0
230
1
100
AcDbText
  0
TEXT
  5
81F
100
AcDbEntity
  8
TEXT
  6
ByLayer
 62
  256
370
   -1
100
AcDbText
 10
58.8419727974302
 20
19.99562527180226
 30
0
 40
0.09379999999999999
  1
DISH
 50
0
 41
0.85
 51
0
  7
STANDARD
 71
    0
210
0
220
0
230
1
100
AcDbText
  0
TEXT
  5
820
100
AcDbEntity
  8
TEXT
  6
ByLayer
 62
  256
370
   -1
100
AcDbText
 10
60.5919727974302
 20
19.99562527180226
 30
0
 40
0.09379999999999999
  1
FLAT
 50
0
 41
0.85
 51
0
  7
STANDARD
 71
    0
210
0
220
0
230
1
100
AcDbText
  0
TEXT
  5
821
100
AcDbEntity
  8
TEXT
  6
ByLayer
 62
  256
370
   -1
100
AcDbText
 10
56.8419727974302
 20
19.62062527180226
 30
0
 40
0.125
  1
VERTICAL VESSELS W/SKIRT & CONE
 50
0
 41
0.85
 51
0
  7
STANDARD
 71
    0
210
0
220
0
230
1
100
AcDbText
  0
LINE
  5
822
100
AcDbEntity
  8
0
  6
ByLayer
 62
  256
370
   -1
100
AcDbLine
 10
54.5919727974302
 20
19.49562527180226
 11
61.5919727974302
 21
19.49562527180226
  0
LWPOLYLINE
  5
823
100
AcDbEntity
  8
0
  6
ByLayer
 62
  256
370
   -1
100
AcDbPolyline
 90
    4
 70
    1
 43
0
 10
61.5919727974302
 20
12.49562527180226
 10
54.5919727974302
 20
12.49562527180226
 10
54.5919727974302
 20
19.87062527180226
 10
61.5919727974302
 20
19.87062527180226
  0
TEXT
  5
824
100
AcDbEntity
  8
TEXT
  6
ByLayer
 62
  256
370
   -1
100
AcDbText
 10
55.0919727974302
 20
12.87062527180226
 30
0
 40
0.09379999999999999
  1
ELLIP
 50
0
 41
0.85
 51
0
  7
STANDARD
 71
    0
210
0
220
0
230
1
100
AcDbText
  0
TEXT
  5
825
100
AcDbEntity
  8
TEXT
  6
ByLayer
 62
  256
370
   -1
100
AcDbText
 10
58.8419727974302
 20
12.87062527180226
 30
0
 40
0.09379999999999999
  1
DISH
 50
0
 41
0.85
 51
0
  7
STANDARD
 71
    0
210
0
220
0
230
1
100
AcDbText
  0
TEXT
  5
826
100
AcDbEntity
  8
TEXT
  6
ByLayer
 62
  256
370
   -1
100
AcDbText
 10
57.0919727974302
 20
12.87062527180226
 30
0
 40
0.09379999999999999
  1
HEMI
 50
0
 41
0.85
 51
0
  7
STANDARD
 71
    0
210
0
220
0
230
1
100
AcDbText
  0
TEXT
  5
827
100
AcDbEntity
  8
TEXT
  6
ByLayer
 62
  256
370
   -1
100
AcDbText
 10
60.5919727974302
 20
12.87062527180226
 30
0
 40
0.09379999999999999
  1
FLAT
 50
0
 41
0.85
 51
0
  7
STANDARD
 71
    0
210
0
220
0
230
1
100
AcDbText
  0
LWPOLYLINE
  5
828
100
AcDbEntity
  8
EQUIP
  6
ByLayer
 62
  256
370
   -1
100
AcDbPolyline
 90
    4
 70
    1
 43
0
 10
56.7169727974302
 20
13.87062527180226
 10
57.7169727974302
 20
13.87062527180226
 10
57.7169727974302
 20
17.62062527180226
 10
56.7169727974302
 20
17.62062527180226
  0
ELLIPSE
  5
829
100
AcDbEntity
  8
EQUIP
  6
ByLayer
 62
  256
370
   -1
100
AcDbEllipse
 10
57.2169727974302
 20
13.87062527180226
 30
0
 11
0.5
 21
0
 31
0
 40
1
 41
3.141592653589793
 42
6.283185307179586
  0
LWPOLYLINE
  5
82A
100
AcDbEntity
  8
EQUIP
  6
ByLayer
 62
  256
370
   -1
100
AcDbPolyline
 90
    2
 70
    0
 43
0
 10
56.7169727974302
 20
13.87062527180226
 10
56.7169727974302
 20
13.12062527180226
  0
LWPOLYLINE
  5
82B
100
AcDbEntity
  8
EQUIP
  6
ByLayer
 62
  256
370
   -1
100
AcDbPolyline
 90
    2
 70
    0
 43
0
 10
57.7169727974302
 20
13.87062527180226
 10
57.7169727974302
 20
13.12062527180226
  0
LWPOLYLINE
  5
82C
100
AcDbEntity
  8
EQUIP
  6
ByLayer
 62
  256
370
   -1
100
AcDbPolyline
 90
    2
 70
    0
 43
0
 10
56.4669727974302
 20
13.12062527180226
 10
57.9669727974302
 20
13.12062527180226
  0
LWPOLYLINE
  5
82D
100
AcDbEntity
  8
EQUIP
  6
ByLayer
 62
  256
370
   -1
100
AcDbPolyline
 90
    4
 70
    1
 43
0
 10
57.7169727974302
 20
17.62062527180226
 10
56.7169727974302
 20
17.62062527180226
 10
56.9669727974302
 20
18.24562527180226
 10
57.4669727974302
 20
18.24562527180226
  0
LWPOLYLINE
  5
82E
100
AcDbEntity
  8
EQUIP
  6
ByLayer
 62
  256
370
   -1
100
AcDbPolyline
 90
    4
 70
    1
 43
0
 10
57.4669727974302
 20
18.24562527180226
 10
56.9669727974302
 20
18.24562527180226
 10
56.9669727974302
 20
18.99562527180226
 10
57.4669727974302
 20
18.99562527180226
  0
ELLIPSE
  5
82F
100
AcDbEntity
  8
EQUIP
  6
ByLayer
 62
  256
370
   -1
100
AcDbEllipse
 10
57.2169727974302
 20
18.99562527180226
 30
0
 11
-0.25
 21
0
 31
0
 40
1
 41
3.141592653589793
 42
6.283185307179586
  0
LWPOLYLINE
  5
830
100
AcDbEntity
  8
EQUIP
  6
ByLayer
 62
  256
370
   -1
100
AcDbPolyline
 90
    4
 70
    1
 43
0
 10
58.4669727974302
 20
13.87062527180226
 10
59.4669727974302
 20
13.87062527180226
 10
59.4669727974302
 20
17.62062527180226
 10
58.4669727974302
 20
17.62062527180226
  0
ELLIPSE
  5
831
100
AcDbEntity
  8
EQUIP
  6
ByLayer
 62
  256
370
   -1
100
AcDbEllipse
 10
58.9669727974302
 20
13.87062527180226
 30
0
 11
0.5
 21
0
 31
0
 40
0.25
 41
3.141592653589794
 42
6.283185307179586
  0
LWPOLYLINE
  5
832
100
AcDbEntity
  8
EQUIP
  6
ByLayer
 62
  256
370
   -1
100
AcDbPolyline
 90
    2
 70
    0
 43
0
 10
58.4669727974302
 20
13.87062527180226
 10
58.4669727974302
 20
13.12062527180226
  0
LWPOLYLINE
  5
833
100
AcDbEntity
  8
EQUIP
  6
ByLayer
 62
  256
370
   -1
100
AcDbPolyline
 90
    2
 70
    0
 43
0
 10
59.4669727974302
 20
13.87062527180226
 10
59.4669727974302
 20
13.12062527180226
  0
LWPOLYLINE
  5
834
100
AcDbEntity
  8
EQUIP
  6
ByLayer
 62
  256
370
   -1
100
AcDbPolyline
 90
    2
 70
    0
 43
0
 10
58.2169727974302
 20
13.12062527180226
 10
59.7169727974302
 20
13.12062527180226
  0
LWPOLYLINE
  5
835
100
AcDbEntity
  8
EQUIP
  6
ByLayer
 62
  256
370
   -1
100
AcDbPolyline
 90
    4
 70
    1
 43
0
 10
59.4669727974302
 20
17.62062527180226
 10
58.4669727974302
 20
17.62062527180226
 10
58.7169727974302
 20
18.24562527180226
 10
59.2169727974302
 20
18.24562527180226
  0
LWPOLYLINE
  5
836
100
AcDbEntity
  8
EQUIP
  6
ByLayer
 62
  256
370
   -1
100
AcDbPolyline
 90
    4
 70
    1
 43
0
 10
59.2169727974302
 20
18.24562527180226
 10
58.7169727974302
 20
18.24562527180226
 10
58.7169727974302
 20
18.99562527180226
 10
59.2169727974302
 20
18.99562527180226
  0
ELLIPSE
  5
837
100
AcDbEntity
  8
EQUIP
  6
ByLayer
 62
  256
370
   -1
100
AcDbEllipse
 10
58.9669727974302
 20
18.99562527180226
 30
0
 11
-0.25
 21
0
 31
0
 40
0.25
 41
3.141592653589794
 42
6.283185307179586
  0
LWPOLYLINE
  5
838
100
AcDbEntity
  8
EQUIP
  6
ByLayer
 62
  256
370
   -1
100
AcDbPolyline
 90
    4
 70
    1
 43
0
 10
60.2169727974302
 20
13.87062527180226
 10
61.2169727974302
 20
13.87062527180226
 10
61.2169727974302
 20
17.62062527180226
 10
60.2169727974302
 20
17.62062527180226
  0
LWPOLYLINE
  5
839
100
AcDbEntity
  8
EQUIP
  6
ByLayer
 62
  256
370
   -1
100
AcDbPolyline
 90
    2
 70
    0
 43
0
 10
60.2169727974302
 20
13.87062527180226
 10
60.2169727974302
 20
13.12062527180226
  0
LWPOLYLINE
  5
83A
100
AcDbEntity
  8
EQUIP
  6
ByLayer
 62
  256
370
   -1
100
AcDbPolyline
 90
    2
 70
    0
 43
0
 10
61.2169727974302
 20
13.87062527180226
 10
61.2169727974302
 20
13.12062527180226
  0
LWPOLYLINE
  5
83B
100
AcDbEntity
  8
EQUIP
  6
ByLayer
 62
  256
370
   -1
100
AcDbPolyline
 90
    2
 70
    0
 43
0
 10
59.9669727974302
 20
13.12062527180226
 10
61.4669727974302
 20
13.12062527180226
  0
LWPOLYLINE
  5
83C
100
AcDbEntity
  8
EQUIP
  6
ByLayer
 62
  256
370
   -1
100
AcDbPolyline
 90
    4
 70
    1
 43
0
 10
61.2169727974302
 20
17.62062527180226
 10
60.2169727974302
 20
17.62062527180226
 10
60.4669727974302
 20
18.24562527180226
 10
60.9669727974302
 20
18.24562527180226
  0
LWPOLYLINE
  5
83D
100
AcDbEntity
  8
EQUIP
  6
ByLayer
 62
  256
370
   -1
100
AcDbPolyline
 90
    4
 70
    1
 43
0
 10
60.9669727974302
 20
18.24562527180226
 10
60.4669727974302
 20
18.24562527180226
 10
60.4669727974302
 20
18.99562527180226
 10
60.9669727974302
 20
18.99562527180226
  0
LWPOLYLINE
  5
83E
100
AcDbEntity
  8
0
  6
ByLayer
 62
  256
370
   -1
100
AcDbPolyline
 90
    4
 70
    1
 43
0
 10
67.8419727974302
 20
32.99562527180226
 10
61.5919727974302
 20
32.99562527180226
 10
61.5919727974302
 20
38.12062527180226
 10
67.8419727974302
 20
38.12062527180226
  0
LINE
  5
83F
100
AcDbEntity
  8
0
  6
ByLayer
 62
  256
370
   -1
100
AcDbLine
 10
61.5919727974302
 20
37.74562527180226
 11
67.8419727974302
 21
37.74562527180225
  0
TEXT
  5
840
100
AcDbEntity
  8
TEXT
  6
ByLayer
 62
  256
370
   -1
100
AcDbText
 10
63.2169727974302
 20
37.87062527180226
 30
0
 40
0.125
  1
VERTICAL FLAT BOTTOM VESSELS
 50
0
 41
0.85
 51
0
  7
STANDARD
 71
    0
210
0
220
0
230
1
100
AcDbText
  0
TEXT
  5
841
100
AcDbEntity
  8
TEXT
  6
ByLayer
 62
  256
370
   -1
100
AcDbText
 10
65.3419727974302
 20
33.12062527180226
 30
0
 40
0.09379999999999999
  1
DISH
 50
0
 41
0.85
 51
0
  7
STANDARD
 71
    0
210
0
220
0
230
1
100
AcDbText
  0
TEXT
  5
842
100
AcDbEntity
  8
TEXT
  6
ByLayer
 62
  256
370
   -1
100
AcDbText
 10
62.2169727974302
 20
33.12062527180226
 30
0
 40
0.09379999999999999
  1
ELLIP
 50
0
 41
0.85
 51
0
  7
STANDARD
 71
    0
210
0
220
0
230
1
100
AcDbText
  0
TEXT
  5
843
100
AcDbEntity
  8
TEXT
  6
ByLayer
 62
  256
370
   -1
100
AcDbText
 10
63.8419727974302
 20
33.12062527180226
 30
0
 40
0.09379999999999999
  1
HEMI
 50
0
 41
0.85
 51
0
  7
STANDARD
 71
    0
210
0
220
0
230
1
100
AcDbText
  0
TEXT
  5
844
100
AcDbEntity
  8
TEXT
  6
ByLayer
 62
  256
370
   -1
100
AcDbText
 10
66.9669727974302
 20
33.12062527180226
 30
0
 40
0.09379999999999999
  1
FLAT
 50
0
 41
0.85
 51
0
  7
STANDARD
 71
    0
210
0
220
0
230
1
100
AcDbText
  0
LWPOLYLINE
  5
845
100
AcDbEntity
  8
EQUIP
  6
ByLayer
 62
  256
370
   -1
100
AcDbPolyline
 90
    4
 70
    1
 43
0
 10
61.9669727974302
 20
33.37062527180226
 10
62.9669727974302
 20
33.37062527180226
 10
62.9669727974302
 20
37.12062527180226
 10
61.9669727974302
 20
37.12062527180226
  0
ELLIPSE
  5
846
100
AcDbEntity
  8
EQUIP
  6
ByLayer
 62
  256
370
   -1
100
AcDbEllipse
 10
62.4669727974302
 20
37.12062527180226
 30
0
 11
-0.5
 21
0
 31
0
 40
0.5
 41
3.141592653589793
 42
6.283185307179586
  0
LWPOLYLINE
  5
847
100
AcDbEntity
  8
EQUIP
  6
ByLayer
 62
  256
370
   -1
100
AcDbPolyline
 90
    4
 70
    1
 43
0
 10
63.4669727974302
 20
33.37062527180226
 10
64.4669727974302
 20
33.37062527180226
 10
64.4669727974302
 20
37.12062527180226
 10
63.4669727974302
 20
37.12062527180226
  0
ELLIPSE
  5
848
100
AcDbEntity
  8
EQUIP
  6
ByLayer
 62
  256
370
   -1
100
AcDbEllipse
 10
63.9669727974302
 20
37.12062527180226
 30
0
 11
0
 21
0.5
 31
0
 40
1
 41
4.71238898038469
 42
7.853981633974483
  0
LWPOLYLINE
  5
849
100
AcDbEntity
  8
EQUIP
  6
ByLayer
 62
  256
370
   -1
100
AcDbPolyline
 90
    4
 70
    1
 43
0
 10
64.9669727974302
 20
33.37062527180226
 10
65.9669727974302
 20
33.37062527180226
 10
65.9669727974302
 20
37.12062527180226
 10
64.9669727974302
 20
37.12062527180226
  0
ELLIPSE
  5
84A
100
AcDbEntity
  8
EQUIP
  6
ByLayer
 62
  256
370
   -1
100
AcDbEllipse
 10
65.4669727974302
 20
37.12062527180226
 30
0
 11
-0.5
 21
0
 31
0
 40
0.25
 41
3.141592653589793
 42
6.283185307179586
  0
LWPOLYLINE
  5
84B
100
AcDbEntity
  8
EQUIP
  6
ByLayer
 62
  256
370
   -1
100
AcDbPolyline
 90
    4
 70
    1
 43
0
 10
66.4669727974302
 20
33.37062527180226
 10
67.4669727974302
 20
33.37062527180226
 10
67.4669727974302
 20
37.12062527180226
 10
66.4669727974302
 20
37.12062527180226
  0
LWPOLYLINE
  5
84C
100
AcDbEntity
  8
0
  6
ByLayer
 62
  256
370
   -1
100
AcDbPolyline
 90
    4
 70
    1
 43
0
 10
67.8419727974302
 20
26.62062527180226
 10
61.5919727974302
 20
26.62062527180226
 10
61.5919727974302
 20
32.99562527180226
 10
67.8419727974302
 20
32.99562527180226
  0
LINE
  5
84D
100
AcDbEntity
  8
0
  6
ByLayer
 62
  256
370
   -1
100
AcDbLine
 10
61.5919727974302
 20
32.62062527180226
 11
67.8419727974302
 21
32.62062527180225
  0
TEXT
  5
84E
100
AcDbEntity
  8
TEXT
  6
ByLayer
 62
  256
370
   -1
100
AcDbText
 10
63.7169727974302
 20
32.74562527180226
 30
0
 40
0.125
  1
HORIZONTAL VESSEL
 50
0
 41
0.85
 51
0
  7
STANDARD
 71
    0
210
0
220
0
230
1
100
AcDbText
  0
ELLIPSE
  5
84F
100
AcDbEntity
  8
EQUIP
  6
ByLayer
 62
  256
370
   -1
100
AcDbEllipse
 10
67.4669727974302
 20
25.37062527180226
 30
0
 11
0
 21
0.25
 31
0
 40
0.5
 41
3.141592653589793
 42
6.283185307179586
  0
LWPOLYLINE
  5
850
100
AcDbEntity
  8
EQUIP
  6
ByLayer
 62
  256
370
   -1
100
AcDbPolyline
 90
    4
 70
    1
 43
0
 10
66.5919727974302
 20
25.12062527180226
 10
66.5919727974302
 20
25.62062527180226
 10
67.4669727974302
 20
25.62062527180226
 10
67.4669727974302
 20
25.12062527180226
  0
LWPOLYLINE
  5
851
100
AcDbEntity
  8
EQUIP
  6
ByLayer
 62
  256
370
   -1
100
AcDbPolyline
 90
    4
 70
    1
 43
0
 10
65.9669727974302
 20
25.12062527180226
 10
65.9669727974302
 20
26.12062527180226
 10
66.5919727974302
 20
25.62062527180226
 10
66.5919727974302
 20
25.12062527180226
  0
LWPOLYLINE
  5
852
100
AcDbEntity
  8
EQUIP
  6
ByLayer
 62
  256
370
   -1
100
AcDbPolyline
 90
    4
 70
    1
 43
0
 10
62.2169727974302
 20
25.12062527180226
 10
65.9669727974302
 20
25.12062527180226
 10
65.9669727974302
 20
26.12062527180226
 10
62.2169727974302
 20
26.12062527180226
  0
LWPOLYLINE
  5
853
100
AcDbEntity
  8
0
  6
ByLayer
 62
  256
370
   -1
100
AcDbPolyline
 90
    4
 70
    1
 43
0
 10
67.8419727974302
 20
20.62062527180226
 10
61.5919727974302
 20
20.62062527180226
 10
61.5919727974302
 20
26.62062527180226
 10
67.8419727974302
 20
26.62062527180226
  0
LWPOLYLINE
  5
854
100
AcDbEntity
  8
EQUIP
  6
ByLayer
 62
  256
370
   -1
100
AcDbPolyline
 90
    4
 70
    1
 43
0
 10
62.2169727974302
 20
20.99562527180226
 10
65.9669727974302
 20
20.99562527180226
 10
65.9669727974302
 20
21.99562527180226
 10
62.2169727974302
 20
21.99562527180226
  0
LWPOLYLINE
  5
855
100
AcDbEntity
  8
EQUIP
  6
ByLayer
 62
  256
370
   -1
100
AcDbPolyline
 90
    4
 70
    1
 43
0
 10
62.2169727974302
 20
22.37062527180226
 10
65.9669727974302
 20
22.37062527180226
 10
65.9669727974302
 20
23.37062527180226
 10
62.2169727974302
 20
23.37062527180226
  0
LWPOLYLINE
  5
856
100
AcDbEntity
  8
EQUIP
  6
ByLayer
 62
  256
370
   -1
100
AcDbPolyline
 90
    4
 70
    1
 43
0
 10
62.2169727974302
 20
23.74562527180226
 10
65.9669727974302
 20
23.74562527180226
 10
65.9669727974302
 20
24.74562527180226
 10
62.2169727974302
 20
24.74562527180226
  0
LWPOLYLINE
  5
857
100
AcDbEntity
  8
EQUIP
  6
ByLayer
 62
  256
370
   -1
100
AcDbPolyline
 90
    4
 70
    1
 43
0
 10
66.5919727974302
 20
20.99562527180226
 10
66.5919727974302
 20
21.49562527180226
 10
67.4669727974302
 20
21.49562527180226
 10
67.4669727974302
 20
20.99562527180226
  0
LWPOLYLINE
  5
858
100
AcDbEntity
  8
EQUIP
  6
ByLayer
 62
  256
370
   -1
100
AcDbPolyline
 90
    4
 70
    1
 43
0
 10
66.5919727974302
 20
22.37062527180226
 10
66.5919727974302
 20
22.87062527180226
 10
67.4669727974302
 20
22.87062527180226
 10
67.4669727974302
 20
22.37062527180226
  0
LWPOLYLINE
  5
859
100
AcDbEntity
  8
EQUIP
  6
ByLayer
 62
  256
370
   -1
100
AcDbPolyline
 90
    4
 70
    1
 43
0
 10
66.5919727974302
 20
23.74562527180226
 10
66.5919727974302
 20
24.24562527180226
 10
67.4669727974302
 20
24.24562527180226
 10
67.4669727974302
 20
23.74562527180226
  0
LWPOLYLINE
  5
85A
100
AcDbEntity
  8
EQUIP
  6
ByLayer
 62
  256
370
   -1
100
AcDbPolyline
 90
    4
 70
    1
 43
0
 10
65.9669727974302
 20
22.37062527180226
 10
65.9669727974302
 20
23.37062527180226
 10
66.5919727974302
 20
22.87062527180226
 10
66.5919727974302
 20
22.37062527180226
  0
LWPOLYLINE
  5
85B
100
AcDbEntity
  8
EQUIP
  6
ByLayer
 62
  256
370
   -1
100
AcDbPolyline
 90
    4
 70
    1
 43
0
 10
65.9669727974302
 20
20.99562527180226
 10
65.9669727974302
 20
21.99562527180226
 10
66.5919727974302
 20
21.49562527180226
 10
66.5919727974302
 20
20.99562527180226
  0
LWPOLYLINE
  5
85C
100
AcDbEntity
  8
EQUIP
  6
ByLayer
 62
  256
370
   -1
100
AcDbPolyline
 90
    4
 70
    1
 43
0
 10
65.9669727974302
 20
23.74562527180226
 10
65.9669727974302
 20
24.74562527180226
 10
66.5919727974302
 20
24.24562527180226
 10
66.5919727974302
 20
23.74562527180226
  0
ELLIPSE
  5
85D
100
AcDbEntity
  8
EQUIP
  6
ByLayer
 62
  256
370
   -1
100
AcDbEllipse
 10
67.4669727974302
 20
22.62062527180226
 30
0
 11
0
 21
0.25
 31
0
 40
0.25
 41
3.141592653589794
 42
6.283185307179586
  0
ELLIPSE
  5
85E
100
AcDbEntity
  8
EQUIP
  6
ByLayer
 62
  256
370
   -1
100
AcDbEllipse
 10
67.4669727974302
 20
23.99562527180226
 30
0
 11
0.25
 21
0
 31
0
 40
1
 41
4.71238898038469
 42
7.853981633974483
  0
LINE
  5
85F
100
AcDbEntity
  8
0
  6
ByLayer
 62
  256
370
   -1
100
AcDbLine
 10
61.5919727974302
 20
26.24562527180226
 11
67.8419727974302
 21
26.24562527180226
  0
TEXT
  5
860
100
AcDbEntity
  8
TEXT
  6
ByLayer
 62
  256
370
   -1
100
AcDbText
 10
63.2169727974302
 20
26.37062527180226
 30
0
 40
0.125
  1
HORIZONTAL VESSEL W/ECC
 50
0
 41
0.85
 51
0
  7
STANDARD
 71
    0
210
0
220
0
230
1
100
AcDbText
  0
ELLIPSE
  5
861
100
AcDbEntity
  8
EQUIP
  6
ByLayer
 62
  256
370
   -1
100
AcDbEllipse
 10
62.2169727974302
 20
25.62062527180226
 30
0
 11
0
 21
-0.5
 31
0
 40
0.5
 41
3.141592653589794
 42
6.283185307179586
  0
ELLIPSE
  5
862
100
AcDbEntity
  8
EQUIP
  6
ByLayer
 62
  256
370
   -1
100
AcDbEllipse
 10
62.2169727974302
 20
22.87062527180226
 30
0
 11
0
 21
-0.5
 31
0
 40
0.25
 41
3.141592653589794
 42
6.283185307179586
  0
ELLIPSE
  5
863
100
AcDbEntity
  8
EQUIP
  6
ByLayer
 62
  256
370
   -1
100
AcDbEllipse
 10
62.2169727974302
 20
24.24562527180226
 30
0
 11
0
 21
-0.5
 31
0
 40
1
 41
3.141592653589793
 42
6.283185307179586
  0
LWPOLYLINE
  5
864
100
AcDbEntity
  8
EQUIP
  6
ByLayer
 62
  256
370
   -1
100
AcDbPolyline
 90
    4
 70
    1
 43
0
 10
62.8419727974302
 20
31.37062527180226
 10
66.5919727974302
 20
31.37062527180226
 10
66.5919727974302
 20
32.37062527180226
 10
62.8419727974302
 20
32.37062527180226
  0
ELLIPSE
  5
865
100
AcDbEntity
  8
EQUIP
  6
ByLayer
 62
  256
370
   -1
100
AcDbEllipse
 10
66.5919727974302
 20
31.87062527180226
 30
0
 11
0
 21
0.5
 31
0
 40
0.5
 41
3.141592653589794
 42
6.283185307179586
  0
ELLIPSE
  5
866
100
AcDbEntity
  8
EQUIP
  6
ByLayer
 62
  256
370
   -1
100
AcDbEllipse
 10
62.8419727974302
 20
31.87062527180226
 30
0
 11
0
 21
-0.5
 31
0
 40
0.5
 41
3.141592653589794
 42
6.283185307179586
  0
LWPOLYLINE
  5
867
100
AcDbEntity
  8
EQUIP
  6
ByLayer
 62
  256
370
   -1
100
AcDbPolyline
 90
    4
 70
    1
 43
0
 10
62.8419727974302
 20
29.99562527180226
 10
66.5919727974302
 20
29.99562527180226
 10
66.5919727974302
 20
30.99562527180226
 10
62.8419727974302
 20
30.99562527180226
  0
ELLIPSE
  5
868
100
AcDbEntity
  8
EQUIP
  6
ByLayer
 62
  256
370
   -1
100
AcDbEllipse
 10
66.5919727974302
 20
30.49562527180226
 30
0
 11
0
 21
0.5
 31
0
 40
1
 41
3.141592653589793
 42
6.283185307179586
  0
ELLIPSE
  5
869
100
AcDbEntity
  8
EQUIP
  6
ByLayer
 62
  256
370
   -1
100
AcDbEllipse
 10
62.8419727974302
 20
30.49562527180226
 30
0
 11
0
 21
-0.5
 31
0
 40
1
 41
3.141592653589793
 42
6.283185307179586
  0
LWPOLYLINE
  5
86A
100
AcDbEntity
  8
EQUIP
  6
ByLayer
 62
  256
370
   -1
100
AcDbPolyline
 90
    4
 70
    1
 43
0
 10
62.8419727974302
 20
28.62062527180226
 10
66.5919727974302
 20
28.62062527180226
 10
66.5919727974302
 20
29.62062527180226
 10
62.8419727974302
 20
29.62062527180226
  0
ELLIPSE
  5
86B
100
AcDbEntity
  8
EQUIP
  6
ByLayer
 62
  256
370
   -1
100
AcDbEllipse
 10
66.5919727974302
 20
29.12062527180226
 30
0
 11
0
 21
0.5
 31
0
 40
0.25
 41
3.141592653589794
 42
6.283185307179586
  0
ELLIPSE
  5
86C
100
AcDbEntity
  8
EQUIP
  6
ByLayer
 62
  256
370
   -1
100
AcDbEllipse
 10
62.8419727974302
 20
29.12062527180226
 30
0
 11
0
 21
-0.5
 31
0
 40
0.25
 41
3.141592653589794
 42
6.283185307179586
  0
LWPOLYLINE
  5
86D
100
AcDbEntity
  8
EQUIP
  6
ByLayer
 62
  256
370
   -1
100
AcDbPolyline
 90
    4
 70
    1
 43
0
 10
62.8419727974302
 20
27.24562527180226
 10
66.5919727974302
 20
27.24562527180226
 10
66.5919727974302
 20
28.24562527180226
 10
62.8419727974302
 20
28.24562527180226
  0
TEXT
  5
86E
100
AcDbEntity
  8
TEXT
  6
ByLayer
 62
  256
370
   -1
100
AcDbText
 10
64.3419727974302
 20
31.12062527180226
 30
0
 40
0.09379999999999999
  1
ELLIP
 50
0
 41
0.85
 51
0
  7
STANDARD
 71
    0
210
0
220
0
230
1
100
AcDbText
  0
TEXT
  5
86F
100
AcDbEntity
  8
TEXT
  6
ByLayer
 62
  256
370
   -1
100
AcDbText
 10
64.3419727974302
 20
29.74562527180226
 30
0
 40
0.09379999999999999
  1
HEMI
 50
0
 41
0.85
 51
0
  7
STANDARD
 71
    0
210
0
220
0
230
1
100
AcDbText
  0
TEXT
  5
870
100
AcDbEntity
  8
TEXT
  6
ByLayer
 62
  256
370
   -1
100
AcDbText
 10
64.3419727974302
 20
28.37062527180226
 30
0
 40
0.09379999999999999
  1
DISH
 50
0
 41
0.85
 51
0
  7
STANDARD
 71
    0
210
0
220
0
230
1
100
AcDbText
  0
TEXT
  5
871
100
AcDbEntity
  8
TEXT
  6
ByLayer
 62
  256
370
   -1
100
AcDbText
 10
64.3419727974302
 20
26.99562527180226
 30
0
 40
0.09379999999999999
  1
FLAT
 50
0
 41
0.85
 51
0
  7
STANDARD
 71
    0
210
0
220
0
230
1
100
AcDbText
  0
TEXT
  5
872
100
AcDbEntity
  8
TEXT
  6
ByLayer
 62
  256
370
   -1
100
AcDbText
 10
64.3419727974302
 20
20.74562527180226
 30
0
 40
0.09379999999999999
  1
FLAT
 50
0
 41
0.85
 51
0
  7
STANDARD
 71
    0
210
0
220
0
230
1
100
AcDbText
  0
TEXT
  5
873
100
AcDbEntity
  8
TEXT
  6
ByLayer
 62
  256
370
   -1
100
AcDbText
 10
64.3419727974302
 20
22.12062527180226
 30
0
 40
0.09379999999999999
  1
DISH
 50
0
 41
0.85
 51
0
  7
STANDARD
 71
    0
210
0
220
0
230
1
100
AcDbText
  0
TEXT
  5
874
100
AcDbEntity
  8
TEXT
  6
ByLayer
 62
  256
370
   -1
100
AcDbText
 10
64.3419727974302
 20
23.49562527180226
 30
0
 40
0.09379999999999999
  1
HEMI
 50
0
 41
0.85
 51
0
  7
STANDARD
 71
    0
210
0
220
0
230
1
100
AcDbText
  0
TEXT
  5
875
100
AcDbEntity
  8
TEXT
  6
ByLayer
 62
  256
370
   -1
100
AcDbText
 10
64.3419727974302
 20
24.87062527180226
 30
0
 40
0.09379999999999999
  1
ELLIP
 50
0
 41
0.85
 51
0
  7
STANDARD
 71
    0
210
0
220
0
230
1
100
AcDbText
  0
LWPOLYLINE
  5
876
100
AcDbEntity
  8
VESS
  6
ByLayer
 62
  256
370
   -1
100
AcDbPolyline
 90
    8
 70
    1
 43
0
 10
62.38270730453605
 20
14.27365696461239
 10
66.77832527038807
 20
14.27365696461239
 42
0.3027749944360762
 10
67.11529347958827
 20
14.49830186377481
 42
0.2000012256929932
 10
67.11529347958827
 20
15.87180186377481
 42
0.3027749944360799
 10
66.77832527038807
 20
16.0989032237396
 10
62.38270730453605
 20
16.0989032237396
 42
0.3027749944360852
 10
62.04573909533585
 20
15.87425832457717
 42
0.2000012256929935
 10
62.04573909533585
 20
14.50075832457717
 42
0.3027749944360842
  0
LWPOLYLINE
  5
877
100
AcDbEntity
  8
VESS
  6
ByLayer
 62
  256
370
   -1
100
AcDbPolyline
 90
    8
 70
    1
 43
0
 10
62.38270730453605
 20
12.66277500307899
 10
66.77832527038807
 20
12.66277500307899
 42
0.3027749944360786
 10
66.98222154354274
 20
12.79870550474602
 42
0.2000012256929932
 10
66.98222154354274
 20
13.62980550474602
 42
0.3027749944360759
 10
66.77832527038807
 20
13.76721423403451
 10
62.38270730453605
 20
13.76721423403451
 42
0.3027749944360787
 10
62.17881103138139
 20
13.63128373236748
 42
0.2000012256929944
 10
62.17881103138139
 20
12.80018373236748
 42
0.3027749944360832
  0
INSERT
  5
878
100
AcDbEntity
  8
0
  6
ByLayer
 62
  256
370
   -1
100
AcDbBlockReference
  2
DISTILLATION_COLUMN
 10
57.58394562262401
 20
0
 30
0
 41
1
 42
1
 43
0
 50
0
 70
    1
 71
    1
 44
0
 45
0
  0
ENDSEC
  0
SECTION
  2
OBJECTS
  0
DICTIONARY
  5
C
330
0
100
AcDbDictionary
281
    1
  3
ACAD_GROUP
350
D
  0
DICTIONARY
  5
D
330
C
100
AcDbDictionary
281
    1
  0
PLOTSETTINGS
  5
879
100
AcDbPlotSettings
  6
1x1
 40
0
 41
0
 42
0
 43
0
  0
ENDSEC
  0
EOF
